row_index,video_id,question,video_type,inference_type,parsed_value,method,reason
0,simulation_0007,What is the width of the wooden pier in meters?,S2MC,SS,3.842376334755326,fuse-secondary-only,
1,simulation_0007,What is the length of the pier in meters?,S2MC,SS,5.983715508868089,fuse-secondary-only,
2,simulation_0007,"When t=3s, what is the minimum distance from the outer end of the pier to the boat in meters?",S2MC,SS,7.483180246022549,fuse-fused,
3,simulation_0007,What is the speed of the boat at 1.0s in m/s?,S2MC,SD,0.05,fuse-disagreement,
4,simulation_0012,What is the total width of the house from eave to eave in meters?,V2MC,DS,9.167671655389192,fuse-fused,
5,simulation_0012,What is the body length of the bird in meters?,V2MC,DS,2.599287714481207,fuse-secondary-only,
6,simulation_0012,How wide is the bird's wingspan when it spreads its wings in meters?,V2MC,DS,1.5415492220789304,fuse-fused,
7,simulation_0020,What is the height of the person in meters?,A2MC,DS,,none,neither arm answered
8,simulation_0020,What is the velocity of the ball at 0.0s in m/s?,A2MC,DD,8.0,fuse-primary-only,
9,simulation_0020,What is the diameter of the ball in meters?,A2MC,DS,,none,neither arm answered
10,simulation_0041,What is the length of the boat in meters?,S2MC,SS,12.696000626124109,fuse-secondary-only,
11,simulation_0041,What is the width of the boat in meters?,S2MC,SS,9.238525408152302,fuse-fused,
12,simulation_0041,What is the speed of the boat at 1.0s in m/s?,S2MC,SD,5.383512414737333,fuse-secondary-only,
13,simulation_0041,What is the speed of the person at 1.0s in m/s?,S2MC,SD,1.4362442518503622,fuse-secondary-only,
14,simulation_0047,What is the width of the telephone booth in meters?,V2MC,DS,0.2057460730329723,fuse-secondary-only,
15,simulation_0047,What is the length of the planter area between the two staircases in meters?,V2MC,DS,3.0,fuse-disagreement,
16,simulation_0047,What is the length of the moving bicycle in meters?,V2MC,DS,0.18193702814183,fuse-secondary-only,
17,simulation_0047,What is the speed of the moving bicycle at 1.0s in m/s?,V2MC,DD,1.2188504879413438,fuse-secondary-only,
18,simulation_0053,What is the speed of the green car at 2.0s in m/s?,A2MC,DD,12.318765971391018,fuse-fused,
19,simulation_0053,What is the length of the orange car in meters?,A2MC,DS,5.45569063403321,fuse-secondary-only,
20,simulation_0053,What is the length of the green car in meters?,A2MC,DS,5.542659790562691,fuse-secondary-only,
21,simulation_0053,What is the distance between the two black lamps in meters?,A2MC,DS,1.5,fuse-primary-only,
22,simulation_0053,What is the walking speed of the person at 2.0s in meters?,A2MC,DD,4.953959024600167,fuse-secondary-only,
23,simulation_0054,What is the speed of the green car at 2.0s in m/s?,A2MC,DD,14.68298229296055,fuse-fused,
24,simulation_0054,What is the length of the orange car in meters?,A2MC,DS,4.703337033800406,fuse-secondary-only,
25,simulation_0054,What is the length of the green car in meters?,A2MC,DS,4.70930206639025,fuse-secondary-only,
26,simulation_0054,What is the distance between the two black lamps in meters?,A2MC,DS,1.5,fuse-primary-only,
27,simulation_0054,What is the width of the orange car in meters?,A2MC,DS,1.9205328410884832,fuse-fused,
28,simulation_0054,What is the width of the green car in meters?,A2MC,DS,1.9974846081334805,fuse-secondary-only,
29,simulation_0057,What is the length of the orange car in meters?,A2MC,DS,4.4834043031278625,fuse-fused,
30,simulation_0057,What is the distance between the two black lamps in meters?,A2MC,DS,,none,neither arm answered
31,simulation_0057,What is the width of the orange car in meters?,A2MC,DS,1.8573652492738657,fuse-fused,
32,simulation_0068,What is the speed of the yellow car at 2.5s in m/s？,A2MS,DD,0.01,fuse-disagreement,
33,simulation_0068,What is the length of the turning yellow car in meters?,A2MS,DS,4.5,fuse-disagreement,
34,simulation_0068,What is the width of the turning yellow car in meters?,A2MS,DS,1.8,fuse-disagreement,
35,simulation_0068,What is the width of the white car in meters?,A2MS,DS,0.1493968742113198,fuse-secondary-only,
36,simulation_0068,What is the length of the white car in meters？,A2MS,DS,4.0,fuse-disagreement,
37,simulation_0069,What is the speed of the walking pedestrian at 1.0s in m/s?,A2MS,DD,3.0708783179959838,fuse-fused,
38,simulation_0069,What is the width of the white car in meters?,A2MS,DS,2.8038526252496148,fuse-secondary-only,
39,simulation_0069,What is the length of the white car in meters？,A2MS,DS,7.209023210577311,fuse-secondary-only,
40,simulation_0070,What is the speed of the turing yellow car at 2.5s in m/s?,S2MS,SD,4.235092105238717,fuse-secondary-only,
41,simulation_0070,What is the width of the turning yellow car in meters?,S2MS,SS,3.9442669752580874,fuse-fused,
42,simulation_0070,What is the speed of the bicycle at 1.0s in m/s?,S2MS,SD,,none,neither arm answered
43,simulation_0071,What is the speed of the turing yellow car at 2.5s in m/s?,S2MS,SD,4.244058725242739,fuse-secondary-only,
44,simulation_0071,What is the width of the turning yellow car in meters?,S2MS,SS,5.511186743884363,fuse-secondary-only,
45,simulation_0071,What is the speed of the walking pedestrian at 1.0s in m/s?,S2MS,SD,3.0329652764603705,fuse-fused,
46,simulation_0072,What is the speed of the walking pedestrian at 1.0s in m/s?,V2MS,DD,1.4,fuse-primary-only,
47,simulation_0073,What is the width of the white car in meters?,V2MS,DS,4.0,fuse-primary-only,
48,simulation_0073,What is the length of the white car in meters？,V2MS,DS,4.5,fuse-primary-only,
49,simulation_0073,What is the distance between the white car and the bicycle at 1.0s in meters?,V2MS,DS,,none,neither arm answered
50,simulation_0073,What is the  distance between the white car and the bicycle at 2.0s in meters?,V2MS,DS,10.66,fuse-primary-only,
51,simulation_0073,What is the acceleration of the white car at 1.0s in m/s^2?,V2MS,DD,,none,neither arm answered
52,simulation_0073,What is the side length of the square earthen platform in meters?,V2MS,DS,,none,neither arm answered
53,simulation_0073,What is the speed of the white car at 1.0s in m/s?,V2MS,DD,,none,neither arm answered
54,simulation_0075,What is the length of the turning yellow car in meters?,S2MS,SS,4.774044639789962,fuse-secondary-only,
55,simulation_0075,What is the speed of the walking pedestrian at 1.0s in m/s?,S2MS,SD,4.089623618672716,fuse-secondary-only,
56,simulation_0075,What is the speed of the turing yellow car at 2.5s in m/s?,S2MS,SD,2.4,fuse-disagreement,
57,simulation_0075,What is the width of the turning yellow car in meters?,S2MS,SS,4.774044639789962,fuse-secondary-only,
58,simulation_0075,What is the width of the purple car in meters?,S2MS,SS,4.832802254243069,fuse-secondary-only,
59,simulation_0075,What is the length of the purple car in meters?,S2MS,SS,4.832802254243069,fuse-secondary-only,
60,simulation_0075,What is the speed of the bicycle at 1.0s in m/s?,S2MS,SD,,none,neither arm answered
61,simulation_0075,What is the side length of the square earthen platform in meters?,S2MS,SS,26.170765603786027,fuse-secondary-only,
62,simulation_0075,What is the width of the white car in meters?,S2MS,SS,2.3357197293988032,fuse-secondary-only,
63,simulation_0075,What is the acceleration of the white car at 1.0s in m/s^2?,S2MS,SD,3.736330670899765,fuse-secondary-only,
64,simulation_0075,What is the width of the green car in meters?,S2MS,SS,4.714240732295985,fuse-secondary-only,
65,simulation_0075,What is the length of the green car in meters?,S2MS,SS,4.714240732295985,fuse-secondary-only,
66,simulation_0076,What is the speed of the person in the white shirt at 1.0s in m/s?,V2MX,DD,1.0,fuse-secondary-only,
67,simulation_0076,What is the distance between the person in the black shirt and the person in the white shirt at 1.0s in meters?,V2MX,DS,0.8958807320266984,fuse-fused,
68,simulation_0076,What is the distance between the person in the black shirt and the person in the white shirt at 2.0s in meters?,V2MX,DS,1.0190320931059509,fuse-secondary-only,
69,simulation_0077,What is the speed of the person in the white shirt at 1.0s in m/s?,V2MX,DD,1.0,fuse-secondary-only,
70,simulation_0077,What is the distance between the person in the black shirt and the person in the white shirt at 1.0s in meters?,V2MX,DS,0.9595244874502116,fuse-secondary-only,
71,simulation_0077,What is the distance between the person in the black shirt and the person in the white shirt at 2.0s in meters?,V2MX,DS,0.6799077195160079,fuse-secondary-only,
72,simulation_0078,What is the speed of the person in the black shirt at 1.0s in m/s?,V2MX,DD,1.2999999999999998,fuse-secondary-only,
73,simulation_0078,What is the distance between the person in the black shirt and the person in the white shirt at 1.0s in meters?,V2MX,DS,4.452472660721139,fuse-secondary-only,
74,simulation_0078,What is the distance between the person in the black shirt and the person in the white shirt at 2.0s in meters?,V2MX,DS,10.465458963935117,fuse-secondary-only,
75,simulation_0079,What is the speed of the walking person at 1.0s in m/s?,S2MX,SD,8.559926818804687,fuse-secondary-only,
76,simulation_0079,What is the speed of the bike at 1.0s in m/s?,S2MX,SD,5.235994926566472,fuse-fused,
77,simulation_0079,What is the distance between the walking person and the bike at 1.0s in meters?,S2MX,SS,3.4382437625561315,fuse-secondary-only,
78,simulation_0079,What is the distance between the walking person and the bike at 0.5s in meters?,S2MX,SS,2.3657818815845904,fuse-secondary-only,
79,simulation_0080,What is the speed of the walking person at 0.5s in m/s?,S2MX,SD,5.291235939641296,fuse-secondary-only,
80,simulation_0080,What is the speed of the bike at 0.5s in m/s?,S2MX,SD,4.437840478556708,fuse-fused,
81,simulation_0080,What is the distance between the walking person and the bike at 0.5 s in meters?,S2MX,SS,1.962244741769957,fuse-fused,
82,simulation_0080,What is the distance between the walking person and the bike at 1.0s in meters?,S2MX,SS,1.3039073600008646,fuse-fused,
83,simulation_0081,What is the speed of the walking person at 0.5s in m/s?,S2MX,SD,0.8112218781208625,fuse-secondary-only,
84,simulation_0081,What is the speed of the bike at 0.5s in m/s?,S2MX,SD,5.049547019982113,fuse-secondary-only,
85,simulation_0081,What is the distance between the walking person and the bike at 0.5 s in meters?,S2MX,SS,1.9092443517027777,fuse-fused,
86,simulation_0081,What is the distance between the walking person and the bike at 1.0 s in meters?,S2MX,SS,0.7396245538947135,fuse-secondary-only,
87,simulation_0082,What is the width of the yellow car in meters?,S2MX,SS,5.67,fuse-secondary-only,
88,simulation_0082,What is the length of the black and white car in meters?,S2MX,SS,5.704468604369299,fuse-secondary-only,
89,simulation_0082,What is the width of the black and white car in meters?,S2MX,SS,5.704468604369299,fuse-secondary-only,
90,simulation_0082,What is the distance between the yellow car and the black and white car at 1.0s in meters?,S2MX,SS,2.3353172431477396,fuse-fused,
91,simulation_0082,What is the distance between the yellow car and the black and white car at 2.0s in meters?,S2MX,SS,4.634763498023857,fuse-secondary-only,
92,simulation_0082,What is the speed of the yellow car at 1.0s in m/s？,S2MX,SD,4.931113985709693,fuse-secondary-only,
93,simulation_0082,What is the speed of the black and white car at 1.0s in m/s?,S2MX,SD,6.903390626621,fuse-secondary-only,
94,simulation_0083,What is the width of the yellow car in meters?,S2MX,SS,5.670000000000001,fuse-fused,
95,simulation_0083,What is the length of the black and white car in meters?,S2MX,SS,5.761631623329105,fuse-secondary-only,
96,simulation_0083,What is the width of the black and white car in meters?,S2MX,SS,5.761631623329105,fuse-secondary-only,
97,simulation_0083,What is the distance between the yellow car and the black and white car at 1.0s in meters?,S2MX,SS,7.030677601826934,fuse-fused,
98,simulation_0083,What is the distance between the yellow car and the black and white car at 2.0s in meters?,S2MX,SS,14.577577859711933,fuse-fused,
99,simulation_0083,What is the speed of the yellow car at 1.0s in m/s？,S2MX,SD,4.9807778075012425,fuse-secondary-only,
100,simulation_0083,What is the speed of the black and white car at 1.0s in m/s?,S2MX,SD,6.871341031681083,fuse-secondary-only,
101,simulation_0084,What is the length of the yellow car in meters?,V2MX,DS,5.833550643919703,fuse-secondary-only,
102,simulation_0084,What is the width of the yellow car in meters?,V2MX,DS,4.0995372063459055,fuse-fused,
103,simulation_0084,What is the length of the black and white car in meters?,V2MX,DS,5.820618203816228,fuse-secondary-only,
104,simulation_0084,What is the width of the black and white car in meters?,V2MX,DS,4.093173283454371,fuse-fused,
105,simulation_0084,What is the distance between the yellow car and the black and white car at 1.0s in meters?,V2MX,DS,18.520092461916104,fuse-fused,
106,simulation_0084,What is the distance between the yellow car and the black and white car at 2.0s in meters?,V2MX,DS,11.424550686539476,fuse-fused,
107,simulation_0084,What is the speed of the black and white car at 1.0s in m/s?,V2MX,DD,6.828800174876304,fuse-secondary-only,
108,simulation_0085,What is the speed of the bike at 1.0s in m/s?,A2MX,DD,14.465260457311322,fuse-secondary-only,
109,simulation_0085,What is the length of the bike in meters?,A2MX,DS,1.0240431231556948,fuse-fused,
110,simulation_0085,What is the length of the car in meters?,A2MX,DS,2.058917524066852,fuse-secondary-only,
111,simulation_0085,What is the width of the car in meters?,A2MX,DS,2.603220880889073,fuse-fused,
112,simulation_0085,What is the distance between the car and the bike at 1.0s in meters?,A2MX,DS,4.3316566129524,fuse-fused,
113,simulation_0085,What is the distance between the car and the bike at 2.0s in meters?,A2MX,DS,2.3572996950361746,fuse-fused,
114,simulation_0085,What is the speed of the car at 1.5s in m/s?,A2MX,DD,1.3633687159730188,fuse-secondary-only,
115,simulation_0086,What is the speed of the bike at 1.0s in m/s?,A2MX,DD,3.5928046501042306,fuse-secondary-only,
116,simulation_0086,What is the length of the bike in meters?,A2MX,DS,3.701059224346821,fuse-fused,
117,simulation_0086,What is the length of the car in meters?,A2MX,DS,5.1624756246799,fuse-fused,
118,simulation_0086,What is the width of the car in meters?,A2MX,DS,5.1624756246799,fuse-fused,
119,simulation_0086,What is the distance between the car and the bike at 1.0s in meters?,A2MX,DS,0.007760072747524,fuse-secondary-only,
120,simulation_0086,What is the distance between the car and the bike at 2.0s in meters?,A2MX,DS,0.0021912618059312,fuse-secondary-only,
121,simulation_0086,What is the speed of the car at 1.5s in m/s?,A2MX,DD,5.673032214746602,fuse-secondary-only,
122,simulation_0087,What is the acceleration of the car at 1.0s in m/s^2?,V2MX,DD,0.3418351658457514,fuse-secondary-only,
123,simulation_0087,What is the length of the bike in meters?,V2MX,DS,1.5,fuse-disagreement,
124,simulation_0087,What is the length of the car in meters?,V2MX,DS,6.761694974384292,fuse-fused,
125,simulation_0087,What is the width of the car in meters?,V2MX,DS,6.761694974384292,fuse-fused,
126,simulation_0087,What is the distance between the car and the bike at 0.5 s in meters?,V2MX,DS,29.14533025544939,fuse-secondary-only,
127,simulation_0087,What is the distance between the car and the bike at 1.0s in meters?,V2MX,DS,7.919151431011261,fuse-fused,
128,simulation_0087,What is the speed of the car at 1.0s in m/s?,V2MX,DD,4.500847281789124,fuse-secondary-only,
129,simulation_0088,What is the speed of the small bird at 0.3s in m/s?,V2MX,DD,9.509671057478815,fuse-secondary-only,
130,simulation_0088,What is the distance between the big bird and the small bird at 0.3s in meters?,V2MX,DS,1.516686143282476,fuse-secondary-only,
131,simulation_0088,What is the body length of the big bird in meters?,V2MX,DS,0.85,fuse-disagreement,
132,simulation_0088,What is the width (wingspan) of the big bird in meters?,V2MX,DS,3.6648777077677277,fuse-fused,
133,simulation_0088,What is the body length of the small bird in meters?,V2MX,DS,0.5,fuse-disagreement,
134,simulation_0088,What is the width (wingspan) of the small bird in meters?,V2MX,DS,3.572692372390765,fuse-secondary-only,
135,simulation_0089,What is the length of the big bird in meters?,S2MX,SS,8.776104625610673,fuse-secondary-only,
136,simulation_0089,What is the width of the big bird in meters?,S2MX,SS,8.776104625610673,fuse-secondary-only,
137,simulation_0089,What is the width (wingspan) of the small bird in meters?,S2MX,SS,0.6610317074391152,fuse-secondary-only,
138,simulation_0089,What is the speed of the small bird at 0.3s in m/s?,S2MX,SD,5.0,fuse-disagreement,
139,simulation_0089,What is the speed of the big bird at 0.3s in m/s?,S2MX,SD,4.206823140595727,fuse-fused,
140,simulation_0089,What is the distance between the big bird and the small bird at 0.3s in meters?,S2MX,SS,2.833123611817065,fuse-secondary-only,
141,simulation_0090,What is the speed of the big bird at 0.2s in m/s?,V2MX,DD,10.991309629825164,fuse-secondary-only,
142,simulation_0090,What is the distance between the big bird and the small bird at 0.3s in meters?,V2MX,DS,2.7,fuse-disagreement,
143,simulation_0090,What is the body length of the big bird in meters?,V2MX,DS,1.1921573384987596,fuse-fused,
144,simulation_0090,What is the body length of the small bird in meters?,V2MX,DS,0.8827071256992234,fuse-fused,
145,simulation_0091,What is the speed of the big bird at 0.3s in m/s?,V2MX,DD,2.5763244154114817,fuse-secondary-only,
146,simulation_0091,What is the distance between the big bird and the small bird at 0.3s in meters?,V2MX,DS,0.5582699749056591,fuse-secondary-only,
147,simulation_0091,What is the length of the big bird in meters?,V2MX,DS,3.678936976586912,fuse-fused,
148,simulation_0091,What is the length of the small bird in meters?,V2MX,DS,0.381537429515133,fuse-secondary-only,
149,simulation_0092,What is the height of the car in meters?,S2MX,SS,1.7040151057196269,fuse-fused,
150,simulation_0092,What is the length of the plane in meters?,S2MX,SS,16.498852110125416,fuse-secondary-only,
151,simulation_0092,What is the height of the plane in meters?,S2MX,SS,7.145933496208764,fuse-secondary-only,
152,simulation_0092,What is the speed of the plane at 1.0s in m/s?,S2MX,SD,56.882292064240914,fuse-fused,
153,simulation_0092,What is the speed of the car at 1.0s in m/s?,S2MX,SD,4.0,fuse-disagreement,
154,simulation_0093,What is the height of the car in meters?,S2MX,SS,1.8816976740989824,fuse-secondary-only,
155,simulation_0093,What is the length of the plane in meters?,S2MX,SS,37.0795988198698,fuse-secondary-only,
156,simulation_0093,What is the height of the plane in meters?,S2MX,SS,11.253572379180964,fuse-secondary-only,
157,simulation_0093,What is the speed of the plane at 0.5s in m/s?,S2MX,SD,58.9233861074947,fuse-fused,
158,simulation_0093,What is the speed of the car at 1.0s in m/s?,S2MX,SD,20.15619681223633,fuse-fused,
159,simulation_0094,What is the length of the car in meters?,V2MX,DS,6.014451618548509,fuse-secondary-only,
160,simulation_0094,What is the height of the car in meters?,V2MX,DS,1.8667795756469416,fuse-fused,
161,simulation_0094,What is the length of the plane in meters?,V2MX,DS,37.58131332526501,fuse-secondary-only,
162,simulation_0094,What is the height of the plane in meters?,V2MX,DS,12.263821367539867,fuse-fused,
163,simulation_0095,What is the speed of the plane at 0.5s in m/s?,A2MX,DD,5.0,fuse-disagreement,
164,simulation_0095,What is the length of the car in meters?,A2MX,DS,5.4337365837218945,fuse-fused,
165,simulation_0095,What is the height of the car in meters?,A2MX,DS,1.7465153360078438,fuse-fused,
166,simulation_0095,What is the length of the plane in meters?,A2MX,DS,40.0,fuse-disagreement,
167,simulation_0095,What is the height of the plane in meters?,A2MX,DS,10000.0,fuse-disagreement,
168,simulation_0096,What is the speed of the plane at 0.3s in m/s?,A2MX,DD,0.3,fuse-disagreement,
169,simulation_0096,What is the length of the car in meters?,A2MX,DS,5.529877005811117,fuse-secondary-only,
170,simulation_0096,What is the height of the car in meters?,A2MX,DS,1.7801494061717202,fuse-fused,
171,simulation_0096,What is the length of the plane in meters?,A2MX,DS,19.518462653258204,fuse-fused,
172,simulation_0096,What is the height of the plane in meters?,A2MX,DS,9.799978768485898,fuse-secondary-only,
173,simulation_0097,What is the speed of the plane at 0.3s in m/s?,A2MX,DD,3.0,fuse-disagreement,
174,simulation_0097,What is the length of the car in meters?,A2MX,DS,5.689058776102857,fuse-secondary-only,
175,simulation_0097,What is the height of the car in meters?,A2MX,DS,1.7525818134891729,fuse-fused,
176,simulation_0097,What is the length of the plane in meters?,A2MX,DS,38.32900727503612,fuse-fused,
177,simulation_0097,What is the height of the plane in meters?,A2MX,DS,10000.0,fuse-disagreement,
178,simulation_0098,What is the speed of the boat at 1.0s in m/s?,V2MS,DD,3.283243559258864,fuse-secondary-only,
179,simulation_0098,What is the length of the boat in meters?,V2MS,DS,9.942125539624493,fuse-fused,
180,simulation_0098,What is the length of the shark in meters?,V2MS,DS,3.0196738539335013,fuse-fused,
181,simulation_0098,What is the height of the shark in meters?,V2MS,DS,1.2275623168284049,fuse-secondary-only,
182,simulation_0099,What is the speed of the boat at 1.0s in m/s?,S2MS,SD,4.980484585544719,fuse-secondary-only,
183,simulation_0099,What is the speed of the shark at 1.0s in m/s?,S2MS,SD,3.017451305385185,fuse-secondary-only,
184,simulation_0099,What is the length of the shark in meters?,S2MS,SS,3.203224864010339,fuse-secondary-only,
185,simulation_0099,What is the height of the shark in meters?,S2MS,SS,1.2356302967645465,fuse-secondary-only,
186,simulation_0100,What is the speed of the boat at 1.0s in m/s?,S2MS,SD,4.703965650818256,fuse-secondary-only,
187,simulation_0100,What is the speed of the shark at 1.0s in m/s?,S2MS,SD,2.9975103645039884,fuse-secondary-only,
188,simulation_0100,What is the length of the shark in meters?,S2MS,SS,3.274820002801672,fuse-secondary-only,
189,simulation_0100,What is the height of the shark in meters?,S2MS,SS,1.2294382460054725,fuse-secondary-only,
190,simulation_0101,What is the speed of the shark at 0.0s in m/s?,A2MS,DD,0.3142686892168509,fuse-secondary-only,
191,simulation_0101,What is the speed of the boat at 1.0s in m/s?,A2MS,DD,4.213138675107163,fuse-secondary-only,
192,simulation_0101,What is the length of the boat in meters?,A2MS,DS,9.634248284851717,fuse-secondary-only,
193,simulation_0101,What is the length of the shark in meters?,A2MS,DS,2.9604357109122077,fuse-fused,
194,simulation_0101,What is the height of the shark in meters?,A2MS,DS,1.1302610654172534,fuse-fused,
195,simulation_0102,What is the speed of the shark at 0.0s in m/s?,A2MS,DD,0.2303071532375706,fuse-secondary-only,
196,simulation_0102,What is the speed of the boat at 1.0s in m/s?,A2MS,DD,4.360756449689612,fuse-secondary-only,
197,simulation_0102,What is the length of the boat in meters?,A2MS,DS,10.573303687973889,fuse-fused,
198,simulation_0102,What is the length of the shark in meters?,A2MS,DS,1.9457232470792494,fuse-fused,
199,simulation_0102,What is the height of the shark in meters?,A2MS,DS,0.9957084593889588,fuse-fused,
200,simulation_0102,What is the distance between the shark and the boat at 0.5s in meters?,A2MS,DS,7.2428365801807555,fuse-secondary-only,
201,simulation_0103,What is the speed of the shark at 0.0s in m/s?,A2MS,DD,0.25576436695233,fuse-secondary-only,
202,simulation_0103,What is the speed of the boat at 1.0s in m/s?,A2MS,DD,5.495860966627926,fuse-secondary-only,
203,simulation_0103,What is the length of the boat in meters?,A2MS,DS,8.803518086271142,fuse-secondary-only,
204,simulation_0103,What is the length of the shark in meters?,A2MS,DS,2.1033179515421345,fuse-fused,
205,simulation_0103,What is the height of the shark in meters?,A2MS,DS,1.0565799953032038,fuse-fused,
206,simulation_0103,What is the distance between the shark and the boat at 0.5s in meters?,A2MS,DS,15.843850506582788,fuse-secondary-only,
207,simulation_0104,What is the diagonal length of the phone in meters?,V2MX,DS,0.29670608537855125,fuse-fused,
208,simulation_0104,What is the diameter of the gray truncated cone on the charging post in meters?,V2MX,DS,0.30068447451959235,fuse-fused,
209,simulation_0104,What is the extension of the charging post at 0.5s in meters?,V2MX,DS,0.3943297957842054,fuse-secondary-only,
210,simulation_0105,What is the height of the ice cube in meters?,A2MX,DS,,none,neither arm answered
211,simulation_0105,What is the height of the teacup with the plate in meters?,A2MX,DS,0.12,fuse-primary-only,
212,simulation_0105,What is the width of the teacup with the plate in meters?,A2MX,DS,0.15,fuse-primary-only,
213,simulation_0105,What is the velocity of the ice cube at 1.0s in m/s?,A2MX,DD,,none,neither arm answered
214,simulation_0106,What is the velocity of the left virus at 1.0s in m/s?,V2MX,DD,2.483984672210703,fuse-fused,
215,simulation_0106,What is the distance between two viruses at 1.0s in meters?,V2MX,DS,,none,neither arm answered
216,simulation_0106,What is the distance between two viruses at 2.0s in meters?,V2MX,DS,,none,neither arm answered
217,simulation_0107,What is the velocity of the left virus at 1.0s in m/s?,V2MX,DD,2.2405153453239106,fuse-fused,
218,simulation_0107,What is the distance between two viruses at 1.0s in meters?,V2MX,DS,,none,neither arm answered
219,simulation_0107,What is the distance between two viruses at 2.0s in meters?,V2MX,DS,,none,neither arm answered
220,simulation_0108,What is the velocity of the left virus at 1.0s in m/s?,V2MX,DD,1.7393,fuse-secondary-only,
221,simulation_0108,What is the distance between two viruses at 1.0s in meters?,V2MX,DS,,none,neither arm answered
222,simulation_0108,What is the distance between two viruses at 2.0s in meters?,V2MX,DS,,none,neither arm answered
223,simulation_0111,What is the length of the boat in meters?,V2MC,DS,5.0,fuse-disagreement,
224,simulation_0111,What is the width of the boat in meters?,V2MC,DS,1.5,fuse-disagreement,
225,simulation_0111,What is the width of the bridge in meters?,V2MC,DS,4.591714922965574,fuse-fused,
226,simulation_0112,What is the thickness of the bridge in meters?,V2MC,DS,10.91540499434741,fuse-secondary-only,
227,simulation_0112,What is the height of the car in meters?,V2MC,DS,1.1416548319776285,fuse-fused,
228,simulation_0112,What is the diameter of the wheel in meters?,V2MC,DS,0.6669626215478037,fuse-fused,
229,simulation_0112,What is the length of the car in meters?,V2MC,DS,4.051183328340861,fuse-fused,
230,simulation_0113,What is the speed of the swim ring at 1.0s in m/s?,S2MC,SD,0.1338807040811509,fuse-secondary-only,
231,simulation_0113,What is the side length of the pool in meters?,S2MC,SS,14.221324120101484,fuse-secondary-only,
232,simulation_0114,What is the width of the plane in meters?,A2SC,DS,1.5,fuse-disagreement,
233,simulation_0114,What is the length of the plane in meters?,A2SC,DS,10.01734605651903,fuse-secondary-only,
234,simulation_0114,What is the speed of the plane at 1.5s in m/s?,A2SC,DD,25.99400698986703,fuse-secondary-only,
235,simulation_0116,What is the length of the football in meters?,A2MC,DS,,none,neither arm answered
236,simulation_0116,What is the width of the football in meters?,A2MC,DS,,none,neither arm answered
237,simulation_0116,What is the height of he middle yellow door in meters?,A2MC,DS,,none,neither arm answered
238,simulation_0116,What is the width of the middle yellow door in meters?,A2MC,DS,,none,neither arm answered
239,simulation_0116,What is the speed of the football at 0.5s in m/s?,A2MC,DD,4.9,fuse-primary-only,
240,simulation_0117,What is the diameter of the ball in meters?,A2MS,DS,0.12,fuse-primary-only,
241,simulation_0117,What is the height of the door in meters?,A2MS,DS,,none,neither arm answered
242,simulation_0117,What is the width of the door in meters?,A2MS,DS,0.85,fuse-primary-only,
243,simulation_0117,What is the length of the electronic lock in meters?,A2MS,DS,,none,neither arm answered
244,simulation_0117,What is the width of the electronic lock in meters?,A2MS,DS,,none,neither arm answered
245,simulation_0118,What is the total displacement of the toy car in meters?,V2MC,DS,,none,neither arm answered
246,simulation_0118,What  is the length of the toy car in meters?,V2MC,DS,0.03,fuse-primary-only,
247,simulation_0118,What is the diameter of the disc in meters?,V2MC,DS,,none,neither arm answered
248,simulation_0118,What is the length of the book in meters?,V2MC,DS,0.25,fuse-primary-only,
249,simulation_0118,What is the length of the table in meters?,V2MC,DS,,none,neither arm answered
250,simulation_0118,What is the width of the table in meters?,V2MC,DS,0.8,fuse-primary-only,
251,simulation_0119,What is the diameter of the moving chess piece in meters?,V2MC,DS,,none,neither arm answered
252,simulation_0119,What is the side length of the chessboard in meters?,V2MC,DS,0.42,fuse-primary-only,
253,simulation_0119,What is the length of the dark grey square tray placed next to the chessboard in meters?,V2MC,DS,,none,neither arm answered
254,simulation_0119,What is the side length of the table in meters?,V2MC,DS,1.2,fuse-primary-only,
255,simulation_0119,What is the distance moved by the chess piece in meters?,V2MC,DS,0.04,fuse-primary-only,
256,simulation_0120,What is the length of the sofa in meters?,V2MC,DS,,none,neither arm answered
257,simulation_0120,What is the length of the TV in meters?,V2MC,DS,,none,neither arm answered
258,simulation_0120,What is the diameter of the robot cleaner in meters?,V2MC,DS,,none,neither arm answered
259,simulation_0120,What is the side length of the chessboard in meters?,V2MC,DS,,none,neither arm answered
260,simulation_0120,What is the length of the square tray placed next to the chessboard with two art sculptures on it in meters?,V2MC,DS,,none,neither arm answered
261,simulation_0121,What is the speed of the left first ball at 0.5s in m/s?,S2MS,SD,0.7064940487993148,fuse-fused,
262,simulation_0121,What is the speed of the left first ball at 1.0s in m/s?,S2MS,SD,1.7189625719879142,fuse-fused,
263,simulation_0122,What is the length of the sword in meters?,A2SC,DS,1.8,fuse-primary-only,
264,simulation_0123,What is the length of the blue rolling cup in meters?,V2MC,DS,0.057431324929702154,fuse-fused,
265,simulation_0123,What is the diameter of the blue rolling cup in meters?,V2MC,DS,0.0492608694663572,fuse-secondary-only,
266,simulation_0123,What is the length of the green toothbrush lying on the sink in meters?,V2MC,DS,0.0895164955623305,fuse-secondary-only,
267,simulation_0123,What is the diameter of the blue cup with the blue toothbrush in meters?,V2MC,DS,0.0541671870264252,fuse-secondary-only,
268,simulation_0123,What is the length of the largest towel of the three stacked towels on the sink in meters?,V2MC,DS,0.4109021055482942,fuse-secondary-only,
269,simulation_0123,What is the width of the largest towel of the three stacked towels on the sink in meters?,V2MC,DS,0.4222606489497086,fuse-fused,
270,simulation_0124,What is the speed of the grey and red car at 1.0s in m/s?,V2MC,DD,21.492941880313623,fuse-secondary-only,
271,simulation_0124,What is the length of the grey and red car in meters?,V2MC,DS,4.89841288026906,fuse-secondary-only,
272,simulation_0124,What is the width of the grey and red car in meters?,V2MC,DS,3.296595999779313,fuse-fused,
273,simulation_0124,What is the length of the black car in meters?,V2MC,DS,4.4717571725837875,fuse-fused,
274,simulation_0124,What is the width of the black car in meters?,V2MC,DS,2.998300473570621,fuse-fused,
275,simulation_0124,What is the distance between the two cars at 1.0s in meters?,V2MC,DS,10.0,fuse-primary-only,
276,simulation_0124,What is the smallest distance between the two cars in meters?,V2MC,DS,4.5,fuse-primary-only,
277,simulation_0125,What is the height of the potted plant in meters?,V2MC,DS,1.218566526251767,fuse-secondary-only,
278,simulation_0125,What is the height of the house in meters?,V2MC,DS,6.209319400748856,fuse-fused,
279,simulation_0125,What is the width of the house in meters?,V2MC,DS,5.5870143654467705,fuse-fused,
280,simulation_0125,What is the height of the person in meters?,V2MC,DS,1.665093751063656,fuse-secondary-only,
281,simulation_0126,What is the diameter of the handle in meters?,S2MS,SS,0.06,fuse-disagreement,
282,simulation_0126,What is the speed of the puck at 0.5s in m/s?,S2MS,SD,0.6944732666494325,fuse-fused,
283,simulation_0126,What is the speed of the puck at 2.0s in m/s?,S2MS,SD,1.8586873908047663,fuse-secondary-only,
284,simulation_0126,What is the horizontal distance between the two handles in meters?,S2MS,SS,0.09,fuse-primary-only,
285,simulation_0126,What is the shortest distance between the puck and the handle on the right in meters?,S2MS,SS,0.4703369429787642,fuse-secondary-only,
286,simulation_0127,What is the speed of the blue car at 1.0s in m/s?,V2MC,DD,18.9057837113678,fuse-secondary-only,
287,simulation_0127,What is the width of the blue car in meters?,V2MC,DS,5.0650690203731195,fuse-fused,
288,simulation_0127,What is the length of the blue car in meters?,V2MC,DS,7.891290353385164,fuse-secondary-only,
289,simulation_0127,What is the length of the bike in meters?,V2MC,DS,3.025895973250755,fuse-fused,
290,simulation_0127,What is the width of the red car in meters?,V2MC,DS,6.652052400789978,fuse-fused,
291,simulation_0127,What is the length of the red car in meters?,V2MC,DS,6.652052400789978,fuse-fused,
292,simulation_0127,What is the width of the dark green car in meters?,V2MC,DS,7.819507074463195,fuse-secondary-only,
293,simulation_0127,What is the length of the dark green car in meters?,V2MC,DS,6.62505240522042,fuse-fused,
294,simulation_0128,What is the diameter of the ball in meters?,A2MC,DS,0.15,fuse-primary-only,
295,simulation_0128,What is the length of the forklift in meters?,A2MC,DS,1.5,fuse-primary-only,
296,simulation_0128,What is the height of the forklift in meters?,A2MC,DS,2.0,fuse-primary-only,
297,simulation_0129,What is the diameter of the ball in meters?,A2MC,DS,0.25,fuse-primary-only,
298,simulation_0129,What is the length of the forklift in meters?,A2MC,DS,2.5,fuse-primary-only,
299,simulation_0129,What is the height of the forklift in meters?,A2MC,DS,2.5,fuse-primary-only,
300,simulation_0130,What is the length of the car in meters?,V2MC,DS,4.5,fuse-disagreement,
301,simulation_0130,What is the width of the car in meters?,V2MC,DS,1.8,fuse-disagreement,
302,simulation_0130,What is the length of the white airplane in meters?,V2MC,DS,45.0,fuse-disagreement,
303,simulation_0130,What is the width of the white airplane in meters?,V2MC,DS,25.0,fuse-disagreement,
304,simulation_0130,What is the length of the helicopter in meters?,V2MC,DS,18.5,fuse-disagreement,
305,simulation_0130,What is the width of the helicopter in meters?,V2MC,DS,18.0,fuse-disagreement,
306,simulation_0130,What is the speed of the white airplane at 1.0s in m/s?,V2MC,DD,0.0178398340757127,fuse-secondary-only,
307,simulation_0131,What is the width of the hot air balloon in meters?,V2SX,DS,9.687165660916278,fuse-fused,
308,simulation_0131,What is the height of the hot air balloon in meters?,V2SX,DS,100.0,fuse-disagreement,
309,simulation_0263,What is the length of the spacecraft in meters?,A2SS,DS,5.533913412001138,fuse-fused,
310,simulation_0132,What is the diameter of the apple in meters?,A2MC,DS,,none,neither arm answered
311,simulation_0132,What is the height of the table in meters?,A2MC,DS,,none,neither arm answered
312,simulation_0132,"What is the horizontal speed of the apple while it is in the air, in m/s?",A2MC,DD,,none,neither arm answered
313,simulation_0132,"What is the horizontal distance of the apple during its parabolic motion, in meters?",A2MC,DS,,none,neither arm answered
314,simulation_0133,What is the diameter of the apple in meters?,A2MS,DS,,none,neither arm answered
315,simulation_0133,What is the height of the table in meters?,A2MS,DS,,none,neither arm answered
316,simulation_0133,"What is the horizontal speed of the apple when it leaves the table, in m/s?",A2MS,DD,0.5,fuse-primary-only,
317,simulation_0133,"What is the horizontal displacement of the apple during its parabolic motion, in meters?",A2MS,DS,0.5,fuse-primary-only,
318,simulation_0133,"What is the speed of the apple at time 1.2s, in m/s?",A2MS,DD,,none,neither arm answered
319,simulation_0134,"What is the length of the toast, in meters?",S2MC,SS,0.2155954059304798,fuse-secondary-only,
320,simulation_0134,"What is the length of the toaster, in meters?",S2MC,SS,0.2160604648460947,fuse-secondary-only,
321,simulation_0134,What is the peak vertical displacement of the bread slice (relative to its starting position) in meters?,S2MC,SS,0.087254347956161,fuse-secondary-only,
322,simulation_0134,"What is the acceleration of the bread slice at time1.75 s, in m/s^2?",S2MC,SD,0.0001416109607993,fuse-secondary-only,
323,simulation_0135,What is the length of the toaster in meters?,S2MC,SS,0.2195299467308317,fuse-secondary-only,
324,simulation_0135,What is the height of the power outlet in meters?,S2MC,SS,0.0382464401154921,fuse-secondary-only,
325,simulation_0135,"What is the speed of the cup at time 1s, in m/s?",S2MC,SD,0.3080441199046678,fuse-fused,
326,simulation_0135,What is the speed of the cup at time 2.25s in m/s?,S2MC,SD,0.04,fuse-disagreement,
327,simulation_0136,What is the length of the toaster in meters?,S2MC,SS,0.1978770317590467,fuse-secondary-only,
328,simulation_0136,"What is the speed of the cup at time 1s, in m/s?",S2MC,SD,0.20766908612848448,fuse-fused,
329,simulation_0136,What is the speed of the cup at time 2.25s in m/s?,S2MC,SD,0.301514831510292,fuse-secondary-only,
330,simulation_0137,What is the total length of the bird’s flight path in meters?,V2MC,DS,9.15,fuse-disagreement,
331,simulation_0137,What is the length of the house in meters?,V2MC,DS,6.062896078593,fuse-fused,
332,simulation_0137,What is the height of the house in meters?,V2MC,DS,3.533926822947172,fuse-fused,
333,simulation_0137,"What is the distance from the bird to the roof at 1s, in meters?",V2MC,DS,4.854184508475869,fuse-fused,
334,simulation_0142,What is the height of the man in meters?,V2MC,DS,1.7578443792217255,fuse-secondary-only,
335,simulation_0142,What is the total distance the man walked in meters?,V2MC,DS,16.93,fuse-disagreement,
336,simulation_0142,What is the side length of the floor tile in meters?,V2MC,DS,6.209937548095946,fuse-secondary-only,
337,simulation_0142,What is the height from the floor to the ceiling in meters?,V2MC,DS,2.164269434907095,fuse-fused,
338,simulation_0145,What is the diameter of the tire in meters?,S2MC,SS,0.5739060643185038,fuse-secondary-only,
339,simulation_0145,What is the average speed of the rocket from beginning to end in m/s?,S2MC,SD,5.850505754224945,fuse-fused,
340,simulation_0145,What is the speed of the rocket at time 1s in m/s?,S2MC,SD,7.9035101682892,fuse-secondary-only,
341,simulation_0145,What is the acceleration of the rocket at time 1s in m/s^2?,S2MC,SD,25.148107536126226,fuse-secondary-only,
342,simulation_0148,What is the speed of the train at time 1s in m/s?,S2MC,SD,3.465531478719979,fuse-fused,
343,simulation_0148,What is the speed of the train at time 0.5s in m/s?,S2MC,SD,4.58878046442367,fuse-secondary-only,
344,simulation_0148,What is the acceleration of the train at time 0.5s in m/s^2?,S2MC,SD,2.487772634956545,fuse-fused,
345,simulation_0148,What is the length of the door on the train in meters?,S2MC,SS,1.391794222739809,fuse-secondary-only,
346,simulation_0148,"What is the height, in meters, of the white pillar in the center of the semicircular arch?",S2MC,SS,3.216425063890852,fuse-secondary-only,
347,simulation_0153,What is the length of the blue car in meters (including the extending wire)?,S2SC,SS,0.3995886499403021,fuse-fused,
348,simulation_0153,What is the speed of the blue car at time 1s in m/s?,S2SC,SD,0.5304531786369396,fuse-secondary-only,
349,simulation_0153,What is the acceleration of the blue car at time 1s in m/s^2?,S2SC,SD,1.3939418172713538,fuse-secondary-only,
350,simulation_0153,What is the speed of the blue car at time 1.5s in m/s?,S2SC,SD,0.7245699473494802,fuse-fused,
351,simulation_0153,What is the acceleration of the blue car at time 1.5s in m/s^2?,S2SC,SD,1.3939418172713538,fuse-secondary-only,
352,simulation_0154,What is the length of the shark in meters?,V2SC,DS,3.643963082732645,fuse-fused,
353,simulation_0154,What is the displacement of the shark in meters?,V2SC,DS,3.707460283901487,fuse-secondary-only,
354,simulation_0155,What is the length of the shark in meters?,V2SS,DS,4.1293436769341545,fuse-fused,
355,simulation_0155,What is the displacement of the shark in meters?,V2SS,DS,3.979988547893741,fuse-secondary-only,
356,simulation_0156,What is the length of the shark in meters?,V2MS,DS,3.81278075386298,fuse-fused,
357,simulation_0156,What is the displacement of the shark in meters?,V2MS,DS,3.7352507775692487,fuse-secondary-only,
358,simulation_0156,What is the speed of the turtle at 1s in m/s?,V2MS,DD,7.014747065637311,fuse-secondary-only,
359,simulation_0156,What is the length of the turtle in meters?,V2MS,DS,3.2361060646171076,fuse-fused,
360,simulation_0157,What is the length of the turtle in meters?,A2SS,DS,0.6047512206408157,fuse-fused,
361,simulation_0157,What is the speed of the turtle at time 1s in m/s?,A2SS,DD,1.0283908124064072,fuse-secondary-only,
362,simulation_0157,What is the speed of the turtle at time 1.5s in m/s?,A2SS,DD,1.0283908124064072,fuse-secondary-only,
363,simulation_0158,What is the length of the turtle in meters?,A2MS,DS,0.453041650771294,fuse-fused,
364,simulation_0158,What is the speed of the turtle at time 1s in m/s?,A2MS,DD,0.8210789400380999,fuse-secondary-only,
365,simulation_0158,What is the speed of the turtle at time 1.5s in m/s?,A2MS,DD,0.8210789400380999,fuse-secondary-only,
366,simulation_0158,How long is the shark in meters?,A2MS,DS,3.5,fuse-disagreement,
367,simulation_0158,What is the length of the shark in meters?,A2MS,DS,3.5,fuse-disagreement,
368,simulation_0158,What is the acceleration of the shark at 1s in m/s^2?,A2MS,DD,2.6755583230547257,fuse-fused,
369,simulation_0158,What is the speed of the shark at time 1s in m/s?,A2MS,DD,0.8193041085132358,fuse-secondary-only,
370,simulation_0158,What is the speed of the shark at time 1.5s in m/s?,A2MS,DD,0.8193041085132358,fuse-secondary-only,
371,simulation_0160,What is the length of the billiard table in meters?,S2MC,SS,2.656026336460088,fuse-secondary-only,
372,simulation_0160,What is the width of the billiard table in meters?,S2MC,SS,2.656026336460088,fuse-secondary-only,
373,simulation_0160,What is the diameter of the pockets on the billiard table in meters?,S2MC,SS,,none,neither arm answered
374,simulation_0160,What is the speed of the ball at time 0.5s in m/s?,S2MC,SD,0.6234058772286077,fuse-secondary-only,
375,simulation_0160,What is the speed of the ball at time 1s in m/s?,S2MC,SD,0.05,fuse-disagreement,
376,simulation_0162,What is the speed of the ball at time 1s in m/s?,S2SC,SD,1.569114218662597,fuse-secondary-only,
377,simulation_0162,What is the acceleration of the ball at time 1s in m/s^2?,S2SC,SD,0.3420544089584706,fuse-secondary-only,
378,simulation_0162,What is the speed of the ball at time 2s in m/s?,S2SC,SD,1.569114218662597,fuse-secondary-only,
379,simulation_0162,What is the acceleration of the ball at time 2s in m/s^2?,S2SC,SD,0.3420544089584706,fuse-secondary-only,
380,simulation_0163,What is the speed of the ball at time 0.5s in m/s?,S2MC,SD,20.0,fuse-disagreement,
381,simulation_0163,What is the acceleration of the ball at time 0.5s in m/s^2?,S2MC,SD,0.5382153235238535,fuse-fused,
382,simulation_0163,What is the speed of the ball at time 1s in m/s?,S2MC,SD,3.8370920577739724,fuse-fused,
383,simulation_0163,What is the acceleration of the ball at time 1s in m/s^2?,S2MC,SD,0.3468836493923252,fuse-secondary-only,
384,simulation_0163,What is the height of the bowling pin in meters?,S2MC,SS,0.2323241977191093,fuse-secondary-only,
385,simulation_0165,What is the diameter of the bike's wheel in meters?,V2MC,DS,0.7299618922872378,fuse-fused,
386,simulation_0165,What is the width of the road that the bike is crossing through in meters?,V2MC,DS,19.892338312353804,fuse-secondary-only,
387,simulation_0165,What is the length of the bike in meters?,V2MC,DS,1.8089437814274003,fuse-secondary-only,
388,simulation_0166,What is the diameter of the bike's wheel in meters?,V2MC,DS,0.7628877020427621,fuse-secondary-only,
389,simulation_0166,What is the width of the road that the bike is crossing through in meters?,V2MC,DS,19.86018598713285,fuse-secondary-only,
390,simulation_0166,What is the length of the bike in meters?,V2MC,DS,1.8058245648837572,fuse-secondary-only,
391,simulation_0166,What is the length of the police car in meters?,V2MC,DS,4.824044561173956,fuse-secondary-only,
392,simulation_0166,What is the diameter of the police car's tire in meters?,V2MC,DS,0.8074879747423326,fuse-secondary-only,
393,simulation_0166,What is the speed of the police car at 1s in m/s?,V2MC,DD,6.541858067513257,fuse-secondary-only,
394,simulation_0167,What is the width of the road that the bike crossed through in meters?,V2MC,DS,94.59759699729766,fuse-secondary-only,
395,simulation_0167,What is the length of the bike in meters?,V2MC,DS,1.8,fuse-disagreement,
396,simulation_0167,What is the length of the police car in meters?,V2MC,DS,10.321048713558504,fuse-fused,
397,simulation_0167,What is the width of the police car in meters?,V2MC,DS,14.7308794926114,fuse-secondary-only,
398,simulation_0167,What is the speed of the police car at 1s in m/s?,V2MC,DD,5.550432916058076,fuse-secondary-only,
399,simulation_0167,What is the width of the road that the bike and the car are on in meters?,V2MC,DS,3.5,fuse-disagreement,
400,simulation_0169,What is the speed of the astronaut at time 0.5s in m/s?,S2SS,SD,2.9518871201992924,fuse-secondary-only,
401,simulation_0169,What is the acceleration of the astronaut at time 0.5s in m/s^2?,S2SS,SD,1.62,fuse-disagreement,
402,simulation_0169,What is the speed of the astronaut at time 1s in m/s?,S2SS,SD,2.9518871201992924,fuse-secondary-only,
403,simulation_0169,What is the acceleration of the astronaut at time 1s in m/s^2?,S2SS,SD,0.44597262472530413,fuse-fused,
404,simulation_0169,What is the speed of the astronaut at time 2s in m/s?,S2SS,SD,2.9518871201992924,fuse-secondary-only,
405,simulation_0169,What is the acceleration of the astronaut at time 2s in m/s^2?,S2SS,SD,9.8,fuse-disagreement,
406,simulation_0169,What is the speed of the astronaut at time 3s in m/s?,S2SS,SD,2.9518871201992924,fuse-secondary-only,
407,simulation_0169,What is the acceleration of the astronaut at time 3s in m/s^2?,S2SS,SD,1.62,fuse-disagreement,
408,simulation_0171,What is the speed of the astronaut at time 0.5s in m/s?,S2SS,SD,2.2251998000755195,fuse-secondary-only,
409,simulation_0171,What is the acceleration of the astronaut at time 0.5s in m/s^2?,S2SS,SD,0.05,fuse-disagreement,
410,simulation_0171,What is the speed of the astronaut at time 1s in m/s?,S2SS,SD,2.2251998000755195,fuse-secondary-only,
411,simulation_0171,What is the acceleration of the astronaut at time 1s in m/s^2?,S2SS,SD,0.05,fuse-disagreement,
412,simulation_0171,What is the speed of the astronaut at time 2s in m/s?,S2SS,SD,2.2251998000755195,fuse-secondary-only,
413,simulation_0171,What is the acceleration of the astronaut at time 2s in m/s^2?,S2SS,SD,0.05,fuse-disagreement,
414,simulation_0171,What is the speed of the astronaut at time 3s in m/s?,S2SS,SD,2.2251998000755195,fuse-secondary-only,
415,simulation_0171,What is the acceleration of the astronaut at time 3s in m/s^2?,S2SS,SD,2.7934206963354447,fuse-secondary-only,
416,simulation_0173,What is the length of the airplane in meters?,V2MC,DS,46.7316396015884,fuse-secondary-only,
417,simulation_0173,What is the height of the stone cliff on the beach in meters?,V2MC,DS,43.05026063577714,fuse-secondary-only,
418,simulation_0173,What is the diameter of the rear wheels on an aircraft landing gear in meters?,V2MC,DS,2.2354212303779963,fuse-secondary-only,
419,simulation_0175,What is the length of the airplane in meters?,V2MC,DS,39.34530904437446,fuse-fused,
420,simulation_0175,What is the height of the stone cliff on the beach in meters?,V2MC,DS,42.439742387207005,fuse-secondary-only,
421,simulation_0175,What is the diameter of the rear wheels on an aircraft landing gear in meters?,V2MC,DS,2.2228432732023915,fuse-secondary-only,
422,simulation_0177,What is the height of the elephant in meters?,V2SC,DS,4.961915365555041,fuse-fused,
423,simulation_0177,What is the displacement of the elephant in meters?,V2SC,DS,11.116379258906806,fuse-secondary-only,
424,simulation_0178,What is the speed of the small elephant at 1s in m/s?,V2MC,DD,2.435839223645948,fuse-secondary-only,
425,simulation_0178,What is the height of the big elephant in meters?,V2MC,DS,3.7009266194956045,fuse-fused,
426,simulation_0178,What is the height of the small elephant in meters?,V2MC,DD,2.1936567996161704,fuse-fused,
427,simulation_0178,What is the displacement of the big elephant in meters?,V2MC,DS,9.730598860676567,fuse-fused,
428,simulation_0178,What is the displacement of the small elephant in meters?,V2MC,DS,3.508446483450886,fuse-fused,
429,simulation_0179,What is the length of the trolley in meters?,A2MC,DS,0.6201898612687095,fuse-secondary-only,
430,simulation_0179,What is the height of the trolley in meters?,A2MC,DS,0.6201898612687095,fuse-secondary-only,
431,simulation_0179,What is the height of the entrance gate (including the frame) in meters?,A2MC,DS,2.057192078835358,fuse-fused,
432,simulation_0179,What is the length of the side of the orange tiles on the floor in meters?,A2MC,DS,0.5,fuse-disagreement,
433,simulation_0179,What is the speed of the trolley at time 1s in m/s?,A2MC,DD,1.3856093793854356,fuse-secondary-only,
434,simulation_0179,What is the speed of the trolley at time 2s in m/s?,A2MC,DD,1.3856093793854356,fuse-secondary-only,
435,simulation_0181,What is the acceleration of the box from 0s to 0.3s in m/s^2?,A2MC,DD,2.3778747378673653,fuse-secondary-only,
436,simulation_0181,What is the speed of the box at time 1s in m/s?,A2MC,DD,2.2355982621110893,fuse-fused,
437,simulation_0181,What is the speed of the box at time 1.5s in m/s?,A2MC,DD,2.2085525241944914,fuse-secondary-only,
438,simulation_0181,What is the width of the box in meters?,A2MC,DS,0.9010239808327712,fuse-fused,
439,simulation_0181,What is the height of the box in meters?,A2MC,DS,0.8103784786992674,fuse-fused,
440,simulation_0183,What is the acceleration of the box from 0s to 0.3s in m/s^2?,A2MC,DD,1.630258532905068,fuse-secondary-only,
441,simulation_0183,What is the speed of the box at time 1s in m/s?,A2MC,DD,1.9379445808051143,fuse-secondary-only,
442,simulation_0183,What is the speed of the box at time 1.5s in m/s?,A2MC,DD,1.9379445808051143,fuse-secondary-only,
443,simulation_0183,What is the length of the box in meters?,A2MC,DS,1.4334368950167826,fuse-secondary-only,
444,simulation_0183,What is the height of the box in meters?,A2MC,DS,0.9096938445896987,fuse-fused,
445,simulation_0185,What is the acceleration of the box from 0s to 0.3s in m/s^2?,A2MC,DD,2.848093622964984,fuse-secondary-only,
446,simulation_0185,What is the speed of the box at time 1s in m/s?,A2MC,DD,2.4704555861269686,fuse-secondary-only,
447,simulation_0185,What is the speed of the box at time 1.5s in m/s?,A2MC,DD,2.4704555861269686,fuse-secondary-only,
448,simulation_0185,What is the length of the box in meters?,A2MC,DS,0.42895847899282874,fuse-fused,
449,simulation_0185,What is the height of the box in meters?,A2MC,DS,0.7358217045185873,fuse-fused,
450,simulation_0187,What is the length of the truck in meters?,A2SS,DS,9.07161948347029,fuse-fused,
451,simulation_0187,What is the height of the truck in meters?,A2SS,DS,5.302179899250349,fuse-fused,
452,simulation_0187,What is the diameter of the truck's tire in meters?,A2SS,DS,1.2136160887492164,fuse-fused,
453,simulation_0187,What is the speed of the truck at time 1s in m/s?,A2SS,DD,8.978185376998841,fuse-secondary-only,
454,simulation_0187,What is the speed of the truck at time 1.5s in m/s?,A2SS,DD,8.978185376998841,fuse-secondary-only,
455,simulation_0189,What is the length of the box in meters?,V2MS,DS,0.85,fuse-primary-only,
456,simulation_0189,What is the height of the box in meters?,V2MS,DS,0.5,fuse-primary-only,
457,simulation_0189,What is the length of the truck in meters?,V2MS,DS,12.5,fuse-primary-only,
458,simulation_0189,What is the height of the truck(at time 0s) in meters?,V2MS,DS,3.5,fuse-primary-only,
459,simulation_0189,What is the diameter of the truck's tire in meters?,V2MS,DS,,none,neither arm answered
460,simulation_0190,What is the height of the truck(at time 0s) in meters?,S2MS,DS,3.406553377782409,fuse-secondary-only,
461,simulation_0190,What is the width of the truck in meters?,S2MS,DS,2.6941481740993884,fuse-secondary-only,
462,simulation_0190,What is the height of the box in meters?,S2MS,DS,0.8658997696034212,fuse-secondary-only,
463,simulation_0190,What is the speed of the box at time 1s in m/s?,S2MS,DD,0.1149524252718884,fuse-secondary-only,
464,simulation_0190,What is the speed of the box at time 2s in m/s?,S2MS,DD,0.1149524252718884,fuse-secondary-only,
465,simulation_0191,What is the width of the box in meters?,A2MS,DS,0.85,fuse-primary-only,
466,simulation_0191,What is the height of the box in meters?,A2MS,DS,,none,neither arm answered
467,simulation_0191,What is the length of the truck in meters?,A2MS,DS,12.0,fuse-primary-only,
468,simulation_0191,What is the height of the truck in meters?,A2MS,DS,,none,neither arm answered
469,simulation_0191,What is the diameter of the truck's tire in meters?,A2MS,DS,0.6,fuse-primary-only,
470,simulation_0191,What is the speed of the box at time 0.2s in m/s?,A2MS,DD,,none,neither arm answered
471,simulation_0191,What is the speed of the box at time 0.4s in m/s?,A2MS,DD,,none,neither arm answered
472,simulation_0192,What is the height of the box in meters?,A2MS,DS,,none,neither arm answered
473,simulation_0192,What is the width of the truck in meters?,A2MS,DS,,none,neither arm answered
474,simulation_0192,What is the width of the box in meters?,A2MS,DS,,none,neither arm answered
475,simulation_0192,What is the speed of the box at time 0.2s in m/s?,A2MS,DD,,none,neither arm answered
476,simulation_0192,What is the speed of the box at time 0.4s in m/s?,A2MS,DD,,none,neither arm answered
477,simulation_0193,What is the diameter of the model of Callisto(the outermost planet) in meters?,V2MC,DS,0.0001,fuse-primary-only,
478,simulation_0193,What is the diameter of the model of Jupiter (the one at the center) in meters?,V2MC,DS,0.5,fuse-primary-only,
479,simulation_0193,What is the speed of the model of Io at 1s in m/s?,V2MC,DD,1.88,fuse-primary-only,
480,simulation_0193,What is the speed of the model of Europa at 1s in m/s?,V2MC,DD,,none,neither arm answered
481,simulation_0193,What is the speed of the model of Ganymede at 1s in m/s?,V2MC,DD,,none,neither arm answered
482,simulation_0193,What is the diameter of the model of Io in meters?,V2MC,DS,3.0,fuse-primary-only,
483,simulation_0193,What is the diameter of the model of Europa in meters?,V2MC,DS,8.0,fuse-primary-only,
484,simulation_0193,What is the diameter of the model of Ganymede in meters?,V2MC,DS,0.31,fuse-primary-only,
485,simulation_0193,What is the orbital diameter of the Io model in meters?,V2MC,DS,2.0,fuse-primary-only,
486,simulation_0193,What is the orbital diameter of the Europa model in meters?,V2MC,DS,0.31,fuse-primary-only,
487,simulation_0193,What is the orbital diameter of the Ganymede model in meters?,V2MC,DS,1.0,fuse-primary-only,
488,simulation_0193,What is the orbital diameter of the Callisto model in meters?,V2MC,DS,10000000.0,fuse-primary-only,
489,simulation_0194,What is the orbital diameter of the Callisto model in meters?,V2MS,DS,125400000.0,fuse-primary-only,
490,simulation_0194,What is the diameter of the model of Callisto in meters?,V2MS,DS,0.0002,fuse-primary-only,
491,simulation_0194,What is the diameter of the model of Jupiter (the one at the center) in meters?,V2MS,DS,,none,neither arm answered
492,simulation_0196,What is the diameter of the plunge tube in meters?,V2MS,DS,,none,neither arm answered
493,simulation_0196,What is the horizontal length of the droplet in meters?,V2MS,DS,0.0003,fuse-primary-only,
494,simulation_0196,What is the horizontal length of the “skynova” text on the bottle in meters?,V2MS,DS,0.003,fuse-primary-only,
495,simulation_0196,What is the vertical height of the “skynova” lettering on the bottle in meters?,V2MS,DS,0.04,fuse-primary-only,
496,simulation_0197,What is the diameter of the plunge tube in meters?,S2MS,SS,0.0040767647092798,fuse-secondary-only,
497,simulation_0197,What is the width of the droplet in meters?,S2MS,SS,0.0013466171565976,fuse-secondary-only,
498,simulation_0197,What is the vertical height of the “skynova” lettering on the bottle in meters?,S2MS,SS,0.001063306228489,fuse-secondary-only,
499,simulation_0197,What is the diameter of the bottle's neck in meters?,S2MS,SS,0.0026728516276969,fuse-secondary-only,
500,simulation_0197,What is the diameter of the bottle's body in meters?,S2MS,SS,0.0026706962173487,fuse-secondary-only,
501,simulation_0197,What is the speed of the bubble at time 0.5s in m/s?,S2MS,SD,1.6243095332372948e-06,fuse-secondary-only,
502,simulation_0197,What is the speed of the bubble at time 0.8s in m/s?,S2MS,SD,1.6243095332372948e-06,fuse-secondary-only,
503,simulation_0197,What is the speed of the bubble at time 1s in m/s?,S2MS,SD,1.6243095332372948e-06,fuse-secondary-only,
504,simulation_0198,What is the height of the droplet in meters?,A2MC,DS,0.05,fuse-disagreement,
505,simulation_0198,What is the horizontal length of the droplet in meters?,A2MC,DS,0.004731361444454292,fuse-fused,
506,simulation_0198,What is the diameter of the bottle's neck in meters?,A2MC,DS,0.0407413388126468,fuse-secondary-only,
507,simulation_0198,What is the diameter of the bottle's body in meters?,A2MC,DS,0.04337987732489863,fuse-fused,
508,simulation_0198,What is the horizontal length of the “skynova” text on the bottle in meters?,A2MC,DS,0.023535304415701647,fuse-fused,
509,simulation_0198,What is the vertical height of the “skynova” lettering on the bottle in meters?,A2MC,DS,0.06637159858344142,fuse-fused,
510,simulation_0198,What is the speed of the droplet at time 0.2s in m/s?,A2MC,DD,0.0910468226005897,fuse-secondary-only,
511,simulation_0198,What is the speed of the droplet at time 0.05s in m/s?,A2MC,DD,0.0910468226005897,fuse-secondary-only,
512,simulation_0198,What is the speed of the droplet at time 0.1s in m/s?,A2MC,DD,0.0910468226005897,fuse-secondary-only,
513,simulation_0199,What is the height of the droplet in meters?,A2MS,DS,0.05,fuse-disagreement,
514,simulation_0199,What is the horizontal length of the droplet in meters?,A2MS,DS,0.004830678924876218,fuse-fused,
515,simulation_0199,What is the diameter of the bottle's neck in meters?,A2MS,DS,0.0283276506817082,fuse-secondary-only,
516,simulation_0199,What is the diameter of the bottle's body in meters?,A2MS,DS,0.03357100264549822,fuse-fused,
517,simulation_0199,What is the horizontal width of the “skynova” text on the bottle in meters?,A2MS,DS,0.0187908938237717,fuse-fused,
518,simulation_0199,What is the vertical height of the “skynova” lettering on the bottle in meters?,A2MS,DS,0.04396904448642373,fuse-fused,
519,simulation_0199,What is the speed of the droplet at time 0.2s in m/s?,A2MS,DD,0.1492311010400214,fuse-secondary-only,
520,simulation_0199,What is the speed of the droplet at time 0.05s in m/s?,A2MS,DD,0.1492311010400214,fuse-secondary-only,
521,simulation_0199,What is the speed of the droplet at time 0.1s in m/s?,A2MS,DD,0.1492311010400214,fuse-secondary-only,
522,simulation_0200,What is the height of the droplet in meters?,A2MS,DS,0.0045188778645836,fuse-secondary-only,
523,simulation_0200,What is the horizontal length of the droplet in meters?,A2MS,DS,0.0035385914279410674,fuse-fused,
524,simulation_0200,What is the diameter of the bottle's neck in meters?,A2MS,DS,0.0358384812275015,fuse-secondary-only,
525,simulation_0200,What is the diameter of the bottle's body in meters?,A2MS,DS,0.0358160692489028,fuse-secondary-only,
526,simulation_0200,What is the vertical height of the “skynova” lettering on the bottle in meters?,A2MS,DS,0.04076701213177951,fuse-fused,
527,simulation_0200,What is the speed of the droplet at time 0.2s in m/s?,A2MS,DD,0.1995324445808256,fuse-secondary-only,
528,simulation_0200,What is the speed of the droplet at time 0.05s in m/s?,A2MS,DD,0.1995324445808256,fuse-secondary-only,
529,simulation_0200,What is the speed of the droplet at time 0.1s in m/s?,A2MS,DD,0.1995324445808256,fuse-secondary-only,
530,simulation_0203,What is the length of the table in meters?,A2MC,DS,1.5,fuse-disagreement,
531,simulation_0203,What is the length of the typewriter in meters?,A2MC,DS,7.705014108044678,fuse-secondary-only,
532,simulation_0203,What is the height of the typewriter in meters?,A2MC,DS,4.475952003957865,fuse-secondary-only,
533,simulation_0203,What is the width of the paper next to the magnifying glass in meters?,A2MC,DS,3.685973455383537,fuse-secondary-only,
534,simulation_0203,What is the length of the letter placed under the gun in meters?,A2MC,DS,5.742897882162601,fuse-secondary-only,
535,simulation_0203,What is the speed of the magnifying glass at time 0.125s in m/s?,A2MC,DD,0.0281511389240544,fuse-secondary-only,
536,simulation_0203,What is the speed of the magnifying glass at time 0.25s in m/s?,A2MC,DD,0.0281511389240544,fuse-secondary-only,
537,simulation_0203,What is the speed of the magnifying glass at time 0.333s in m/s?,A2MC,DD,0.0281511389240544,fuse-secondary-only,
538,simulation_0204,What is the length of the table in meters?,A2MS,DS,30.422313571781498,fuse-secondary-only,
539,simulation_0204,What is the length of the typewriter in meters?,A2MS,DS,4.6322892226056815,fuse-secondary-only,
540,simulation_0204,What is the height of the typewriter in meters?,A2MS,DS,2.6245571829665373,fuse-secondary-only,
541,simulation_0204,What is the length of the letter placed under the gun in meters?,A2MS,DS,0.02,fuse-disagreement,
542,simulation_0204,What is the speed of the magnifying glass at time 0.125s in m/s?,A2MS,DD,2.056283789255244,fuse-secondary-only,
543,simulation_0204,What is the speed of the magnifying glass at time 0.25s in m/s?,A2MS,DD,2.056283789255244,fuse-secondary-only,
544,simulation_0204,What is the speed of the magnifying glass at time 0.333s in m/s?,A2MS,DD,2.056283789255244,fuse-secondary-only,
545,simulation_0207,What is the length of the table in meters?,A2MC,DS,1.2,fuse-disagreement,
546,simulation_0207,What is the length of the typewriter in meters?,A2MC,DS,4.859040162406227,fuse-secondary-only,
547,simulation_0207,What is the height of the typewriter in meters?,A2MC,DS,2.677821630625417,fuse-secondary-only,
548,simulation_0207,What is the width of the paper next to the typewriter in meters?,A2MC,DS,2.378977360612813,fuse-secondary-only,
549,simulation_0207,What is the length of the letter placed under the gun in meters?,A2MC,DS,0.12,fuse-disagreement,
550,simulation_0207,What is the speed of the typewriter at time 0.125s in m/s?,A2MC,DD,0.9550833351951492,fuse-secondary-only,
551,simulation_0207,What is the speed of the typewriter at time 0.25s in m/s?,A2MC,DD,0.9550833351951492,fuse-secondary-only,
552,simulation_0207,What is the speed of the typewriter at time 0.333s in m/s?,A2MC,DD,0.9550833351951492,fuse-secondary-only,
553,simulation_0208,What is the length of the table in meters?,A2MS,DS,6.111995134737476,fuse-secondary-only,
554,simulation_0208,What is the length of the typewriter in meters?,A2MS,DS,0.9565470915953884,fuse-secondary-only,
555,simulation_0208,What is the height of the typewriter in meters?,A2MS,DS,0.5495333661079955,fuse-secondary-only,
556,simulation_0208,What is the length of the letter placed under the gun in meters?,A2MS,DS,0.05,fuse-disagreement,
557,simulation_0208,What is the speed of the typewriter at time 0.125s in m/s?,A2MS,DD,0.9557073015226552,fuse-secondary-only,
558,simulation_0208,What is the speed of the typewriter at time 0.25s in m/s?,A2MS,DD,0.9557073015226552,fuse-secondary-only,
559,simulation_0208,What is the speed of the typewriter at time 0.333s in m/s?,A2MS,DD,0.9557073015226552,fuse-secondary-only,
560,simulation_0210,What is the length of the black cat (including its tail) in meters?,V2MS,DS,0.6654607952127947,fuse-secondary-only,
561,simulation_0210,What is the height of the black cat (including its tail) in meters?,V2MS,DS,0.48479441793073136,fuse-fused,
562,simulation_0210,What is the length of the wooden bench in meters?,V2MS,DS,1.0155849326129034,fuse-secondary-only,
563,simulation_0210,What is the height of the wooden bench in meters?,V2MS,DS,0.4797299166235524,fuse-secondary-only,
564,simulation_0210,What is the height of the lampshade of the table lamp in meters?,V2MS,DS,0.2618984046641443,fuse-secondary-only,
565,simulation_0210,What is the diameter of the lampshade of the table lamp in meters?,V2MS,DS,0.3696897221549178,fuse-secondary-only,
566,simulation_0210,What is the height of the table lamp in meters?,V2MS,DS,0.6422456906355698,fuse-fused,
567,simulation_0210,What is the height of the vase in meters?,V2MS,DS,0.4660978876256066,fuse-secondary-only,
568,simulation_0210,What is the height of the floor mirror in meters?,V2MS,DS,1.2511614490351826,fuse-secondary-only,
569,simulation_0210,What is the width of the floor mirror in meters?,V2MS,DS,0.5707827227156237,fuse-secondary-only,
570,simulation_0213,What is the length of the black cat (including its tail) in meters?,V2MC,DS,0.5655409508234375,fuse-fused,
571,simulation_0213,What is the height of the black cat (including its tail) in meters?,V2MC,DS,0.48378015391560697,fuse-fused,
572,simulation_0213,What is the length of the wooden bench in meters?,V2MC,DS,0.7965637000817135,fuse-fused,
573,simulation_0213,What is the height of the wooden bench in meters?,V2MC,DS,0.4250431784444604,fuse-secondary-only,
574,simulation_0213,What is the height of the lampshade of the table lamp in meters?,V2MC,DS,0.2719540252361265,fuse-fused,
575,simulation_0213,What is the diameter of the lampshade of the table lamp in meters?,V2MC,DS,0.3262494170225793,fuse-secondary-only,
576,simulation_0213,What is the height of the table lamp in meters?,V2MC,DS,0.564336336502745,fuse-secondary-only,
577,simulation_0213,What is the height of the vase in meters?,V2MC,DS,0.3923458130294616,fuse-fused,
578,simulation_0213,What is the height of the floor mirror in meters?,V2MC,DS,1.1005940396816845,fuse-secondary-only,
579,simulation_0213,What is the width of the floor mirror in meters?,V2MC,DS,0.5037597981108591,fuse-secondary-only,
580,simulation_0213,What is the speed of the dog at time 1s in m/s?,V2MC,DD,1.158395293228789,fuse-secondary-only,
581,simulation_0213,What is the speed of the dog at time 1.5s in m/s?,V2MC,DD,1.158395293228789,fuse-secondary-only,
582,simulation_0213,What is the length of the dog (including its tail) in meters?,V2MC,DS,0.7539947380239881,fuse-fused,
583,simulation_0213,What is the height of the dog (including its tail) in meters?,V2MC,DS,0.4368240006873385,fuse-secondary-only,
584,simulation_0214,What is the length of the black cat (including its tail) in meters?,V2MC,DS,0.6303055470585051,fuse-fused,
585,simulation_0214,What is the length of the wooden bench in meters?,V2MC,DS,3.2191050208739416,fuse-secondary-only,
586,simulation_0214,What is the width of the wooden bench in meters?,V2MC,DS,3.2191050208739416,fuse-secondary-only,
587,simulation_0214,What is the length of the TV stand in meters?,V2MC,DS,1.5136566079746518,fuse-fused,
588,simulation_0214,What is the width of the TV stand in meters?,V2MC,DS,2.045159186850328,fuse-secondary-only,
589,simulation_0214,What is the diameter of the lampshade of the table lamp in meters?,V2MC,DS,0.5766780790037347,fuse-secondary-only,
590,simulation_0214,What is the width of the floor mirror in meters?,V2MC,DS,0.85,fuse-disagreement,
591,simulation_0214,What is the speed of the dog at time 1s in m/s?,V2MC,DD,0.3538021419077437,fuse-fused,
592,simulation_0214,What is the speed of the dog at time 1.5s in m/s?,V2MC,DD,0.3538021419077437,fuse-fused,
593,simulation_0214,What is the length of the dog (including its tail) in meters?,V2MC,DS,0.765646684675134,fuse-fused,
594,simulation_0214,What is the diameter of the white fur carpet in meters?,V2MC,DS,1.6970545573346074,fuse-secondary-only,
595,simulation_0214,What is the length of the white sofa in meters?,V2MC,DS,2.8278541943915236,fuse-fused,
596,simulation_0214,What is the width of the white sofa in meters?,V2MC,DS,2.7867642049751042,fuse-fused,
597,simulation_0215,What is the length of the black cat (including its tail) in meters?,V2MC,DS,0.7131458990952524,fuse-secondary-only,
598,simulation_0215,What is the length of the wooden bench in meters?,V2MC,DS,2.0728103293826075,fuse-fused,
599,simulation_0215,What is the width of the wooden bench in meters?,V2MC,DS,3.204594785542956,fuse-secondary-only,
600,simulation_0215,What is the length of the TV stand in meters?,V2MC,DS,1.511418858830667,fuse-fused,
601,simulation_0215,What is the width of the TV stand in meters?,V2MC,DS,2.040841258085312,fuse-secondary-only,
602,simulation_0215,What is the diameter of the lampshade of the table lamp in meters?,V2MC,DS,0.5739186619065038,fuse-secondary-only,
603,simulation_0215,What is the diameter of the vase in meters?,V2MC,DS,2.4836024652882407,fuse-secondary-only,
604,simulation_0215,What is the width of the floor mirror in meters?,V2MC,DS,3.6083041967122145,fuse-fused,
605,simulation_0215,What is the diameter of the white fur carpet in meters?,V2MC,DS,1.6935662076470388,fuse-secondary-only,
606,simulation_0215,What is the length of the white sofa in meters?,V2MC,DS,3.201871287495032,fuse-secondary-only,
607,simulation_0215,What is the width of the white sofa in meters?,V2MC,DS,3.201871287495032,fuse-secondary-only,
608,simulation_0216,What is the length of the black cat (including its tail) in meters?,V2MC,DS,0.6672376659191525,fuse-secondary-only,
609,simulation_0216,What is the height of the black cat (including its tail) in meters?,V2MC,DS,0.48984128934596594,fuse-fused,
610,simulation_0216,What is the length of the wooden bench in meters?,V2MC,DS,1.0529114922047362,fuse-secondary-only,
611,simulation_0216,What is the height of the wooden bench in meters?,V2MC,DS,0.5022708720363029,fuse-secondary-only,
612,simulation_0216,What is the height of the lampshade of the table lamp in meters?,V2MC,DS,0.2667183633064021,fuse-secondary-only,
613,simulation_0216,What is the diameter of the lampshade of the table lamp in meters?,V2MC,DS,0.374687135518345,fuse-secondary-only,
614,simulation_0216,What is the height of the table lamp in meters?,V2MC,DS,0.6555889887156734,fuse-secondary-only,
615,simulation_0216,What is the height of the vase in meters?,V2MC,DS,0.3949469045493748,fuse-fused,
616,simulation_0216,What is the height of the floor mirror in meters?,V2MC,DS,1.2908837049422284,fuse-secondary-only,
617,simulation_0216,What is the length of the floor mirror in meters?,V2MC,DS,1.4450016328351445,fuse-fused,
618,simulation_0216,What is the length of the TV in meters?,V2MC,DS,0.9047642903023241,fuse-fused,
619,simulation_0216,What is the height of the TV in meters?,V2MC,DS,0.6051965371480483,fuse-fused,
620,simulation_0216,What is the length of the TV stand in meters?,V2MC,DS,1.5630501937326022,fuse-fused,
621,simulation_0216,What is the height of the TV stand in meters?,V2MC,DS,0.5228119741074138,fuse-secondary-only,
622,simulation_0217,What is the length of the black cat (including its tail) in meters?,V2MC,DS,0.6434910648599228,fuse-fused,
623,simulation_0217,What is the length of the TV in meters?,V2MC,DS,0.6,fuse-disagreement,
624,simulation_0217,What is the length of the wooden bench in meters?,V2MC,DS,2.3936355855586537,fuse-fused,
625,simulation_0217,What is the width of the wooden bench in meters?,V2MC,DS,2.078844658764213,fuse-fused,
626,simulation_0217,What is the width of the TV stand in meters?,V2MC,DS,3.225801390816905,fuse-secondary-only,
627,simulation_0217,What is the diameter of the lampshade of the table lamp in meters?,V2MC,DS,0.5811469950588266,fuse-secondary-only,
628,simulation_0217,What is the diameter of the vase in meters?,V2MC,DS,2.5004392143193246,fuse-secondary-only,
629,simulation_0217,What is the width of the floor mirror in meters?,V2MC,DS,6.031738885808873,fuse-secondary-only,
630,simulation_0217,What is the speed of the dog at time 1s in m/s?,V2MC,DD,1.2232643052155343,fuse-fused,
631,simulation_0217,What is the speed of the dog at time 1.5s in m/s?,V2MC,DD,1.2607616258217298,fuse-fused,
632,simulation_0217,What is the length of the dog (including its tail) in meters?,V2MC,DS,0.7515327591425904,fuse-fused,
633,simulation_0217,What is the diameter of the white fur carpet in meters?,V2MC,DS,1.715077441937896,fuse-secondary-only,
634,simulation_0217,What is the length of the white sofa in meters?,V2MC,DS,3.2384755297797905,fuse-secondary-only,
635,simulation_0217,What is the width of the white sofa in meters?,V2MC,DS,3.2384755297797905,fuse-secondary-only,
636,simulation_0218,What is the length of the big robot in meters?,V2MC,DS,2.9790942616430502,fuse-secondary-only,
637,simulation_0218,What is the height of the big robot in meters?,V2MC,DS,2.2678448783313754,fuse-fused,
638,simulation_0218,What is the length in meters of the long side of a marked parking space on the ground?,V2MC,DS,1.5,fuse-disagreement,
639,simulation_0218,What is the outer diameter of the robot's tires in meters?,V2MC,DS,0.3708550664009774,fuse-fused,
640,simulation_0219,What is the length of the big robot in meters?,V2MC,DS,2.980260659321191,fuse-secondary-only,
641,simulation_0219,What is the height of the big robot in meters?,V2MC,DS,2.5618855641137603,fuse-fused,
642,simulation_0219,What is the length in meters of the long side of a marked parking space on the ground?,V2MC,DS,6.850626519551181,fuse-fused,
643,simulation_0219,What is the outer diameter of the robot's tires in meters?,V2MC,DS,0.3823582710363821,fuse-secondary-only,
644,simulation_0219,What is the speed of the small robot at 1s in m/s?,V2MC,DD,2.488117969549243,fuse-secondary-only,
645,simulation_0219,What is the height of the small robot in meters?,V2MC,DS,1.49788079361764,fuse-secondary-only,
646,simulation_0220,What is the length in meters of the long side of a marked parking space on the ground?,V2MC,DS,7.908911933042503,fuse-secondary-only,
647,simulation_0220,What is the height of the small robot in meters?,V2MC,DS,0.9646841967482715,fuse-fused,
648,simulation_0221,What is the length of the wooden bench in meters?,S2MC,SS,,none,neither arm answered
649,simulation_0221,What is the width of the wooden bench in meters?,S2MC,SS,,none,neither arm answered
650,simulation_0221,What is the length of the TV stand in meters?,S2MC,SS,,none,neither arm answered
651,simulation_0221,What is the width of the TV stand in meters?,S2MC,SS,,none,neither arm answered
652,simulation_0221,What is the diameter of the lampshade of the table lamp in meters?,S2MC,SS,,none,neither arm answered
653,simulation_0221,What is the diameter of the vase in meters?,S2MC,SS,,none,neither arm answered
654,simulation_0221,What is the width of the floor mirror in meters?,S2MC,SS,,none,neither arm answered
655,simulation_0221,What is the diameter of the white fur carpet in meters?,S2MC,SS,,none,neither arm answered
656,simulation_0221,What is the length of the white sofa in meters?,S2MC,SS,,none,neither arm answered
657,simulation_0221,What is the width of the white sofa in meters?,S2MC,SS,,none,neither arm answered
658,simulation_0221,What is the speed of the vacuum cleaner at time 0.5s in m/s?,S2MC,SD,0.5,fuse-primary-only,
659,simulation_0221,What is the acceleration of the vacuum cleaner at time 0.5s in m/s^2?,S2MC,SD,,none,neither arm answered
660,simulation_0221,What is the speed of the vacuum cleaner at time 1s in m/s?,S2MC,SD,0.5,fuse-primary-only,
661,simulation_0221,What is the acceleration of the vacuum cleaner at time 1s in m/s^2?,S2MC,SD,,none,neither arm answered
662,simulation_0221,What is the speed of the vacuum cleaner at time 2s in m/s?,S2MC,SD,0.3,fuse-primary-only,
663,simulation_0221,What is the acceleration of the vacuum cleaner at time 2s in m/s^2?,S2MC,SD,,none,neither arm answered
664,simulation_0222,What is the length of the wooden bench in meters?,S2MS,SS,,none,neither arm answered
665,simulation_0222,What is the width of the wooden bench in meters?,S2MS,SS,,none,neither arm answered
666,simulation_0222,What is the length of the TV stand in meters?,S2MS,SS,,none,neither arm answered
667,simulation_0222,What is the width of the TV stand in meters?,S2MS,SS,,none,neither arm answered
668,simulation_0222,What is the diameter of the lampshade of the table lamp in meters?,S2MS,SS,,none,neither arm answered
669,simulation_0222,What is the diameter of the vase in meters?,S2MS,SS,,none,neither arm answered
670,simulation_0222,What is the width of the floor mirror in meters?,S2MS,SS,,none,neither arm answered
671,simulation_0222,What is the diameter of the white fur carpet in meters?,S2MS,SS,,none,neither arm answered
672,simulation_0222,What is the length of the white sofa in meters?,S2MS,SS,,none,neither arm answered
673,simulation_0222,What is the width of the white sofa in meters?,S2MS,SS,,none,neither arm answered
674,simulation_0222,What is the speed of the vacuum cleaner at time 0.5s in m/s?,S2MS,SD,,none,neither arm answered
675,simulation_0222,What is the acceleration of the vacuum cleaner at time 0.5s in m/s^2?,S2MS,SD,0.5,fuse-primary-only,
676,simulation_0222,What is the speed of the vacuum cleaner at time 1s in m/s?,S2MS,SD,,none,neither arm answered
677,simulation_0222,What is the acceleration of the vacuum cleaner at time 1s in m/s^2?,S2MS,SD,0.5,fuse-primary-only,
678,simulation_0222,What is the speed of the vacuum cleaner at time 2s in m/s?,S2MS,SD,,none,neither arm answered
679,simulation_0222,What is the acceleration of the vacuum cleaner at time 2s in m/s^2?,S2MS,SD,0.01,fuse-primary-only,
680,simulation_0223,What is the length(horizontal) of the chinese chess board in meters?,S2MC,SS,0.1024345550566508,fuse-secondary-only,
681,simulation_0223,What is the width(vertical) of the chinese chess board in meters?,S2MC,SS,0.1024345550566508,fuse-secondary-only,
682,simulation_0223,What is the speed of the moving red general chess at time 0.5s in m/s?,S2MC,SD,3.6188301459794607e-05,fuse-secondary-only,
683,simulation_0223,What is the acceleration of the moving red general chess at time 0.5s in m/s^2?,S2MC,SD,0.01,fuse-disagreement,
684,simulation_0223,What is the speed of the moving red general chess at time 1s in m/s?,S2MC,SD,3.6188301459794607e-05,fuse-secondary-only,
685,simulation_0223,What is the acceleration of the moving red general chess at time 1s in m/s^2?,S2MC,SD,0.01,fuse-disagreement,
686,simulation_0223,What is the speed of the moving red general chess at time 1.5s in m/s?,S2MC,SD,3.6188301459794607e-05,fuse-secondary-only,
687,simulation_0223,What is the acceleration of the moving red general chess at time 1.5s in m/s^2?,S2MC,SD,0.01,fuse-disagreement,
688,simulation_0224,What is the length of the chinese chess board in meters?,S2MC,SS,0.1214730171169917,fuse-secondary-only,
689,simulation_0224,What is the speed of the moving chess at time 0.5s in m/s?,S2MC,SD,0.0001004419348652,fuse-secondary-only,
690,simulation_0224,What is the acceleration of the moving chess at time 0.5s in m/s^2?,S2MC,SD,0.01,fuse-disagreement,
691,simulation_0224,What is the speed of the moving chess at time 1s in m/s?,S2MC,SD,0.0001004419348652,fuse-secondary-only,
692,simulation_0224,What is the acceleration of the moving chess at time 1s in m/s^2?,S2MC,SD,0.000449155827769,fuse-secondary-only,
693,simulation_0224,What is the speed of the moving chess at time 1.5s in m/s?,S2MC,SD,0.0001004419348652,fuse-secondary-only,
694,simulation_0224,What is the acceleration of the moving chess at time 1.5s in m/s^2?,S2MC,SD,0.000449155827769,fuse-secondary-only,
695,simulation_0225,What is the length of the black cat (including its tail) in meters?,V2MC,DS,0.905682460326055,fuse-secondary-only,
696,simulation_0225,What is the height of the black cat (including its tail) in meters?,V2MC,DS,0.6617681301428163,fuse-secondary-only,
697,simulation_0225,What is the width of the beach chair in meters?,V2MC,DS,1.779690524411599,fuse-secondary-only,
698,simulation_0225,What is the width of the pool tiles (horizontal side) in meters?,V2MC,DS,15.221827842699277,fuse-secondary-only,
699,simulation_0226,What is the length of the black cat (including its tail) in meters?,V2MC,DS,0.8938021386515879,fuse-secondary-only,
700,simulation_0226,What is the width of the beach chair in meters?,V2MC,DS,1.3126442628590516,fuse-fused,
701,simulation_0226,What is the width of the pool tiles (horizontal side) in meters?,V2MC,DS,15.249238695406452,fuse-secondary-only,
702,simulation_0227,What is the length of the black cat (including its tail) in meters?,V2MC,DS,0.8713789621626924,fuse-secondary-only,
703,simulation_0227,What is the height of the black cat (including its tail) in meters?,V2MC,DS,0.5606098901978348,fuse-fused,
704,simulation_0227,What is the width of the beach chair in meters?,V2MC,DS,1.7654954502526818,fuse-secondary-only,
705,simulation_0227,What is the width of the pool tiles (horizontal side) in meters?,V2MC,DS,15.090067730753985,fuse-secondary-only,
706,simulation_0227,What is the length of the swimming ring in meters?,V2MC,DS,1.2830280629252364,fuse-secondary-only,
707,simulation_0227,What is the height of the swimming ring in meters?,V2MC,DS,1.0182928985182385,fuse-fused,
708,simulation_0227,What is the speed of the swimming ring at time 0.5s in m/s?,V2MC,DD,2.45760862031622,fuse-secondary-only,
709,simulation_0228,What is the length of the black cat (including its tail) in meters?,V2MC,DS,0.7499699452071046,fuse-fused,
710,simulation_0228,What is the width of the beach chair in meters?,V2MC,DS,1.7410857804394997,fuse-secondary-only,
711,simulation_0228,What is the width of the paving stones in meters?,V2MC,DS,15.094518404475766,fuse-secondary-only,
712,simulation_0228,What is the length of the swimming ring in meters?,V2MC,DS,1.0158045081898173,fuse-fused,
713,simulation_0228,What is the speed of the swimming ring at time 0.5s in m/s?,V2MC,DD,2.186791386078453,fuse-secondary-only,
714,simulation_0229,What is the diameter of the clock in meters?,S2MC,SS,0.4136169140110197,fuse-secondary-only,
715,simulation_0229,What is the height of the chalkboard in meters?,S2MC,SS,1.6440147310081137,fuse-secondary-only,
716,simulation_0229,What is the width of the orange chair next to the blackboard in meters?,S2MC,SS,1.136674957314024,fuse-secondary-only,
717,simulation_0229,What is the length of the teacher's table in meters?,S2MC,SS,0.7146330324559178,fuse-secondary-only,
718,simulation_0229,What is the ceiling height of the room in meters?,S2MC,SS,3.607968958468922,fuse-fused,
719,simulation_0229,What is the speed of the paper airplane at time 1s in m/s?,S2MC,SD,4.503758580306537,fuse-fused,
720,simulation_0229,What is the acceleration of the paper airplane at time 1s in m/s^2?,S2MC,SD,8.018037141605234,fuse-secondary-only,
721,simulation_0229,What is the speed of the paper airplane at time 1.25s in m/s?,S2MC,SD,5.796061699099162,fuse-secondary-only,
722,simulation_0229,What is the acceleration of the paper airplane at time 1.25s in m/s^2?,S2MC,SD,8.018037141605234,fuse-secondary-only,
723,simulation_0230,What is the diameter of the clock in meters?,S2MC,SS,0.3756336929127816,fuse-fused,
724,simulation_0230,What is the height of the chalkboard in meters?,S2MC,SS,1.634604497729494,fuse-secondary-only,
725,simulation_0230,What is the width of the orange chair next to the blackboard in meters?,S2MC,SS,1.1362605165769906,fuse-secondary-only,
726,simulation_0230,What is the length of the teacher's table in meters?,S2MC,SS,0.7171950455638174,fuse-secondary-only,
727,simulation_0230,What is the ceiling height of the room in meters?,S2MC,SS,3.7727437674271784,fuse-fused,
728,simulation_0230,What is the speed of the paper airplane at time 1s in m/s?,S2MC,SD,4.661553851204861,fuse-fused,
729,simulation_0230,What is the acceleration of the paper airplane at time 1s in m/s^2?,S2MC,SD,1.5,fuse-disagreement,
730,simulation_0230,What is the speed of the paper airplane at time 1.25s in m/s?,S2MC,SD,6.088329483370223,fuse-secondary-only,
731,simulation_0230,What is the acceleration of the paper airplane at time 1.25s in m/s^2?,S2MC,SD,1.5,fuse-disagreement,
732,simulation_0230,What is the length of the black cat (including its tail) in meters?,S2MC,SS,0.747315646196713,fuse-secondary-only,
733,simulation_0230,What is the height of the black cat (including its tail) in meters?,S2MC,SS,0.5216189327022,fuse-secondary-only,
734,simulation_0230,What is the average speed of the black cat from the beginning to the end in m/s?,S2MC,SD,1.0905245648883792,fuse-secondary-only,
735,simulation_0231,What is the height of the chalkboard in meters?,V2MC,DS,1.3111118533138437,fuse-fused,
736,simulation_0231,What is the width of the orange chair next to the blackboard in meters?,V2MC,DS,0.8275209857882716,fuse-fused,
737,simulation_0231,What is the length of the teacher's table in meters?,V2MC,DS,2.4066935259484548,fuse-secondary-only,
738,simulation_0231,What is the ceiling height of the room in meters?,V2MC,DS,3.3502198447063067,fuse-fused,
739,simulation_0231,What is the speed of the paper airplane at time 1s in m/s?,V2MC,DD,3.057909305251765,fuse-fused,
740,simulation_0231,What is the acceleration of the paper airplane at time 1s in m/s^2?,V2MC,DD,11.42580111616001,fuse-secondary-only,
741,simulation_0231,What is the speed of the paper airplane at time 1.25s in m/s?,V2MC,DD,0.71,fuse-disagreement,
742,simulation_0231,What is the acceleration of the paper airplane at time 1.25s in m/s^2?,V2MC,DD,11.42580111616001,fuse-secondary-only,
743,simulation_0231,What is the length of the black cat (including its tail) in meters?,V2MC,DS,0.6435013895857593,fuse-secondary-only,
744,simulation_0231,What is the height of the black cat (including its tail) in meters?,V2MC,DS,0.4851097792878587,fuse-secondary-only,
745,simulation_0231,What is the length of the chalkboard in meters?,V2MC,DS,4.196341579099605,fuse-fused,
746,simulation_0231,What is the diameter of the clock in meters?,V2MC,DS,0.3511664282530478,fuse-fused,
747,simulation_0232,What is the width of the chair next to the blackboard in meters?,V2MS,DS,1.0040050115008723,fuse-secondary-only,
748,simulation_0232,What is the length of the teacher's table in meters?,V2MS,DS,1.8306612820290182,fuse-fused,
749,simulation_0232,What is the ceiling height of the room in meters?,V2MS,DS,3.3448434925293213,fuse-fused,
750,simulation_0232,What is the speed of the paper airplane at time 1s in m/s?,V2MS,DD,0.7108501050591953,fuse-fused,
751,simulation_0232,What is the acceleration of the paper airplane at time 1s in m/s^2?,V2MS,DD,0.1166127803673236,fuse-secondary-only,
752,simulation_0232,What is the speed of the paper airplane at time 1.25s in m/s?,V2MS,DD,0.7108501050591953,fuse-fused,
753,simulation_0232,What is the acceleration of the paper airplane at time 1.25s in m/s^2?,V2MS,DD,0.1166127803673236,fuse-secondary-only,
754,simulation_0232,What is the length of the black cat (including its tail) in meters?,V2MS,DS,0.614984730648175,fuse-fused,
755,simulation_0232,What is the height of the black cat (including its tail) in meters?,V2MS,DS,0.4201843969940977,fuse-fused,
756,simulation_0232,What is the diameter of the clock in meters?,V2MS,DS,0.3500057171115384,fuse-fused,
757,simulation_0233,What is the length of the black cat (including its tail) in meters?,V2MC,DS,0.6580676119512303,fuse-fused,
758,simulation_0233,What is the width of the chair in meters?,V2MC,DS,0.7490506347006679,fuse-secondary-only,
759,simulation_0233,What is the length of the chair in meters?,V2MC,DS,0.7490506347006679,fuse-secondary-only,
760,simulation_0234,What is the length of the white basketball backboard in meters?,S2MC,SS,1.3694808939888927,fuse-secondary-only,
761,simulation_0234,What is the height of the white basketball backboard in meters?,S2MC,SS,0.8228637752901179,fuse-secondary-only,
762,simulation_0234,What is the height of the green section on the wall in meters?,S2MC,SS,0.141,fuse-disagreement,
763,simulation_0234,What is the speed of the basketball at time 0.5s in m/s?,S2MC,SD,0.0277370165110436,fuse-secondary-only,
764,simulation_0234,What is the acceleration of the basketball at time 0.5s in m/s^2?,S2MC,SD,9.35224252091372,fuse-secondary-only,
765,simulation_0234,What is the speed of the basketball at time 1.5s in m/s?,S2MC,SD,0.0277370165110436,fuse-secondary-only,
766,simulation_0234,What is the acceleration of the basketball at time 1.5s in m/s^2?,S2MC,SD,9.35224252091372,fuse-secondary-only,
767,simulation_0235,What is the height of the trophy next to the basketball in meters?,S2MS,SS,1.1704433174364712,fuse-secondary-only,
768,simulation_0235,What is the length of each small pane of the window in meters?,S2MS,SS,0.5637477373018354,fuse-secondary-only,
769,simulation_0235,What is the height of each small pane of the window in meters?,S2MS,SS,0.4241959771360777,fuse-secondary-only,
770,simulation_0235,What is the height of the green section on the wall in meters?,S2MS,SS,1.5904923282042196,fuse-fused,
771,simulation_0235,What is the speed of the basketball at time 0.5s in m/s?,S2MS,SD,0.0302374998552492,fuse-secondary-only,
772,simulation_0235,What is the acceleration of the basketball at time 0.5s in m/s^2?,S2MS,SD,9.301708503846069,fuse-secondary-only,
773,simulation_0235,What is the speed of the basketball at time 1.5s in m/s?,S2MS,SD,0.0302374998552492,fuse-secondary-only,
774,simulation_0235,What is the acceleration of the basketball at time 1.5s in m/s^2?,S2MS,SD,9.301708503846069,fuse-secondary-only,
775,simulation_0236,What is the height of the brown horse in meters?,V2MC,DS,2.0858300905976788,fuse-fused,
776,simulation_0236,What is the length of the brown horse in meters?,V2MC,DS,2.625130735187376,fuse-fused,
777,simulation_0236,What is the height of the house in meters?,V2MC,DS,11.629626602295172,fuse-secondary-only,
778,simulation_0236,What is the width of the house in meters?,V2MC,DS,10.596078954187783,fuse-secondary-only,
779,simulation_0236,What is the height of each glass window in meters?,V2MC,DS,1.6151539187460606,fuse-secondary-only,
780,simulation_0236,What is the width of each glass window in meters?,V2MC,DS,1.027308530949944,fuse-secondary-only,
781,simulation_0237,What is the length of the brown horse in meters?,V2MC,DS,0.3626061879078742,fuse-secondary-only,
782,simulation_0237,What is the width of the house in meters?,V2MC,DS,10.5,fuse-disagreement,
783,simulation_0237,What is the length of the house in meters?,V2MC,DS,10.3,fuse-disagreement,
784,simulation_0238,What is the height of the brown horse in meters?,V2MC,DS,0.8998670964457808,fuse-fused,
785,simulation_0238,What is the length of the brown horse in meters?,V2MC,DS,0.7998055455234027,fuse-secondary-only,
786,simulation_0238,What is the height of the house in meters?,V2MC,DS,3.4854023517989554,fuse-secondary-only,
787,simulation_0238,What is the width of the house in meters?,V2MC,DS,3.1657925044258386,fuse-secondary-only,
788,simulation_0238,What is the height of each glass window in meters?,V2MC,DS,0.7076863554156264,fuse-fused,
789,simulation_0238,What is the width of each glass window in meters?,V2MC,DS,0.3786221399162599,fuse-fused,
790,simulation_0238,What is the speed of the horse in the front in m/s?,V2MC,DD,0.874,fuse-secondary-only,
791,simulation_0238,What is the height of the horse in the front in meters?,V2MC,DS,0.7535628580128786,fuse-secondary-only,
792,simulation_0238,What is the length of the horse in the front in meters?,V2MC,DS,0.9877515105403648,fuse-secondary-only,
793,simulation_0239,What is the length of the horse at the back in meters?,V2MC,DS,0.6387894673196753,fuse-secondary-only,
794,simulation_0239,What is the width of the house in meters?,V2MC,DS,4.6597295209044685,fuse-fused,
795,simulation_0239,What is the length of the house in meters?,V2MC,DS,3.106667424567712,fuse-secondary-only,
796,simulation_0239,What is the speed of the horse in the front at 1s in m/s?,V2MC,DD,0.8727980728026488,fuse-fused,
797,simulation_0239,What is the length of the horse in the front in meters?,V2MC,DS,0.9619055383301255,fuse-fused,
798,simulation_0240,What is the height of the horse at the back in meters?,V2MC,DS,0.6872327810232891,fuse-fused,
799,simulation_0240,What is the length of the horse at the back in meters?,V2MC,DS,0.9497639020940001,fuse-fused,
800,simulation_0240,What is the height of the house in meters?,V2MC,DS,2.201753974104673,fuse-secondary-only,
801,simulation_0240,What is the width of the house in meters?,V2MC,DS,1.9953982665504368,fuse-secondary-only,
802,simulation_0240,What is the height of each glass window in meters?,V2MC,DS,1.7,fuse-disagreement,
803,simulation_0240,What is the width of each glass window in meters?,V2MC,DS,0.1948955853505374,fuse-secondary-only,
804,simulation_0240,What is the speed of the horse in the front at 1s in m/s?,V2MC,DD,0.8740000000000001,fuse-secondary-only,
805,simulation_0240,What is the height of the horse in the front in meters?,V2MC,DS,0.4784221145664561,fuse-secondary-only,
806,simulation_0240,What is the length of the horse in the front in meters?,V2MC,DS,0.9497639020940001,fuse-fused,
807,simulation_0240,What is the speed of the rabbit at 1s in m/s?,V2MC,DD,0.5,fuse-primary-only,
808,simulation_0240,What is the length of the rabbit in meters?,V2MC,DS,0.1384488794778481,fuse-fused,
809,simulation_0241,What is the length of the brown horse in meters?,V2MC,DS,2.5,fuse-disagreement,
810,simulation_0241,What is the width of the house in meters?,V2MC,DS,12.0,fuse-disagreement,
811,simulation_0241,What is the length of the house in meters?,V2MC,DS,3.3975494437748233,fuse-fused,
812,simulation_0241,What is the speed of the white horse at 1s in m/s?,V2MC,DD,0.3288449600339462,fuse-secondary-only,
813,simulation_0241,What is the length of the white horse in meters?,V2MC,DS,0.432359005636675,fuse-secondary-only,
814,simulation_0241,What is the length of the rabbit in meters?,V2MC,DS,0.3765068255022012,fuse-fused,
815,simulation_0241,What is the speed of the rabbit at 1s in m/s?,V2MC,DD,0.22987420625247693,fuse-fused,
816,simulation_0243,What is the height of the antelope in meters？,V2MC,DS,2.435458271723923,fuse-secondary-only,
817,simulation_0243,What is the length of the antelope in meters?,V2MC,DS,2.5784106030373075,fuse-fused,
818,simulation_0243,What is the height of the tree on the left in meters?,V2MC,DS,5.272442153607917,fuse-fused,
819,simulation_0244,What is the height of the antelope in meters？,V2MC,DS,2.6103772201113458,fuse-secondary-only,
820,simulation_0244,What is the length of the antelope in meters?,V2MC,DS,2.7053235838101677,fuse-fused,
821,simulation_0244,What is the height of the tree on the left in meters?,V2MC,DS,6.208294275281594,fuse-secondary-only,
822,simulation_0244,What is the speed of the rabbit in m/s?,V2MC,DD,1.2811613647834703,fuse-secondary-only,
823,simulation_0244,What is the height of the rabbit in meters?,V2MC,DS,2.6074009091282497,fuse-secondary-only,
824,simulation_0244,What is the length of the rabbit in meters?,V2MC,DS,2.7986232041173174,fuse-secondary-only,
825,simulation_0245,What is the height of the antelope in meters？,V2MS,DS,2.1550283926278047,fuse-fused,
826,simulation_0245,What is the length of the antelope in meters?,V2MS,DS,2.6946923996445364,fuse-fused,
827,simulation_0245,What is the speed of the rabbit at 1s in m/s?,V2MS,DD,0.12,fuse-disagreement,
828,simulation_0245,What is the height of the rabbit in meters?,V2MS,DS,2.4974896945646328,fuse-secondary-only,
829,simulation_0245,What is the length of the rabbit in meters?,V2MS,DS,0.15,fuse-disagreement,
830,simulation_0246,What is the length of the antelope in meters?,V2MS,DS,2.9319432406594323,fuse-secondary-only,
831,simulation_0246,What is the speed of the rabbit at 1s in m/s?,V2MS,DD,1.2743828490654157,fuse-secondary-only,
832,simulation_0246,What is the length of the rabbit in meters?,V2MS,DS,0.5,fuse-disagreement,
833,simulation_0248,What is the height of the horse at the back in meters?,V2MS,DS,1.4998459688364953,fuse-fused,
834,simulation_0248,What is the length of the horse at the back in meters?,V2MS,DS,1.8458286360719314,fuse-fused,
835,simulation_0248,What is the speed of the horse in the front at 1s in m/s?,V2MS,DD,0.874,fuse-secondary-only,
836,simulation_0248,What is the height of the horse in the front in meters?,V2MS,DS,1.4998459688364953,fuse-fused,
837,simulation_0248,What is the length of horse in the front in meters?,V2MS,DS,1.917991056194852,fuse-fused,
838,simulation_0248,What is the speed of the rabbit at 1s in m/s?,V2MS,DD,1.2920359563876511,fuse-secondary-only,
839,simulation_0248,What is the length of the rabbit in meters?,V2MS,DS,0.409665578274536,fuse-secondary-only,
840,simulation_0248,What is the height of the rabbit in meters?,V2MS,DS,0.3025311675779477,fuse-fused,
841,simulation_0249,What is the length of the horse at the back in meters?,V2MS,DS,2.5,fuse-disagreement,
842,simulation_0249,What is the speed of the horse in the front at 1s in m/s?,V2MS,DD,0.874,fuse-secondary-only,
843,simulation_0249,What is the length of horse in the front in meters?,V2MS,DS,0.4286223803898921,fuse-secondary-only,
844,simulation_0249,What is the length of the rabbit in meters?,V2MS,DS,0.45311117184334765,fuse-fused,
845,simulation_0249,What is the speed of the rabbit at 1s in m/s?,V2MS,DD,0.5,fuse-disagreement,
846,simulation_0251,What is the speed of the soccer ball at time 0.5s in m/s?,S2SS,SD,0.71,fuse-disagreement,
847,simulation_0251,What is the speed of the soccer ball at time 2s in m/s?,S2SS,SD,5.131864928186334,fuse-secondary-only,
848,simulation_0251,What is the speed of the soccer ball at time 1s in m/s?,S2SS,SD,5.131864928186334,fuse-secondary-only,
849,simulation_0251,What is the speed of the soccer ball at time 1.5s in m/s?,S2SS,SD,5.131864928186334,fuse-secondary-only,
850,simulation_0252,What is the speed of the soccer ball at time 0.5s in m/s?,S2SS,SD,0.86,fuse-disagreement,
851,simulation_0252,What is the speed of the soccer ball at time 1s in m/s?,S2SS,SD,6.036813904912561,fuse-secondary-only,
852,simulation_0252,What is the speed of the soccer ball at time 1.5s in m/s?,S2SS,SD,0.46,fuse-disagreement,
853,simulation_0252,What is the speed of the soccer ball at time 2s in m/s?,S2SS,SD,6.036813904912561,fuse-secondary-only,
854,simulation_0253,What is the speed of the box at time 0.5s in m/s?,S2SS,SD,4.372263076698007,fuse-secondary-only,
855,simulation_0253,What is the speed of the box at time 1s in m/s?,S2SS,SD,4.372263076698007,fuse-secondary-only,
856,simulation_0253,What is the speed of the box at time 1.5s in m/s?,S2SS,SD,4.372263076698007,fuse-secondary-only,
857,simulation_0253,What is the speed of the box at time 1.75s in m/s?,S2SS,SD,4.372263076698007,fuse-secondary-only,
858,simulation_0253,What is the acceleration of the box at time 0.5s in m/s^2?,S2SS,SD,4.625057647268345,fuse-fused,
859,simulation_0253,What is the acceleration of the box at time 1s in m/s^2?,S2SS,SD,4.625057647268345,fuse-fused,
860,simulation_0253,What is the acceleration of the box at time 1.5s in m/s^2?,S2SS,SD,5.695856357744897,fuse-fused,
861,simulation_0253,What is the acceleration of the box at time 1.75s in m/s^2?,S2SS,SD,5.695856357744897,fuse-fused,
862,simulation_0254,What is the speed of the tennis ball at time 0.5s in m/s?,S2SS,SD,1.25,fuse-primary-only,
863,simulation_0254,What is the speed of the tennis ball at time 1s in m/s?,S2SS,SD,,none,neither arm answered
864,simulation_0254,What is the speed of the tennis ball at time 1.5s in m/s?,S2SS,SD,,none,neither arm answered
865,simulation_0254,What is the speed of the tennis ball at time 1.75s in m/s?,S2SS,SD,,none,neither arm answered
866,simulation_0254,What is the acceleration of the tennis ball at time 0.5s in m/s^2?,S2SS,SD,9.81,fuse-primary-only,
867,simulation_0254,What is the acceleration of the tennis ball at time 1s in m/s^2?,S2SS,SD,9.81,fuse-primary-only,
868,simulation_0254,What is the acceleration of the tennis ball at time 1.5s in m/s^2?,S2SS,SD,9.81,fuse-primary-only,
869,simulation_0254,What is the acceleration of the tennis ball at time 1.75s in m/s^2?,S2SS,SD,9.81,fuse-primary-only,
870,simulation_0255,What is the speed of the tennis ball at time 0.5s in m/s?,S2SS,SD,2.5,fuse-primary-only,
871,simulation_0255,What is the speed of the tennis ball at time 1s in m/s?,S2SS,SD,0.17,fuse-primary-only,
872,simulation_0255,What is the speed of the tennis ball at time 1.5s in m/s?,S2SS,SD,1.0,fuse-primary-only,
873,simulation_0255,What is the acceleration of the tennis ball at time 0.5s in m/s^2?,S2SS,SD,,none,neither arm answered
874,simulation_0255,What is the acceleration of the tennis ball at time 1s in m/s^2?,S2SS,SD,,none,neither arm answered
875,simulation_0255,What is the acceleration of the tennis ball at time 1.5s in m/s^2?,S2SS,SD,,none,neither arm answered
876,simulation_0256,What is the speed of the tennis ball at time 0.5s in m/s?,S2SS,SD,0.34,fuse-disagreement,
877,simulation_0256,What is the speed of the tennis ball at time 1s in m/s?,S2SS,SD,6.446142975495091,fuse-secondary-only,
878,simulation_0256,What is the speed of the tennis ball at time 1.5s in m/s?,S2SS,SD,6.446142975495091,fuse-secondary-only,
879,simulation_0256,What is the acceleration of the tennis ball at time 0.5s in m/s^2?,S2SS,SD,1.079872051030356,fuse-secondary-only,
880,simulation_0256,What is the acceleration of the tennis ball at time 1s in m/s^2?,S2SS,SD,1.079872051030356,fuse-secondary-only,
881,simulation_0256,What is the acceleration of the tennis ball at time 1.5s in m/s^2?,S2SS,SD,1.079872051030356,fuse-secondary-only,
882,simulation_0257,What is the height of the plant in meters?,A2MC,DS,0.12209425160269556,fuse-fused,
883,simulation_0257,What is the diameter (width) of the plant in meters?,A2MC,DS,0.1485268475878779,fuse-secondary-only,
884,simulation_0257,What is the width (longer side) of the table in meters?,A2MC,DS,2.4847938669331375,fuse-fused,
885,simulation_0257,What is the width (longer side) of the AC in meters?,A2MC,DS,1.652295690248781,fuse-secondary-only,
886,simulation_0257,"What is the width of the phone placed to the right of the plant, in meters?",A2MC,DS,0.05,fuse-disagreement,
887,simulation_0257,What is the speed of the plant at time 0.2s in m/s?,A2MC,DD,0.666262891648312,fuse-secondary-only,
888,simulation_0257,What is the speed of the plant at time 0.4s in m/s?,A2MC,DD,0.666262891648312,fuse-secondary-only,
889,simulation_0258,What is the height of the plant in meters?,A2MC,DS,,none,neither arm answered
890,simulation_0258,What is the diameter (width) of the plant in meters?,A2MC,DS,,none,neither arm answered
891,simulation_0258,What is the width (longer side) of the table in meters?,A2MC,DS,,none,neither arm answered
892,simulation_0258,What is the width (longer side) of the AC in meters?,A2MC,DS,,none,neither arm answered
893,simulation_0258,"What is the width of the phone placed to the right of the plant, in meters?",A2MC,DS,0.1,fuse-primary-only,
894,simulation_0258,What is the speed of the pen at time 0.2s in m/s?,A2MC,DD,,none,neither arm answered
895,simulation_0258,What is the speed of the pen at time 0.4s in m/s?,A2MC,DD,,none,neither arm answered
896,simulation_0259,What is the height of the red cup in meters?,A2MC,DS,0.153134862289516,fuse-secondary-only,
897,simulation_0259,What is the height of the plant in meters?,A2MC,DS,0.07867787858070738,fuse-fused,
898,simulation_0259,What is the diameter（width) of the plant in meters?,A2MC,DS,0.0804350383203588,fuse-secondary-only,
899,simulation_0259,What is the width(long side) of the table in meters?,A2MC,DS,1.8280063612550876,fuse-fused,
900,simulation_0259,What is the width(long side) of the AC in meters?,A2MC,DS,1.083828503678782,fuse-secondary-only,
901,simulation_0259,"What is the width of the iPhone placed to the right of the plant, in meters?",A2MC,DS,0.1703637064535871,fuse-secondary-only,
902,simulation_0259,What is the speed of the red cup at time 0.2s in m/s?,A2MC,DD,0.9159232040585608,fuse-secondary-only,
903,simulation_0259,What is the speed of the red cup at time 0.4s in m/s?,A2MC,DD,0.9159232040585608,fuse-secondary-only,
904,simulation_0259,What is the height of the mug in meters?,A2MC,DS,1.2,fuse-disagreement,
905,simulation_0259,What is the long side of the bag in meters?,A2MC,DS,0.4948189914680911,fuse-secondary-only,
906,simulation_0260,What is the height of the red cup in meters?,A2MC,DS,0.11113914737618946,fuse-fused,
907,simulation_0260,What is the height of the plant in meters?,A2MC,DS,0.0427041274249708,fuse-secondary-only,
908,simulation_0260,What is the diameter (width) of the plant in meters?,A2MC,DS,0.0572872743881674,fuse-secondary-only,
909,simulation_0260,What is the width (longer side) of the table in meters?,A2MC,DS,1.4380222344690432,fuse-fused,
910,simulation_0260,What is the width (longer side) of the AC in meters?,A2MC,DS,0.7676516182737764,fuse-secondary-only,
911,simulation_0260,"What is the width of the iphone placed to the right of the plant, in meters?",A2MC,DS,0.1202257521204227,fuse-secondary-only,
912,simulation_0260,What is the speed of the mug at time 0.2s in m/s?,A2MC,DD,0.980235858891406,fuse-secondary-only,
913,simulation_0260,What is the speed of the mug at time 0.4s in m/s?,A2MC,DD,0.980235858891406,fuse-secondary-only,
914,simulation_0260,What is the height of the mug in meters?,A2MC,DS,0.08988247842101188,fuse-fused,
915,simulation_0260,What is the long side of the bag in meters?,A2MC,DS,0.3514298242337782,fuse-secondary-only,
916,simulation_0261,What is the height of the mug in meters?,A2SS,DS,0.3623017744803082,fuse-secondary-only,
917,simulation_0261,What is the speed of the mug at time 0.2s in m/s?,A2SS,DD,0.7628659103081854,fuse-secondary-only,
918,simulation_0261,What is the speed of the mug at time 0.4s in m/s?,A2SS,DD,0.7628659103081854,fuse-secondary-only,
919,simulation_0261,What is the speed of the mug at time 0.625s in m/s?,A2SS,DD,0.7628659103081854,fuse-secondary-only,
920,simulation_0262,What is the height of the red cup in meters?,A2SS,DS,50.14119920465301,fuse-secondary-only,
921,simulation_0262,What is the speed of the red cup at time 0.25s in m/s?,A2SS,DD,4.450741589926067,fuse-secondary-only,
922,simulation_0262,What is the speed of the red cup at time 0.5s in m/s?,A2SS,DD,4.450741589926067,fuse-secondary-only,
923,simulation_0262,What is the speed of the red cup at time 0.625s in m/s?,A2SS,DD,4.450741589926067,fuse-secondary-only,
924,simulation_0263,What is the length of the spacecraft in meters?,A2SS,DS,5.845507271003501,fuse-secondary-only,
925,simulation_0263,What is the width of the spacecraft in meters?,A2SS,DS,4.530619043674568,fuse-fused,
926,simulation_0263,What is the speed of the spacecraft at 0.5s in m/s?,A2SS,DD,1.8693470219844668,fuse-secondary-only,
927,simulation_0263,What is the speed of the spacecraft at 1.0s in m/s?,A2SS,DD,3.75221691537094,fuse-secondary-only,
928,simulation_0264,What is the length of the spacecraft in meters?,A2SS,DS,5.2399980540573425,fuse-fused,
929,simulation_0264,What is the height of the spacecraft in meters?,A2SS,DS,1.733268664598142,fuse-secondary-only,
930,simulation_0264,What is the speed of the spacecraft at 0.5s in m/s?,A2SS,DD,1.628520378034607,fuse-secondary-only,
931,simulation_0264,What is the speed of the spacecraft at 1.0s in m/s?,A2SS,DD,3.5506114023616253,fuse-secondary-only,
932,simulation_0265,What is the length of the spacecraft in meters?,A2SS,DS,5.636352500502142,fuse-fused,
933,simulation_0265,What is the width of the spacecraft in meters?,A2SS,DS,5.9332947223450745,fuse-secondary-only,
934,simulation_0265,What is the speed of the spacecraft at 0.5s in m/s?,A2SS,DD,1.9642664841230089,fuse-secondary-only,
935,simulation_0265,What is the speed of the spacecraft at 1.0s in m/s?,A2SS,DD,3.975046495566844,fuse-secondary-only,
936,simulation_0266,What is the length of the spacecraft in meters?,A2SC,DS,4.8486219302755345,fuse-fused,
937,simulation_0266,What is the width of the spacecraft in meters?,A2SC,DS,5.575485952482463,fuse-secondary-only,
938,simulation_0266,What is the speed of the spacecraft at 0.5s in m/s?,A2SC,DD,1.797083669231298,fuse-secondary-only,
939,simulation_0266,What is the speed of the spacecraft at 1.0s in m/s?,A2SC,DD,3.5791304313572594,fuse-secondary-only,
940,simulation_0267,What is the length of the spacecraft in meters?,A2SC,DS,5.554651361344667,fuse-fused,
941,simulation_0267,What is the height of the spacecraft in meters?,A2SC,DS,100.0,fuse-disagreement,
942,simulation_0267,What is the speed of the spacecraft at 0.5s in m/s?,A2SC,DD,1.7713435916582445,fuse-secondary-only,
943,simulation_0267,What is the speed of the spacecraft at 1.0s in m/s?,A2SC,DD,3.887575346762114,fuse-secondary-only,
944,simulation_0268,What is the length of the spacecraft in meters?,A2SC,DS,5.8477694714585,fuse-secondary-only,
945,simulation_0268,What is the width of the spacecraft in meters?,A2SC,DS,3.887948900188243,fuse-fused,
946,simulation_0268,What is the speed of the spacecraft at 0.5s in m/s?,A2SC,DD,1.9367952267545112,fuse-secondary-only,
947,simulation_0268,What is the speed of the spacecraft at 1.0s in m/s?,A2SC,DD,3.927935364991709,fuse-secondary-only,
948,simulation_0269,What is the body length of the phoenix in meters?,A2SS,DS,1.1310219953291347,fuse-fused,
949,simulation_0269,What is the width (wing span) of the phoenix in meters?,A2SS,DS,1.1310219953291347,fuse-fused,
950,simulation_0269,What is the speed of the phoenix at 0.5s in m/s?,A2SS,DD,0.3476060406719686,fuse-secondary-only,
951,simulation_0269,What is the speed of the phoenix at 1.0s in m/s?,A2SS,DD,0.6410159138721191,fuse-secondary-only,
952,simulation_0270,What is the length of the phoenix in meters?,A2SS,DS,0.4951142460556629,fuse-secondary-only,
953,simulation_0270,What is the height of the phoenix in meters?,A2SS,DS,0.5336711068120379,fuse-fused,
954,simulation_0270,What is the speed of the phoenix at 0.5s in m/s?,A2SS,DD,0.2779858433531049,fuse-secondary-only,
955,simulation_0270,What is the speed of the phoenix at 1.0s in m/s?,A2SS,DD,0.3118875761919469,fuse-secondary-only,
956,simulation_0271,What is the body length of the phoenix in meters?,A2SS,DS,1.6310017537074202,fuse-fused,
957,simulation_0271,What is the width (wing span) of the phoenix in meters?,A2SS,DS,1.6310017537074202,fuse-fused,
958,simulation_0271,What is the speed of the phoenix at 0.5s in m/s?,A2SS,DD,0.6453165940182224,fuse-secondary-only,
959,simulation_0271,What is the speed of the phoenix at 1.0s in m/s?,A2SS,DD,0.8107449951748735,fuse-secondary-only,
960,simulation_0272,What is the body length of the phoenix in meters?,A2SC,DS,0.9640834655488886,fuse-fused,
961,simulation_0272,What is the width (wing span) of the phoenix in meters?,A2SC,DS,1.3404512097798058,fuse-fused,
962,simulation_0272,What is the speed of the phoenix at 0.5s in m/s?,A2SC,DD,0.3389982088550726,fuse-secondary-only,
963,simulation_0272,What is the speed of the phoenix at 1.0s in m/s?,A2SC,DD,0.6398122084794462,fuse-secondary-only,
964,simulation_0273,What is the body length of the phoenix in meters?,A2SC,DS,0.49981943254578143,fuse-fused,
965,simulation_0273,What is the speed of the phoenix at 0.5s in m/s?,A2SC,DD,0.2721296135173533,fuse-secondary-only,
966,simulation_0273,What is the speed of the phoenix at 1.0s in m/s?,A2SC,DD,0.3076490211869701,fuse-secondary-only,
967,simulation_0274,What is the width of the raccoon in meters?,S2SS,SS,1.5100000000000002,fuse-secondary-only,
968,simulation_0274,What is the speed of the raccoon at 1.0s in m/s?,S2SS,SD,2.487439714387035,fuse-secondary-only,
969,simulation_0274,"What is the displacement of the raccoon from 0.5 s to 1.0 s, in meters?",S2SS,SS,1.5100000000000002,fuse-fused,
970,simulation_0275,What is the height of the raccoon in meters?,S2SS,SS,0.5971013013431152,fuse-secondary-only,
971,simulation_0275,What is the speed of the raccoon at 1.0s in m/s?,S2SS,SD,2.4887410232036515,fuse-secondary-only,
972,simulation_0275,"What is the displacement of the raccoon from 0.5 s to 1.0 s, in meters?",S2SS,SS,1.8590280641508237,fuse-fused,
973,simulation_0276,What is the width of the raccoon in meters?,S2SC,SS,1.51,fuse-secondary-only,
974,simulation_0276,What is the speed of the raccoon at 1.0s in m/s?,S2SC,SD,2.683204710336889,fuse-secondary-only,
975,simulation_0276,"What is the displacement of the raccoon from 0.5 s to 1.0 s, in meters?",S2SC,SS,1.0838641815676975,fuse-fused,
976,simulation_0277,What is the height of the raccoon in meters?,S2SC,SS,0.6427551112035519,fuse-fused,
977,simulation_0277,What is the speed of the raccoon at 1.0s in m/s?,S2SC,SD,2.5127675891784778,fuse-secondary-only,
978,simulation_0277,"What is the displacement of the raccoon from 0.5 s to 1.0 s, in meters?",S2SC,SS,1.51,fuse-secondary-only,
979,simulation_0278,What is the length of the whale in meters?,V2SS,DS,31.386724039586326,fuse-fused,
980,simulation_0278,What is the width of the whale in meters?,V2SS,DS,43.06946178492882,fuse-secondary-only,
981,simulation_0278,"What is the displacement of the whale from 0.5 s to 1.0 s, in meters?",V2SS,DS,43.06946178492882,fuse-secondary-only,
982,simulation_0279,What is the length of the whale in meters?,V2SS,DS,17.101356648032613,fuse-fused,
983,simulation_0279,What is the height of the whale in meters?,V2SS,DS,4.152548698063387,fuse-fused,
984,simulation_0279,"What is the displacement of the whale from 0.5 s to 1.0 s, in meters?",V2SS,DS,17.276306086741776,fuse-secondary-only,
985,simulation_0280,What is the speed of the whale at 1.0s in m/s?,S2SC,DS,2.0390921719752884,fuse-fused,
986,simulation_0280,What is the height of the whale in meters?,S2SC,DS,5.346677589344589,fuse-secondary-only,
987,simulation_0280,"What is the displacement of the whale from 0.5 s to 1.0 s, in meters?",S2SC,DS,19.17,fuse-secondary-only,
988,simulation_0281,What is the speed of the whale at 1.0s in m/s?,S2SC,DS,2.1241268391858834,fuse-fused,
989,simulation_0281,What is the width of the whale in meters?,S2SC,DS,19.17,fuse-secondary-only,
990,simulation_0281,"What is the displacement of the whale from 0.5 s to 1.0 s, in meters?",S2SC,DS,0.01,fuse-disagreement,
991,simulation_0282,What is the body length of the dragon in meters?,V2SS,DS,1.1600285272535078,fuse-fused,
992,simulation_0282,What is the width (wing span) of the dragon in meters?,V2SS,DS,0.8508657564785577,fuse-fused,
993,simulation_0282,"What is the displacement of the dragon from 0.5 s to 1.0 s, in meters?",V2SS,DS,1.7406894919668443,fuse-secondary-only,
994,simulation_0283,What is the speed of the dragon at 1.0s in m/s?,S2SC,SD,1.6969867315501386,fuse-fused,
995,simulation_0283,"What is the displacement of the dragon from 0.5s to 1.0s, in meters?",S2SC,SS,0.75,fuse-secondary-only,
996,simulation_0284,What is the length of the plane in meters?,V2SS,DS,19.01067504719631,fuse-secondary-only,
997,simulation_0284,What is the width of the plane in meters?,V2SS,DS,1.2,fuse-disagreement,
998,simulation_0284,"What is the displacement of the plane from 0.5s to 1.0s, in meters?",V2SS,DS,19.01067504719631,fuse-secondary-only,
999,simulation_0285,What is the length of the plane in meters?,V2SS,DS,1.5,fuse-disagreement,
1000,simulation_0285,What is the height of the plane in meters?,V2SS,DS,6.093674365306597,fuse-fused,
1001,simulation_0285,"What is the displacement of the plane from 0.5 s to 1.0 s, in meters?",V2SS,DS,14.923621094004584,fuse-secondary-only,
1002,simulation_0286,What is the length of the plane in meters?,V2SC,DS,16.342610634602583,fuse-fused,
1003,simulation_0286,What is the width of the plane in meters?,V2SC,DS,1.5,fuse-disagreement,
1004,simulation_0286,"What is the displacement of the plane from 0.5 s to 1.0 s, in meters?",V2SC,DS,18.655637122355756,fuse-secondary-only,
1005,simulation_0287,What is the length of the plane in meters?,V2SC,DS,14.886733048012683,fuse-secondary-only,
1006,simulation_0287,What is the height of the plane in meters?,V2SC,DS,4.785499423243824,fuse-secondary-only,
1007,simulation_0287,"What is the displacement of the plane from 0.5 s to 1.0 s, in meters?",V2SC,DS,14.886733048012683,fuse-secondary-only,
1008,simulation_0288,What is the length of the fish in meters?,V2SS,DS,0.6420761180903344,fuse-fused,
1009,simulation_0288,What is the width of the fish in meters?,V2SS,DS,0.616863299651815,fuse-fused,
1010,simulation_0288,"What is the displacement of the fish from 0.5 s to 1.0 s, in meters?",V2SS,DS,0.7864467341634919,fuse-secondary-only,
1011,simulation_0289,What is the length of the fish in meters?,V2SS,DS,0.6315610318858035,fuse-fused,
1012,simulation_0289,"What is the displacement of the fish from 0.5 s to 1.0 s, in meters?",V2SS,DS,0.7681123618843265,fuse-secondary-only,
1013,simulation_0290,What is the length of the fish in meters?,V2SC,DS,0.910143516039231,fuse-fused,
1014,simulation_0290,What is the width of the fish in meters?,V2SC,DS,0.8084454523040382,fuse-secondary-only,
1015,simulation_0290,"What is the displacement of the fish from 0.5 s to 1.0 s, in meters?",V2SC,DS,0.8084454523040382,fuse-secondary-only,
1016,simulation_0291,What is the length of the fish in meters?,V2SC,DS,0.6382647573589487,fuse-fused,
1017,simulation_0291,What is the height of the fish in meters?,V2SC,DS,0.34537076571833414,fuse-fused,
1018,simulation_0291,"What is the displacement of the fish from 0.5 s to 1.0 s, in meters?",V2SC,DS,0.7797861639468964,fuse-secondary-only,
1019,simulation_0292,What is the length of the column below the drone in meters?,V2SS,DS,1.2394684532759643,fuse-fused,
1020,simulation_0292,What is the height of the column below the drone in meters?,V2SS,DS,1.2547410534176409,fuse-fused,
1021,simulation_0292,"What is the displacement of the column below the drone from 0.5 s to 1.0 s, in meters?",V2SS,DS,1.382902566100393,fuse-secondary-only,
1022,simulation_0293,What is the length of the column below the drone in meters?,V2SC,DS,,none,neither arm answered
1023,simulation_0293,What is the height of the column below the drone in meters?,V2SC,DS,1.5,fuse-primary-only,
1024,simulation_0293,"What is the displacement of the column below the drone from 0.5 s to 1.0 s, in meters?",V2SC,DS,,none,neither arm answered
1025,simulation_0294,What is the length of the butterfly's wings in meters?,V2SS,DS,0.11574527495468909,fuse-fused,
1026,simulation_0294,"What is the displacement of the butterfly from 0.5 s to 1.0 s, in meters?",V2SS,DS,0.1653116866521431,fuse-secondary-only,
1027,simulation_0295,What is the length of the butterfly's wings in meters?,V2SC,DS,0.1744906860109082,fuse-secondary-only,
1028,simulation_0295,"What is the displacement of the butterfly from 0.5 s to 1.0 s, in meters?",V2SC,DS,0.1718191437875696,fuse-secondary-only,
1029,simulation_0296,What is the width (wing span) of the butterfly in meters?,V2SC,DS,0.1744521128008305,fuse-secondary-only,
1030,simulation_0296,What is the length of the butterfly's wings in meters?,V2SC,DS,0.2061920001040087,fuse-secondary-only,
1031,simulation_0296,"What is the displacement of the butterfly from 0.5 s to 1.0 s, in meters?",V2SC,DS,0.2026744161896458,fuse-secondary-only,
1032,simulation_0297,"What is the displacement of the jellyfish from 0.5 s to 1.0 s, in meters?",V2SC,DS,2.715279952259028,fuse-secondary-only,
1033,simulation_0298,What is the length of the fire truck in meters?,V2SX,DS,10.210418287683876,fuse-fused,
1034,simulation_0298,What is the width of the fire truck in meters?,V2SX,DS,6.377803916549367,fuse-fused,
1035,simulation_0298,"What is the displacement of the fire truck from 0.5 s to 1.0 s, in meters?",V2SX,DS,9.527621914618363,fuse-secondary-only,
1036,simulation_0008,What is the width of the wooden pier in meters?,S3MC,SS,1.56597912664298,fuse-primary-only,
1037,simulation_0008,What is the length of the pier from the shore-side edge to the water-side edge in meters?,S3MC,SS,2.464589337718512,fuse-fused,
1038,simulation_0008,"When t=3s, what is the minimum distance from the outer end of the pier to the boat in meters?",S3MC,SS,5.058601862388624,fuse-fused,
1039,simulation_0008,What is the width of the wooden stairs in meters?,S3MC,SS,2.376189577841979,fuse-primary-only,
1040,simulation_0008,What is the height of the pier deck above the water surface in meters?,S3MC,SS,1.8903345712211577,fuse-primary-only,
1041,simulation_0008,What is the height of the cabin floor above the ground in meters?,S3MC,SS,0.4635073469700727,fuse-primary-only,
1042,simulation_0008,What is the average speed of the boat from 1.0s to 2.0s in m/s?,S3MC,SD,1.005152352751786,fuse-primary-only,
1043,simulation_0009,What is the length of the boat in meters?,V3MC,DS,2.3769367699997574,fuse-fused,
1044,simulation_0009,What is the width of the boat in meters?,V3MC,DS,1.893651312596962,fuse-fused,
1045,simulation_0009,What is the height of the boat in meters?,V3MC,DS,1.4784914894619217,fuse-fused,
1046,simulation_0009,What is the width (shorter side) of the wooden pier in meters?,V3MC,DS,4.947479520213209,fuse-fused,
1047,simulation_0009,What is the length of the pier from the shore-side edge to the water-side edge in meters?,V3MC,DS,5.460222298592281,fuse-fused,
1048,simulation_0009,"When t=3s, what is the minimum distance from the outer end of the pier to the boat in meters?",V3MC,DS,4.98353842676743,fuse-secondary-only,
1049,simulation_0009,What is the width of the wooden steps in meters?,V3MC,DS,1.2916758118522627,fuse-fused,
1050,simulation_0009,What is the height of the pier deck above the water surface in meters?,V3MC,DS,1.7669062830451834,fuse-fused,
1051,simulation_0009,What is the height of the cabin floor above the ground in meters?,V3MC,DS,1.4057202096898878,fuse-fused,
1052,simulation_0010,What is the width between the two widest eaves of the small house in meters?,V3MC,SS,13.340507781326597,fuse-primary-only,
1053,simulation_0010,What is the height of the house’s door in meters?,V3MC,SS,2.5445748703403535,fuse-fused,
1054,simulation_0010,What is the maximum height of the cart from the ground in meters?,V3MC,SS,1.4842023642392532,fuse-fused,
1055,simulation_0010,What is the diameter of the cart’s wheels in meters?,V3MC,SS,1.3443998198858653,fuse-fused,
1056,simulation_0010,What is the average speed of the bird from 0.5s to 1.0s in m/s?,V3MC,SD,5.348400304018069,fuse-primary-only,
1057,simulation_0011,What is the average speed of the bird from 0.5s to 1.0s in m/s?,A3MC,DD,5.34,fuse-primary-only,
1058,simulation_0011,What is the height of the house’s door in meters?,A3MC,DS,2.1,fuse-primary-only,
1059,simulation_0011,What is the diameter of the cart’s wheels in meters?,A3MC,DS,1.2,fuse-primary-only,
1060,simulation_0011,What is the width between the two widest eaves of the house in meters?,A3MC,DS,4.3,fuse-primary-only,
1061,simulation_0011,What is the body length of the bird in meters?,A3MC,DS,0.5,fuse-primary-only,
1062,simulation_0011,How wide is the bird's wingspan when it spreads its wings in meters?,A3MC,DS,,none,neither arm answered
1063,simulation_0013,What is the flight speed of the bird at 1.0s in m/s?,A3MC,DD,,none,neither arm answered
1064,simulation_0013,What is the body length of the bird in meters?,A3MC,DS,0.15,fuse-primary-only,
1065,simulation_0013,What is the diameter of the cart’s wheels in meters?,A3MC,DS,,none,neither arm answered
1066,simulation_0014,What is the height of the house’s door in meters?,A3MC,DS,2.1,fuse-primary-only,
1067,simulation_0014,What is the diameter of the cart’s wheels in meters?,A3MC,DS,1.2,fuse-primary-only,
1068,simulation_0014,What is the width between the two widest eaves of the house in meters?,A3MC,DS,3.0,fuse-primary-only,
1069,simulation_0014,What is the maximum height of the cart from the ground in meters?,A3MC,DS,1.2,fuse-primary-only,
1070,simulation_0014,What is the height of the rectangular cargo box on the cart in meters?,A3MC,DS,1.2,fuse-primary-only,
1071,simulation_0014,What is the length of rectangular cargo box on the cart in meters?,A3MC,DS,,none,neither arm answered
1072,simulation_0015,What is the height of the central sculpture itself (excluding the pedestal) in meters?,S3MC,SS,2.6110693153070237,fuse-fused,
1073,simulation_0015,What is the width of the pedestal (square base) of the central sculpture in meters?,S3MC,SS,1.741515749080931,fuse-primary-only,
1074,simulation_0015,What is the height of the pedestal (square base) of the central sculpture in meters?,S3MC,SS,1.186002510080682,fuse-fused,
1075,simulation_0015,What is the height of the freestanding art display panel in meters?,S3MC,SS,2.9214857653817057,fuse-primary-only,
1076,simulation_0015,What is the height of the bench seat in the atrium in meters?,S3MC,SS,0.8128389911962971,fuse-primary-only,
1077,simulation_0015,What is the width of the bench seat in the atrium in meters?,S3MC,SS,1.3333618918229004,fuse-fused,
1078,simulation_0015,What is the length of the bench seat in the atrium in meters?,S3MC,SS,1.7050504011880805,fuse-primary-only,
1079,simulation_0015,What is the clear height from the floor to the underside of the open roof frame (lattice) in meters?,S3MC,SS,2.3628007381399594,fuse-disagreement,
1080,simulation_0015,What is the vertical depth (thickness) of the open roof frame (top edge to bottom edge) in meters?,S3MC,SS,9.339323619211877,fuse-fused,
1081,simulation_0015,What is the speed of the human at 1.0s in m/s?,S3MC,SD,1.294587443205586,fuse-primary-only,
1082,simulation_0017,What is the height of the person in meters?,V3MC,DS,0.8733152715720047,fuse-fused,
1083,simulation_0017,What is the width of the pedestal (square base) of the central sculpture in meters?,V3MC,DS,1.2904797781371993,fuse-fused,
1084,simulation_0017,What is the height of the pedestal (square base) of the central sculpture in meters?,V3MC,DS,0.85,fuse-disagreement,
1085,simulation_0017,What is the height of the bench seat in the atrium in meters?,V3MC,DS,0.7918260068923471,fuse-fused,
1086,simulation_0017,What is the length of the bench seat in the atrium in meters?,V3MC,DS,1.5994235973239104,fuse-fused,
1087,simulation_0017,What is the height of the central sculpture itself (excluding the pedestal) in meters?,V3MC,DS,1.1422483485354546,fuse-fused,
1088,simulation_0017,What is the height of the freestanding art display panel in meters?,V3MC,DS,3.569336613561626,fuse-fused,
1089,simulation_0019,What is the walking speed of the person at 0.5s in m/s?,S3MC,SD,3.819908247308193,fuse-primary-only,
1090,simulation_0019,What is the width of the pedestal (square base) of the central sculpture in meters?,S3MC,SS,7.451774958521903,fuse-primary-only,
1091,simulation_0019,What is the height of the pedestal (square base) of the central sculpture in meters?,S3MC,SS,6.603900678416623,fuse-primary-only,
1092,simulation_0019,What is the height of the central sculpture itself (excluding the pedestal) in meters?,S3MC,SS,5.769295350109885,fuse-primary-only,
1093,simulation_0019,What is the width of the freestanding art display panel in meters?,S3MC,SS,16.447644163532285,fuse-primary-only,
1094,simulation_0019,What is the height of the freestanding art display panel in meters?,S3MC,SS,26.006473822414296,fuse-disagreement,
1095,simulation_0021,What is the walking speed of the person at 1.0s in m/s?,S3MC,SD,0.4355591322040087,fuse-primary-only,
1096,simulation_0021,What is the height of the fire hydrant in meters?,S3MC,SS,1.2073421184596531,fuse-primary-only,
1097,simulation_0021,What is the height of the streetlight in meters?,S3MC,SS,4.847211921108687,fuse-primary-only,
1098,simulation_0022,What is the speed of the boat at 1.0s in m/s?,S2SS,SD,1.3225167299759057,fuse-fused,
1099,simulation_0022,What is the height of the boat in meters?,S2SS,SS,10.0,fuse-secondary-only,
1100,simulation_0023,What is the speed of the boat at 1.0s in m/s?,V3MC,DD,4.130506359347547,fuse-secondary-only,
1101,simulation_0023,What is the height of the boat in meters?,V3MC,DS,6.294640635782647,fuse-fused,
1102,simulation_0023,What is the length of the boat in meters?,V3MC,DS,7.785741038526063,fuse-fused,
1103,simulation_0023,What is the length of the eagle in meters?,V3MC,DS,1.1552495927339974,fuse-secondary-only,
1104,simulation_0023,What is the eagle’s wingspan (the distance from the tip of one wing to the tip of the other when fully spread) in meters?,V3MC,DS,0.9526555565420464,fuse-fused,
1105,simulation_0024,What is the height of the boat in meters?,V3MS,DS,6.3646837726516265,fuse-fused,
1106,simulation_0024,What is the length of the boat in meters?,V3MS,DS,9.029901208738714,fuse-fused,
1107,simulation_0024,What is the width of the boat in meters?,V3MS,DS,9.843841672707919,fuse-fused,
1108,simulation_0025,What is the speed of the eagle at 1.0s in m/s?,V3MC,DD,,none,neither arm answered
1109,simulation_0025,What is the length of the eagle in meters?,V3MC,DS,0.5,fuse-primary-only,
1110,simulation_0025,What is the eagle’s wingspan (the distance from the tip of one wing to the tip of the other when fully spread) in meters?,V3MC,DS,1.5,fuse-primary-only,
1111,simulation_0025,What is the height of the person in meters?,V3MC,DS,1.7,fuse-primary-only,
1112,simulation_0026,What is the height of the boat in meters?,S3MC,SS,10.27304920881755,fuse-primary-only,
1113,simulation_0026,What is the length of the boat in meters?,S3MC,SS,10.27304920881755,fuse-primary-only,
1114,simulation_0026,What is the speed of the person at 1.0s in m/s?,S3MC,SD,0.4530012115978485,fuse-disagreement,
1115,simulation_0027,What is the speed of the person from 1.0s to 2.0s in m/s?,S3MS,SD,0.6304808391419059,fuse-primary-only,
1116,simulation_0028,What is the eagle’s wingspan (the distance from the tip of one wing to the tip of the other when fully spread) in meters?,S3MC,SS,0.0015219392700737,fuse-primary-only,
1117,simulation_0028,What is the speed of the eagle at 1.0s in m/s?,S3MC,SD,0.8226062927365451,fuse-primary-only,
1118,simulation_0029,What is the length of the eagle in meters?,V3MC,DS,0.477090054994113,fuse-fused,
1119,simulation_0029,What is the height of the boat in meters?,V3MC,DS,3.4304082678414862,fuse-fused,
1120,simulation_0029,What is the length of the boat in meters?,V3MC,DS,4.130469352304213,fuse-fused,
1121,simulation_0029,What is the speed of the boat at 1.0s in m/s?,V3MC,DD,3.975215870983786,fuse-secondary-only,
1122,simulation_0031,What is the height of the person in meters?,V3MC,DS,2.100079882351229,fuse-fused,
1123,simulation_0031,What is the height of the boat in meters?,V3MC,DS,2.55,fuse-disagreement,
1124,simulation_0031,What is the length of the boat in meters?,V3MC,DS,10.006433630246844,fuse-fused,
1125,simulation_0031,What is the width of the boat in meters?,V3MC,DS,5.993489159716747,fuse-fused,
1126,simulation_0031,What is the speed of the boat at 1.0s in m/s?,V3MC,DD,,none,neither arm answered
1127,simulation_0031,What is the length of the eagle in meters?,V3MC,DS,1.1656352482420114,fuse-fused,
1128,simulation_0031,What is the speed of the eagle at 1.0s in m/s?,V3MC,DD,,none,neither arm answered
1129,simulation_0031,What is the eagle’s wingspan (the distance from the tip of one wing to the tip of the other when fully spread) in meters?,V3MC,DS,6.871910401757328,fuse-fused,
1130,simulation_0033,What is the walking speed of the person at 1.0s in meters?,A3MC,DD,2.059253430076882,fuse-secondary-only,
1131,simulation_0033,What is the height of the fire hydrant in meters?,A3MC,DS,1.0178804374874169,fuse-secondary-only,
1132,simulation_0033,What is the height of the streetlight in meters?,A3MC,DS,4.018933371621208,fuse-secondary-only,
1133,simulation_0033,What is the height of the person in meters?,A3MC,DS,1.5394942801207,fuse-fused,
1134,simulation_0033,What is the speed of the green car at 1.0s in m/s?,A3MC,DD,10.157625921368709,fuse-fused,
1135,simulation_0033,What is the length of the orange car in meters?,A3MC,DS,4.482701907343843,fuse-secondary-only,
1136,simulation_0033,What is the height of the orange car in meters?,A3MC,DS,1.6895606813490986,fuse-fused,
1137,simulation_0033,What is the height of the curb along the road in meters?,A3MC,DS,0.3007574194169193,fuse-fused,
1138,simulation_0034,What is the average speed of the boat from the beginning to the end in m/s?,S3MC,SD,4.050541359212303,fuse-primary-only,
1139,simulation_0034,What is the height of the boat in meters?,S3MC,SS,9.407228433383954,fuse-primary-only,
1140,simulation_0034,What is the width of the boat in meters?,S3MC,SS,3.527919685606517,fuse-primary-only,
1141,simulation_0034,What is the average speed of the person from the beginning to the end in m/s?,S3MC,SD,1.584296246104444,fuse-disagreement,
1142,simulation_0034,What is the eagle’s wingspan (the distance from the tip of one wing to the tip of the other when fully spread) in meters?,S3MC,SS,13.26755672377409,fuse-primary-only,
1143,simulation_0034,What is the average speed of the eagle from the beginning to the end in m/s?,S3MC,SD,11.823651258959298,fuse-primary-only,
1144,simulation_0035,What is the average speed of the person from the beginning to the end in m/s?,S3MC,SD,1.1319006981409363,fuse-primary-only,
1145,simulation_0035,What is the eagle’s wingspan (the distance from the tip of one wing to the tip of the other when fully spread) in meters?,S3MC,SS,0.0123315051373493,fuse-disagreement,
1146,simulation_0035,What is the speed of the eagle from the beginning to the end in m/s?,S3MC,SD,11.440729900911236,fuse-primary-only,
1147,simulation_0035,What is the body length of the eagle in meters?,S3MC,SS,1.0323922724366132,fuse-primary-only,
1148,simulation_0036,What is the height of the boat in meters?,S3MC,SS,10.0,fuse-primary-only,
1149,simulation_0036,What is the height of the person in meters?,S3MC,SS,1.7775219646842497,fuse-fused,
1150,simulation_0036,What is the speed of the boat from the beginning to the end in m/s?,S3MC,SD,4.175865389272228,fuse-primary-only,
1151,simulation_0036,What is the average speed of the person from the beginning to the end in m/s?,S3MC,SD,1.1918965259610976,fuse-primary-only,
1152,simulation_0037,What is the height of the person in meters?,V3MS,DS,1.6142032278312166,fuse-fused,
1153,simulation_0039,What is the speed of the person at 1.0s in m/s?,V3MC,DD,1.1022234796192305,fuse-secondary-only,
1154,simulation_0039,What is the length of the boat in meters?,V3MC,DS,7.637826481327139,fuse-fused,
1155,simulation_0039,What is the width of the boat in meters?,V3MC,DS,6.203842862411082,fuse-fused,
1156,simulation_0039,What is the length of the eagle in meters?,V3MC,DS,0.9373786577548936,fuse-fused,
1157,simulation_0039,What is the eagle’s wingspan (the distance from the tip of one wing to the tip of the other when fully spread) in meters?,V3MC,DS,1.67,fuse-disagreement,
1158,simulation_0039,What is the speed of the eagle at 1.0s in m/s?,V3MC,DD,10.364610659441665,fuse-secondary-only,
1159,simulation_0040,What is the eagle’s wingspan (the distance from the tip of one wing to the tip of the other when fully spread) in meters?,S3MC,SS,1.5003452723052948,fuse-fused,
1160,simulation_0040,What is the speed of the eagle at 1.0s in m/s?,S3MC,SD,4.111070665259963,fuse-primary-only,
1161,simulation_0040,What is the average of the person at 1.0s in m/s?,S3MC,SD,0.6521787720668927,fuse-primary-only,
1162,simulation_0042,What is the length of the boat in meters?,V3MC,DS,11.347541009763743,fuse-fused,
1163,simulation_0042,What is the width of the boat in meters?,V3MC,DS,1.77,fuse-disagreement,
1164,simulation_0042,What is the speed of the boat at 1.0s in m/s?,V3MC,DD,0.8,fuse-disagreement,
1165,simulation_0042,What is the length of the eagle in meters?,V3MC,DS,0.9933396031631763,fuse-fused,
1166,simulation_0042,What is the eagle’s wingspan (the distance from the tip of one wing to the tip of the other when fully spread) in meters?,V3MC,DS,1.5,fuse-disagreement,
1167,simulation_0043,What is the width of the boat in meters?,S3MC,SS,10.0,fuse-primary-only,
1168,simulation_0043,What is the speed of the boat at 1.0s in m/s?,S3MC,SD,4.252321009881927,fuse-primary-only,
1169,simulation_0043,What is the width of the rock in meters?,S3MC,SS,23.607394229580528,fuse-primary-only,
1170,simulation_0044,What is the width of the rock in meters?,S3MC,SS,0.7949756667673884,fuse-primary-only,
1171,simulation_0044,What is the speed of the eagle at 1.0s in m/s?,S3MC,SD,2.372071961526312,fuse-primary-only,
1172,simulation_0044,What is the eagle’s wingspan (the distance from the tip of one wing to the tip of the other when fully spread) in meters?,S3MC,SS,0.0016265802582145,fuse-primary-only,
1173,simulation_0045,What is the speed of the walking person from the beginning to the end in m/s?,V3MC,DD,8.166712153267364,fuse-secondary-only,
1174,simulation_0045,What is the height of the walking person in meters?,V3MC,DS,2.7109690742219543,fuse-fused,
1175,simulation_0045,What is the height of the telephone booth in meters?,V3MC,DS,2.969397536890944,fuse-fused,
1176,simulation_0045,What is the distance between the left pillar of the near door and the right pillar of the far door in meters?,V3MC,DS,12.5,fuse-disagreement,
1177,simulation_0045,"What is the height of the moving bicycle (from the handlebar to the ground, including below the wheel) in meters?",V3MC,DS,1.8272615626610342,fuse-fused,
1178,simulation_0045,What is the length of the moving bicycle in meters?,V3MC,DS,2.0054428531384554,fuse-fused,
1179,simulation_0045,What is the diameter of the wheel of the moving bicycle in meters?,V3MC,DS,0.7828525694079824,fuse-fused,
1180,simulation_0045,What is the height of the first step in front of the door of the nearer house in meters?,V3MC,DS,1.6282016612988588,fuse-secondary-only,
1181,simulation_0046,What is the speed of the walking person at 1.0s in m/s?,S3MC,SD,0.5867928409982108,fuse-primary-only,
1182,simulation_0046,What is the height of the walking person in meters?,S3MC,SS,1.639141868539189,fuse-fused,
1183,simulation_0046,What is the height of the telephone booth in meters?,S3MC,SS,2.5187458701264323,fuse-primary-only,
1184,simulation_0046,What is the width of the telephone booth in meters?,S3MC,SS,1.3270386826504126,fuse-primary-only,
1185,simulation_0046,What is the distance between the left pillar of the near door and the right pillar of the far door in meters?,S3MC,SS,3.6167169993915764,fuse-fused,
1186,simulation_0046,"What is the height of the moving bicycle (from the handlebar to the ground, including below the wheel) in meters?",S3MC,SS,1.2556181579409555,fuse-fused,
1187,simulation_0046,What is the length of the moving bicycle in meters?,S3MC,SS,1.5027249208727318,fuse-fused,
1188,simulation_0046,What is the height of the first step in front of the door of the nearer house in meters?,S3MC,SS,0.73321001969104,fuse-primary-only,
1189,simulation_0046,What is the speed of the moving bicycle from 1.0s to 2.0s in m/s?,S3MC,SD,3.824487292548015,fuse-primary-only,
1190,simulation_0048,What is the speed of the walking person at 1.0s in m/s?,S3MC,SD,0.2409293522637256,fuse-primary-only,
1191,simulation_0048,What is the width of the telephone booth in meters?,S3MC,SS,2.4197029661954303,fuse-fused,
1192,simulation_0048,What is the distance between the left pillar of the near door and the right pillar of the far door in meters?,S3MC,SS,4.87943274312719,fuse-primary-only,
1193,simulation_0048,"What is the height of the moving bicycle (from the handlebar to the ground, including below the wheel) in meters?",S3MC,SS,1.5700975397548094,fuse-fused,
1194,simulation_0048,What is the speed of the moving bicycle at 1.0s in m/s?,S3MC,SD,1.407185358321132,fuse-primary-only,
1195,simulation_0048,What is the diameter of the wheel of the moving bicycle in meters?,S3MC,SS,0.5074112526402547,fuse-primary-only,
1196,simulation_0049,What is the speed of the walking person from 1.0s to 2.0s in m/s?,V3MC,DD,6.588227072718696,fuse-secondary-only,
1197,simulation_0049,What is the height of the walking person in meters?,V3MC,DS,2.5765638132741335,fuse-fused,
1198,simulation_0049,What is the height of the telephone booth in meters?,V3MC,DS,2.55,fuse-primary-only,
1199,simulation_0049,What is the distance between the left pillar of the near door and the right pillar of the far door in meters?,V3MC,DS,7.583157011584828,fuse-fused,
1200,simulation_0049,What is the diameter of the wheel of the moving bicycle in meters?,V3MC,DS,0.7900695069501477,fuse-fused,
1201,simulation_0050,What is the height of the walking person in meters?,V3MC,DS,1.7696249249095042,fuse-fused,
1202,simulation_0050,What is the height of the telephone booth in meters?,V3MC,DS,2.3817648417085797,fuse-secondary-only,
1203,simulation_0050,What is the width of the telephone booth in meters?,V3MC,DS,1.3410213775103963,fuse-secondary-only,
1204,simulation_0050,What is the distance between the left pillar of the near door and the right pillar of the far door in meters?,V3MC,DS,1.9950232208419003,fuse-secondary-only,
1205,simulation_0050,What is the length of the moving bicycle in meters?,V3MC,DS,1.5703990150914213,fuse-fused,
1206,simulation_0050,What is the average speed of the moving bicycle from 1.0s to 2.0s in m/s?,V3MC,DD,4.076902957810253,fuse-secondary-only,
1207,simulation_0050,"What is the height of the moving bicycle (from the handlebar to the ground, including below the wheel) in meters?",V3MC,DS,1.1704878597466049,fuse-fused,
1208,simulation_0050,What is the diameter of the wheel of the moving bicycle in meters?,V3MC,DS,1.0396270710238993,fuse-fused,
1209,simulation_0050,What is the height of the first step in front of the door of the nearer house in meters?,V3MC,DS,0.8157554764190591,fuse-secondary-only,
1210,simulation_0052,What is the height of the fire hydrant in meters?,A3MC,DS,1.1,fuse-disagreement,
1211,simulation_0052,What is the height of the streetlight in meters?,A3MC,DS,1.1378365979266907,fuse-fused,
1212,simulation_0052,What is the speed of the green car at 1.0s in m/s?,A3MC,DD,3.5583644001701358,fuse-fused,
1213,simulation_0052,What is the length of the orange car in meters?,A3MC,DS,1.4675253093896656,fuse-fused,
1214,simulation_0052,What is the height of the orange car in meters?,A3MC,DS,2.45,fuse-disagreement,
1215,simulation_0052,What is the height of the curb along the road in meters?,A3MC,DS,0.3676547596406154,fuse-secondary-only,
1216,simulation_0052,What is the height of the green car in meters?,A3MC,DS,1.56,fuse-disagreement,
1217,simulation_0052,What is the length of the green car in meters?,A3MC,DS,4.8,fuse-disagreement,
1218,simulation_0052,What is the distance between the right streetlight and the left streetlight in meters?,A3MC,DS,0.11,fuse-disagreement,
1219,simulation_0055,What is the height of the fire hydrant in meters?,A3MC,DS,1.3523696028572147,fuse-fused,
1220,simulation_0055,What is the height of the streetlight in meters?,A3MC,DS,5.784425803436581,fuse-fused,
1221,simulation_0055,What is the length of the orange car in meters?,A3MC,DS,7.617608149988626,fuse-secondary-only,
1222,simulation_0055,What is the height of the orange car in meters?,A3MC,DS,3.526667917668913,fuse-fused,
1223,simulation_0055,What is the height of the curb along the road in meters?,A3MC,DS,0.15,fuse-disagreement,
1224,simulation_0055,What is the average walking speed of the person from 1.0s to 2.0s in meters?,A3MC,DD,0.12,fuse-disagreement,
1225,simulation_0055,What is the height of the person in meters?,A3MC,DS,3.980920941215196,fuse-fused,
1226,simulation_0056,What is the height of the fire hydrant in meters?,A3MC,DS,,none,neither arm answered
1227,simulation_0056,What is the height of the streetlight in meters?,A3MC,DS,2.8583081615820345,fuse-fused,
1228,simulation_0056,What is the average speed of the green car from 0.0s to 1.0s in m/s?,A3MC,DD,13.225373303187492,fuse-secondary-only,
1229,simulation_0056,What is the width of the orange car in meters?,A3MC,DS,4.04275001608262,fuse-fused,
1230,simulation_0056,What is the width of the green car in meters?,A3MC,DS,0.45,fuse-disagreement,
1231,simulation_0056,What is the distance between the right streetlight and the left streetlight in meters?,A3MC,DS,0.7802115503477648,fuse-secondary-only,
1232,simulation_0058,What is the speed of the yellow car at 2.5s in m/s？,A3MC,DD,3.8477193868692257,fuse-fused,
1233,simulation_0058,What is the width of the lane in meters?,A3MC,DS,,none,neither arm answered
1234,simulation_0058,What is the length of the white car in meters？,A3MC,DS,4.5,fuse-primary-only,
1235,simulation_0058,What is the length of the turning yellow car in meters?,A3MC,DS,,none,neither arm answered
1236,simulation_0058,What is the height of the turning yellow car in meters?,A3MC,DS,1.5,fuse-primary-only,
1237,simulation_0058,What is the diameter of the bicycle wheel in meters?,A3MC,DS,0.7,fuse-primary-only,
1238,simulation_0058,What is the height of the streetlight in meters?,A3MC,DS,,none,neither arm answered
1239,simulation_0058,What is the speed of the walking pedestrian from 0.0s to 1.0s in m/s?,A3MC,DD,,none,neither arm answered
1240,simulation_0058,What is the height of the walking pedestrian in meters?,A3MC,DS,,none,neither arm answered
1241,simulation_0058,What is the speed of the bicycle from the beginning to the end in m/s?,A3MC,DD,,none,neither arm answered
1242,simulation_0058,What is the width of the green car in meters?,A3MC,DS,,none,neither arm answered
1243,simulation_0058,What is the width of the purple car in meters?,A3MC,DS,1.8,fuse-primary-only,
1244,simulation_0059,What is the speed of the yellow car at 2.5s in m/s？,A3MC,DD,5.800463538614475,fuse-fused,
1245,simulation_0059,What is the width of the lane in meters?,A3MC,DS,1.790660792795875,fuse-secondary-only,
1246,simulation_0059,What is the length of the white car in meters？,A3MC,DS,4.5,fuse-disagreement,
1247,simulation_0059,What is the length of the turning yellow car in meters?,A3MC,DS,4.5,fuse-disagreement,
1248,simulation_0059,What is the height of the turning yellow car in meters?,A3MC,DS,1.5,fuse-disagreement,
1249,simulation_0059,What is the diameter of the bicycle wheel in meters?,A3MC,DS,0.7,fuse-disagreement,
1250,simulation_0059,What is the height of the traffic light in meters?,A3MC,DS,4.5,fuse-disagreement,
1251,simulation_0059,What is the height of the streetlight in meters?,A3MC,DS,5.0,fuse-disagreement,
1252,simulation_0059,What is the speed of the walking pedestrian from the beginning to the end in m/s?,A3MC,DD,0.0281310541663677,fuse-secondary-only,
1253,simulation_0059,What is the height of the walking pedestrian in meters?,A3MC,DS,2.0,fuse-disagreement,
1254,simulation_0059,What is the speed of the bicycle from the beginning to the end in m/s?,A3MC,DD,0.1214907837937083,fuse-secondary-only,
1255,simulation_0059,What is the width of the green car in meters?,A3MC,DS,1.2,fuse-disagreement,
1256,simulation_0059,What is the width of the purple car in meters?,A3MC,DS,1.8,fuse-disagreement,
1257,simulation_0060,What is the speed of the yellow car at 2.5s in m/s？,A3MC,DD,5.0871847620449575,fuse-fused,
1258,simulation_0060,What is the width of the lane in meters?,A3MC,DS,11.335831614024128,fuse-fused,
1259,simulation_0060,What is the length of the white car in meters？,A3MC,DS,4.023754815469433,fuse-fused,
1260,simulation_0060,What is the length of the turning yellow car in meters?,A3MC,DS,3.2186232238930663,fuse-fused,
1261,simulation_0060,What is the height of the turning yellow car in meters?,A3MC,DS,2.0834403687001557,fuse-fused,
1262,simulation_0060,What is the diameter of the bicycle wheel in meters?,A3MC,DS,0.4474867182627472,fuse-fused,
1263,simulation_0060,What is the speed of the walking pedestrian from the beginning to the end in m/s?,A3MC,DD,0.13313582680486194,fuse-fused,
1264,simulation_0060,What is the height of the walking pedestrian in meters?,A3MC,DS,0.8980779210529936,fuse-fused,
1265,simulation_0060,What is the average speed of the bicycle from the beginning to the end in m/s?,A3MC,DD,0.33,fuse-disagreement,
1266,simulation_0060,What is the width of the green car in meters?,A3MC,DS,2.45016990399175,fuse-fused,
1267,simulation_0060,What is the width of the purple car in meters?,A3MC,DS,2.4422372225316646,fuse-fused,
1268,simulation_0061,What is the speed of the yellow car at 2.5s in m/s？,A3MC,DD,6.256065847936341,fuse-fused,
1269,simulation_0061,What is the width of the lane in meters?,A3MC,DS,31.395117137925173,fuse-secondary-only,
1270,simulation_0061,What is the length of the white car in meters？,A3MC,DS,4.341456930183362,fuse-fused,
1271,simulation_0061,What is the length of the turning yellow car in meters?,A3MC,DS,3.761438471656602,fuse-fused,
1272,simulation_0061,What is the height of the turning yellow car in meters?,A3MC,DS,1.671306894879768,fuse-fused,
1273,simulation_0061,What is the diameter of the bicycle wheel in meters?,A3MC,DS,0.7474586863510576,fuse-fused,
1274,simulation_0061,What is the height of the traffic light in meters?,A3MC,DS,1.8081819639235677,fuse-secondary-only,
1275,simulation_0061,What is the height of the streetlight in meters?,A3MC,DS,4.531180287627908,fuse-secondary-only,
1276,simulation_0061,What is the average speed of the walking pedestrian from the beginning to the end in m/s?,A3MC,DD,1.1567877818704315,fuse-secondary-only,
1277,simulation_0061,What is the height of the walking pedestrian in meters?,A3MC,DS,2.225494914148545,fuse-fused,
1278,simulation_0061,What is the average speed of the bicycle from the beginning to the end in m/s?,A3MC,DD,5.3155371683170864,fuse-secondary-only,
1279,simulation_0062,What is the average speed of the yellow car at 2.5s in m/s？,A3MC,DD,6.195594756257864,fuse-fused,
1280,simulation_0062,What is the width of the lane in meters?,A3MC,DS,41.14431359523165,fuse-secondary-only,
1281,simulation_0062,What is the height of the white car in meters？,A3MC,DS,2.588958195078887,fuse-fused,
1282,simulation_0062,What is the length of the white car in meters？,A3MC,DS,6.930860614592777,fuse-secondary-only,
1283,simulation_0062,What is the length of the turning yellow car in meters?,A3MC,DS,5.81343745471194,fuse-secondary-only,
1284,simulation_0062,What is the height of the turning yellow car in meters?,A3MC,DS,2.6665734158611825,fuse-fused,
1285,simulation_0062,What is the width of the turning yellow car in meters?,A3MC,DS,1.05,fuse-disagreement,
1286,simulation_0062,What is the diameter of the bicycle wheel in meters?,A3MC,DS,0.9420060313500551,fuse-fused,
1287,simulation_0062,What is the height of the traffic light in meters?,A3MC,DS,3.0166393086611936,fuse-secondary-only,
1288,simulation_0062,What is the height of the streetlight in meters?,A3MC,DS,9.84011104428324,fuse-secondary-only,
1289,simulation_0062,What is the average speed of the walking pedestrian from the beginning to the end in m/s?,A3MC,DD,1.5868749451604445,fuse-secondary-only,
1290,simulation_0062,What is the height of the walking pedestrian in meters?,A3MC,DS,3.7263240841454013,fuse-fused,
1291,simulation_0062,What is the average speed of the bicycle from the beginning to the end in m/s?,A3MC,DD,8.133399499501103,fuse-secondary-only,
1292,simulation_0063,What is the speed of the yellow car at 2.5s in m/s？,A3MC,DD,11.27947897842238,fuse-secondary-only,
1293,simulation_0063,What is the width of the lane in meters?,A3MC,DS,1.1143402511568306,fuse-secondary-only,
1294,simulation_0063,What is the height of the white car in meters？,A3MC,DS,2.55,fuse-disagreement,
1295,simulation_0063,What is the length of the white car in meters？,A3MC,DS,4.5,fuse-disagreement,
1296,simulation_0063,What is the length of the turning yellow car in meters?,A3MC,DS,4.5,fuse-disagreement,
1297,simulation_0063,What is the height of the turning yellow car in meters?,A3MC,DS,0.1143593956017866,fuse-secondary-only,
1298,simulation_0063,What is the width of the turning yellow car in meters?,A3MC,DS,1.8,fuse-disagreement,
1299,simulation_0063,What is the diameter of the bicycle wheel in meters?,A3MC,DS,0.75,fuse-disagreement,
1300,simulation_0063,What is the height of the traffic light in meters?,A3MC,DS,0.0743089652574307,fuse-secondary-only,
1301,simulation_0063,What is the height of the streetlight in meters?,A3MC,DS,0.6960975215632421,fuse-secondary-only,
1302,simulation_0063,What is the average speed of the walking pedestrian from the beginning to the end in m/s?,A3MC,DD,0.0377922614704306,fuse-secondary-only,
1303,simulation_0063,What is the height of the walking pedestrian in meters?,A3MC,DS,1.75,fuse-disagreement,
1304,simulation_0063,What is the average speed of the bicycle from the beginning to the end in m/s?,A3MC,DD,0.2423779286262131,fuse-secondary-only,
1305,simulation_0064,What is the speed of the yellow car at 2.5s in m/s？,A3MC,DD,2.9753488275314135,fuse-fused,
1306,simulation_0064,What is the width of the lane in meters?,A3MC,DS,2.404511059592272,fuse-fused,
1307,simulation_0064,What is the height of the white car in meters？,A3MC,DS,1.7,fuse-disagreement,
1308,simulation_0064,What is the width of the white car in meters？,A3MC,DS,1.8,fuse-disagreement,
1309,simulation_0064,What is the length of the turning yellow car in meters?,A3MC,DS,4.5,fuse-disagreement,
1310,simulation_0064,What is the height of the turning yellow car in meters?,A3MC,DS,1.5,fuse-disagreement,
1311,simulation_0064,What is the width of the turning yellow car in meters?,A3MC,DS,0.3597683278420733,fuse-secondary-only,
1312,simulation_0064,What is the diameter of the bicycle wheel in meters?,A3MC,DS,0.75,fuse-disagreement,
1313,simulation_0064,What is the height of the traffic light in meters?,A3MC,DS,1.7,fuse-disagreement,
1314,simulation_0064,What is the average speed of the walking pedestrian from 1.0s to the end in m/s?,A3MC,DD,38.722,fuse-disagreement,
1315,simulation_0064,What is the height of the walking pedestrian in meters?,A3MC,DS,1.7,fuse-disagreement,
1316,simulation_0064,What is the average speed of the bicycle from the beginning to the end in m/s?,A3MC,DD,0.1353414073090154,fuse-secondary-only,
1317,simulation_0065,What is the average speed of the yellow car from the beginning to the end in m/s？,A3MC,DD,,none,neither arm answered
1318,simulation_0065,What is the width of the lane in meters?,A3MC,DS,3.5,fuse-primary-only,
1319,simulation_0065,What is the height of the white car in meters？,A3MC,DS,1.5,fuse-primary-only,
1320,simulation_0065,What is the width of the white car in meters？,A3MC,DS,1.8,fuse-primary-only,
1321,simulation_0065,What is the length of the turning yellow car in meters?,A3MC,DS,4.5,fuse-primary-only,
1322,simulation_0065,What is the height of the turning yellow car in meters?,A3MC,DS,1.5,fuse-primary-only,
1323,simulation_0065,What is the width of the turning yellow car in meters?,A3MC,DS,,none,neither arm answered
1324,simulation_0065,What is the diameter of the bicycle wheel in meters?,A3MC,DS,0.7,fuse-primary-only,
1325,simulation_0065,What is the height of the traffic light in meters?,A3MC,DS,4.5,fuse-primary-only,
1326,simulation_0065,What is the average speed of the walking pedestrian from 1.0s to 2.0s in m/s?,A3MC,DD,1.1,fuse-primary-only,
1327,simulation_0065,What is the height of the walking pedestrian in meters?,A3MC,DS,1.7,fuse-primary-only,
1328,simulation_0065,What is the average speed of the bicycle from the beginning to the end in m/s?,A3MC,DD,,none,neither arm answered
1329,simulation_0066,What is the speed of the yellow car at 2.5s in m/s？,A3MC,DD,13.5,fuse-disagreement,
1330,simulation_0066,What is the width of the lane in meters?,A3MC,DS,10.098738024109158,fuse-secondary-only,
1331,simulation_0066,What is the width of the white car in meters?,A3MC,DS,4.271130621753872,fuse-secondary-only,
1332,simulation_0066,What is the length of the white car in meters？,A3MC,DS,4.477865025784,fuse-fused,
1333,simulation_0066,What is the height of the white car in meters？,A3MC,DS,2.7024464805206962,fuse-fused,
1334,simulation_0066,What is the length of the turning yellow car in meters?,A3MC,DS,3.481261436302104,fuse-secondary-only,
1335,simulation_0066,What is the height of the turning yellow car in meters?,A3MC,DS,1.7760610813224114,fuse-fused,
1336,simulation_0066,What is the width of the turning yellow car in meters?,A3MC,DS,2.856257770928537,fuse-fused,
1337,simulation_0066,What is the diameter of the bicycle wheel in meters?,A3MC,DS,0.625672904042969,fuse-fused,
1338,simulation_0066,What is the average speed of the walking pedestrian from the beginning to the end in m/s?,A3MC,DD,1.2145144339739335,fuse-secondary-only,
1339,simulation_0066,What is the height of the walking pedestrian in meters?,A3MC,DS,1.5380269073462953,fuse-fused,
1340,simulation_0066,What is the average speed of the bicycle from the beginning to the end in m/s?,A3MC,DD,2.6906664122468027,fuse-secondary-only,
1341,simulation_0066,What is the width of the green car in meters?,A3MC,DS,2.4524190478941574,fuse-fused,
1342,simulation_0066,What is the length of the green car in meters?,A3MC,DS,2.249485985043523,fuse-secondary-only,
1343,simulation_0066,What is the height of the green car in meters?,A3MC,DS,1.2880086787879619,fuse-fused,
1344,simulation_0066,What is the width of the purple car in meters?,A3MC,DS,4.720159969476534,fuse-fused,
1345,simulation_0066,What is the height of the purple car in meters?,A3MC,DS,2.490182241885923,fuse-fused,
1346,simulation_0067,What is the speed of the yellow car at 2.5s in m/s？,A3MC,DD,6.512564061805175,fuse-fused,
1347,simulation_0067,What is the width of the lane in meters?,A3MC,DS,3.5,fuse-disagreement,
1348,simulation_0067,What is the width of the white car in meters?,A3MC,DS,4.5,fuse-disagreement,
1349,simulation_0067,What is the length of the white car in meters？,A3MC,DS,5.0,fuse-disagreement,
1350,simulation_0067,What is the height of the white car in meters？,A3MC,DS,1.5,fuse-disagreement,
1351,simulation_0067,What is the length of the turning yellow car in meters?,A3MC,DS,4.5,fuse-disagreement,
1352,simulation_0067,What is the height of the turning yellow car in meters?,A3MC,DS,15.914166238271111,fuse-fused,
1353,simulation_0067,What is the width of the turning yellow car in meters?,A3MC,DS,1.8,fuse-disagreement,
1354,simulation_0067,What is the diameter of the bicycle wheel in meters?,A3MC,DS,0.6,fuse-disagreement,
1355,simulation_0067,What is the average speed of the walking pedestrian from the beginning to the end in m/s?,A3MC,DD,3.502119184655919,fuse-secondary-only,
1356,simulation_0067,What is the height of the walking pedestrian in meters?,A3MC,DS,0.83,fuse-disagreement,
1357,simulation_0067,What is the average speed of the bicycle from the beginning to the end in m/s?,A3MC,DD,20.813938939755914,fuse-secondary-only,
1358,simulation_0067,What is the width of the purple car in meters?,A3MC,DS,21.927813264010588,fuse-secondary-only,
1359,simulation_0067,What is the height of the purple car in meters?,A3MC,DS,1.5,fuse-disagreement,
1360,simulation_0067,What is the length of the purple car in meters?,A3MC,DS,13.63516761474275,fuse-fused,
1361,simulation_0074,What is the length of the turning yellow car in meters?,S3MS,SS,5.583349773816159,fuse-primary-only,
1362,simulation_0074,What is the average speed of the walking pedestrian from the beginning to the end in m/s?,S3MS,SD,0.7903410341108504,fuse-primary-only,
1363,simulation_0074,What is the height of the walking pedestrian in meters?,S3MS,SS,1.6183422710321713,fuse-fused,
1364,simulation_0074,What is the average speed of the turing yellow car from the beginning to the end in m/s?,S3MS,SD,5.610359920056904,fuse-primary-only,
1365,simulation_0074,What is the width of the turning yellow car in meters?,S3MS,SS,2.5278960088032365,fuse-fused,
1366,simulation_0074,What is the height of the turning yellow car in meters?,S3MS,SS,2.448783491683127,fuse-primary-only,
1367,simulation_0074,What is the width of the purple car in meters?,S3MS,SS,4.97655721744712,fuse-primary-only,
1368,simulation_0074,What is the height of the purple car in meters?,S3MS,SS,2.692237268392676,fuse-primary-only,
1369,simulation_0074,What is the length of the purple car in meters?,S3MS,SS,4.97655721744712,fuse-primary-only,
1370,simulation_0074,What is the average speed of the bicycle from the beginning to the end in m/s?,S3MS,SD,5.111006829053502,fuse-primary-only,
1371,simulation_0074,What is the side length of the square earthen platform in meters?,S3MS,SS,12.822515098526736,fuse-primary-only,
1372,simulation_0074,What is the diameter of the bicycle wheel in meters?,S3MS,SS,0.5894949369969507,fuse-fused,
1373,simulation_0074,What is the width of the white car in meters?,S3MS,SS,4.196209142486576,fuse-fused,
1374,simulation_0074,What is the acceleration of the white car at 2.0s in m/s^2?,S3MS,SD,7.800403843628413,fuse-disagreement,
1375,simulation_0074,What is the height of the white car in meters？,S3MS,SD,4.704003726529741,fuse-primary-only,
1376,simulation_0109,What is the distance between two cells at 1s in meters?,V3MX,DS,0.02,fuse-primary-only,
1377,simulation_0109,What is the diameter of the red blood cell in meters？,V3MX,DS,1.2323077061644434,fuse-fused,
1378,simulation_0110,What is the distance between two cells at 1s in meters?,V3MX,DS,,none,neither arm answered
1379,simulation_0110,What is the thickness of the red blood cell in meters？,V3MX,DS,2e-05,fuse-disagreement,
1380,simulation_0110,What is the diameter of the red blood cell in meters？,V3MX,DS,0.2085299671903997,fuse-secondary-only,
1381,simulation_0143,What is the side length of the floor tile in meters?,S3MC,SS,12.45013201359941,fuse-primary-only,
1382,simulation_0143,What is the speed of the man at time 1s in m/s?,S3MC,SD,1.6294978383659964,fuse-primary-only,
1383,simulation_0143,What is the speed of the man at time 2s in m/s?,S3MC,SD,1.4652298633248413,fuse-fused,
1384,simulation_0143,What is the acceleration of the man at time 2.5s in m/s?,S3MC,SD,1.6294978383659964,fuse-disagreement,
1385,simulation_0164,What is the speed of the ball at time 0.5s in m/s?,S3MC,SD,2.682946398056114,fuse-disagreement,
1386,simulation_0164,What is the acceleration of the ball at time 0.5s in m/s^2?,S3MC,SD,1.4753866869505,fuse-fused,
1387,simulation_0164,What is the speed of the ball at time 1s in m/s?,S3MC,SD,2.682946398056114,fuse-primary-only,
1388,simulation_0164,What is the acceleration of the ball at time 1s in m/s^2?,S3MC,SD,1.3347573640115344,fuse-fused,
1389,simulation_0164,What is the height of the bowling pin in meters?,S3MC,SS,0.19677100414150434,fuse-fused,
1390,simulation_0168,What is the width of the road that the bike crossed through in meters?,V3MC,DS,10.651181928222565,fuse-secondary-only,
1391,simulation_0168,What is the length of the bike in meters?,V3MC,DS,1.0534077883800985,fuse-fused,
1392,simulation_0168,What is the length of the police car in meters?,V3MC,DS,1.8585799543862835,fuse-secondary-only,
1393,simulation_0168,What is the width of the police car in meters?,V3MC,DS,2.423207632678341,fuse-fused,
1394,simulation_0168,What is the average speed of the police car in m/s?,V3MC,DD,1.0374081404876463,fuse-secondary-only,
1395,simulation_0168,What is the width of the road that the bike and the car are on in meters?,V3MC,DS,10.654983152507752,fuse-secondary-only,
1396,simulation_0168,What is the diameter of the police car's tire in meters?,V3MC,DS,0.4295297167173611,fuse-fused,
1397,simulation_0168,What is the diameter of the bike's wheel in meters?,V3MC,DS,0.5074216493740527,fuse-fused,
1398,simulation_0170,What is the speed of the astronaut at time 0.5s in m/s?,S3SS,SD,2.2267883892191143,fuse-disagreement,
1399,simulation_0170,What is the acceleration of the astronaut at time 0.5s in m/s^2?,S3SS,SD,1.6956430821395725,fuse-primary-only,
1400,simulation_0170,What is the speed of the astronaut at time 1s in m/s?,S3SS,SD,2.2267883892191143,fuse-primary-only,
1401,simulation_0170,What is the acceleration of the astronaut at time 1s in m/s^2?,S3SS,SD,1.6956430821395725,fuse-primary-only,
1402,simulation_0170,What is the speed of the astronaut at time 2s in m/s?,S3SS,SD,2.2267883892191143,fuse-primary-only,
1403,simulation_0170,What is the acceleration of the astronaut at time 2s in m/s^2?,S3SS,SD,1.6956430821395725,fuse-primary-only,
1404,simulation_0170,What is the speed of the astronaut at time 3s in m/s?,S3SS,SD,2.2267883892191143,fuse-primary-only,
1405,simulation_0170,What is the acceleration of the astronaut at time 3s in m/s^2?,S3SS,SD,1.6956430821395725,fuse-primary-only,
1406,simulation_0172,What is the speed of the astronaut at time 0.5s in m/s?,S3SS,SD,2.8552204094993874,fuse-fused,
1407,simulation_0172,What is the acceleration of the astronaut at time 0.5s in m/s^2?,S3SS,SD,1.8525846199619478,fuse-fused,
1408,simulation_0172,What is the speed of the astronaut at time 1s in m/s?,S3SS,SD,2.036727550797243,fuse-disagreement,
1409,simulation_0172,What is the acceleration of the astronaut at time 1s in m/s^2?,S3SS,SD,2.533524724425383,fuse-primary-only,
1410,simulation_0172,What is the speed of the astronaut at time 2s in m/s?,S3SS,SD,2.036727550797243,fuse-primary-only,
1411,simulation_0172,What is the acceleration of the astronaut at time 2s in m/s^2?,S3SS,SD,2.533524724425383,fuse-disagreement,
1412,simulation_0172,What is the speed of the astronaut at time 3s in m/s?,S3SS,SD,2.036727550797243,fuse-primary-only,
1413,simulation_0172,What is the acceleration of the astronaut at time 3s in m/s^2?,S3SS,SD,2.533524724425383,fuse-primary-only,
1414,simulation_0176,What is the length of the airplane in meters?,V3MC,DS,39.15748089838493,fuse-fused,
1415,simulation_0176,What is the height of the stone cliff on the beach in meters?,V3MC,DS,30.512626007484563,fuse-fused,
1416,simulation_0176,What is the diameter of the rear wheels on an aircraft landing gear in meters?,V3MC,DS,0.3,fuse-disagreement,
1417,simulation_0180,What is the length of the trolley in meters?,A3MC,DS,0.9913121762297201,fuse-fused,
1418,simulation_0180,What is the height of the trolley in meters?,A3MC,DS,1.187862941971095,fuse-secondary-only,
1419,simulation_0180,What is the height of the entrance gate (including the frame) in meters?,A3MC,DS,2.8938603835768433,fuse-fused,
1420,simulation_0180,What is the length of the side of the orange tiles on the floor in meters?,A3MC,DS,7.834807331429514,fuse-secondary-only,
1421,simulation_0180,What is the speed of the trolley at time 1s in m/s?,A3MC,DD,1.608811919750368,fuse-secondary-only,
1422,simulation_0180,What is the speed of the trolley at time 2s in m/s?,A3MC,DD,1.608811919750368,fuse-secondary-only,
1423,simulation_0182,What is the acceleration of the box at 0.2s in m/s^2?,A3SC,DD,3.533440322324453,fuse-secondary-only,
1424,simulation_0182,What is the speed of the box at time 1s in m/s?,A3SC,DD,2.062867807070921,fuse-secondary-only,
1425,simulation_0182,What is the speed of the box at time 1.5s in m/s?,A3SC,DD,2.419480430708762,fuse-fused,
1426,simulation_0182,What is the length of the box in meters?,A3SC,DS,1.1259325760177854,fuse-fused,
1427,simulation_0182,What is the height of the box in meters?,A3SC,DS,0.9593353708985697,fuse-fused,
1428,simulation_0184,What is the acceleration of the box at 0.2s in m/s^2?,A3SC,DD,0.0384242935386144,fuse-secondary-only,
1429,simulation_0184,What is the speed of the box at time 1s in m/s?,A3SC,DD,0.1960067859489717,fuse-secondary-only,
1430,simulation_0184,What is the speed of the box at time 1.5s in m/s?,A3SC,DD,0.1960067859489717,fuse-secondary-only,
1431,simulation_0184,What is the length of the box in meters?,A3SC,DS,1.3345950383020224,fuse-secondary-only,
1432,simulation_0184,What is the height of the box in meters?,A3SC,DS,1.3345950383020224,fuse-secondary-only,
1433,simulation_0186,What is the acceleration of the box at 0.2s in m/s^2?,A3SC,DD,0.2826387867525223,fuse-secondary-only,
1434,simulation_0186,What is the speed of the box at time 1s in m/s?,A3SC,DD,0.3610176853633942,fuse-secondary-only,
1435,simulation_0186,What is the speed of the box at time 1.5s in m/s?,A3SC,DD,0.3610176853633942,fuse-secondary-only,
1436,simulation_0186,What is the length of the box in meters?,A3SC,DS,0.5,fuse-disagreement,
1437,simulation_0186,What is the height of the box in meters?,A3SC,DS,0.72,fuse-disagreement,
1438,simulation_0188,What is the length of the truck in meters?,A3SS,DS,3.124222252026304,fuse-secondary-only,
1439,simulation_0188,What is the height of the truck in meters?,A3SS,DS,2.351282231851698,fuse-secondary-only,
1440,simulation_0188,What is the diameter of the truck's tire in meters?,A3SS,DS,0.5508846565707988,fuse-fused,
1441,simulation_0188,What is the speed of the truck at time 1s in m/s?,A3SS,DD,3.3030770060016588,fuse-secondary-only,
1442,simulation_0188,What is the speed of the truck at time 1.5s in m/s?,A3SS,DD,5.316357141235721,fuse-fused,
1443,simulation_0188,What is the width of the truck in meters?,A3SS,DS,2.92214220912567,fuse-fused,
1444,simulation_0201,What is the speed of the droplet at time 0.2s in m/s?,A3SS,DD,0.3205780837890617,fuse-secondary-only,
1445,simulation_0201,What is the speed of the droplet at time 0.05s in m/s?,A3SS,DD,0.3640931464821228,fuse-fused,
1446,simulation_0201,What is the speed of the droplet at time 0.1s in m/s?,A3SS,DD,0.3205780837890617,fuse-secondary-only,
1447,simulation_0299,"What is the speed of the forklift at 1.0s, in m/s?",A3SX,DD,3.0661245350775523,fuse-secondary-only,
1448,simulation_0299,"What is the speed of the forklift at 2.0s, in m/s?",A3SX,DD,27.2534190303252,fuse-secondary-only,
1449,simulation_0299,What is the length(from the fork tips to the rear bumper) of the forklift in meters?,A3SX,DS,2.5,fuse-disagreement,
1450,simulation_0299,What is the width(from the left wheel to the right wheel) of the forklift in meters?,A3SX,DS,13.891849216589282,fuse-secondary-only,
1451,simulation_0299,What is the height of the forklift in meters?,A3SX,DS,15.17886832417526,fuse-secondary-only,
1452,simulation_0300,"What is the speed of the car at 1.0s, in m/s?",A3SX,DD,6.812764828828228,fuse-secondary-only,
1453,simulation_0300,"What is the speed of the car at 2.0s, in m/s?",A3SX,DD,22.2081364535793,fuse-secondary-only,
1454,simulation_0300,What is the length ((from the front to the back) of the car in meters?,A3SX,DS,4.5,fuse-disagreement,
1455,simulation_0300,What is the width (from the left wheel to the right wheel) of the car in meters?,A3SX,DS,1.8,fuse-disagreement,
1456,simulation_0300,What is the height of the car in meters?,A3SX,DS,1.1,fuse-disagreement,
1457,simulation_0301,"What is the speed of the forklift at 1.0s, in m/s?",A3MX,DD,3.0318258385650454,fuse-secondary-only,
1458,simulation_0301,"What is the speed of the forklift at 2.0s, in m/s?",A3MX,DD,2.348160142695197,fuse-secondary-only,
1459,simulation_0301,What is the length(from the fork tips to the rear bumper) of the forklift in meters?,A3MX,DS,5.612545026730292,fuse-fused,
1460,simulation_0301,What is the width(from the left wheel to the right wheel) of the forklift in meters?,A3MX,DS,5.610364982824945,fuse-fused,
1461,simulation_0301,What is the height of the forklift in meters?,A3MX,DS,5.612545026730292,fuse-fused,
1462,simulation_0301,"What is the speed of the car at 1.0s, in m/s?",A3MX,DD,7.051890777052933,fuse-fused,
1463,simulation_0301,"What is the speed of the car at 2.0s, in m/s?",A3MX,DD,5.5278063017335,fuse-secondary-only,
1464,simulation_0301,What is the length ((from the front to the back) of the car in meters?,A3MX,DS,6.73189400789584,fuse-fused,
1465,simulation_0301,What is the width (from the left wheel to the right wheel) of the car in meters?,A3MX,DS,8.000276958811302,fuse-secondary-only,
1466,simulation_0301,What is the height of the car in meters?,A3MX,DS,3.1051595669688075,fuse-fused,
1467,simulation_0301,What is the acceleration of the car at 2.0s in m/s^2?,A3MX,DD,4.393399278318287,fuse-secondary-only,
1468,simulation_0302,What is the body length of the dragon in meters?,V3SX,DS,0.7937842644874529,fuse-secondary-only,
1469,simulation_0302,"What is the displacement of the dragon from 0.5 s to 1.0 s, in meters?",V3SX,DS,0.7937842644874529,fuse-secondary-only,
1470,simulation_0303,What is the length of the plane in meters?,V3SX,DS,18.149349978663707,fuse-secondary-only,
1471,simulation_0303,What is the width of the plane in meters?,V3SX,DS,18.149349978663707,fuse-secondary-only,
1472,simulation_0303,"What is the displacement of the plane from 0.5 s to 1.0 s, in meters?",V3SX,DS,18.149349978663707,fuse-secondary-only,
1473,simulation_0304,What is the length of the whale in meters?,V3SX,DS,14.925072275393589,fuse-fused,
1474,simulation_0304,"What is the displacement of the whale from 0.5 s to 1.0 s, in meters?",V3SX,DS,17.71952440961474,fuse-secondary-only,
1475,simulation_0305,What is the length of the plane in meters?,V3SS,DS,15.220252782644435,fuse-fused,
1476,simulation_0305,What is the width of the plane in meters?,V3SS,DS,18.222277868797157,fuse-secondary-only,
1477,simulation_0305,"What is the displacement of the plane from 0.5 s to 1.0 s, in meters?",V3SS,DS,18.222277868797157,fuse-secondary-only,
1478,simulation_0306,What is the length of the whale in meters?,V3SS,DS,3.37,fuse-disagreement,
1479,simulation_0306,"What is the displacement of the whale from 0.5 s to 1.0 s, in meters?",V3SS,DS,18.938469791488693,fuse-secondary-only,
1480,simulation_0307,What is the length of the plane in meters?,V3SC,DS,15.210646878542532,fuse-fused,
1481,simulation_0307,What is the width of the plane in meters?,V3SC,DS,17.99915909759924,fuse-secondary-only,
1482,simulation_0307,"What is the displacement of the plane from 0.5 s to 1.0 s, in meters?",V3SC,DS,15.561034986796829,fuse-fused,
1483,simulation_0308,What is the length of the whale in meters?,V3SC,DS,17.29169427622783,fuse-secondary-only,
1484,simulation_0308,"What is the displacement of the whale from 0.5 s to 1.0 s, in meters?",V3SC,DS,17.29169427622783,fuse-secondary-only,
1485,simulation_0309,What is the body length of the dragon in meters?,V3SC,DS,0.9169203605723898,fuse-secondary-only,
1486,simulation_0309,"What is the displacement of the dragon from 0.5 s to 1.0 s, in meters?",V3SC,DS,0.9169203605723898,fuse-secondary-only,
1487,simulation_0310,"What is the speed of the forklift at 1.0s, in m/s?",S3SC,SD,2.628940057308753,fuse-primary-only,
1488,simulation_0310,"What is the speed of the forklift at 2.0s, in m/s?",S3SC,SD,3.0358752385601715,fuse-primary-only,
1489,simulation_0310,What is the length(from the fork tips to the rear bumper) of the forklift in meters?,S3SC,SS,2.670773491949228,fuse-primary-only,
1490,simulation_0310,What is the width(from the left wheel to the right wheel) of the forklift in meters?,S3SC,SS,1.5255202937491352,fuse-fused,
1491,simulation_0310,What is the acceleration of the forklift at 1.0s in m/s^2?,S3SC,SD,0.4763246524702885,fuse-fused,
1492,simulation_0311,"What is the speed of the car at 1.0s, in m/s?",S3SC,SD,6.079116259715186,fuse-primary-only,
1493,simulation_0311,"What is the speed of the car at 2.0s, in m/s?",S3SC,SD,5.718396358574116,fuse-primary-only,
1494,simulation_0311,What is the length ((from the front to the back) of the car in meters?,S3SC,SS,3.5708005587945917,fuse-fused,
1495,simulation_0311,What is the width (from the left wheel to the right wheel) of the car in meters?,S3SC,SS,2.193625074587964,fuse-primary-only,
1496,simulation_0311,What is the acceleration of the car at 1.0s in m/s^2?,S3SC,SD,2.972911729886078,fuse-fused,
1497,simulation_0016,What is the width of the pedestal (square base) of the central sculpture in meters?,V3MC,DS,1.0247617460114717,fuse-fused,
1498,simulation_0016,What is the width of the bench seat in the atrium in meters?,V3MC,DS,0.6552401674650612,fuse-fused,
1499,simulation_0016,What is the length of the bench seat in the atrium in meters?,V3MC,DS,1.9358302533781255,fuse-fused,
1500,simulation_0030,What is the length of the eagle in meters?,V3MC,DS,0.4621939445423371,fuse-fused,
1501,simulation_0140,What is the height of each window frame in meters?,S3MC,SS,1.711273789710001,fuse-fused,
1502,simulation_0140,What is the width of the letter neon sign in meters?,S3MC,SS,1.0161717837452793,fuse-primary-only,
1503,simulation_0140,What is the height of the letter neon sign in meters?,S3MC,SS,0.1804276897249745,fuse-disagreement,
1504,simulation_0140,What is the distance between the bird’s flight path and the wall with the neon sign?,S3MC,SS,0.0369558890959992,fuse-primary-only,
1505,simulation_0140,What is the total length of the bird’s flight path in meters?,S3MC,SS,1.6604196261025277,fuse-primary-only,
1506,simulation_0140,What is the velocity of the bird at 1.0s in m/s?,S3MC,SD,0.9164079635488441,fuse-fused,
1507,simulation_0141,What is the height of the man in meters?,V3MC,DS,1.7,fuse-disagreement,
1508,simulation_0141,What is the total distance the man walked in meters?,V3MC,DS,25.021312691801487,fuse-secondary-only,
1509,simulation_0141,What is the side length of the floor tile in meters?,V3MC,DS,94.35608654519372,fuse-secondary-only,
1510,simulation_0141,What is the distance from the man’s foot to the left wall in meters?,V3MC,DS,1.5,fuse-disagreement,
1511,simulation_0141,What is the distance from the man’s foot to the right wall in meters?,V3MC,DS,1.5,fuse-disagreement,
1512,simulation_0144,What is the diameter of the tire in meters?,S3MC,SS,1.1716587238591063,fuse-fused,
1513,simulation_0144,What is the width of the vehicle in meters?,S3MC,SS,3.7001109212956895,fuse-fused,
1514,simulation_0144,What is the average speed of the rocket in m/s?,S3MC,SD,21.057357611384155,fuse-primary-only,
1515,simulation_0144,What is the speed of the rocket at time 1s in m/s?,S3MC,SD,10.46001611370087,fuse-fused,
1516,simulation_0144,What is the acceleration of the rocket at time 1s in m/s^2?,S3MC,SD,13.142158067328593,fuse-fused,
1517,simulation_0144,"What is the width of the road the vehicle is on, in meters?",S3MC,SD,4.711502626044459,fuse-fused,
1518,simulation_0149,What is the width of the car in meters?,S3MC,SS,6.544196967169591,fuse-primary-only,
1519,simulation_0149,"What is the height, in meters, of the black-and-white collision warning markings on the pillar?",S3MC,SS,2.7497753330545334,fuse-primary-only,
1520,simulation_0149,"What is the width of the pillar, in meters, with the collision warning markings on it?",S3MC,SS,1.4217003997583244,fuse-fused,
1521,simulation_0149,What is the speed of the car at time 0.5s in m/s?,S3MC,SD,9.661848921355766,fuse-primary-only,
1522,simulation_0149,What is the acceleration of the car at time 0.5s in m/s^2?,S3MC,SD,7.33118020258323,fuse-fused,
1523,simulation_0149,What is the speed of the car at time 1s in m/s?,S3MC,SD,9.661848921355766,fuse-primary-only,
1524,simulation_0149,What is the acceleration of the car at time 1s in m/s?,S3MC,SD,9.661848921355766,fuse-primary-only,
1525,simulation_0150,What is the width of the car in meters?,S3MC,SS,1.9622953119422077,fuse-fused,
1526,simulation_0150,"What is the height, in meters, of the black-and-white collision warning markings on the pillar?",S3MC,SS,1.4011387570060334,fuse-primary-only,
1527,simulation_0150,"What is the width of the pillar, in meters, with the collision warning markings on it?",S3MC,SS,0.8508462003386792,fuse-primary-only,
1528,simulation_0150,What is the speed of the car at time 0.5s in m/s?,S3MC,SD,5.58046426382503,fuse-primary-only,
1529,simulation_0150,What is the acceleration of the car at time 0.5s in m/s^2?,S3MC,SD,16.565434981538726,fuse-primary-only,
1530,simulation_0150,What is the speed of the car at time 1s in m/s?,S3MC,SD,5.58046426382503,fuse-primary-only,
1531,simulation_0150,What is the acceleration of the car at time 1s in m/s^2?,S3MC,SD,16.565434981538726,fuse-disagreement,
1532,simulation_0150,"What is the width, in meters, of the 'B1' lettering on the wall behind the car?",S3MC,SS,1.316343433217876,fuse-fused,
1533,simulation_0150,"What is the height, in meters, of the 'B1' lettering on the wall behind the car?",S3MC,SS,1.682756226786278,fuse-fused,
1534,simulation_0150,"What is the distance, in meters, between the pillars on one side?",S3MC,SS,2.04667716512045,fuse-disagreement,
1535,simulation_0151,"What is the width, in meters, of the blue car?",S3MC,SS,1.161013385559054,fuse-fused,
1536,simulation_0151,What is the speed of the yellow car at time 1s in m/s?,S3MC,SD,10.509838797539663,fuse-fused,
1537,simulation_0151,What is the acceleration of the yellow car at time 1s in m/s^2?,S3MC,SD,11.226590747511125,fuse-primary-only,
1538,simulation_0151,What is the speed of the blue car at time 1s in m/s?,S3MC,SD,5.918926589266865,fuse-fused,
1539,simulation_0151,What is the acceleration of the blue car at time 1s in m/s^2?,S3MC,SD,11.338915691323512,fuse-disagreement,
1540,simulation_0152,"What is the width, in meters, of the blue car?",S3MC,SS,2.1705429086196544,fuse-primary-only,
1541,simulation_0152,What is the speed of the yellow car at time 1s in m/s?,S3MC,SD,6.411289441481423,fuse-primary-only,
1542,simulation_0152,What is the acceleration of the yellow car at time 1s in m/s^2?,S3MC,SD,6.590890461975289,fuse-primary-only,
1543,simulation_0152,What is the speed of the blue car at time 1s in m/s?,S3MC,SD,1.6947126601753442,fuse-primary-only,
1544,simulation_0152,What is the acceleration of the blue car at time 1s in m/s^2?,S3MC,SD,12.030856588118288,fuse-disagreement,
1545,simulation_0159,How long is the turtle in meters?,A3MS,DS,0.7382641194948455,fuse-secondary-only,
1546,simulation_0159,What is the speed of the turtle at time 1s in m/s?,A3MS,DD,0.9781810279365124,fuse-secondary-only,
1547,simulation_0159,What is the speed of the turtle at time 1.5s in m/s?,A3MS,DD,7.92,fuse-disagreement,
1548,simulation_0159,How long is the shark in meters?,A3MS,DS,4.0,fuse-disagreement,
1549,simulation_0159,What is the difference in water depth between the centers of the shark’s body and the turtle’s body in meters?,A3MS,DS,0.8660009981208071,fuse-fused,
1550,simulation_0159,What is the acceleration of the shark at 0.5s in m/s^2?,A3MS,DD,2.64,fuse-disagreement,
1551,simulation_0159,What is the speed of the shark at time 1s in m/s?,A3MS,DD,1.981625061071505,fuse-fused,
1552,simulation_0159,What is the speed of the shark at time 1.5s in m/s?,A3MS,DD,10.0,fuse-disagreement,
1553,simulation_0195,What is the orbital diameter of the Callisto model in meters?,V3MS,DS,3.76,fuse-primary-only,
1554,simulation_0195,What is the diameter of the model of Callisto (orbiting model) in meters?,V3MS,DS,0.004,fuse-primary-only,
1555,simulation_0195,What is the diameter of the model of Jupiter (the one at the center) in meters?,V3MS,DS,13.5,fuse-primary-only,
1556,simulation_0202,What is the length of the table in meters?,A3MC,DS,,none,neither arm answered
1557,simulation_0202,What is the width of the table in meters?,A3MC,DS,1.4,fuse-primary-only,
1558,simulation_0202,What is the length of the typewriter in meters?,A3MC,DS,0.45,fuse-primary-only,
1559,simulation_0202,What is the width of the typewriter in meters?,A3MC,DS,,none,neither arm answered
1560,simulation_0202,What is the height of the typewriter in meters?,A3MC,DS,0.45,fuse-primary-only,
1561,simulation_0202,What is the width of the paper next to the magnifying glass in meters?,A3MC,DS,,none,neither arm answered
1562,simulation_0202,What is the speed of the magnifying glass at time 0.125s in m/s?,A3MC,DD,,none,neither arm answered
1563,simulation_0202,What is the speed of the magnifying glass at time 0.25s in m/s?,A3MC,DD,1.2,fuse-primary-only,
1564,simulation_0202,What is the speed of the magnifying glass at time 0.333s in m/s?,A3MC,DD,,none,neither arm answered
1565,simulation_0205,What is the length of the table in meters?,A3MS,DS,31.977800546702124,fuse-secondary-only,
1566,simulation_0205,What is the width of the table in meters?,A3MS,DS,1.41,fuse-disagreement,
1567,simulation_0205,What is the length of the typewriter in meters?,A3MS,DS,0.45,fuse-disagreement,
1568,simulation_0205,What is the width of the typewriter in meters?,A3MS,DS,32.012112523143465,fuse-secondary-only,
1569,simulation_0205,What is the height of the typewriter in meters?,A3MS,DS,0.3,fuse-disagreement,
1570,simulation_0205,What is the speed of the magnifying glass at time 0.125s in m/s?,A3MS,DD,2.543688092971726,fuse-secondary-only,
1571,simulation_0205,What is the speed of the magnifying glass at time 0.25s in m/s?,A3MS,DD,3.0965886950540105,fuse-fused,
1572,simulation_0205,What is the speed of the magnifying glass at time 0.333s in m/s?,A3MS,DD,2.543688092971726,fuse-secondary-only,
1573,simulation_0206,What is the length of the table in meters?,A3MC,DS,15.073565389789064,fuse-secondary-only,
1574,simulation_0206,What is the width of the table in meters?,A3MC,DS,1.41,fuse-disagreement,
1575,simulation_0206,What is the length of the typewriter in meters?,A3MC,DS,2.9426845275389595,fuse-secondary-only,
1576,simulation_0206,What is the width of the typewriter in meters?,A3MC,DS,2.9426845275389595,fuse-secondary-only,
1577,simulation_0206,What is the height of the typewriter in meters?,A3MC,DS,1.0038048858370163,fuse-fused,
1578,simulation_0206,What is the speed of the typewriter at time 0.125s in m/s?,A3MC,DD,12.125587847806557,fuse-secondary-only,
1579,simulation_0206,What is the speed of the typewriter at time 0.25s in m/s?,A3MC,DD,12.125587847806557,fuse-secondary-only,
1580,simulation_0206,What is the speed of the typewriter at time 0.333s in m/s?,A3MC,DD,12.125587847806557,fuse-secondary-only,
1581,simulation_0206,What is the width of the paper next to the typewriter in meters?,A3MC,DS,1.3176148190789705,fuse-secondary-only,
1582,simulation_0206,What is the length of the letter placed under the gun in meters?,A3MC,DS,3.0114232447602274,fuse-secondary-only,
1583,simulation_0209,What is the length of the table in meters?,A3MS,DS,1.8037417731577539,fuse-fused,
1584,simulation_0209,What is the length of the typewriter in meters?,A3MS,DS,1.3464726606994568,fuse-fused,
1585,simulation_0209,What is the height of the typewriter in meters?,A3MS,DS,0.6665312890399461,fuse-fused,
1586,simulation_0209,What is the length of the letter placed under the gun in meters?,A3MS,DS,0.05,fuse-disagreement,
1587,simulation_0209,What is the speed of the typewriter at time 0.125s in m/s?,A3MS,DD,0.7239974452961858,fuse-secondary-only,
1588,simulation_0209,What is the speed of the typewriter at time 0.25s in m/s?,A3MS,DD,0.7239974452961858,fuse-secondary-only,
1589,simulation_0209,What is the speed of the typewriter at time 0.333s in m/s?,A3MS,DD,0.7239974452961858,fuse-secondary-only,
1590,simulation_0209,What is the width of the table in meters?,A3MS,DS,1.8037417731577539,fuse-fused,
1591,simulation_0209,What is the width of the typewriter in meters?,A3MS,DS,2.1537293294929536,fuse-secondary-only,
1592,simulation_0211,What is the length of the black cat (including its tail) in meters?,V3MS,DS,0.6167073398291982,fuse-fused,
1593,simulation_0211,What is the height of the black cat (including its tail) in meters?,V3MS,DS,0.5841071515382782,fuse-fused,
1594,simulation_0211,What is the length of the wooden bench in meters?,V3MS,DS,1.1409235713675316,fuse-secondary-only,
1595,simulation_0211,What is the height of the wooden bench in meters?,V3MS,DS,0.5773896984526738,fuse-secondary-only,
1596,simulation_0211,What is the height of the lampshade of the table lamp in meters?,V3MS,DS,0.2341337409507724,fuse-secondary-only,
1597,simulation_0211,What is the diameter of the lampshade of the table lamp in meters?,V3MS,DS,0.3323860093124654,fuse-secondary-only,
1598,simulation_0211,What is the height of the table lamp in meters?,V3MS,DS,0.6005057467525907,fuse-fused,
1599,simulation_0211,What is the height of the vase in meters?,V3MS,DS,0.45288758171718196,fuse-fused,
1600,simulation_0211,What is the height of the floor mirror in meters?,V3MS,DS,1.7038763598186244,fuse-fused,
1601,simulation_0211,What is the length of the floor mirror in meters?,V3MS,DS,1.7038763598186244,fuse-fused,
1602,simulation_0211,What is the distance in meters between the black cat and the camera at 0.5 s?,V3MS,DS,4.0524229086497945,fuse-fused,
1603,simulation_0211,What is the distance in meters between the black cat and the camera at 1.5 s?,V3MS,DS,4.481,fuse-secondary-only,
1604,simulation_0212,What is the length of the black cat (including its tail) in meters?,V3MC,DS,0.8101901674716845,fuse-secondary-only,
1605,simulation_0212,What is the height of the black cat (including its tail) in meters?,V3MC,DS,0.6122127459578907,fuse-secondary-only,
1606,simulation_0212,What is the length of the wooden bench in meters?,V3MC,DS,1.2735675112655465,fuse-fused,
1607,simulation_0212,What is the height of the wooden bench in meters?,V3MC,DS,0.6602073901872775,fuse-secondary-only,
1608,simulation_0212,What is the height of the lampshade of the table lamp in meters?,V3MC,DS,0.2690430926571823,fuse-secondary-only,
1609,simulation_0212,What is the diameter of the lampshade of the table lamp in meters?,V3MC,DS,0.400714485399078,fuse-fused,
1610,simulation_0212,What is the height of the table lamp in meters?,V3MC,DS,0.6739143731771101,fuse-fused,
1611,simulation_0212,What is the height of the vase in meters?,V3MC,DS,0.4583448731037445,fuse-secondary-only,
1612,simulation_0212,What is the height of the floor mirror in meters?,V3MC,DS,1.902499493884006,fuse-fused,
1613,simulation_0212,What is the width of the floor mirror in meters?,V3MC,DS,0.8834992694766949,fuse-fused,
1614,simulation_0212,What is the distance in meters between the black cat and the camera at 0.5 s?,V3MC,DS,4.0524229086497945,fuse-fused,
1615,simulation_0212,What is the distance in meters between the black cat and the camera at 1.5 s?,V3MC,DS,4.481,fuse-secondary-only,
1616,simulation_0212,What is the speed of the dog at time 1s in m/s?,V3MC,DD,2.4958810630706303,fuse-secondary-only,
1617,simulation_0212,What is the speed of the dog at time 1.5s in m/s?,V3MC,DD,1.8969536528687807,fuse-fused,
1618,simulation_0212,What is the length of the dog (including its tail) in meters?,V3MC,DS,1.1906488679471048,fuse-fused,
1619,simulation_0212,What is the height of the dog (including its tail) in meters?,V3MC,DS,0.8439443138987018,fuse-secondary-only,
1620,simulation_0242,What is the length of the brown horse in meters?,V3MC,DS,2.5243675195675785,fuse-fused,
1621,simulation_0242,What is the width of the house in meters?,V3MC,DS,11.182503571750022,fuse-fused,
1622,simulation_0242,What is the width of each glass window in meters?,V3MC,DS,1.0170171029143755,fuse-secondary-only,
1623,simulation_0242,What is the average speed of the white horse in m/s?,V3MC,DD,2.5064017689427462,fuse-secondary-only,
1624,simulation_0242,What is the length of the white horse in meters?,V3MC,DS,3.006953014710386,fuse-secondary-only,
1625,simulation_0242,What is the average speed of the rabbit in m/s?,V3MC,DD,1.9658962851065245,fuse-secondary-only,
1626,simulation_0242,What is the length of the rabbit in meters?,V3MC,DS,0.635664491986341,fuse-secondary-only,
1627,simulation_0247,What is the length of the rabbit in meters?,V2MS,DS,0.15,fuse-disagreement,
1628,simulation_0247,What is the length of the deer in meters?,V2MS,DS,2.297796811188672,fuse-fused,
1629,simulation_0247,What is the average speed of the rabbit in m/s?,V2MS,DD,0.01,fuse-disagreement,
1630,simulation_0312,What is the average speed of the star from the beginning to the end in meters?,S3SX,SD,0.2,fuse-primary-only,
1631,simulation_0312,What is the width of the star in meters?,S3SX,SS,0.20417102195185932,fuse-fused,
1632,simulation_0312,What is the thickness of the star in meters?,S3SX,SS,0.2,fuse-fused,
1633,simulation_0009_segmented,What is the length of the boat in meters?,V3MX,DS,2.195425212790043,fuse-secondary-only,
1634,simulation_0009_segmented,What is the width of the boat in meters?,V3MX,DS,1.4876762450320382,fuse-fused,
1635,simulation_0009_segmented,What is the height of the boat in meters?,V3MX,DS,1.2356153575777575,fuse-fused,
1636,simulation_0009_segmented,What is the width of the wooden pier in meters?,V3MX,DS,6.72652516725707,fuse-secondary-only,
1637,simulation_0009_segmented,What is the length of the pier from the shore-side edge to the water-side edge in meters?,V3MX,DS,7.68863071955371,fuse-fused,
1638,simulation_0009_segmented,"When t=3s, what is the minimum distance from the outer end of the pier to the boat in meters?",V3MX,DS,4.183181258130834,fuse-fused,
1639,simulation_0009_segmented,What is the width of the wooden steps in meters?,V3MX,DS,1.3161570470527293,fuse-fused,
1640,simulation_0009_segmented,What is the height of the pier deck above the water surface in meters?,V3MX,DS,2.2314236819864863,fuse-fused,
1641,simulation_0009_segmented,What is the height of the cabin floor above the ground in meters?,V3MX,DS,11.827,fuse-disagreement,
1642,simulation_0010_segmented,What is the width between the two widest eaves of the small house in meters?,V3MX,SS,13.758301722934544,fuse-primary-only,
1643,simulation_0010_segmented,What is the height of the house’s door in meters?,V3MX,SS,2.3225342212332865,fuse-fused,
1644,simulation_0010_segmented,What is the maximum height of the cart from the ground in meters?,V3MX,SS,1.8993477393957565,fuse-fused,
1645,simulation_0010_segmented,What is the diameter of the cart’s wheels in meters?,V3MX,SS,0.9844127541471474,fuse-fused,
1646,simulation_0010_segmented,What is the average flight speed of the bird in m/s?,V3MX,SD,5.010263697954536,fuse-primary-only,
1647,simulation_0012_segmented,What is the width between the two widest eaves of the house in meters?,V2MX,DS,9.703939203564422,fuse-fused,
1648,simulation_0012_segmented,What is the length of the bird in meters?,V2MX,DS,2.703187627945818,fuse-secondary-only,
1649,simulation_0012_segmented,How wide is the bird's wingspan when it spreads its wings in meters?,V2MX,DS,1.5781716699033206,fuse-fused,
1650,simulation_0017_segmented,What is the height of the person in meters?,V3MX,DS,1.8698191427881024,fuse-secondary-only,
1651,simulation_0017_segmented,What is the width of the pedestal (square base) of the central sculpture in meters?,V3MX,DS,1.3700266141569695,fuse-fused,
1652,simulation_0017_segmented,What is the height of the pedestal (square base) of the central sculpture in meters?,V3MX,DS,0.9671934173673709,fuse-fused,
1653,simulation_0017_segmented,What is the height of the bench seat in the atrium in meters?,V3MX,DS,1.248597896295444,fuse-fused,
1654,simulation_0017_segmented,What is the length of the bench seat in the atrium in meters?,V3MX,DS,5.357583806486108,fuse-fused,
1655,simulation_0017_segmented,What is the height of the central sculpture itself (excluding the pedestal) in meters?,V3MX,DS,1.4432895211910888,fuse-fused,
1656,simulation_0017_segmented,What is the width of the freestanding art display panel in meters?,V3MX,DS,0.65,fuse-disagreement,
1657,simulation_0017_segmented,What is the height of the freestanding art display panel in meters?,V3MX,DS,1.5658874986566094,fuse-secondary-only,
1658,simulation_0019_segmented,What is the average walking speed of the person in m/s?,S3MX,SD,2.829150123853432,fuse-primary-only,
1659,simulation_0019_segmented,What is the width of the pedestal (square base) of the central sculpture in meters?,S3MX,SS,1.4449733805110032,fuse-fused,
1660,simulation_0019_segmented,What is the height of the pedestal (square base) of the central sculpture in meters?,S3MX,SS,1.6598455874543476,fuse-primary-only,
1661,simulation_0019_segmented,What is the height of the central sculpture itself (excluding the pedestal) in meters?,S3MX,SS,3.0484886975441827,fuse-fused,
1662,simulation_0019_segmented,What is the width of the freestanding art display panel in meters?,S3MX,SS,0.9102828853995898,fuse-fused,
1663,simulation_0019_segmented,What is the height of the freestanding art display panel in meters?,S3MX,SS,3.049685240766486,fuse-fused,
1664,simulation_0021_segmented,What is the average walking speed of the person in meters?,S3MX,SD,1.87,fuse-disagreement,
1665,simulation_0021_segmented,What is the height of the fire hydrant in meters?,S3MX,SS,1.1980080444594554,fuse-primary-only,
1666,simulation_0021_segmented,What is the height of the streetlight in meters?,S3MX,SS,5.992398333214534,fuse-fused,
1667,simulation_0022_segmented,What is the average walking speed of the person in meters?,S3MX,SD,18.21834267274885,fuse-disagreement,
1668,simulation_0022_segmented,What is the height of the boat in meters?,S3MX,SS,3.7674992615636613,fuse-fused,
1669,simulation_0022_segmented,What is the length of the rock in meters?,S3MX,SS,18.263934267634717,fuse-primary-only,
1670,simulation_0022_segmented,What is the height of the rock in meters?,S3MX,SS,4.58862034490134,fuse-primary-only,
1671,simulation_0023_segmented,What is the average speed of the boat in m/s?,V3MX,DD,3.777065349865282,fuse-secondary-only,
1672,simulation_0023_segmented,What is the height of the boat in meters?,V3MX,DS,7.937682445737536,fuse-secondary-only,
1673,simulation_0023_segmented,What is the length of the boat in meters?,V3MX,DS,6.991761533474787,fuse-fused,
1674,simulation_0023_segmented,What is the length of the eagle in meters?,V3MX,DS,8.654707585814334,fuse-secondary-only,
1675,simulation_0023_segmented,What is the eagle’s wingspan (the distance from the tip of one wing to the tip of the other when fully spread) in meters?,V3MX,DS,2.0542597162619636,fuse-fused,
1676,simulation_0024_segmented,What is the height of the boat in meters?,V3MX,DS,6.760792802527337,fuse-fused,
1677,simulation_0024_segmented,What is the length of the boat in meters?,V3MX,DS,9.101045674922252,fuse-fused,
1678,simulation_0024_segmented,What is the width of the boat in meters?,V3MX,DS,9.887902244747895,fuse-secondary-only,
1679,simulation_0024_segmented,What is the length of the rock in meters?,V3MX,DS,14.39553862964859,fuse-fused,
1680,simulation_0024_segmented,What is the height of the rock in meters?,V3MX,DS,7.225844490216124,fuse-secondary-only,
1681,simulation_0024_segmented,What is the width of the rock in meters?,V3MX,DS,14.39553862964859,fuse-fused,
1682,simulation_0025_segmented,What is the average speed of the eagle in m/s?,V3MX,DD,,none,neither arm answered
1683,simulation_0025_segmented,What is the length of the eagle in meters?,V3MX,DS,2.55,fuse-primary-only,
1684,simulation_0025_segmented,What is the eagle’s wingspan (the distance from the tip of one wing to the tip of the other when fully spread) in meters?,V3MX,DS,1.5,fuse-primary-only,
1685,simulation_0025_segmented,What is the height of the person in meters?,V3MX,DS,1.7,fuse-primary-only,
1686,simulation_0026_segmented,What is the height of the boat in meters?,S3MX,SS,4.945455336546293,fuse-fused,
1687,simulation_0026_segmented,What is the length of the boat in meters?,S3MX,SS,8.03391589636492,fuse-fused,
1688,simulation_0026_segmented,What is the average speed of the person in m/s?,S3MX,SD,0.5285029775364524,fuse-primary-only,
1689,simulation_0027_segmented,What is the length of the rock in meters?,S3MX,SS,19.00451009942092,fuse-primary-only,
1690,simulation_0027_segmented,What is the height of the rock in meters?,S3MX,SS,8.857585094544637,fuse-primary-only,
1691,simulation_0027_segmented,What is the width of the rock in meters?,S3MX,SS,19.00451009942092,fuse-primary-only,
1692,simulation_0027_segmented,What is the speed of the person in m/s?,S3MX,SD,0.7409521403116629,fuse-primary-only,
1693,simulation_0028_segmented,What is the eagle’s wingspan (the distance from the tip of one wing to the tip of the other when fully spread) in meters?,S3MX,SS,0.000509757293744,fuse-disagreement,
1694,simulation_0028_segmented,What is the average speed of the eagle in m/s?,S3MX,SD,0.6199133696601854,fuse-primary-only,
1695,simulation_0028_segmented,What is the length of the rock in meters?,S3MX,SS,0.7932167472362782,fuse-primary-only,
1696,simulation_0028_segmented,What is the height of the rock in meters?,S3MX,SS,0.369083501452979,fuse-primary-only,
1697,simulation_0028_segmented,What is the width of the rock in meters?,S3MX,SS,0.7932167472362782,fuse-disagreement,
1698,simulation_0029_segmented,What is the length of the eagle in meters?,V3MX,DS,0.75,fuse-disagreement,
1699,simulation_0029_segmented,What is the height of the boat in meters?,V3MX,DS,7.795462839685169,fuse-secondary-only,
1700,simulation_0029_segmented,What is the length of the boat in meters?,V3MX,DS,9.088084149096106,fuse-fused,
1701,simulation_0029_segmented,What is the average speed of the boat in m/s?,V3MX,DD,4.152520985228085,fuse-secondary-only,
1702,simulation_0031_segmented,What is the height of the person in meters?,V3MX,DS,2.1552673061821586,fuse-fused,
1703,simulation_0031_segmented,What is the height of the boat in meters?,V3MX,DS,9.198742623167616,fuse-fused,
1704,simulation_0031_segmented,What is the length of the boat in meters?,V3MX,DS,12.901540863046119,fuse-fused,
1705,simulation_0031_segmented,What is the width of the boat in meters?,V3MX,DS,6.932199067848385,fuse-fused,
1706,simulation_0031_segmented,What is the average speed of the boat in m/s?,V3MX,DD,4.648924607682636,fuse-secondary-only,
1707,simulation_0031_segmented,What is the length of the eagle in meters?,V3MX,DS,1.3272775618995083,fuse-fused,
1708,simulation_0031_segmented,What is the average speed of the eagle in m/s?,V3MX,DD,20.89519246028989,fuse-secondary-only,
1709,simulation_0031_segmented,What is the eagle’s wingspan (the distance from the tip of one wing to the tip of the other when fully spread) in meters?,V3MX,DS,1.5,fuse-disagreement,
1710,simulation_0032_segmented,What is the height of the person in meters?,A3MX,DS,1.9,fuse-primary-only,
1711,simulation_0032_segmented,What is the initial velocity of the ball in m/s?,A3MX,DD,13.7,fuse-primary-only,
1712,simulation_0032_segmented,What is the diameter of the ball in meters?,A3MX,DS,,none,neither arm answered
1713,simulation_0032_segmented,What is the acceleration of the orange car at 2s in m/s^2?,A3MX,DD,9.8,fuse-primary-only,
1714,simulation_0032_segmented,What is the average speed of the green car in m/s?,A3MX,DD,,none,neither arm answered
1715,simulation_0034_segmented,What is the average speed of the boat in m/s?,S3MX,SD,4.050623169544251,fuse-primary-only,
1716,simulation_0034_segmented,What is the height of the boat in meters?,S3MX,SS,8.698365845829766,fuse-primary-only,
1717,simulation_0034_segmented,What is the width of the boat in meters?,S3MX,SS,3.451124610404282,fuse-fused,
1718,simulation_0034_segmented,What is the average speed of the person in m/s?,S3MX,SD,1.467263958841566,fuse-disagreement,
1719,simulation_0034_segmented,What is the eagle’s wingspan (the distance from the tip of one wing to the tip of the other when fully spread) in meters?,S3MX,SS,16.31284604476516,fuse-disagreement,
1720,simulation_0034_segmented,What is the average speed of the eagle in m/s?,S3MX,SD,11.822245603407636,fuse-primary-only,
1721,simulation_0035_segmented,What is the average speed of the person in m/s?,S3MX,SD,1.203175914237926,fuse-primary-only,
1722,simulation_0035_segmented,What is the eagle’s wingspan (the distance from the tip of one wing to the tip of the other when fully spread) in meters?,S3MX,SS,0.6615119756231796,fuse-primary-only,
1723,simulation_0035_segmented,What is the average speed of the eagle in m/s?,S3MX,SD,11.244102664535095,fuse-primary-only,
1724,simulation_0035_segmented,What is the length of the eagle in meters?,S3MX,SS,0.9073774001293028,fuse-fused,
1725,simulation_0036_segmented,What is the height of the boat in meters?,S3MX,SS,3.7892914162759954,fuse-fused,
1726,simulation_0036_segmented,What is the height of the person in meters?,S3MX,SS,1.812424898463468,fuse-primary-only,
1727,simulation_0036_segmented,What is the average speed of the boat in m/s?,S3MX,SD,4.257691809666473,fuse-primary-only,
1728,simulation_0036_segmented,What is the average speed of the person in m/s?,S3MX,SD,1.2178263613042035,fuse-primary-only,
1729,simulation_0037_segmented,What is the height of the person in meters?,V3MX,DS,1.6691009636187488,fuse-fused,
1730,simulation_0037_segmented,What is the length of the rock in meters?,V3MX,DS,122.86,fuse-disagreement,
1731,simulation_0037_segmented,What is the height of the rock in meters?,V3MX,DS,3.847821056371967,fuse-secondary-only,
1732,simulation_0038_segmented,What is the length of the rock in meters?,V3MX,DS,,none,neither arm answered
1733,simulation_0038_segmented,What is the width of the rock in meters?,V3MX,DS,100.0,fuse-primary-only,
1734,simulation_0038_segmented,What is the height of the person in meters?,V3MX,DS,1.7,fuse-primary-only,
1735,simulation_0039_segmented,What is the height of the person in meters?,V3MX,DS,0.8307630982860228,fuse-fused,
1736,simulation_0039_segmented,What is the average speed of the person in m/s?,V3MX,DD,1.191431168054536,fuse-secondary-only,
1737,simulation_0039_segmented,What is the height of the boat in meters?,V3MX,DS,5.375978409477892,fuse-fused,
1738,simulation_0039_segmented,What is the length of the boat in meters?,V3MX,DS,8.115577026582521,fuse-fused,
1739,simulation_0039_segmented,What is the width of the boat in meters?,V3MX,DS,7.186079646375027,fuse-fused,
1740,simulation_0039_segmented,What is the length of the eagle in meters?,V3MX,DS,6.108334469655368,fuse-fused,
1741,simulation_0039_segmented,What is the eagle’s wingspan (the distance from the tip of one wing to the tip of the other when fully spread) in meters?,V3MX,DS,10.5,fuse-disagreement,
1742,simulation_0039_segmented,What is the average speed of the eagle in m/s?,V3MX,DD,4.541745278528477,fuse-secondary-only,
1743,simulation_0041_segmented,What is the height of the boat in meters?,S2MX,SS,8.835962260989488,fuse-secondary-only,
1744,simulation_0041_segmented,What is the length of the boat in meters?,S2MX,SS,12.621506354280116,fuse-secondary-only,
1745,simulation_0041_segmented,What is the width of the boat in meters?,S2MX,SS,12.621506354280116,fuse-secondary-only,
1746,simulation_0041_segmented,What is the average speed of the boat in m/s?,S2MX,SD,5.130745979467356,fuse-secondary-only,
1747,simulation_0041_segmented,What is the average speed of the person in m/s?,S2MX,SD,1.4954655556405103,fuse-fused,
1748,simulation_0043_segmented,What is the height of the boat in meters?,S3MX,SS,6.870321041750212,fuse-primary-only,
1749,simulation_0043_segmented,What is the width of the boat in meters?,S3MX,SS,6.155722066724582,fuse-fused,
1750,simulation_0043_segmented,What is the average speed of the boat in m/s?,S3MX,SD,4.216988185729194,fuse-primary-only,
1751,simulation_0043_segmented,What is the width of the rock in meters?,S3MX,SS,23.205723367322584,fuse-primary-only,
1752,simulation_0048_segmented,What is the average speed of the walking person in m/s?,S3MX,SD,0.2861641918912946,fuse-primary-only,
1753,simulation_0048_segmented,What is the width of the telephone booth in meters?,S3MX,SS,3.116614067837705,fuse-primary-only,
1754,simulation_0048_segmented,What is the distance between the left pillar of the near door and the right pillar of the far door in meters?,S3MX,SS,0.0090090083928109,fuse-disagreement,
1755,simulation_0048_segmented,"What is the height of the moving bicycle (from the handlebar to the ground, including below the wheel) in meters?",S3MX,SS,0.966161603660402,fuse-fused,
1756,simulation_0048_segmented,What is the average speed of the moving bicycle in m/s?,S3MX,SD,1.5823974537532155,fuse-primary-only,
1757,simulation_0048_segmented,What is the diameter of the wheel of the moving bicycle in meters?,S3MX,SS,0.9271628892305385,fuse-fused,
1758,simulation_0057_segmented,What is the length of the orange car in meters?,A2MX,DS,4.639519474274971,fuse-fused,
1759,simulation_0057_segmented,What is the distance between the two streetlights in meters?,A2MX,DS,1.0,fuse-primary-only,
1760,simulation_0057_segmented,What is the width of the orange car in meters?,A2MX,DS,1.96994108461112,fuse-secondary-only,
1761,simulation_0066_segmented,What is the average speed of the yellow car in m/s？,A3MX,DD,0.3643776176896076,fuse-secondary-only,
1762,simulation_0066_segmented,What is the width of the lane in meters?,A3MX,DS,0.5217819948980171,fuse-secondary-only,
1763,simulation_0066_segmented,What is the width of the white car in meters?,A3MX,DS,2.5,fuse-disagreement,
1764,simulation_0066_segmented,What is the length of the white car in meters？,A3MX,DS,4.5,fuse-disagreement,
1765,simulation_0066_segmented,What is the height of the white car in meters？,A3MX,DS,1.5,fuse-disagreement,
1766,simulation_0066_segmented,What is the length of the turning yellow car in meters?,A3MX,DS,0.2027857920842316,fuse-secondary-only,
1767,simulation_0066_segmented,What is the height of the turning yellow car in meters?,A3MX,DS,1.5,fuse-disagreement,
1768,simulation_0066_segmented,What is the width of the turning yellow car in meters?,A3MX,DS,1.8,fuse-disagreement,
1769,simulation_0066_segmented,What is the diameter of the bicycle wheel in meters?,A3MX,DS,0.75,fuse-disagreement,
1770,simulation_0066_segmented,What is the average speed of the walking pedestrian in m/s?,A3MX,DD,0.0647508020771955,fuse-secondary-only,
1771,simulation_0066_segmented,What is the height of the walking pedestrian in meters?,A3MX,DS,1.75,fuse-disagreement,
1772,simulation_0066_segmented,What is the average speed of the bicycle in m/s?,A3MX,DD,0.1653032503001554,fuse-secondary-only,
1773,simulation_0066_segmented,What is the width of the green car in meters?,A3MX,DS,0.1234191641813544,fuse-secondary-only,
1774,simulation_0066_segmented,What is the length of the green car in meters?,A3MX,DS,0.1234191641813544,fuse-secondary-only,
1775,simulation_0066_segmented,What is the height of the green car in meters?,A3MX,DS,1.5,fuse-disagreement,
1776,simulation_0066_segmented,What is the width of the purple car in meters?,A3MX,DS,0.6240747690654526,fuse-fused,
1777,simulation_0066_segmented,What is the height of the purple car in meters?,A3MX,DS,1.5,fuse-disagreement,
1778,simulation_0068_segmented,What is the average speed of the yellow car in m/s？,A2MX,DD,6.12698148779945,fuse-secondary-only,
1779,simulation_0068_segmented,What is the length of the turning yellow car in meters?,A2MX,DS,6.29918242695665,fuse-secondary-only,
1780,simulation_0068_segmented,What is the width of the turning yellow car in meters?,A2MX,DS,2.447200030723754,fuse-secondary-only,
1781,simulation_0068_segmented,What is the width of the white car in meters?,A2MX,DS,2.429912142107133,fuse-secondary-only,
1782,simulation_0068_segmented,What is the length of the white car in meters？,A2MX,DS,6.292457940493267,fuse-secondary-only,
1783,simulation_0098_segmented,What is the average speed of the boat in m/s?,V2MX,DD,5.026805093623889,fuse-secondary-only,
1784,simulation_0098_segmented,What is the length of the boat in meters?,V2MX,DS,13.924994785482324,fuse-fused,
1785,simulation_0098_segmented,What is the length of the shark in meters?,V2MX,DS,3.2878141116015813,fuse-secondary-only,
1786,simulation_0098_segmented,What is the height of the shark in meters?,V2MX,DS,1.3013547110099177,fuse-fused,
1787,simulation_0099_segmented,What is the average speed of the boat in m/s?,S2MX,SD,5.045917393199031,fuse-secondary-only,
1788,simulation_0099_segmented,What is the average speed of the shark in m/s?,S2MX,SD,3.007743053676848,fuse-secondary-only,
1789,simulation_0099_segmented,What is the length of the shark in meters?,S2MX,SS,3.2100563767257078,fuse-secondary-only,
1790,simulation_0099_segmented,What is the height of the shark in meters?,S2MX,SS,1.223746364106749,fuse-secondary-only,
1791,simulation_0100_segmented,What is the average speed of the boat in m/s?,S2MX,SD,5.018127118255241,fuse-fused,
1792,simulation_0100_segmented,What is the average speed of the shark in m/s?,S2MX,SD,3.0512450924898165,fuse-secondary-only,
1793,simulation_0100_segmented,What is the length of the shark in meters?,S2MX,SS,3.286368180857393,fuse-secondary-only,
1794,simulation_0100_segmented,What is the height of the shark in meters?,S2MX,SS,1.2221929886366576,fuse-secondary-only,
1795,simulation_0101_segmented,What is the initial speed of the shark in m/s?,A2MX,DD,3.731115667285117,fuse-secondary-only,
1796,simulation_0101_segmented,What is the average speed of the boat in m/s?,A2MX,DD,5.253528202189877,fuse-fused,
1797,simulation_0101_segmented,What is the length of the boat in meters?,A2MX,DS,10.674244305201857,fuse-secondary-only,
1798,simulation_0101_segmented,What is the length of the shark in meters?,A2MX,DS,3.1618125088337456,fuse-fused,
1799,simulation_0101_segmented,What is the height of the shark in meters?,A2MX,DS,1.6730281158954523,fuse-fused,
1800,simulation_0102_segmented,What is the initial speed of the shark in m/s?,A2MX,DD,0.5,fuse-disagreement,
1801,simulation_0102_segmented,What is the average speed of the boat in m/s?,A2MX,DD,2.548134594740059,fuse-fused,
1802,simulation_0102_segmented,What is the length of the boat in meters?,A2MX,DS,8.204461200685792,fuse-fused,
1803,simulation_0102_segmented,What is the length of the shark in meters?,A2MX,DS,2.5834058436919265,fuse-fused,
1804,simulation_0102_segmented,What is the height of the shark in meters?,A2MX,DS,0.7671286540225992,fuse-fused,
1805,simulation_0102_segmented,What is the distance between the shark and the boat at 0.5 s in meters?,A2MX,DS,0.125,fuse-disagreement,
1806,simulation_0103_segmented,What is the initial speed of the shark in m/s?,A2MX,DD,3.0162800874730693,fuse-secondary-only,
1807,simulation_0103_segmented,What is the average speed of the boat in m/s?,A2MX,DD,3.0068170881766623,fuse-fused,
1808,simulation_0103_segmented,What is the length of the boat in meters?,A2MX,DS,13.68470362421243,fuse-fused,
1809,simulation_0103_segmented,What is the length of the shark in meters?,A2MX,DS,2.2564165535490233,fuse-fused,
1810,simulation_0103_segmented,What is the height of the shark in meters?,A2MX,DS,0.2,fuse-disagreement,
1811,simulation_0103_segmented,What is the distance between the shark and the boat at 0.5 s in meters?,A2MX,DS,0.125,fuse-disagreement,
1812,simulation_0112_segmented,What is the height of the car in meters?,V2MX,DS,0.9455778440724378,fuse-fused,
1813,simulation_0112_segmented,What is the diameter of the wheel in meters?,V2MX,DS,0.7006616826069628,fuse-secondary-only,
1814,simulation_0112_segmented,What is the length of the car in meters?,V2MX,DS,4.042580929686266,fuse-fused,
1815,simulation_0114_segmented,What is the width of the plane in meters?,A2SX,DS,8.149101301251754,fuse-secondary-only,
1816,simulation_0114_segmented,What is the length of the plane in meters?,A2SX,DS,8.149101301251754,fuse-secondary-only,
1817,simulation_0114_segmented,What is the speed of the plane at 1.5s in m/s?,A2SX,DD,25.74748815701325,fuse-secondary-only,
1818,simulation_0115_segmented,What is the length of the boat in meters?,A2MX,DS,1.1991565625407916,fuse-secondary-only,
1819,simulation_0115_segmented,What is the width of the boat in meters?,A2MX,DS,0.9223677787721841,fuse-fused,
1820,simulation_0115_segmented,What is the velocity of the boat at 1s in m/s?,A2MX,DD,0.4224692293425178,fuse-secondary-only,
1821,simulation_0115_segmented,What is the length of the wooden dock beside the boat in meters?,A2MX,DS,0.9405670331665992,fuse-fused,
1822,simulation_0115_segmented,What is the width of the wooden dock beside the boat in meters?,A2MX,DS,0.9405670331665992,fuse-fused,
1823,simulation_0116_segmented,What is the length of the football in meters?,A2MX,DS,,none,neither arm answered
1824,simulation_0116_segmented,What is the width of the football in meters?,A2MX,DS,,none,neither arm answered
1825,simulation_0116_segmented,What is the height of each door in meters?,A2MX,DS,,none,neither arm answered
1826,simulation_0116_segmented,What is the width of each door in meters?,A2MX,DS,0.8,fuse-primary-only,
1827,simulation_0116_segmented,What is the speed of the football at 0.5s in m/s?,A2MX,DD,,none,neither arm answered
1828,simulation_0121_segmented,What is the speed of the left first ball at 0.5s in m/s?,S2MX,SD,4.155311002669853,fuse-fused,
1829,simulation_0121_segmented,What is the speed of the left first ball at 1s in m/s?,S2MX,SD,1.7253695064917203,fuse-fused,
1830,simulation_0121_segmented,What is the speed of the right last ball at 2s in m/s?,S2MX,SD,2.585311556861247,fuse-secondary-only,
1831,simulation_0123_segmented,What is the length of the rolling cup in meters?,V2MX,DS,0.15,fuse-primary-only,
1832,simulation_0123_segmented,What is the diameter of the rolling cup in meters?,V2MX,DS,0.1,fuse-primary-only,
1833,simulation_0123_segmented,What is the length of the toothbrush lying on the sink in meters?,V2MX,DS,,none,neither arm answered
1834,simulation_0123_segmented,What is the diameter of the cup with the toothbrush in meters?,V2MX,DS,,none,neither arm answered
1835,simulation_0123_segmented,What is the length of the bottom towel of the three stacked towels on the sink in meters?,V2MX,DS,0.12,fuse-primary-only,
1836,simulation_0123_segmented,What is the width of the bottom towel of the three stacked towels on the sink in meters?,V2MX,DS,0.12,fuse-primary-only,
1837,simulation_0124_segmented,What is the average speed of the grey and red car in m/s?,V2MX,DD,21.51235543220241,fuse-secondary-only,
1838,simulation_0124_segmented,What is the length of the grey and red car in meters?,V2MX,DS,4.723634192304307,fuse-fused,
1839,simulation_0124_segmented,What is the width of the grey and red car in meters?,V2MX,DS,4.325887756117248,fuse-secondary-only,
1840,simulation_0124_segmented,What is the length of the black car in meters?,V2MX,DS,4.474240717265359,fuse-fused,
1841,simulation_0124_segmented,What is the width of the black car in meters?,V2MX,DS,2.9603987649403156,fuse-fused,
1842,simulation_0124_segmented,What is the horizontal distance between the two cars at 1 s in meters?,V2MX,DS,,none,neither arm answered
1843,simulation_0124_segmented,What is the smallest horizontal distance between the two cars in meters?,V2MX,DS,0.5,fuse-primary-only,
1844,simulation_0128_segmented,What is the diameter of the ball in meters?,A2MX,DS,,none,neither arm answered
1845,simulation_0129_segmented,What is the diameter of the ball in meters?,A2MX,DS,0.5,fuse-primary-only,
1846,simulation_0129_segmented,What is the length of the forklift in meters?,A2MX,DS,2.5,fuse-primary-only,
1847,simulation_0129_segmented,What is the height of the forklift in meters?,A2MX,DS,2.5,fuse-primary-only,
1848,simulation_0145_segmented,What is the diameter of the tire in meters?,S2MX,SS,0.7868968411514725,fuse-secondary-only,
1849,simulation_0145_segmented,What is the average speed of the rocket in m/s?,S2MX,SD,290.0,fuse-disagreement,
1850,simulation_0145_segmented,What is the speed of the rocket at time 1s in m/s?,S2MX,SD,150.0,fuse-disagreement,
1851,simulation_0145_segmented,What is the acceleration of the rocket at time 1s in m/s^2?,S2MX,SD,37.10276352805017,fuse-secondary-only,
1852,simulation_0153_segmented,What is the length of the blue car in meters (including the extending wire)?,S2SX,SS,0.3968874283413503,fuse-fused,
1853,simulation_0153_segmented,What is the speed of the blue car at time 1s in m/s?,S2SX,SD,0.541331168409673,fuse-secondary-only,
1854,simulation_0153_segmented,What is the acceleration of the blue car at time 1s in m/s^2?,S2SX,SD,1.027897209000139,fuse-fused,
1855,simulation_0153_segmented,What is the speed of the blue car at time 1.5s in m/s?,S2SX,SD,0.38905040778909294,fuse-fused,
1856,simulation_0153_segmented,What is the acceleration of the blue car at time 1.5s in m/s^2?,S2SX,SD,1.3998575258933872,fuse-secondary-only,
1857,simulation_0169_segmented,What is the speed of the astronaut at time 0.5s in m/s?,S2SX,SD,2.9541808303594954,fuse-secondary-only,
1858,simulation_0169_segmented,What is the acceleration of the astronaut at time 0.5s in m/s^2?,S2SX,SD,0.6754216763727774,fuse-secondary-only,
1859,simulation_0169_segmented,What is the speed of the astronaut at time 1s in m/s?,S2SX,SD,2.9541808303594954,fuse-secondary-only,
1860,simulation_0169_segmented,What is the acceleration of the astronaut at time 1s in m/s^2?,S2SX,SD,0.9354304324849436,fuse-fused,
1861,simulation_0169_segmented,What is the speed of the astronaut at time 2s in m/s?,S2SX,SD,2.9541808303594954,fuse-secondary-only,
1862,simulation_0169_segmented,What is the acceleration of the astronaut at time 2s in m/s^2?,S2SX,SD,0.6754216763727774,fuse-secondary-only,
1863,simulation_0169_segmented,What is the speed of the astronaut at time 3s in m/s?,S2SX,SD,2.9541808303594954,fuse-secondary-only,
1864,simulation_0169_segmented,What is the acceleration of the astronaut at time 3s in m/s^2?,S2SX,SD,0.6754216763727774,fuse-secondary-only,
1865,simulation_0170_segmented,What is the speed of the astronaut at time 0.5s in m/s?,S3SX,SD,0.7823019322446165,fuse-fused,
1866,simulation_0170_segmented,What is the acceleration of the astronaut at time 0.5s in m/s^2?,S3SX,SD,1.5575451128766749,fuse-primary-only,
1867,simulation_0170_segmented,What is the speed of the astronaut at time 1s in m/s?,S3SX,SD,2.223231393417126,fuse-primary-only,
1868,simulation_0170_segmented,What is the acceleration of the astronaut at time 1s in m/s^2?,S3SX,SD,1.5575451128766749,fuse-primary-only,
1869,simulation_0170_segmented,What is the speed of the astronaut at time 2s in m/s?,S3SX,SD,2.223231393417126,fuse-primary-only,
1870,simulation_0170_segmented,What is the acceleration of the astronaut at time 2s in m/s^2?,S3SX,SD,1.5575451128766749,fuse-primary-only,
1871,simulation_0170_segmented,What is the speed of the astronaut at time 3s in m/s?,S3SX,SD,2.223231393417126,fuse-primary-only,
1872,simulation_0170_segmented,What is the acceleration of the astronaut at time 3s in m/s^2?,S3SX,SD,1.5575451128766749,fuse-primary-only,
1873,simulation_0171_segmented,What is the speed of the astronaut at time 0.5s in m/s?,S2SX,SD,2.234317008120454,fuse-fused,
1874,simulation_0171_segmented,What is the acceleration of the astronaut at time 0.5s in m/s^2?,S2SX,SD,0.05,fuse-disagreement,
1875,simulation_0171_segmented,What is the speed of the astronaut at time 1s in m/s?,S2SX,SD,1.4325473596221565,fuse-fused,
1876,simulation_0171_segmented,What is the acceleration of the astronaut at time 1s in m/s^2?,S2SX,SD,2.7316083760655085,fuse-secondary-only,
1877,simulation_0171_segmented,What is the speed of the astronaut at time 2s in m/s?,S2SX,SD,1.6178429704860924,fuse-fused,
1878,simulation_0171_segmented,What is the acceleration of the astronaut at time 2s in m/s^2?,S2SX,SD,2.7316083760655085,fuse-secondary-only,
1879,simulation_0171_segmented,What is the speed of the astronaut at time 3s in m/s?,S2SX,SD,1.8148293440653331,fuse-fused,
1880,simulation_0171_segmented,What is the acceleration of the astronaut at time 3s in m/s^2?,S2SX,SD,2.7316083760655085,fuse-secondary-only,
1881,simulation_0172_segmented,What is the speed of the astronaut at time 0.5s in m/s?,S3SX,SD,2.049213012408157,fuse-primary-only,
1882,simulation_0172_segmented,What is the acceleration of the astronaut at time 0.5s in m/s^2?,S3SX,SD,2.39135124473384,fuse-primary-only,
1883,simulation_0172_segmented,What is the speed of the astronaut at time 1s in m/s?,S3SX,SD,1.2401554651971027,fuse-fused,
1884,simulation_0172_segmented,What is the acceleration of the astronaut at time 1s in m/s^2?,S3SX,SD,2.39135124473384,fuse-primary-only,
1885,simulation_0172_segmented,What is the speed of the astronaut at time 2s in m/s?,S3SX,SD,2.049213012408157,fuse-primary-only,
1886,simulation_0172_segmented,What is the acceleration of the astronaut at time 2s in m/s^2?,S3SX,SD,2.39135124473384,fuse-primary-only,
1887,simulation_0172_segmented,What is the speed of the astronaut at time 3s in m/s?,S3SX,SD,2.049213012408157,fuse-primary-only,
1888,simulation_0172_segmented,What is the acceleration of the astronaut at time 3s in m/s^2?,S3SX,SD,2.39135124473384,fuse-disagreement,
1889,simulation_0177_segmented,What is the height of the elephant in meters?,V2SX,DS,4.558156677637236,fuse-fused,
1890,simulation_0177_segmented,What is the displacement of the elephant in meters?,V2SX,DS,0.57,fuse-disagreement,
1891,simulation_0178_segmented,What is the average speed of the small elephant in m/s?,V2MX,DD,2.360782298812146,fuse-secondary-only,
1892,simulation_0178_segmented,What is the height of the big elephant in meters?,V2MX,DS,3.796462848313749,fuse-secondary-only,
1893,simulation_0178_segmented,What is the height of the small elephant in meters?,V2MX,DD,2.0278846316188597,fuse-fused,
1894,simulation_0178_segmented,What is the displacement of the big elephant in meters?,V2MX,DS,10.154086955107891,fuse-fused,
1895,simulation_0178_segmented,What is the displacement of the small elephant in meters?,V2MX,DS,2.9351017559055945,fuse-fused,
1896,simulation_0188_segmented,What is the length of the truck in meters?,A3SX,DS,4.689979306994349,fuse-fused,
1897,simulation_0188_segmented,What is the height of the truck in meters?,A3SX,DS,2.26810490141383,fuse-secondary-only,
1898,simulation_0188_segmented,What is the diameter of the truck's tire in meters?,A3SX,DS,2.293130071086268,fuse-secondary-only,
1899,simulation_0188_segmented,What is the speed of the truck at time 1s in m/s?,A3SX,DD,3.209058108892838,fuse-secondary-only,
1900,simulation_0188_segmented,What is the speed of the truck at time 1.5s in m/s?,A3SX,DD,3.7471319772291847,fuse-fused,
1901,simulation_0188_segmented,What is the width of the truck in meters?,A3SX,DS,2.893876047871637,fuse-fused,
1902,simulation_0189_segmented,What is the length of the box in meters?,V2MX,DS,0.52,fuse-primary-only,
1903,simulation_0189_segmented,What is the height of the box in meters?,V2MX,DS,,none,neither arm answered
1904,simulation_0189_segmented,What is the length of the truck in meters?,V2MX,DS,12.0,fuse-primary-only,
1905,simulation_0189_segmented,What is the height of the truck(at time 0s) in meters?,V2MX,DS,0.094,fuse-primary-only,
1906,simulation_0189_segmented,What is the diameter of the truck's tire in meters?,V2MX,DS,0.5,fuse-primary-only,
1907,simulation_0190_segmented,What is the height of the truck(at time 0s) in meters?,S2MX,DS,3.1486248493228177,fuse-fused,
1908,simulation_0190_segmented,What is the width of the truck in meters?,S2MX,DS,2.680863585961776,fuse-secondary-only,
1909,simulation_0190_segmented,What is the height of the box in meters?,S2MX,DS,0.8648616661079898,fuse-secondary-only,
1910,simulation_0190_segmented,What is the speed of the box at time 1s in m/s?,S2MX,DD,0.0993783818623403,fuse-secondary-only,
1911,simulation_0190_segmented,What is the speed of the box at time 2s in m/s?,S2MX,DD,0.0993783818623403,fuse-secondary-only,
1912,simulation_0191_segmented,What is the width of the box in meters?,A2MX,DS,0.5,fuse-primary-only,
1913,simulation_0191_segmented,What is the height of the box in meters?,A2MX,DS,,none,neither arm answered
1914,simulation_0191_segmented,What is the length of the truck in meters?,A2MX,DS,3.5,fuse-primary-only,
1915,simulation_0191_segmented,What is the height of the truck in meters?,A2MX,DS,9.8,fuse-primary-only,
1916,simulation_0191_segmented,What is the diameter of the truck's tire in meters?,A2MX,DS,1.2,fuse-primary-only,
1917,simulation_0191_segmented,What is the speed of the box at time 0.2s in m/s?,A2MX,DD,,none,neither arm answered
1918,simulation_0191_segmented,What is the speed of the box at time 0.4s in m/s?,A2MX,DD,,none,neither arm answered
1919,simulation_0192_segmented,What is the height of the box in meters?,A2MX,DS,1.76,fuse-primary-only,
1920,simulation_0192_segmented,What is the width of the truck in meters?,A2MX,DS,0.9,fuse-primary-only,
1921,simulation_0192_segmented,What is the width of the box in meters?,A2MX,DS,,none,neither arm answered
1922,simulation_0192_segmented,What is the speed of the box at time 0.2s in m/s?,A2MX,DD,,none,neither arm answered
1923,simulation_0192_segmented,What is the speed of the box at time 0.4s in m/s?,A2MX,DD,,none,neither arm answered
1924,simulation_0216_segmented,What is the length of the black cat (including its tail) in meters?,V2MX,DS,0.6810886401831827,fuse-secondary-only,
1925,simulation_0216_segmented,What is the height of the black cat (including its tail) in meters?,V2MX,DS,0.3780312478213227,fuse-fused,
1926,simulation_0216_segmented,What is the length of the wooden bench in meters?,V2MX,DS,1.3594143355096688,fuse-fused,
1927,simulation_0216_segmented,What is the height of the wooden bench in meters?,V2MX,DS,0.5886873816426614,fuse-fused,
1928,simulation_0216_segmented,What is the height of the lampshade of the table lamp in meters?,V2MX,DS,0.2847968356946726,fuse-fused,
1929,simulation_0216_segmented,What is the diameter of the lampshade of the table lamp in meters?,V2MX,DS,0.3654498695543263,fuse-secondary-only,
1930,simulation_0216_segmented,What is the height of the table lamp in meters?,V2MX,DS,0.6429864493063469,fuse-secondary-only,
1931,simulation_0216_segmented,What is the height of the vase in meters?,V2MX,DS,0.4759929902438543,fuse-secondary-only,
1932,simulation_0216_segmented,What is the height of the floor mirror in meters?,V2MX,DS,1.3868559248843713,fuse-fused,
1933,simulation_0216_segmented,What is the length of the floor mirror in meters?,V2MX,DS,1.4293678996295416,fuse-fused,
1934,simulation_0216_segmented,What is the length of the TV in meters?,V2MX,DS,0.9885261771274713,fuse-fused,
1935,simulation_0216_segmented,What is the height of the TV in meters?,V2MX,DS,0.5189687748239133,fuse-secondary-only,
1936,simulation_0216_segmented,What is the length of the TV stand in meters?,V2MX,DS,1.5584561596483444,fuse-fused,
1937,simulation_0216_segmented,What is the height of the TV stand in meters?,V2MX,DS,0.5953934720175424,fuse-fused,
1938,simulation_0218_segmented,What is the length of the big robot in meters?,V2MX,DS,2.013997163042855,fuse-fused,
1939,simulation_0218_segmented,What is the height of the big robot in meters?,V2MX,DS,2.2745015241012494,fuse-fused,
1940,simulation_0218_segmented,What is the length in meters of the long side of the box formed by the white lines on the ground?,V2MX,DS,0.5430306647566883,fuse-secondary-only,
1941,simulation_0218_segmented,What is the outer diameter of the robot's tires in meters?,V2MX,DS,0.8981337537603622,fuse-fused,
1942,simulation_0224_segmented,What is the length of the chinese chess board in meters?,S2MX,SS,0.97,fuse-disagreement,
1943,simulation_0224_segmented,What is the speed of the red general chess at time 0.5s in m/s?,S2MX,SD,8.581588196703347e-05,fuse-secondary-only,
1944,simulation_0224_segmented,What is the acceleration of the red general chess at time 0.5s in m/s^2?,S2MX,SD,0.0008348179509618,fuse-secondary-only,
1945,simulation_0224_segmented,What is the speed of the red general chess at time 1s in m/s?,S2MX,SD,8.581588196703347e-05,fuse-secondary-only,
1946,simulation_0224_segmented,What is the acceleration of the red general chess at time 1s in m/s^2?,S2MX,SD,0.0008348179509618,fuse-secondary-only,
1947,simulation_0224_segmented,What is the speed of the red general chess at time 1.5s in m/s?,S2MX,SD,8.581588196703347e-05,fuse-secondary-only,
1948,simulation_0224_segmented,What is the acceleration of the red general chess at time 1.5s in m/s^2?,S2MX,SD,0.0008348179509618,fuse-secondary-only,
1949,simulation_0225_segmented,What is the length of the black cat (including its tail) in meters?,V2MX,DS,0.6826170219625367,fuse-fused,
1950,simulation_0225_segmented,What is the height of the black cat (including its tail) in meters?,V2MX,DS,0.6262170939390722,fuse-secondary-only,
1951,simulation_0225_segmented,What is the width of the beach chair in meters?,V2MX,DS,1.3961093922697099,fuse-fused,
1952,simulation_0225_segmented,What is the spacing in meters between the markings on the pool wall?,V2MX,DS,6.152375746808719,fuse-secondary-only,
1953,simulation_0227_segmented,What is the length of the black cat (including its tail) in meters?,V2MX,DS,0.6907214244519488,fuse-fused,
1954,simulation_0227_segmented,What is the height of the black cat (including its tail) in meters?,V2MX,DS,0.6303657995502597,fuse-secondary-only,
1955,simulation_0227_segmented,What is the width of the beach chair in meters?,V2MX,DS,1.7486860620010354,fuse-secondary-only,
1956,simulation_0227_segmented,What is the spacing in meters between the markings on the pool wall?,V2MX,DS,0.965373711319101,fuse-fused,
1957,simulation_0227_segmented,What is the length of the swimming ring in meters?,V2MX,DS,1.2805312728497145,fuse-secondary-only,
1958,simulation_0227_segmented,What is the height of the swimming ring in meters?,V2MX,DS,1.0496763063654309,fuse-secondary-only,
1959,simulation_0227_segmented,What is the speed of the swimming ring at time 0.5s in m/s?,V2MX,DD,2.464075325786565,fuse-secondary-only,
1960,simulation_0227_segmented,What is the acceleration of the red general chess at time 0.5s in m/s^2?,V2MX,DD,0.01,fuse-disagreement,
1961,simulation_0227_segmented,What is the speed of the red general chess at time 1s in m/s?,V2MX,DD,0.1,fuse-disagreement,
1962,simulation_0227_segmented,What is the acceleration of the red general chess at time 1s in m/s^2?,V2MX,DD,0.1191077251990961,fuse-secondary-only,
1963,simulation_0227_segmented,What is the speed of the red general chess at time 1.5s in m/s?,V2MX,DD,1.0,fuse-disagreement,
1964,simulation_0227_segmented,What is the acceleration of the red general chess at time 1.5s in m/s^2?,V2MX,DD,0.01,fuse-disagreement,
1965,simulation_0233_segmented,What is the length of the black cat (including its tail) in meters?,V2MX,DS,0.8235804697455075,fuse-secondary-only,
1966,simulation_0233_segmented,What is the width(horizontal) of the chair next to the blackboard in meters?,V2MX,DS,0.7603376932310191,fuse-secondary-only,
1967,simulation_0233_segmented,What is the length(vertical) of the chair next to the blackboard in meters?,V2MX,DS,0.7720253495999199,fuse-fused,
1968,simulation_0237_segmented,What is the length of the brown horse in meters?,V2MX,DS,2.2223994429494907,fuse-fused,
1969,simulation_0237_segmented,What is the width of the house in meters?,V2MX,DS,12.265176885794544,fuse-fused,
1970,simulation_0237_segmented,What is the length of the house in meters?,V2MX,DS,12.265176885794544,fuse-fused,
1971,simulation_0239_segmented,What is the length of the brown horse in meters?,V2MX,DS,2.929756515204231,fuse-secondary-only,
1972,simulation_0239_segmented,What is the width of the house in meters?,V2MX,DS,14.45819759455106,fuse-fused,
1973,simulation_0239_segmented,What is the length of the house in meters?,V2MX,DS,14.45819759455106,fuse-fused,
1974,simulation_0239_segmented,What is the average speed of the white horse in m/s?,V2MX,DD,2.3947008246296373,fuse-secondary-only,
1975,simulation_0239_segmented,What is the length of the white horse in meters?,V2MX,DS,3.486366783926038,fuse-secondary-only,
1976,simulation_0243_segmented,What is the height of the deer in meters？,V2MX,DS,2.826554595057635,fuse-fused,
1977,simulation_0243_segmented,What is the length of the deer in meters?,V2MX,DS,2.3989956599817277,fuse-fused,
1978,simulation_0243_segmented,What is the height of the tree behind the deer in meters?,V2MX,DS,3.98156695623001,fuse-fused,
1979,simulation_0245_segmented,What is the height of the deer in meters？,V2MX,DS,1.9183532624932331,fuse-fused,
1980,simulation_0245_segmented,What is the length of the deer in meters?,V2MX,DS,2.2066938770510776,fuse-fused,
1981,simulation_0245_segmented,What is the average speed of the rabbit in m/s?,V2MX,DD,1.2422181318035777,fuse-secondary-only,
1982,simulation_0245_segmented,What is the height of the rabbit in meters?,V2MX,DS,0.12,fuse-disagreement,
1983,simulation_0245_segmented,What is the length of the rabbit in meters?,V2MX,DS,0.15,fuse-disagreement,
1984,simulation_0247_segmented,What is the length of the rabbit in meters?,V3MX,DS,3.031295754435623,fuse-secondary-only,
1985,simulation_0247_segmented,What is the length of the deer in meters?,V3MX,DS,2.847080028500045,fuse-fused,
1986,simulation_0247_segmented,What is the average speed of the rabbit in m/s?,V3MX,DD,1.3029546589205778,fuse-secondary-only,
1987,simulation_0248_segmented,What is the height of the brown horse in meters?,V2MX,DS,0.45,fuse-disagreement,
1988,simulation_0248_segmented,What is the length of the brown horse in meters?,V2MX,DS,3.412908929723691,fuse-fused,
1989,simulation_0248_segmented,What is the average speed of the white horse in m/s?,V2MX,DD,2.114829936947428,fuse-fused,
1990,simulation_0248_segmented,What is the height of the white horse in meters?,V2MX,DS,2.8241354098934934,fuse-fused,
1991,simulation_0248_segmented,What is the length of the white horse in meters?,V2MX,DS,3.662382345332453,fuse-fused,
1992,simulation_0248_segmented,What is the average speed of the rabbit in m/s?,V2MX,DD,0.087,fuse-disagreement,
1993,simulation_0248_segmented,What is the length of the rabbit in meters?,V2MX,DS,0.9945232905913766,fuse-secondary-only,
1994,simulation_0248_segmented,What is the height of the rabbit in meters?,V2MX,DS,0.15,fuse-disagreement,
1995,simulation_0251_segmented,What is the speed of the soccer ball at time 0.5s in m/s?,S2SX,SD,3.039205836978492,fuse-fused,
1996,simulation_0251_segmented,What is the speed of the soccer ball at time 2s in m/s?,S2SX,SD,4.893924968138842,fuse-secondary-only,
1997,simulation_0251_segmented,What is the speed of the soccer ball at time 1s in m/s?,S2SX,SD,0.34,fuse-disagreement,
1998,simulation_0251_segmented,What is the speed of the soccer ball at time 1.5s in m/s?,S2SX,SD,0.67,fuse-disagreement,
1999,simulation_0255_segmented,What is the speed of the tennis ball at time 0.5s in m/s?,S2SX,SD,0.17,fuse-primary-only,
2000,simulation_0255_segmented,What is the speed of the tennis ball at time 1s in m/s?,S2SX,SD,0.17,fuse-primary-only,
2001,simulation_0255_segmented,What is the speed of the tennis ball at time 1.5s in m/s?,S2SX,SD,0.23,fuse-primary-only,
2002,simulation_0255_segmented,What is the acceleration of the tennis ball at time 0.5s in m/s^2?,S2SX,SD,,none,neither arm answered
2003,simulation_0255_segmented,What is the acceleration of the tennis ball at time 1s in m/s^2?,S2SX,SD,,none,neither arm answered
2004,simulation_0255_segmented,What is the acceleration of the tennis ball at time 1.5s in m/s^2?,S2SX,SD,,none,neither arm answered
2005,simulation_0261_segmented,What is the height of the mug in meters?,A2SX,DS,0.3614054699608917,fuse-secondary-only,
2006,simulation_0261_segmented,What is the speed of the mug at time 0.2s in m/s?,A2SX,DD,0.7601165875161237,fuse-secondary-only,
2007,simulation_0261_segmented,What is the speed of the mug at time 0.4s in m/s?,A2SX,DD,0.7601165875161237,fuse-secondary-only,
2008,simulation_0261_segmented,What is the speed of the mug at time 0.625s in m/s?,A2SX,DD,0.7601165875161237,fuse-secondary-only,
2009,simulation_0030_segmented,What is the length of the eagle in meters?,V3MX,DS,0.5,fuse-primary-only,
2010,simulation_0151_segmented,"What is the width, in meters, of the blue car?",S3MX,SS,1.0666034404640978,fuse-fused,
2011,simulation_0151_segmented,What is the speed of the yellow car at time 1s in m/s?,S3MX,SD,3.063452589554677,fuse-primary-only,
2012,simulation_0151_segmented,What is the acceleration of the yellow car at time 1s in m/s^2?,S3MX,SD,3.605025103249033,fuse-fused,
2013,simulation_0151_segmented,What is the speed of the blue car at time 1s in m/s?,S3MX,SD,3.0575580844738317,fuse-primary-only,
2014,simulation_0151_segmented,What is the acceleration of the blue car at time 1s in m/s^2?,S3MX,SD,8.396122511463632,fuse-disagreement,
2015,internet_0001,What is the length of the black car in meters?,S2SC,SS,4.5,fuse-disagreement,
2016,internet_0001,What is the width of the black car in meters?,S2SC,SS,0.7072830501785329,fuse-fused,
2017,internet_0001,What is the average speed of the black car in m/s?,S2SC,SD,2.402809694126178,fuse-fused,
2018,internet_0002,What is the length of the red car in meters?,S2SC,SS,5.5,fuse-disagreement,
2019,internet_0002,What is the width of the red car in meters?,S2SC,SS,0.5184496737881393,fuse-secondary-only,
2020,internet_0002,What is the average speed of the red car in m/s?,S2SC,SD,1.9623518041936208,fuse-secondary-only,
2021,internet_0003,What is the diameter of the pizza in cm?,S2MC,SS,30.17103525820583,fuse-secondary-only,
2022,internet_0003,What is the diameter of the wine glass in cm?,S2MC,SS,13.460874524778337,fuse-secondary-only,
2023,internet_0003,What is the velocity of the pizza cutter in cm/s at 0.2s?,S2MC,SD,15.0,fuse-disagreement,
2024,internet_0003,What is the diameter of a pepperoni on the pizza in cm?,S2MC,SS,25.713369453973893,fuse-secondary-only,
2025,internet_0004,What is the length of the wood block in cm?,S2MC,SS,2.096727674731768,fuse-secondary-only,
2026,internet_0004,What is the thickness of the wood block in cm?,S2MC,SS,2.096727674731768,fuse-secondary-only,
2027,internet_0004,What is the average velocity of the pencil tip moving on the block in cm/s?,S2MC,SD,10.0,fuse-disagreement,
2028,internet_0004,What is the average velocity of the saw cutting the block in cm/s?,S2MC,SD,0.2385245626493148,fuse-secondary-only,
2029,internet_0005,What is the distance between the two black road signs in meters?,V2MC,DS,,none,neither arm answered
2030,internet_0005,What is the height of the woman in yellow in meters?,V2MC,DS,1.5949472959384323,fuse-fused,
2031,internet_0005,What is the length of the light right above the woman's head in meters?,V2MC,DS,1.66382227402163,fuse-secondary-only,
2032,internet_0005,What is the side length of the floor tiles in meters?,V2MC,DS,10.953237035495423,fuse-secondary-only,
2033,internet_0006,What is the length of the motor cycle in meters?,S2MC,SS,2.715455231177142,fuse-fused,
2034,internet_0006,What is the average speed of the motorcycle in m/s?,S2MC,SD,11.01834739009611,fuse-secondary-only,
2035,internet_0006,What is the length of the white car in meters?,S2MC,SS,3.382179803524368,fuse-secondary-only,
2036,internet_0006,What is the average speed of the white car in m/s?,S2MC,SD,11.050702321918164,fuse-secondary-only,
2037,internet_0006,What is the length of the black car in meters?,S2MC,SS,2.9503705582382858,fuse-secondary-only,
2038,internet_0006,What is the average speed of the black car in m/s?,S2MC,SD,10.805222428778476,fuse-secondary-only,
2039,internet_0007,What is the length of the white car in meters?,S2MC,SS,2.904054942304121,fuse-secondary-only,
2040,internet_0007,What is the average speed of the white car in m/s?,S2MC,SD,13.406674774191927,fuse-secondary-only,
2041,internet_0007,What is the length of the black car in meters?,S2MC,SS,3.081954238237477,fuse-secondary-only,
2042,internet_0007,What is the average speed of the black car in m/s?,S2MC,SD,12.4042520774339,fuse-secondary-only,
2043,internet_0008,What is the average speed of the sailboat in m/s?,S2MC,SD,0.05,fuse-disagreement,
2044,internet_0008,What is the average speed of the speedboat in m/s?,S2MC,SD,2.262529510551951,fuse-fused,
2045,internet_0008,What is the length of the speedboat in meters?,S2MC,SS,12.094143818966296,fuse-secondary-only,
2046,internet_0009,What is the distance between the two players in meters at the beginning?,S2MC,SS,,none,neither arm answered
2047,internet_0009,What is the average velocity of the tennis ball flying across the net in m/s?,S2MC,SD,45.0,fuse-disagreement,
2048,internet_0009,What is the total displacement of the player on the right in meters?,S2MC,SS,4.1,fuse-disagreement,
2049,internet_0010,How tall is the shooter in cm?,S2MC,SS,23.299527507215217,fuse-secondary-only,
2050,internet_0010,What is the velocity of the ball at 2.00s in cm/s?,S2MC,SD,472.6921272035104,fuse-secondary-only,
2051,internet_0011,What is the initial distance between the two players in meters?,S2MC,SS,,none,neither arm answered
2052,internet_0011,What is the displacement of the player in white in meters?,S2MC,SS,0.2514909872446945,fuse-secondary-only,
2053,internet_0011,What is the average moving speed of the player in white in m/s?,S2MC,SD,1.4,fuse-disagreement,
2054,internet_0011,What is the displacement of the player in black in meters?,S2MC,SS,0.2514909872446945,fuse-secondary-only,
2055,internet_0012,What is the length of the truck in meters?,S2MC,SS,0.5332021076991613,fuse-secondary-only,
2056,internet_0012,What is the average velocity of the truck in m/s?,S2MC,SD,10.0,fuse-disagreement,
2057,internet_0012,What is the length of the grey car in meters?,S2MC,SS,4.5,fuse-disagreement,
2058,internet_0012,What is the average velocity of the grey car in m/s?,S2MC,SD,2.466225875981466,fuse-secondary-only,
2059,internet_0012,What is the length of the car on the leftmost lane in meters?,S2MC,SS,0.5386729045755427,fuse-secondary-only,
2060,internet_0012,What is the average velocity of the car on the leftmost lane in m/s?,S2MC,SD,2.896843640904002,fuse-secondary-only,
2061,internet_0012,What is the length of the white car on the second lane to the left in meters?,S2MC,SS,0.555109978754479,fuse-secondary-only,
2062,internet_0012,What is the average velocity of the white car on the second lane to the left in m/s?,S2MC,SD,1.6538375645965488,fuse-secondary-only,
2063,internet_0013,What is the width of the straight-through lane in meters?,V2MC,DS,,none,neither arm answered
2064,internet_0013,What is the width of the roundabout lane in meters?,V2MC,DS,,none,neither arm answered
2065,internet_0013,What is the diameter of the center island planter in meters?,V2MC,DS,,none,neither arm answered
2066,internet_0013,What is the speed of the white car in the roundabout at 3.0s in m/s?,V2MC,DD,0.0365767867573514,fuse-secondary-only,
2067,internet_0013,What is the speed of the bicycle on the upper left corner at 3.0s in m/s?,V2MC,DD,5.0,fuse-disagreement,
2068,internet_0013,What is the distance between the two black cars in the round about at 1.0s in meters?,V2MC,DS,20.0,fuse-primary-only,
2069,internet_0014,What is the initial distance between the two players in meters?,S2MC,SS,,none,neither arm answered
2070,internet_0014,What is the distance from the player closest to the goal to the goal at 0s in meters?,S2MC,SS,0.8987748637344469,fuse-secondary-only,
2071,internet_0014,What is he football's velocity at 7.00s in m/s?,S2MC,SD,3.0,fuse-disagreement,
2072,internet_0014,What is the average velocity of the player with the ball from 8.0s to 9.0s in m/s?,S2MC,SD,0.5715175357545225,fuse-fused,
2073,internet_0014,What is distance between the two players at 9.00s in meters?,S2MC,SS,60.0,fuse-primary-only,
2074,internet_0015,What is the average vehicle spacing in meters?,S2MC,SS,3.66,fuse-secondary-only,
2075,internet_0015,What is the length of the black car in meters?,S2MC,SS,0.1232604559576637,fuse-secondary-only,
2076,internet_0015,What is the length of the motorcycle in meters?,S2MC,SS,0.1134838384540012,fuse-secondary-only,
2077,internet_0015,What is the average speed of the motorcycle in m/s?,S2MC,SS,0.1337016632040581,fuse-secondary-only,
2078,internet_0015,What is the speed of the car before the motorcycle at 1.0s in m/s?,S2MC,SS,0.6460974203527174,fuse-secondary-only,
2079,internet_0016,What is the distance between the two players in meters at the beginning?,S2MC,SS,,none,neither arm answered
2080,internet_0016,What is the velocity of the basketball at 0s in m/s?,S2MC,SD,39.97906000218976,fuse-secondary-only,
2081,internet_0016,What is the distance between the ball and the player in black at 0.5s in meters?,S2MC,SS,0.4707014271888106,fuse-secondary-only,
2082,internet_0016,What is the distance between the basket and the player in black at 0.5s in meters?,S2MC,SS,5.238377250859569,fuse-fused,
2083,internet_0017,What is the diameter of the round container in cm?,S2MS,SS,5.690567668414684,fuse-secondary-only,
2084,internet_0017,What is the length of the keyboard in cm?,S2MS,SS,16.544203307785402,fuse-secondary-only,
2085,internet_0017,What is the width of the keyboard in cm?,S2MS,SS,16.544203307785402,fuse-secondary-only,
2086,internet_0017,What is the length of the pen in cm?,S2MS,SS,6.060691407825738,fuse-secondary-only,
2087,internet_0017,What is moving speed of the user's (middle) fingertip at 0.4s in cm/s?,S2MS,SD,8.86059483285902,fuse-fused,
2088,internet_0018,What is the distance between the two players in meters at the beginning?,S2MC,SS,,none,neither arm answered
2089,internet_0018,What is the distance between the benches and the court in meters?,S2MC,SS,1.5,fuse-primary-only,
2090,internet_0018,What is the tennis ball's velocity at 1.5s in m/s?,S2MC,SS,120.0,fuse-disagreement,
2091,internet_0019,What is the size of the ball in cm?,A2MC,DS,,none,neither arm answered
2092,internet_0019,What is the height of the person standing in the middle in cm?,A2MC,DS,170.0,fuse-primary-only,
2093,internet_0019,What is the height of the person on the left (the passer) in cm?,A2MC,DS,,none,neither arm answered
2094,internet_0019,What is the height of the person on the right (the receiver) in cm?,A2MC,DS,150.0,fuse-primary-only,
2095,internet_0019,What is the initial distance between the passer and the receiver in meters?,A2MC,DS,3.0,fuse-primary-only,
2096,internet_0019,What is the velocity of the ball at 1.00s in m/s?,A2MC,DD,,none,neither arm answered
2097,internet_0019,What is the (average) horizontal velocity of the ball in m/s?,A2MC,DD,5.0,fuse-primary-only,
2098,internet_0020,What is the height of the sink in cm?,S2MC,SS,15.02898988073702,fuse-secondary-only,
2099,internet_0020,What is the width of the tray in cm?,S2MC,SS,22.500486711430263,fuse-secondary-only,
2100,internet_0020,What is the height of the pump bottle in cm?,S2MC,SS,11.662876641032469,fuse-secondary-only,
2101,internet_0020,What is average moving velocity of the picked bottle in cm/s?,S2MC,SD,0.511410946609709,fuse-secondary-only,
2102,internet_0020,What is the velocity of the picked bottle at 0.50s in cm/s?,S2MC,SD,0.5370069385551557,fuse-secondary-only,
2103,internet_0021,What is the average speed of the airplane in m/s? ,S2MC,SD,70.6688574503004,fuse-secondary-only,
2104,internet_0021,What is the distance between the airplane and the roof top at 0s in meters?,S2MC,SS,90.22805214260968,fuse-secondary-only,
2105,internet_0021,What is the the displacement of the airplane from 0s to 2.00s in meters? ,S2MC,SS,40.0,fuse-secondary-only,
2106,internet_0022,What is the diameter of the tea cup in mm?,S2MC,SS,101.2059975951833,fuse-secondary-only,
2107,internet_0022,What is the diameter of the saucer in mm?,S2MC,SS,101.86063765493785,fuse-secondary-only,
2108,internet_0022,What is the length of the pencil in mm?,S2MC,SS,97.83162750322998,fuse-secondary-only,
2109,internet_0022,What is the shoulder width of the man in cm?,S2MC,SS,63.77916363856589,fuse-secondary-only,
2110,internet_0022,What is the length of the table in meters?,S2MC,SS,1.4277742691363726,fuse-fused,
2111,internet_0022,What is the length of the monitor in cm?,S2MC,SS,46.72195928213824,fuse-secondary-only,
2112,internet_0022,What is the width of the grey notebook in cm?,S2MC,SS,29.125076017946544,fuse-secondary-only,
2113,internet_0022,What is the length of the grey notebook in cm?,S2MC,SS,29.125076017946544,fuse-secondary-only,
2114,internet_0022,What is average velocity of the man's moving hand from 0.40s to 1.00s in cm/s?,S2MC,SD,12.939443253541317,fuse-secondary-only,
2115,internet_0023,What is the length of the swimming pool in meters (excluding the stair area)?,S2MC,SS,18.92801516308946,fuse-secondary-only,
2116,internet_0023,What is the width of the swimming pool in meters?,S2MC,SS,18.92801516308946,fuse-secondary-only,
2117,internet_0023,What is the length of the deck chair in meters?,S2MC,SS,3.365040854504981,fuse-secondary-only,
2118,internet_0023,What is the average velocity of the swimmer in m/s?,S2MC,SD,0.8510106359696415,fuse-secondary-only,
2119,internet_0023,What is the distance between the two umbrellas on the left in meters?,S2MC,SS,,none,neither arm answered
2120,internet_0024,What is the length of the earphone case in mm?,S2MC,SS,45.0,fuse-secondary-only,
2121,internet_0024,What is the length of the pencil in cm?,S2MC,SS,12.67607316884249,fuse-secondary-only,
2122,internet_0024,What is the diameter of the mug in cm?,S2MC,SS,9.060888587768934,fuse-secondary-only,
2123,internet_0024,What is the length of the longest side of the laptop in cm?,S2MC,SS,26.12719652855967,fuse-fused,
2124,internet_0024,What is the length of the longest side of the wallet in cm?,S2MC,SS,15.705480991894794,fuse-secondary-only,
2125,internet_0024,What is the moving velocity of the mug at 0.50s in cm/s?,S2MC,SS,21.794693970832586,fuse-fused,
2126,internet_0025,What is the length of the canoe in meters?,S2SC,SS,11.131831982393702,fuse-secondary-only,
2127,internet_0025,What is the average speed of the canoe in m/s?,S2SC,SD,0.8300738662909604,fuse-secondary-only,
2128,internet_0025,What is the displacement of the canoe in the first 5 seconds in meters?,S2SC,SS,11.131831982393702,fuse-secondary-only,
2129,internet_0026,What is the sitting height of the baby in cm?,S2MC,SS,63.826650426165095,fuse-secondary-only,
2130,internet_0026,What is the distance between the baby and the man in meters?,S2MC,SS,2.118544980479909,fuse-secondary-only,
2131,internet_0026,What is the length of the toy truck in cm?,S2MC,SS,52.98154077557234,fuse-fused,
2132,internet_0026,What is the height of the toy truck in cm?,S2MC,SS,55.638020469835965,fuse-secondary-only,
2133,internet_0026,What is the speed of the toy truck at 0.50s in cm/s?,S2MC,SD,61.87843388134666,fuse-secondary-only,
2134,internet_0026,What is the average speed of the toy truck in cm/s?,S2MC,SD,54.59463588584492,fuse-secondary-only,
2135,internet_0027,What is the initial distance between the black ball and the purple ball in cm?,S2MC,SS,16.93107248782028,fuse-secondary-only,
2136,internet_0027,What is the white ball's average velocity in 1.00s to 2.00s in cm/s?,S2MC,SD,8.58,fuse-disagreement,
2137,internet_0027,What is the velocity of the orange ball at 1.00s in cm/s?,S2MC,SD,174.4538525965099,fuse-secondary-only,
2138,internet_0027,What is the final distance between the purple ball and the black ball in cm?,S2MC,SS,16.93107248782028,fuse-secondary-only,
2139,internet_0027,What is the acceleration of the yellow balloon the left at 2.00s in cm/s^2?,S2MC,SD,3.666280745607379,fuse-fused,
2140,captured_0001,What is the size of the ball in cm? ,A3SS,DS,26.61613613831044,fuse-secondary-only,
2141,captured_0001,What is the length of the slope in cm? ,A3SS,DS,415.16778542074775,fuse-secondary-only,
2142,captured_0001,What is the displacement of the ball between 0s and 1.5s in cm?,A3SS,DS,33.36263479830067,fuse-secondary-only,
2143,captured_0001,What is the velocity of the ball at 1.5s in cm/s?,A3SS,DD,167.0807773624569,fuse-secondary-only,
2144,captured_0001,What is the velocity of the ball at the end of the slope in cm/s? ,A3SS,DD,13.18125014179855,fuse-secondary-only,
2145,captured_0002,What is the size of the ball in mm? ,A3SS,DS,25.0,fuse-disagreement,
2146,captured_0002,What is the length of the slope in cm? ,A3SS,DS,281.5666239578827,fuse-secondary-only,
2147,captured_0002,What is the displacement of the ball between 1.0s and 1.3s in cm?,A3SS,DS,49.47741358158399,fuse-secondary-only,
2148,captured_0002,What is the velocity of the ball at 1.3s in cm/s?,A3SS,DD,169.68607797181184,fuse-secondary-only,
2149,captured_0002,What is the velocity of the ball at the end of the slope in cm/s? ,A3SS,DD,236.2290746057521,fuse-secondary-only,
2150,captured_0006,What is the height of the toy in cm? ,A3SC,DS,14.0,fuse-primary-only,
2151,captured_0006,What is the width of the toy in cm?,A3SC,DS,12.0,fuse-primary-only,
2152,captured_0006,What is the velocity of the toy at 1.2s in m/s? ,A3SC,DS,2.0,fuse-primary-only,
2153,captured_0006,What the displacement of the toy between 1s and 1.2s in cm? ,A3SC,DS,,none,neither arm answered
2154,captured_0006,What is the velocity of the toy when hitting the desk for the first time in m/s? ,A3SC,DS,4.2,fuse-primary-only,
2155,captured_0006s,What is the height of the toy in cm? ,A3SS,DS,,none,neither arm answered
2156,captured_0006s,What is the width of the toy in cm?,A3SS,DS,,none,neither arm answered
2157,captured_0006s,What is the velocity of the toy at 1.2s in m/s? ,A3SS,DS,4.7,fuse-primary-only,
2158,captured_0006s,What the displacement of the toy between 1s and 1.2s in cm? ,A3SS,DS,,none,neither arm answered
2159,captured_0006s,What is the velocity of the toy when hitting the desk for the first time in m/s? ,A3SS,DS,,none,neither arm answered
2160,captured_0008,What is the basketball's initial distance from the desk in cm? ,A3SC,DS,32.4,fuse-primary-only,
2161,captured_0008,What is the basketball's diameter in cm?,A3SC,DS,,none,neither arm answered
2162,captured_0008,What is the maximum rebounce height (with respect to the desk) of the basketball in cm? ,A3SC,DS,203.0,fuse-primary-only,
2163,captured_0008,What is the basketball's velocity at 1.2s in m/s? ,A3SC,DS,0.81,fuse-primary-only,
2164,captured_0008,What is the basketball's  distance from the camera at 1.2s in meters? ,A3SC,DS,1.564,fuse-secondary-only,
2165,captured_0008s,What is the basketball's initial distance from the desk in cm? ,A3SS,DS,,none,neither arm answered
2166,captured_0008s,What is the basketball's diameter in cm?,A3SS,DS,,none,neither arm answered
2167,captured_0008s,What is the maximum rebounce height (with respect to the desk) of the basketball in cm? ,A3SS,DS,,none,neither arm answered
2168,captured_0008s,What is the basketball's velocity at 1.2s in m/s? ,A3SS,DS,1.6,fuse-primary-only,
2169,captured_0008s,What is the basketball's  distance from the camera at 1.2s in meters? ,A3SS,DS,1.564,fuse-secondary-only,
2170,captured_0008x,What is the basketball's initial distance from the desk in cm? ,A3SX,DS,,none,neither arm answered
2171,captured_0008x,What is the basketball's diameter in cm?,A3SX,DS,,none,neither arm answered
2172,captured_0008x,What is the maximum rebounce height (with respect to the desk) of the basketball in cm? ,A3SX,DS,,none,neither arm answered
2173,captured_0008x,What is the basketball's velocity at 1.2s in m/s? ,A3SX,DS,1.57,fuse-primary-only,
2174,captured_0008x,What is the basketball's  distance from the camera at 1.2s in meters? ,A3SX,DS,1.564,fuse-secondary-only,
2175,captured_0009,What is the basketball's initial distance from the floor in cm? ,A3SC,DS,,none,neither arm answered
2176,captured_0009,What is the basketball's diameter in cm?,A3SC,DS,,none,neither arm answered
2177,captured_0009,What is the maximum rebounce height of the basketball in cm? ,A3SC,DS,44.9,fuse-primary-only,
2178,captured_0009,What is the basketball's velocity at 1.8s in m/s? ,A3SC,DS,1.4,fuse-primary-only,
2179,captured_0009,What is the basketball's  distance from the camera at 1.8s in meters? ,A3SC,DS,1.5835,fuse-secondary-only,
2180,captured_0009s,What is the basketball's initial distance from the floor in cm? ,A3SS,DS,,none,neither arm answered
2181,captured_0009s,What is the basketball's diameter in cm?,A3SS,DS,,none,neither arm answered
2182,captured_0009s,What is the maximum rebounce height of the basketball in cm? ,A3SS,DS,44.9,fuse-primary-only,
2183,captured_0009s,What is the basketball's velocity at 1.8s in m/s? ,A3SS,DS,1.4,fuse-primary-only,
2184,captured_0009s,What is the basketball's  distance from the camera at 1.8s in meters? ,A3SS,DS,1.5835,fuse-secondary-only,
2185,captured_0009x,What is the basketball's initial distance from the floor in cm? ,A3SX,DS,,none,neither arm answered
2186,captured_0009x,What is the basketball's diameter in cm?,A3SX,DS,,none,neither arm answered
2187,captured_0009x,What is the maximum rebounce height of the basketball in cm? ,A3SX,DS,44.9,fuse-primary-only,
2188,captured_0009x,What is the basketball's velocity at 1.8s in m/s? ,A3SX,DS,1.4,fuse-primary-only,
2189,captured_0009x,What is the basketball's  distance from the camera at 1.8s in meters? ,A3SX,DS,1.5835,fuse-secondary-only,
2190,captured_0010,What is the length of the string in cm? ,A3SC,DS,135.0,fuse-primary-only,
2191,captured_0010,What is the ball's diameter in cm?,A3SC,DS,,none,neither arm answered
2192,captured_0010,What is the ball's velocity at 0.3s in m/s? ,A3SC,DS,1.3,fuse-primary-only,
2193,captured_0010,What is the ball's velocoty at 0.6s in m/s? ,A3SC,DS,,none,neither arm answered
2194,captured_0010,What is that ball's acceleration at 0.3s in m/s? ,A3SC,DS,,none,neither arm answered
2195,captured_0010,What is that ball's acceleration at 0.6s in m/s? ,A3SC,DS,,none,neither arm answered
2196,captured_0010s,What is the length of the string in cm? ,A3SS,DS,,none,neither arm answered
2197,captured_0010s,What is the ball's diameter in cm?,A3SS,DS,10.0,fuse-primary-only,
2198,captured_0010s,What is the ball's velocity at 0.3s in m/s? ,A3SS,DS,,none,neither arm answered
2199,captured_0010s,What is the ball's velocoty at 0.6s in m/s? ,A3SS,DS,,none,neither arm answered
2200,captured_0010s,What is that ball's acceleration at 0.3s in m/s? ,A3SS,DS,,none,neither arm answered
2201,captured_0010s,What is that ball's acceleration at 0.6s in m/s? ,A3SS,DS,9.8,fuse-primary-only,
2202,captured_0010X,What is the length of the string in cm? ,A3SX,DS,120.0,fuse-primary-only,
2203,captured_0010X,What is the ball's diameter in cm?,A3SX,DS,10.0,fuse-primary-only,
2204,captured_0010X,What is the ball's velocity at 0.3s in m/s? ,A3SX,DS,,none,neither arm answered
2205,captured_0010X,What is the ball's velocoty at 0.6s in m/s? ,A3SX,DS,,none,neither arm answered
2206,captured_0010X,What is that ball's acceleration at 0.3s in m/s? ,A3SX,DS,,none,neither arm answered
2207,captured_0010X,What is that ball's acceleration at 0.6s in m/s? ,A3SX,DS,,none,neither arm answered
2208,captured_0013,What is the height of the cup in cm? ,A3MC,DS,12.0,fuse-disagreement,
2209,captured_0013,What is the length of the pen in cm? ,A3MC,DS,87.46531616756603,fuse-secondary-only,
2210,captured_0013,What is the diameter of the cookie in cm? ,A3MC,DS,72.26102888371976,fuse-secondary-only,
2211,captured_0013,What is the width of the note book in cm? ,A3MC,DS,127.98649216661111,fuse-secondary-only,
2212,captured_0013,What is the width of the desk in cm? ,A3MC,DS,740.3597830052868,fuse-secondary-only,
2213,captured_0013,What is the length of the slope in cm?,A3MC,DS,741.867796193755,fuse-secondary-only,
2214,captured_0013,What is the diameter of the ball in cm? ,A3MC,DS,6.0,fuse-disagreement,
2215,captured_0013,What is the velolicty of the ball at 1.5s in cm/s? ,A3MC,DD,370.1756963473057,fuse-secondary-only,
2216,captured_0013s,What is the height of the cup in cm? ,A3MS,DS,15.0,fuse-disagreement,
2217,captured_0013s,What is the length of the pen in cm? ,A3MS,DS,84.5243992540977,fuse-secondary-only,
2218,captured_0013s,What is the diameter of the cookie in cm? ,A3MS,DS,70.72341559091734,fuse-secondary-only,
2219,captured_0013s,What is the width of the note book in cm? ,A3MS,DS,124.91966556379744,fuse-secondary-only,
2220,captured_0013s,What is the width of the desk in cm? ,A3MS,DS,469.72896823187943,fuse-fused,
2221,captured_0013s,What is the length of the slope in cm?,A3MS,DS,720.6805527330018,fuse-secondary-only,
2222,captured_0013s,What is the diameter of the ball in cm? ,A3MS,DS,51.4782729732633,fuse-secondary-only,
2223,captured_0013s,What is the velolicty of the ball at 1.5s in cm/s? ,A3MS,DD,361.2791172555265,fuse-secondary-only,
2224,captured_0013x,What is the height of the cup in cm? ,A3MX,DS,4.5,fuse-disagreement,
2225,captured_0013x,What is the length of the pen in cm? ,A3MX,DS,14.0,fuse-disagreement,
2226,captured_0013x,What is the diameter of the cookie in cm? ,A3MX,DS,71.65659066807764,fuse-secondary-only,
2227,captured_0013x,What is the width of the note book in cm? ,A3MX,DS,15.0,fuse-disagreement,
2228,captured_0013x,What is the width of the desk in cm? ,A3MX,DS,472.1993170874951,fuse-fused,
2229,captured_0013x,What is the length of the slope in cm?,A3MX,DS,726.8517163376139,fuse-secondary-only,
2230,captured_0013x,What is the diameter of the ball in cm? ,A3MX,DS,8.0,fuse-disagreement,
2231,captured_0013x,What is the velolicty of the ball at 1.5s in cm/s? ,A3MX,DD,365.3190496809936,fuse-secondary-only,
2232,captured_0014,What is the diameter of the cookie in cm? ,A3MC,DS,19.035953032714314,fuse-fused,
2233,captured_0014,What is the diameter of the ball in cm? ,A3MC,DS,14.821854082653232,fuse-fused,
2234,captured_0014,What is the height of the cup in cm? ,A3MC,DS,43.163097656982096,fuse-secondary-only,
2235,captured_0014,What is the length of the pen in cm? ,A3MC,DS,43.12646240701027,fuse-secondary-only,
2236,captured_0014,What is the length of the book in cm?,A3MC,DS,35.97079241894013,fuse-secondary-only,
2237,captured_0014,What is the width of the book in cm?,A3MC,DS,35.97079241894013,fuse-secondary-only,
2238,captured_0014,What is the height of the book in cm?,A3MC,DS,33.96912897901806,fuse-secondary-only,
2239,captured_0014,What is the velocity of the rolling ball at 0.6s in cm/s? ,A3MC,DD,108.64273561439433,fuse-secondary-only,
2240,captured_0014,What is the length of the slope in cm? ,A3MC,DS,210.8934063248511,fuse-secondary-only,
2241,captured_0014,What is the width of the slope in cm? ,A3MC,DS,210.8934063248511,fuse-secondary-only,
2242,captured_0014,What is the displacement of the rolling object from 0s to 0.6s in cm? ,A3MC,DS,267.6496007446509,fuse-secondary-only,
2243,captured_0014s,What is the diameter of the cookie in cm? ,A3MS,DS,9.345578635564708,fuse-secondary-only,
2244,captured_0014s,What is the diameter of the ball in cm? ,A3MS,DS,7.883510239383312,fuse-fused,
2245,captured_0014s,What is the height of the cup in cm? ,A3MS,DS,15.573870237007686,fuse-fused,
2246,captured_0014s,What is the length of the pen in cm? ,A3MS,DS,16.244617970879393,fuse-fused,
2247,captured_0014s,What is the length of the book in cm?,A3MS,DS,14.568481838362068,fuse-secondary-only,
2248,captured_0014s,What is the width of the book in cm?,A3MS,DS,14.568481838362068,fuse-secondary-only,
2249,captured_0014s,What is the height of the book in cm?,A3MS,DS,14.005422422526506,fuse-secondary-only,
2250,captured_0014s,What is the velocity of the rolling ball at 0.6s in cm/s? ,A3MS,DD,54.08417409711024,fuse-secondary-only,
2251,captured_0014s,What is the length of the slope in cm? ,A3MS,DS,85.96758608315311,fuse-secondary-only,
2252,captured_0014s,What is the width of the slope in cm? ,A3MS,DS,84.50588990373431,fuse-secondary-only,
2253,captured_0014s,What is the displacement of the rolling object from 0s to 0.6s in cm? ,A3MS,DS,81.13074203350679,fuse-secondary-only,
2254,captured_0014x,What is the diameter of the cookie in cm? ,A3MX,DS,12.420743225507422,fuse-secondary-only,
2255,captured_0014x,What is the diameter of the ball in cm? ,A3MX,DS,12.816491356556794,fuse-secondary-only,
2256,captured_0014x,What is the height of the cup in cm? ,A3MX,DS,17.881344465352146,fuse-fused,
2257,captured_0014x,What is the length of the pen in cm? ,A3MX,DS,19.228030007801117,fuse-fused,
2258,captured_0014x,What is the length of the book in cm?,A3MX,DS,19.244579626455145,fuse-secondary-only,
2259,captured_0014x,What is the width of the book in cm?,A3MX,DS,19.244579626455145,fuse-secondary-only,
2260,captured_0014x,What is the height of the book in cm?,A3MX,DS,18.080870929897205,fuse-secondary-only,
2261,captured_0014x,What is the velocity of the rolling ball at 0.6s in cm/s? ,A3MX,DD,87.81122098374931,fuse-secondary-only,
2262,captured_0014x,What is the length of the slope in cm? ,A3MX,DS,114.86293138613146,fuse-secondary-only,
2263,captured_0014x,What is the width of the slope in cm? ,A3MX,DS,112.29588617693273,fuse-secondary-only,
2264,captured_0014x,What is the displacement of the rolling object from 0s to 0.6s in cm? ,A3MX,DS,108.07461706208048,fuse-secondary-only,
2265,captured_0015,What is the height of the person in cm?,A2MC,DS,160.0,fuse-primary-only,
2266,captured_0015,What is the velocity of the toy at 0.6s in cm/s?,A2MC,DD,120.0,fuse-primary-only,
2267,captured_0015,What is the height of the toy in cm? ,A2MC,DS,,none,neither arm answered
2268,captured_0015,What is the shoulder breadth of the person in cm?,A2MC,DS,,none,neither arm answered
2269,captured_0015,What is the velocity of the toy at 2.6s in cm/s?,A2MC,DD,,none,neither arm answered
2270,captured_0015s,What is the height of the person in cm?,A2MS,DS,,none,neither arm answered
2271,captured_0015s,What is the velocity of the toy at 0.6s in cm/s?,A2MS,DS,402.0,fuse-primary-only,
2272,captured_0015s,What is the height of the toy in cm? ,A2MS,DS,,none,neither arm answered
2273,captured_0015s,What is the shoulder breadth of the person in cm?,A2MS,DS,35.0,fuse-primary-only,
2274,captured_0015s,What is the velocity of the toy at 2.6s in cm/s?,A2MS,DD,,none,neither arm answered
2275,captured_0015x,What is the height of the person in cm?,A2MX,DS,,none,neither arm answered
2276,captured_0015x,What is the velocity of the toy at 0.6s in cm/s?,A2MX,DS,100.0,fuse-primary-only,
2277,captured_0015x,What is the height of the toy in cm? ,A2MX,DS,25.0,fuse-primary-only,
2278,captured_0015x,What is the shoulder breadth of the person in cm?,A2MX,DS,,none,neither arm answered
2279,captured_0015x,What is the velocity of the toy at 2.6s in cm/s?,A2MX,DD,2.6,fuse-primary-only,
2280,captured_0016,What is the distance between the two people in cm?,A3SC,DS,,none,neither arm answered
2281,captured_0016,What is the diameter of the soccer ball in cm?,A3SC,DS,,none,neither arm answered
2282,captured_0016,What is the velocity of the soccer ball at 1.5s in m/s?,A3SC,DD,,none,neither arm answered
2283,captured_0016,What is the displacement of the soccer ball between 1.0s and 1.5s in cm?,A3SC,DS,140.0,fuse-primary-only,
2284,captured_0016s,What is the distance between the two people in cm?,A3SS,DS,,none,neither arm answered
2285,captured_0016s,What is the diameter of the soccer ball in cm?,A3SS,DS,,none,neither arm answered
2286,captured_0016s,What is the velocity of the soccer ball at 1.5s in m/s?,A3SS,DD,5.2,fuse-primary-only,
2287,captured_0016s,What is the displacement of the soccer ball between 1.0s and 1.5s in cm?,A3SS,DS,140.0,fuse-primary-only,
2288,captured_0016x,What is the distance between the two people in cm?,A3SX,DS,,none,neither arm answered
2289,captured_0016x,What is the diameter of the soccer ball in cm?,A3SX,DS,,none,neither arm answered
2290,captured_0016x,What is the velocity of the soccer ball at 1.5s in m/s?,A3SX,DD,5.24,fuse-primary-only,
2291,captured_0016x,What is the displacement of the soccer ball between 1.0s and 1.5s in cm?,A3SX,DS,140.2,fuse-primary-only,
2292,captured_0018,What is the height of the left person in cm?,A3MC,DS,,none,neither arm answered
2293,captured_0018,What is the height of the right person in cm?,A3MC,DS,,none,neither arm answered
2294,captured_0018,What is the distance between the two people in cm?,A3MC,DS,,none,neither arm answered
2295,captured_0018,What is the length of the box in cm?,A3MC,DS,,none,neither arm answered
2296,captured_0018,What is the width of the box in cm?,A3MC,DS,,none,neither arm answered
2297,captured_0018,What is the diameter of the soccer ball in cm?,A3MC,DS,22.0,fuse-primary-only,
2298,captured_0018,What is the diameter of the tennis ball in cm?,A3MC,DS,,none,neither arm answered
2299,captured_0018,What is the height of the yellow toy in cm?,A3MC,DS,,none,neither arm answered
2300,captured_0018,What is the shoe length of the left person in cm?,A3MC,DS,,none,neither arm answered
2301,captured_0018,What is the velocity of the box at 3.4s in cm/s?,A3MC,DD,3.4,fuse-primary-only,
2302,captured_0018,What is the velocity of the soccer ball at 3.4s?,A3MC,DD,,none,neither arm answered
2303,captured_0018,What is the velocity of the tennis ball at 3.4s?,A3MC,DD,3332.0,fuse-primary-only,
2304,captured_0018,What is the velocity of the pineapple toy at 3.4s?,A3MC,DD,,none,neither arm answered
2305,captured_0018,What is the distance between the box and the soccer ball in cm at 3.0s?,A3MC,DS,100.0,fuse-primary-only,
2306,captured_0018,What is the distance between the box and the pineapple toy in cm at 3.0s?,A3MC,DS,110.0,fuse-primary-only,
2307,captured_0018,What is the distance between the box and the tennis ball in cm at 3.0s?,A3MC,DS,,none,neither arm answered
2308,captured_0018,What is the distance between the tennis ball and the soccer ball in cm at 3.0s?,A3MC,DS,120.0,fuse-primary-only,
2309,captured_0018,What is the distance between the pineapple toy and the soccer ball in cm at 3.0s?,A3MC,DS,120.0,fuse-primary-only,
2310,captured_0018,What is the distance between the pineapple toy and the tennis ball in cm at 3.0s?,A3MC,DS,,none,neither arm answered
2311,captured_0018s,What is the height of the left person in cm?,A3MS,DS,170.0,fuse-primary-only,
2312,captured_0018s,What is the height of the right person in cm?,A3MS,DS,,none,neither arm answered
2313,captured_0018s,What is the distance between the two people in cm?,A3MS,DS,,none,neither arm answered
2314,captured_0018s,What is the length of the box in cm?,A3MS,DS,11.0,fuse-primary-only,
2315,captured_0018s,What is the width of the box in cm?,A3MS,DS,22.0,fuse-primary-only,
2316,captured_0018s,What is the diameter of the soccer ball in cm?,A3MS,DS,21.0,fuse-primary-only,
2317,captured_0018s,What is the diameter of the tennis ball in cm?,A3MS,DS,,none,neither arm answered
2318,captured_0018s,What is the height of the yellow toy in cm?,A3MS,DS,,none,neither arm answered
2319,captured_0018s,What is the shoe length of the left person in cm?,A3MS,DS,25.0,fuse-primary-only,
2320,captured_0018s,What is the velocity of the box at 3.4s in cm/s?,A3MS,DD,340.0,fuse-primary-only,
2321,captured_0018s,What is the velocity of the soccer ball at 3.4s?,A3MS,DD,,none,neither arm answered
2322,captured_0018s,What is the velocity of the tennis ball at 3.4s?,A3MS,DD,,none,neither arm answered
2323,captured_0018s,What is the velocity of the pineapple toy at 3.4s?,A3MS,DD,,none,neither arm answered
2324,captured_0018s,What is the distance between the box and the soccer ball in cm at 3.0s?,A3MS,DS,,none,neither arm answered
2325,captured_0018s,What is the distance between the box and the pineapple toy in cm at 3.0s?,A3MS,DS,,none,neither arm answered
2326,captured_0018s,What is the distance between the box and the tennis ball in cm at 3.0s?,A3MS,DS,3.13,fuse-primary-only,
2327,captured_0018s,What is the distance between the tennis ball and the soccer ball in cm at 3.0s?,A3MS,DS,,none,neither arm answered
2328,captured_0018s,What is the distance between the pineapple toy and the soccer ball in cm at 3.0s?,A3MS,DS,112.8,fuse-primary-only,
2329,captured_0018s,What is the distance between the pineapple toy and the tennis ball in cm at 3.0s?,A3MS,DS,100.0,fuse-primary-only,
2330,captured_0018x,What is the height of the left person in cm?,A3MX,DS,160.0,fuse-primary-only,
2331,captured_0018x,What is the height of the right person in cm?,A3MX,DS,,none,neither arm answered
2332,captured_0018x,What is the distance between the two people in cm?,A3MX,DS,,none,neither arm answered
2333,captured_0018x,What is the length of the box in cm?,A3MX,DS,25.0,fuse-primary-only,
2334,captured_0018x,What is the width of the box in cm?,A3MX,DS,,none,neither arm answered
2335,captured_0018x,What is the diameter of the soccer ball in cm?,A3MX,DS,,none,neither arm answered
2336,captured_0018x,What is the diameter of the tennis ball in cm?,A3MX,DS,,none,neither arm answered
2337,captured_0018x,What is the height of the yellow toy in cm?,A3MX,DS,,none,neither arm answered
2338,captured_0018x,What is the shoe length of the left person in cm?,A3MX,DS,25.0,fuse-primary-only,
2339,captured_0018x,What is the velocity of the box at 3.4s in cm/s?,A3MX,DD,542.0,fuse-primary-only,
2340,captured_0018x,What is the velocity of the soccer ball at 3.4s?,A3MX,DD,,none,neither arm answered
2341,captured_0018x,What is the velocity of the tennis ball at 3.4s?,A3MX,DD,,none,neither arm answered
2342,captured_0018x,What is the velocity of the pineapple toy at 3.4s?,A3MX,DD,,none,neither arm answered
2343,captured_0018x,What is the distance between the box and the soccer ball in cm at 3.0s?,A3MX,DS,,none,neither arm answered
2344,captured_0018x,What is the distance between the box and the pineapple toy in cm at 3.0s?,A3MX,DS,,none,neither arm answered
2345,captured_0018x,What is the distance between the box and the tennis ball in cm at 3.0s?,A3MX,DS,100.0,fuse-primary-only,
2346,captured_0018x,What is the distance between the tennis ball and the soccer ball in cm at 3.0s?,A3MX,DS,,none,neither arm answered
2347,captured_0018x,What is the distance between the pineapple toy and the soccer ball in cm at 3.0s?,A3MX,DS,,none,neither arm answered
2348,captured_0018x,What is the distance between the pineapple toy and the tennis ball in cm at 3.0s?,A3MX,DS,100.0,fuse-primary-only,
2349,captured_0020,What is the height of the yellow toy in cm?,A3MC,DS,15.0,fuse-primary-only,
2350,captured_0020,What is the height of the white jar in cm?,A3MC,DS,15.0,fuse-primary-only,
2351,captured_0020,What is the diameter of the white jar in cm?,A3MC,DS,,none,neither arm answered
2352,captured_0020,What is the distance between two people in cm?,A3MC,DS,,none,neither arm answered
2353,captured_0020,What is the velocity of the yellow toy at 0.60s cm/s?,A3MC,DD,1.0,fuse-primary-only,
2354,captured_0020,What is the velocity of the white jar at 0.60s cm/s?,A3MC,DD,150.0,fuse-primary-only,
2355,captured_0020,What is the displacement of the yellow toy from 0.60s to 0.80s in cm?,A3MC,DS,,none,neither arm answered
2356,captured_0020,What is the displacement of the white jar from 0.60s to 0.80s in cm?,A3MC,DS,10.0,fuse-primary-only,
2357,captured_0020s,What is the height of the yellow toy in cm?,A3MS,DS,15.0,fuse-primary-only,
2358,captured_0020s,What is the height of the white jar in cm?,A3MS,DS,,none,neither arm answered
2359,captured_0020s,What is the diameter of the white jar in cm?,A3MS,DS,,none,neither arm answered
2360,captured_0020s,What is the distance between two people in cm?,A3MS,DS,,none,neither arm answered
2361,captured_0020s,What is the velocity of the yellow toy at 0.60s cm/s?,A3MS,DD,,none,neither arm answered
2362,captured_0020s,What is the velocity of the white jar at 0.60s cm/s?,A3MS,DD,,none,neither arm answered
2363,captured_0020s,What is the displacement of the yellow toy from 0.60s to 0.80s in cm?,A3MS,DS,20.0,fuse-primary-only,
2364,captured_0020s,What is the displacement of the white jar from 0.60s to 0.80s in cm?,A3MS,DS,20.0,fuse-primary-only,
2365,captured_0020x,What is the height of the yellow toy in cm?,A3MX,DS,,none,neither arm answered
2366,captured_0020x,What is the height of the white jar in cm?,A3MX,DS,,none,neither arm answered
2367,captured_0020x,What is the diameter of the white jar in cm?,A3MX,DS,,none,neither arm answered
2368,captured_0020x,What is the distance between two people in cm?,A3MX,DS,,none,neither arm answered
2369,captured_0020x,What is the velocity of the yellow toy at 0.60s cm/s?,A3MX,DD,160.0,fuse-primary-only,
2370,captured_0020x,What is the velocity of the white jar at 0.60s cm/s?,A3MX,DD,,none,neither arm answered
2371,captured_0020x,What is the displacement of the yellow toy from 0.60s to 0.80s in cm?,A3MX,DS,120.0,fuse-primary-only,
2372,captured_0020x,What is the displacement of the white jar from 0.60s to 0.80s in cm?,A3MX,DS,20.0,fuse-primary-only,
2373,captured_0021,What is the velocity of the ping pong ball at 1.2s in cm/s?,S3SC,SD,,none,neither arm answered
2374,captured_0021,What is the velocity of the ping pong ball at 1.4s in cm/s?,S3SC,SD,,none,neither arm answered
2375,captured_0021,What is the displacement of the ping pong ball between 1.0s and 1.4s in cm?,S3SC,SS,,none,neither arm answered
2376,captured_0021,What is the width of the table in cm?,S3SC,SS,60.0,fuse-secondary-only,
2377,captured_0021,What is the length of the table in cm?,S3SC,SS,80.0,fuse-secondary-only,
2378,captured_0021s,What is the velocity of the ping pong ball at 1.2s in cm/s?,S3SS,SD,,none,neither arm answered
2379,captured_0021s,What is the velocity of the ping pong ball at 1.4s in cm/s?,S3SS,SD,,none,neither arm answered
2380,captured_0021s,What is the displacement of the ping pong ball between 1.0s and 1.4s in cm?,S3SS,SS,,none,neither arm answered
2381,captured_0021s,What is the width of the table in cm?,S3SS,SS,60.0,fuse-secondary-only,
2382,captured_0021s,What is the length of the table in cm?,S3SS,SS,,none,neither arm answered
2383,captured_0021x,What is the velocity of the ping pong ball at 1.2s in cm/s?,S3SX,SD,111.75,fuse-secondary-only,
2384,captured_0021x,What is the velocity of the ping pong ball at 1.4s in cm/s?,S3SX,SD,,none,neither arm answered
2385,captured_0021x,What is the displacement of the ping pong ball between 1.0s and 1.4s in cm?,S3SX,SS,,none,neither arm answered
2386,captured_0021x,What is the width of the table in cm?,S3SX,SS,60.0,fuse-secondary-only,
2387,captured_0021x,What is the length of the table in cm?,S3SX,SS,80.0,fuse-secondary-only,
2388,captured_0022,What is the velocity of the ping pong ball at 0.8s in cm/s?,S3SC,SD,,none,neither arm answered
2389,captured_0022,What is the velocity of the ping pong ball at 1.2s in cm/s?,S3SC,SD,,none,neither arm answered
2390,captured_0022,What is the acceleration of the ping pong ball at 1.2s in cm/s^2?,S3SC,SD,,none,neither arm answered
2391,captured_0022,What is the displacement of the ping pong ball between 0.6s and 1.6s in cm?,S3SC,SS,22.5,fuse-secondary-only,
2392,captured_0022,What is the width of the table in cm?,S3SC,SS,,none,neither arm answered
2393,captured_0022,What is the length of the table in cm?,S3SC,SS,,none,neither arm answered
2394,captured_0022s,What is the velocity of the ping pong ball at 0.8s in cm/s?,S3SS,SD,,none,neither arm answered
2395,captured_0022s,What is the velocity of the ping pong ball at 1.2s in cm/s?,S3SS,SD,,none,neither arm answered
2396,captured_0022s,What is the acceleration of the ping pong ball at 1.2s in cm/s^2?,S3SS,SD,,none,neither arm answered
2397,captured_0022s,What is the displacement of the ping pong ball between 0.6s and 1.6s in cm?,S3SS,SS,22.5,fuse-secondary-only,
2398,captured_0022s,What is the width of the table in cm?,S3SS,SS,,none,neither arm answered
2399,captured_0022s,What is the length of the table in cm?,S3SS,SS,,none,neither arm answered
2400,captured_0022x,What is the velocity of the ping pong ball at 0.8s in cm/s?,S3SX,SD,,none,neither arm answered
2401,captured_0022x,What is the velocity of the ping pong ball at 1.2s in cm/s?,S3SX,SD,,none,neither arm answered
2402,captured_0022x,What is the acceleration of the ping pong ball at 1.2s in cm/s^2?,S3SX,SD,,none,neither arm answered
2403,captured_0022x,What is the displacement of the ping pong ball between 0.6s and 1.6s in cm?,S3SX,SS,,none,neither arm answered
2404,captured_0022x,What is the width of the table in cm?,S3SX,SS,,none,neither arm answered
2405,captured_0022x,What is the length of the table in cm?,S3SX,SS,80.0,fuse-secondary-only,
2406,captured_0023,What is the velocity of the book at 1.2s in cm/s?,A3SC,DD,57.78410845822876,fuse-secondary-only,
2407,captured_0023,What is the velocity of the book at 1.4s in cm/s?,A3SC,DD,98.65049950143025,fuse-secondary-only,
2408,captured_0023,What is the length of the book in cm?,A3SC,DS,24.0,fuse-disagreement,
2409,captured_0023,What is the width of the book in cm?,A3SC,DS,632.1217436724856,fuse-secondary-only,
2410,captured_0023,What is the height of the book in cm?,A3SC,DS,25.0,fuse-disagreement,
2411,captured_0023,What is the length of the slope in cm?,A3SC,DS,2532.4650507072,fuse-secondary-only,
2412,captured_0023,What is the width of the slope in cm?,A3SC,DS,2532.4650507072,fuse-secondary-only,
2413,captured_0023,What is the width of the table in cm?,A3SC,DS,1485.9919352913498,fuse-secondary-only,
2414,captured_0023,What is the displacement of the book between 1.0s and 1.6s in cm?,A3SC,DS,20.861466949149065,fuse-secondary-only,
2415,captured_0023s,What is the velocity of the book at 1.2s in cm/s?,A3SS,DD,142.84313397240572,fuse-secondary-only,
2416,captured_0023s,What is the velocity of the book at 1.4s in cm/s?,A3SS,DD,59.64492211563724,fuse-secondary-only,
2417,captured_0023s,What is the length of the book in cm?,A3SS,DS,25.0,fuse-disagreement,
2418,captured_0023s,What is the width of the book in cm?,A3SS,DS,497.5976423055749,fuse-secondary-only,
2419,captured_0023s,What is the height of the book in cm?,A3SS,DS,2.5,fuse-disagreement,
2420,captured_0023s,What is the length of the slope in cm?,A3SS,DS,2027.8260933668607,fuse-secondary-only,
2421,captured_0023s,What is the width of the slope in cm?,A3SS,DS,2027.8260933668607,fuse-secondary-only,
2422,captured_0023s,What is the width of the table in cm?,A3SS,DS,60.0,fuse-disagreement,
2423,captured_0023s,What is the displacement of the book between 1.0s and 1.6s in cm?,A3SS,DS,46.35647803703996,fuse-fused,
2424,captured_0023x,What is the velocity of the book at 1.2s in cm/s?,A3SX,DD,42.739983499880815,fuse-secondary-only,
2425,captured_0023x,What is the velocity of the book at 1.4s in cm/s?,A3SX,DD,77.73978903567887,fuse-secondary-only,
2426,captured_0023x,What is the length of the book in cm?,A3SX,DS,53.486583562513594,fuse-fused,
2427,captured_0023x,What is the width of the book in cm?,A3SX,DS,74.09758944430746,fuse-secondary-only,
2428,captured_0023x,What is the height of the book in cm?,A3SX,DS,2.5,fuse-disagreement,
2429,captured_0023x,What is the length of the slope in cm?,A3SX,DS,296.09774705066235,fuse-fused,
2430,captured_0023x,What is the width of the slope in cm?,A3SX,DS,308.04100657275006,fuse-secondary-only,
2431,captured_0023x,What is the width of the table in cm?,A3SX,DS,160.52661920789683,fuse-fused,
2432,captured_0023x,What is the displacement of the book between 1.0s and 1.6s in cm?,A3SX,DS,24.091609039712512,fuse-fused,
2433,captured_0024,What is the velocity of the book at 1.0s in cm/s?,A3SC,DD,87.94098487772092,fuse-secondary-only,
2434,captured_0024,What is the velocity of the book at 1.2s in cm/s?,A3SC,DD,251.50063872050953,fuse-fused,
2435,captured_0024,What is the length of the book in cm?,A3SC,DS,110.92468199653452,fuse-secondary-only,
2436,captured_0024,What is the width of the book in cm?,A3SC,DS,110.92468199653452,fuse-secondary-only,
2437,captured_0024,What is the height of the book in cm?,A3SC,DS,31.517359917265185,fuse-secondary-only,
2438,captured_0024,What is the length of the slope in cm?,A3SC,DS,615.691496189847,fuse-secondary-only,
2439,captured_0024,What is the width of the slope in cm?,A3SC,DS,615.691496189847,fuse-secondary-only,
2440,captured_0024,What is the length of the table in cm?,A3SC,DS,46.0,fuse-disagreement,
2441,captured_0024,What is the width of the table in cm?,A3SC,DS,513.7266095896058,fuse-secondary-only,
2442,captured_0024,What is the distance travelled by the book in cm?,A3SC,DS,110.92468199653452,fuse-secondary-only,
2443,captured_0024s,What is the velocity of the book at 1.0s in cm/s?,A3SS,DD,266.8273877974344,fuse-secondary-only,
2444,captured_0024s,What is the velocity of the book at 1.2s in cm/s?,A3SS,DD,497.4525494949095,fuse-secondary-only,
2445,captured_0024s,What is the length of the book in cm?,A3SS,DS,200.7683271921112,fuse-secondary-only,
2446,captured_0024s,What is the width of the book in cm?,A3SS,DS,200.7683271921112,fuse-secondary-only,
2447,captured_0024s,What is the height of the book in cm?,A3SS,DS,48.49634922719214,fuse-fused,
2448,captured_0024s,What is the length of the slope in cm?,A3SS,DS,1285.4818872420158,fuse-secondary-only,
2449,captured_0024s,What is the width of the slope in cm?,A3SS,DS,1285.4818872420158,fuse-secondary-only,
2450,captured_0024s,What is the length of the table in cm?,A3SS,DS,1072.086588220538,fuse-secondary-only,
2451,captured_0024s,What is the width of the table in cm?,A3SS,DS,1072.086588220538,fuse-secondary-only,
2452,captured_0024s,What is the distance travelled by the book in cm?,A3SS,DS,200.7683271921112,fuse-secondary-only,
2453,captured_0024x,What is the velocity of the book at 1.0s in cm/s?,A3SX,DD,77.8456859974642,fuse-secondary-only,
2454,captured_0024x,What is the velocity of the book at 1.2s in cm/s?,A3SX,DD,140.1722984901842,fuse-secondary-only,
2455,captured_0024x,What is the length of the book in cm?,A3SX,DS,58.28939193135483,fuse-secondary-only,
2456,captured_0024x,What is the width of the book in cm?,A3SX,DS,58.28939193135483,fuse-secondary-only,
2457,captured_0024x,What is the height of the book in cm?,A3SX,DS,20.021377829471707,fuse-fused,
2458,captured_0024x,What is the length of the slope in cm?,A3SX,DS,353.3185277270901,fuse-secondary-only,
2459,captured_0024x,What is the width of the slope in cm?,A3SX,DS,353.3185277270901,fuse-secondary-only,
2460,captured_0024x,What is the length of the table in cm?,A3SX,DS,293.74219585077105,fuse-secondary-only,
2461,captured_0024x,What is the width of the table in cm?,A3SX,DS,46.0,fuse-disagreement,
2462,captured_0024x,What is the distance travelled by the book in cm?,A3SX,DS,58.28939193135483,fuse-secondary-only,
2463,captured_0027,What is the velocity of the red ball at 0.2s in cm/s?,S3SC,SD,5.2714370561078425,fuse-primary-only,
2464,captured_0027,What is the velocity of the red ball at 0.6s in cm/s?,S3SC,SD,14.450925097101896,fuse-primary-only,
2465,captured_0027,What is the acceleration of the red ball at 0.2s in cm/s^2?,S3SC,SD,180.3616920221031,fuse-primary-only,
2466,captured_0027,What is the shoulder breadth of the person in cm?,S3SC,SS,91.5083435493776,fuse-primary-only,
2467,captured_0027s,What is the velocity of the red ball at 0.2s in cm/s?,S3SS,SD,4.788098442247332,fuse-primary-only,
2468,captured_0027s,What is the velocity of the red ball at 0.6s in cm/s?,S3SS,SD,14.463308362817514,fuse-primary-only,
2469,captured_0027s,What is the acceleration of the red ball at 0.2s in cm/s^2?,S3SS,SD,188.60469879281143,fuse-primary-only,
2470,captured_0027x,What is the velocity of the red ball at 0.2s in cm/s?,S3SX,SD,4.808077713075164,fuse-primary-only,
2471,captured_0027x,What is the velocity of the red ball at 0.6s in cm/s?,S3SX,SD,14.45162287381373,fuse-primary-only,
2472,captured_0027x,What is the acceleration of the red ball at 0.2s in cm/s^2?,S3SX,SD,189.10200326195732,fuse-disagreement,
2473,captured_0028,What is the velocity of the ping pong ball at 1.0s in cm/s?,S3SC,SD,249.3538550603306,fuse-primary-only,
2474,captured_0028,What is the velocity of the ping pong ball at 1.3s in cm/s?,S3SC,SD,248.0011034571729,fuse-primary-only,
2475,captured_0028,What is the acceleration of the ping pong ball at 1.0s in cm/s^2?,S3SC,SD,143.21322203235192,fuse-primary-only,
2476,captured_0028,What is the acceleration of the ping pong ball at 1.3s in cm/s^2?,S3SC,SD,2.137199233398989,fuse-primary-only,
2477,captured_0028,What is the distance travelled by the ping pong ball between 1.1s and 1.3s in cm?,S3SC,SS,0.4992187883249225,fuse-primary-only,
2478,captured_0028,What is the maximum height reached by the ping pong ball in cm?,S3SC,SS,4.410556909874118,fuse-disagreement,
2479,captured_0028s,What is the velocity of the ping pong ball at 1.0s in cm/s?,S3SS,SD,,none,neither arm answered
2480,captured_0028s,What is the velocity of the ping pong ball at 1.3s in cm/s?,S3SS,SD,,none,neither arm answered
2481,captured_0028s,What is the acceleration of the ping pong ball at 1.0s in cm/s^2?,S3SS,SD,,none,neither arm answered
2482,captured_0028s,What is the acceleration of the ping pong ball at 1.3s in cm/s^2?,S3SS,SD,,none,neither arm answered
2483,captured_0028s,What is the distance travelled by the ping pong ball between 1.1s and 1.3s in cm?,S3SS,SS,,none,neither arm answered
2484,captured_0028s,What is the maximum height reached by the ping pong ball in cm?,S3SS,SS,141.15,fuse-secondary-only,
2485,captured_0028x,What is the velocity of the ping pong ball at 1.0s in cm/s?,S3SX,SD,,none,neither arm answered
2486,captured_0028x,What is the velocity of the ping pong ball at 1.3s in cm/s?,S3SX,SD,,none,neither arm answered
2487,captured_0028x,What is the acceleration of the ping pong ball at 1.0s in cm/s^2?,S3SX,SD,,none,neither arm answered
2488,captured_0028x,What is the acceleration of the ping pong ball at 1.3s in cm/s^2?,S3SX,SD,,none,neither arm answered
2489,captured_0028x,What is the distance travelled by the ping pong ball between 1.1s and 1.3s in cm?,S3SX,SS,,none,neither arm answered
2490,captured_0028x,What is the maximum height reached by the ping pong ball in cm?,S3SX,SS,,none,neither arm answered
2491,captured_0029,What is the long of the table in cm?,S3SC,SS,100.5625618163819,fuse-primary-only,
2492,captured_0029,What is the width of the table in cm?,S3SC,SS,100.5625618163819,fuse-primary-only,
2493,captured_0029,What is the velocity of the tennis ball at 1.0s in cm/s??,S3SC,SD,97.6821897647851,fuse-fused,
2494,captured_0029,What is the velocity of the tennis ball when it hits the whiteboard in cm/s?,S3SC,SD,100.03880992518076,fuse-fused,
2495,captured_0029,What is the velocity of the tennis ball at 1.6s in cm/s??,S3SC,SD,36.59933426642438,fuse-primary-only,
2496,captured_0029,What is the distance travelled by the tennis ball when it hits the whiteboard in cm?,S3SC,SS,6.704722874982839,fuse-primary-only,
2497,captured_0029s,What is the length of the table in cm?,S3SS,SS,101.22378811667836,fuse-primary-only,
2498,captured_0029s,What is the width of the table in cm?,S3SS,SS,100.36557471075665,fuse-fused,
2499,captured_0029s,What is the velocity of the tennis ball at 1.0s in cm/s??,S3SS,SD,88.80947321600763,fuse-primary-only,
2500,captured_0029s,What is the velocity of the tennis ball at 1.6s in cm/s??,S3SS,SD,36.71321409773997,fuse-primary-only,
2501,captured_0029s,What is the distance travelled by the tennis ball when it hits the whiteboard in cm?,S3SS,SS,6.969337427442692,fuse-primary-only,
2502,captured_0029x,What is the length of the table in cm?,S3SX,SS,97.46454001105252,fuse-disagreement,
2503,captured_0029x,What is the width of the table in cm?,S3SX,SS,99.23251334541786,fuse-fused,
2504,captured_0029x,What is the velocity of the tennis ball at 1.0s in cm/s??,S3SX,SD,96.72626208447646,fuse-fused,
2505,captured_0029x,What is the velocity of the tennis ball at 1.6s in cm/s??,S3SX,SD,35.7339492505408,fuse-primary-only,
2506,captured_0029x,What is the distance travelled by the tennis ball when it hits the whiteboard in cm?,S3SX,SS,6.96608559279855,fuse-primary-only,
2507,captured_0030,What is the velocity of the red ball at 0.2s in cm/s?,S3SC,SD,152.16562482097862,fuse-fused,
2508,captured_0030,What is the velocity of the red ball at 0.4s in cm/s?,S3SC,SD,83.76584051776817,fuse-primary-only,
2509,captured_0030,What is the velocity of the red ball at 0.6s in cm/s?,S3SC,SD,135.08663193812015,fuse-primary-only,
2510,captured_0030,What is the velocity of the red ball at 0.8s in cm/s?,S3SC,SD,113.46230748477072,fuse-primary-only,
2511,captured_0030s,What is the velocity of the red ball at 0.2s in cm/s?,S3SS,SD,152.04111690648293,fuse-fused,
2512,captured_0030s,What is the velocity of the red ball at 0.4s in cm/s?,S3SS,SD,82.51061383114052,fuse-primary-only,
2513,captured_0030s,What is the velocity of the red ball at 0.6s in cm/s?,S3SS,SD,126.08418827868498,fuse-primary-only,
2514,captured_0030s,What is the velocity of the red ball at 0.8s in cm/s?,S3SS,SD,107.97776838033516,fuse-primary-only,
2515,captured_0030x,What is the velocity of the red ball at 0.2s in cm/s?,S3SX,SD,150.64957795258147,fuse-fused,
2516,captured_0030x,What is the velocity of the red ball at 0.4s in cm/s?,S3SX,SD,81.79484824485179,fuse-primary-only,
2517,captured_0030x,What is the velocity of the red ball at 0.6s in cm/s?,S3SX,SD,119.10534481092388,fuse-primary-only,
2518,captured_0030x,What is the velocity of the red ball at 0.8s in cm/s?,S3SX,SD,121.04639939064073,fuse-fused,
2519,captured_0031,What is the diameter of the white ball in cm?,S3MC,SS,6.232131529086811,fuse-primary-only,
2520,captured_0031,What is the width of the table in cm?,S3MC,SS,102.59759616835427,fuse-fused,
2521,captured_0031,What is the length of the table in cm?,S3MC,SS,116.56389680262451,fuse-fused,
2522,captured_0031,What is the velocity of the tennis ball at 1.6s in cm/s?,S3MC,SD,24.07636800163174,fuse-primary-only,
2523,captured_0031,What is the velocity of the white ball at 1.6s in cm/s?,S3MC,SD,22.376342641007003,fuse-primary-only,
2524,captured_0031,What is the distance between the ping pong ball and the tennis ball at 1.6s in cm?,S3MC,SS,6.914162314109107,fuse-primary-only,
2525,captured_0031s,What is the diameter of the white ball in cm?,S3MS,SS,5.190436929695197,fuse-fused,
2526,captured_0031s,What is the width of the table in cm?,S3MS,SS,101.7208631479426,fuse-fused,
2527,captured_0031s,What is the length of the table in cm?,S3MS,SS,104.29621625873465,fuse-fused,
2528,captured_0031s,What is the velocity of the tennis ball at 1.6s in cm/s?,S3MS,SD,28.01804045406964,fuse-primary-only,
2529,captured_0031s,What is the velocity of the white ball at 1.6s in cm/s?,S3MS,SD,11.037528486405469,fuse-primary-only,
2530,captured_0031s,What is the distance between the white ball and the tennis ball at 1.6s in cm?,S3MS,SS,2.4179511658348694,fuse-primary-only,
2531,captured_0031x,What is the diameter of the white ball in cm?,S3MX,SS,3.9469875163946555,fuse-fused,
2532,captured_0031x,What is the width of the table in cm?,S3MX,SS,94.00452984306705,fuse-primary-only,
2533,captured_0031x,What is the velocity of the tennis ball at 1.6s in cm/s?,S3MX,SD,14.799625749801567,fuse-primary-only,
2534,captured_0031x,What is the velocity of the white ball at 1.6s in cm/s?,S3MX,SD,27.90789140520585,fuse-primary-only,
2535,captured_0031x,What is the distance between the white ball and the tennis ball at 1.6s in cm?,S3MX,SS,9.56163905735528,fuse-fused,
2536,captured_0032,What is the velocity of the white ball at 1.6s in cm/s?,S3MC,SS,23.53221051089054,fuse-primary-only,
2537,captured_0032,What is the width of the table in cm?,S3MC,SS,114.78363829625141,fuse-fused,
2538,captured_0032,What is the length of the table in cm?,S3MC,SS,103.4769725759481,fuse-primary-only,
2539,captured_0032,What is the velocity of the tennis ball at 1.5s in cm/s?,S3MC,SD,90.22282700920093,fuse-disagreement,
2540,captured_0032,What is the velocity of the white ball at 1.5s in cm/s?,S3MC,SD,90.30697180338268,fuse-primary-only,
2541,captured_0032,What is the distance between the white ball and the tennis ball at 1.5s in cm?,S3MC,SS,18.20028686420097,fuse-primary-only,
2542,captured_0032s,What is the diameter of the white ball in cm?,S3MS,SS,7.1906121481859815,fuse-primary-only,
2543,captured_0032s,What is the width of the table in cm?,S3MS,SS,106.54897422280669,fuse-fused,
2544,captured_0032s,What is the length of the table in cm?,S3MS,SS,106.54897422280669,fuse-fused,
2545,captured_0032s,What is the velocity of the tennis ball at 1.5s in cm/s?,S3MS,SD,107.67878280139551,fuse-fused,
2546,captured_0032s,What is the velocity of the white ball at 1.5s in cm/s?,S3MS,SD,86.9656928493281,fuse-primary-only,
2547,captured_0032s,What is the distance between the white ball and the tennis ball at 1.5s in cm?,S3MS,SS,0.6835250403219938,fuse-primary-only,
2548,captured_0032x,What is the diameter of the white ball in cm?,S3MX,SS,7.280045555208411,fuse-primary-only,
2549,captured_0032x,What is the width of the table in cm?,S3MX,SS,101.58915942255386,fuse-primary-only,
2550,captured_0032x,What is the length of the table in cm?,S3MX,SS,101.58915942255386,fuse-primary-only,
2551,captured_0032x,What is the velocity of the tennis ball at 1.5s in cm/s?,S3MX,SD,87.84473344952603,fuse-disagreement,
2552,captured_0032x,What is the velocity of the white ball at 1.5s in cm/s?,S3MX,SD,87.43278683561576,fuse-primary-only,
2553,captured_0032x,What is the distance between the white ball and the tennis ball at 1.5s in cm?,S3MX,SS,1.5564462638947536,fuse-disagreement,
2554,captured_0033,What is the velocity of the ping pong ball at 0.5s in cm/s?,S3SC,SD,141.50019808470176,fuse-fused,
2555,captured_0033,What is the velocity of the ping pong ball at 1.4s in cm/s?,S3SC,SD,163.67381835039222,fuse-primary-only,
2556,captured_0033,What is the velocity of the ping pong ball at 1.5s in cm/s?,S3SC,SD,174.1532166798427,fuse-primary-only,
2557,captured_0033s,What is the velocity of the ping pong ball at 0.5s in cm/s?,S3SS,SD,142.37551770985394,fuse-fused,
2558,captured_0033s,What is the velocity of the ping pong ball at 1.4s in cm/s?,S3SS,SD,149.20275965366986,fuse-primary-only,
2559,captured_0033s,What is the velocity of the ping pong ball at 1.5s in cm/s?,S3SS,SD,145.983578430929,fuse-primary-only,
2560,captured_0033x,What is the velocity of the ping pong ball at 0.5s in cm/s?,S3SX,SD,112.35522780266463,fuse-fused,
2561,captured_0033x,What is the velocity of the ping pong ball at 1.4s in cm/s?,S3SX,SD,148.4236572769361,fuse-primary-only,
2562,captured_0033x,What is the velocity of the ping pong ball at 1.5s in cm/s?,S3SX,SD,144.3495967249577,fuse-fused,
2563,captured_0034a,What is the velocity of the left tennis ball at 1.2s in cm/s?,S3MC,SD,133.62283583530336,fuse-fused,
2564,captured_0034a,What is the velocity of the right tennis ball at 1.2s in cm/s?,S3MC,SD,58.44825626167943,fuse-disagreement,
2565,captured_0034a,What is the height of the pencil bag in cm?,S3MC,SS,6.707307495505321,fuse-primary-only,
2566,captured_0034a,What is the length of the pencil bag in cm?,S3MC,SS,11.712808899268651,fuse-fused,
2567,captured_0034a,What is the diameter of the soccer ball in cm?,S3MC,SS,16.108281502053728,fuse-primary-only,
2568,captured_0034a,What is the velocity of the left tennis ball at 1.3s in cm/s?,S3MC,SD,55.43709974786297,fuse-primary-only,
2569,captured_0034a,What is the velocity of the right tennis ball at 1.3s in cm/s?,S3MC,SD,56.893849939199725,fuse-primary-only,
2570,captured_0034a,What is the total distance traveled by the left tennis ball in cm?,S3MC,SS,7.121884480144916,fuse-primary-only,
2571,captured_0034a,What is the total distance traveled by the right tennis ball in cm?,S3MC,SS,10.141352596274144,fuse-fused,
2572,captured_0034as,What is the velocity of the left tennis ball at 1.2s in cm/s?,S3MS,SD,48.55767700279142,fuse-primary-only,
2573,captured_0034as,What is the velocity of the right tennis ball at 1.2s in cm/s?,S3MS,SD,58.38178011283105,fuse-primary-only,
2574,captured_0034as,What is the height of the pencil bag in cm?,S3MS,SS,6.562135232384605,fuse-primary-only,
2575,captured_0034as,What is the length of the pencil bag in cm?,S3MS,SS,17.59506745912534,fuse-disagreement,
2576,captured_0034as,What is the diameter of the soccer ball in cm?,S3MS,SS,18.746109238947803,fuse-fused,
2577,captured_0034as,What is the velocity of the left tennis ball at 1.3s in cm/s?,S3MS,SD,54.77603877990029,fuse-primary-only,
2578,captured_0034as,What is the velocity of the right tennis ball at 1.3s in cm/s?,S3MS,SD,55.9576423609778,fuse-primary-only,
2579,captured_0034as,What is the total distance traveled by the left tennis ball in cm?,S3MS,SS,13.035668975855602,fuse-fused,
2580,captured_0034as,What is the total distance traveled by the right tennis ball in cm?,S3MS,SS,13.035668975855602,fuse-fused,
2581,captured_0034ax,What is the velocity of the left tennis ball at 1.2s in cm/s?,S3MX,SD,48.51658523740638,fuse-disagreement,
2582,captured_0034ax,What is the velocity of the right tennis ball at 1.2s in cm/s?,S3MX,SD,58.598521185433086,fuse-disagreement,
2583,captured_0034ax,What is the height of the pencil bag in cm?,S3MX,SS,6.522466633934356,fuse-primary-only,
2584,captured_0034ax,What is the length of the pencil bag in cm?,S3MX,SS,17.831770232316266,fuse-primary-only,
2585,captured_0034ax,What is the diameter of the soccer ball in cm?,S3MX,SS,16.03903299579558,fuse-primary-only,
2586,captured_0034ax,What is the velocity of the left tennis ball at 1.3s in cm/s?,S3MX,SD,54.80360056530046,fuse-primary-only,
2587,captured_0034ax,What is the velocity of the right tennis ball at 1.3s in cm/s?,S3MX,SD,53.926188097336855,fuse-primary-only,
2588,captured_0034ax,What is the total distance traveled by the left tennis ball in cm?,S3MX,SS,7.070668324907108,fuse-primary-only,
2589,captured_0034ax,What is the total distance traveled by the right tennis ball in cm?,S3MX,SS,7.070668324907108,fuse-primary-only,
2590,captured_0034b,What is the velocity of the left tennis ball at 1.2s in cm/s?,S3MC,SD,1.2684441051500015,fuse-primary-only,
2591,captured_0034b,What is the velocity of the right tennis ball at 1.2s in cm/s?,S3MC,SD,54.48065171295781,fuse-primary-only,
2592,captured_0034b,What is the height of the pencil bag in cm?,S3MC,SS,33.5,fuse-secondary-only,
2593,captured_0034b,What is the length of the pencil bag in cm?,S3MC,SS,,none,neither arm answered
2594,captured_0034b,What is the diameter of the soccer ball in cm?,S3MC,SS,23.45465669436829,fuse-primary-only,
2595,captured_0034b,What is the total distance traveled by the left tennis ball in cm?,S3MC,SS,6.854993189651504,fuse-primary-only,
2596,captured_0034b,What is the total distance traveled by the right tennis ball in cm?,S3MC,SS,6.854993189651504,fuse-primary-only,
2597,captured_0034bs,What is the velocity of the left tennis ball at 1.2s in cm/s?,S3MS,SD,18.278657117593497,fuse-primary-only,
2598,captured_0034bs,What is the velocity of the right tennis ball at 1.2s in cm/s?,S3MS,SD,54.58880200915825,fuse-primary-only,
2599,captured_0034bs,What is the height of the pencil bag in cm?,S3MS,SS,17.257079044207835,fuse-fused,
2600,captured_0034bs,What is the length of the pencil bag in cm?,S3MS,SS,24.895012631073524,fuse-primary-only,
2601,captured_0034bs,What is the diameter of the soccer ball in cm?,S3MS,SS,21.04709203819296,fuse-fused,
2602,captured_0034bs,What is the total distance traveled by the left tennis ball in cm?,S3MS,SS,6.795214057792968,fuse-disagreement,
2603,captured_0034bs,What is the total distance traveled by the right tennis ball in cm?,S3MS,SS,6.795214057792968,fuse-primary-only,
2604,captured_0034bx,What is the velocity of the left tennis ball at 1.2s in cm/s?,S3MX,SD,0.045041468361834,fuse-primary-only,
2605,captured_0034bx,What is the velocity of the right tennis ball at 1.2s in cm/s?,S3MX,SD,54.32171221383369,fuse-primary-only,
2606,captured_0034bx,What is the height of the pencil bag in cm?,S3MX,SS,22.561562850232765,fuse-fused,
2607,captured_0034bx,What is the length of the pencil bag in cm?,S3MX,SS,19.415158736297215,fuse-fused,
2608,captured_0034bx,What is the diameter of the soccer ball in cm?,S3MX,SS,23.273197955902653,fuse-primary-only,
2609,captured_0034bx,What is the total distance traveled by the left tennis ball in cm?,S3MX,SS,6.940887119130512,fuse-fused,
2610,captured_0034bx,What is the total distance traveled by the right tennis ball in cm?,S3MX,SS,6.804891078767939,fuse-primary-only,
2611,captured_0035a,What is the velocity of the soccor ball at 0.6s in cm/s?,S3MC,SD,95.90074292349475,fuse-fused,
2612,captured_0035a,What is the velocity of the baskteball at 0.6s in cm/s?,S3MC,SD,91.24511396838524,fuse-primary-only,
2613,captured_0035a,What is the displacement of the soccor ball ball between 0.5s and 0.6s in cm?,S3MC,SS,12.075090353251523,fuse-primary-only,
2614,captured_0035a,What is the displacement of the baskteball between 0.5s and 0.6s in cm?,S3MC,SS,3.0961805914209544,fuse-fused,
2615,captured_0035a,What is the diameter of the soccer ball in cm?,S3MC,SS,20.58998333159025,fuse-fused,
2616,captured_0035a,What is the velocity of the soccor ball at 1.5s in cm/s?,S3MC,SS,130.4276536278017,fuse-fused,
2617,captured_0035a,What is the velocity of the baskteball at 1.5s in cm/s?,S3MC,SS,86.13677054313202,fuse-fused,
2618,captured_0035a,What is the velocity of the soccer ball at 1.6s in cm/s?,S3MC,SD,59.62923021857931,fuse-primary-only,
2619,captured_0035a,What is the velocity of the basketball at 1.6s in cm/s?,S3MC,SD,53.07335148393122,fuse-primary-only,
2620,captured_0035as,What is the velocity of the soccor ball at 0.6s in cm/s?,S3MS,SD,96.56950473908049,fuse-fused,
2621,captured_0035as,What is the velocity of the baskteball at 0.6s in cm/s?,S3MS,SD,14453.73872312326,fuse-disagreement,
2622,captured_0035as,What is the displacement of the soccor ball ball between 0.5s and 0.6s in cm?,S3MS,SS,22.448245716648643,fuse-fused,
2623,captured_0035as,What is the displacement of the baskteball between 0.5s and 0.6s in cm?,S3MS,SS,12.710245941406539,fuse-fused,
2624,captured_0035as,What is the diameter of the soccer ball in cm?,S3MS,SS,18.7128609704016,fuse-primary-only,
2625,captured_0035as,What is the velocity of the soccor ball at 1.5s in cm/s?,S3MS,SS,65.82522858777682,fuse-primary-only,
2626,captured_0035as,What is the velocity of the baskteball at 1.5s in cm/s?,S3MS,SS,60.36915300290306,fuse-primary-only,
2627,captured_0035as,What is the velocity of the soccer ball at 1.6s in cm/s?,S3MS,SD,59.54746049937324,fuse-primary-only,
2628,captured_0035as,What is the velocity of the basketball at 1.6s in cm/s?,S3MS,SD,52.58339683981957,fuse-primary-only,
2629,captured_0035ax,What is the velocity of the soccor ball at 0.6s in cm/s?,S3MX,SD,117.67334539295088,fuse-fused,
2630,captured_0035ax,What is the velocity of the baskteball at 0.6s in cm/s?,S3MX,SD,162.64245215641472,fuse-primary-only,
2631,captured_0035ax,What is the displacement of the soccor ball ball between 0.5s and 0.6s in cm?,S3MX,SS,13.207182988901822,fuse-primary-only,
2632,captured_0035ax,What is the displacement of the baskteball between 0.5s and 0.6s in cm?,S3MX,SS,28.004539628357623,fuse-disagreement,
2633,captured_0035ax,What is the diameter of the soccer ball in cm?,S3MX,SS,18.467422525419583,fuse-primary-only,
2634,captured_0035ax,What is the velocity of the soccor ball at 1.5s in cm/s?,S3MX,SS,49.78887408547048,fuse-primary-only,
2635,captured_0035ax,What is the velocity of the baskteball at 1.5s in cm/s?,S3MX,SS,114.40435799927447,fuse-fused,
2636,captured_0035ax,What is the velocity of the soccer ball at 1.6s in cm/s?,S3MX,SD,60.09841638995582,fuse-primary-only,
2637,captured_0035ax,What is the velocity of the basketball at 1.6s in cm/s?,S3MX,SD,53.11883128543205,fuse-primary-only,
2638,captured_0035b,What is the velocity of the soccor ball at 0.9s in cm/s?,S3MC,SD,96.73984602116249,fuse-fused,
2639,captured_0035b,What is the velocity of the baskteball at 0.9s in cm/s?,S3MC,SD,,none,neither arm answered
2640,captured_0035b,What is the velocity of the soccor ball at 1.4s in cm/s?,S3MC,SD,59.414737665479386,fuse-primary-only,
2641,captured_0035b,What is the velocity of the baskteball at 1.4s in cm/s?,S3MC,SD,35.14,fuse-secondary-only,
2642,captured_0035b,What is the displacement of the soccor ball ball between 0.4s and 0.9s in cm?,S3MC,SS,30.175723620733393,fuse-fused,
2643,captured_0035b,What is the displacement of the baskteball between 0.4s and 0.9s in cm?,S3MC,SS,30.0,fuse-secondary-only,
2644,captured_0035b,What is the diameter of the soccer ball in cm?,S3MC,SS,20.501684104635828,fuse-primary-only,
2645,captured_0035b,What is the velocity of the soccor ball at 1.3s in cm/s?,S3MC,SS,59.888465892104094,fuse-primary-only,
2646,captured_0035b,What is the velocity of the baskteball at 1.3s in cm/s?,S3MC,SS,35.3,fuse-secondary-only,
2647,captured_0035bs,What is the velocity of the soccor ball at 0.9s in cm/s?,S3MS,SD,90.52326877893415,fuse-fused,
2648,captured_0035bs,What is the velocity of the baskteball at 0.9s in cm/s?,S3MS,SD,76.38901171940482,fuse-fused,
2649,captured_0035bs,What is the velocity of the soccor ball at 1.4s in cm/s?,S3MS,SD,95.95017458272496,fuse-primary-only,
2650,captured_0035bs,What is the velocity of the baskteball at 1.4s in cm/s?,S3MS,SD,32.00057328852104,fuse-fused,
2651,captured_0035bs,What is the displacement of the soccor ball ball between 0.4s and 0.9s in cm?,S3MS,SS,16.078613148226548,fuse-fused,
2652,captured_0035bs,What is the displacement of the baskteball between 0.4s and 0.9s in cm?,S3MS,SS,20.58666034026008,fuse-disagreement,
2653,captured_0035bs,What is the diameter of the soccer ball in cm?,S3MS,SS,20.30750438606065,fuse-primary-only,
2654,captured_0035bs,What is the velocity of the soccor ball at 1.3s in cm/s?,S3MS,SS,31.74131659563622,fuse-fused,
2655,captured_0035bs,What is the velocity of the baskteball at 1.3s in cm/s?,S3MS,SS,24.213580255732307,fuse-disagreement,
2656,captured_0035bx,What is the velocity of the soccor ball at 0.9s in cm/s?,S3MX,SD,34.57563765103199,fuse-primary-only,
2657,captured_0035bx,What is the velocity of the baskteball at 0.9s in cm/s?,S3MX,SD,27.30144680684162,fuse-primary-only,
2658,captured_0035bx,What is the velocity of the soccor ball at 1.4s in cm/s?,S3MX,SD,44.431272582328056,fuse-primary-only,
2659,captured_0035bx,What is the velocity of the baskteball at 1.4s in cm/s?,S3MX,SD,53.06000041517367,fuse-primary-only,
2660,captured_0035bx,What is the displacement of the soccor ball ball between 0.4s and 0.9s in cm?,S3MX,SS,45.76066090986959,fuse-primary-only,
2661,captured_0035bx,What is the displacement of the baskteball between 0.4s and 0.9s in cm?,S3MX,SS,2.1885407758288524,fuse-disagreement,
2662,captured_0035bx,What is the diameter of the soccer ball in cm?,S3MX,SS,20.21864752506243,fuse-primary-only,
2663,captured_0035bx,What is the velocity of the soccor ball at 1.3s in cm/s?,S3MX,SS,39.73069407741916,fuse-fused,
2664,captured_0035bx,What is the velocity of the baskteball at 1.3s in cm/s?,S3MX,SS,66.25282286726524,fuse-fused,
2665,captured_0036,What is the ping pong ball's velocity at 0.9s in cm/s? ,S3SC,SD,62.713434036189504,fuse-fused,
2666,captured_0036,What is the ping pong ball's velocity at 1.4s in cm/s? ,S3SC,SD,83.29590205880322,fuse-primary-only,
2667,captured_0036,What is the ping pong ball's displacement between 0.9s and 1.4s in cm/s?,S3SC,SS,1.0021054680705266,fuse-primary-only,
2668,captured_0036,What is the width of the table in the video in meters? ,S3SC,SS,0.8258806592837958,fuse-fused,
2669,captured_0036,What is the length of the table in the video in meters? ,S3SC,SS,1.0874383747639207,fuse-fused,
2670,captured_0036s,What is the ping pong ball's velocity at 0.9s in cm/s? ,S3SS,SD,62.43606962126428,fuse-fused,
2671,captured_0036s,What is the ping pong ball's velocity at 1.4s in cm/s? ,S3SS,SD,109.01181806114477,fuse-primary-only,
2672,captured_0036s,What is the ping pong ball's displacement between 0.9s and 1.4s in cm/s?,S3SS,SS,2.7736865987056,fuse-primary-only,
2673,captured_0036s,What is the width of the table in the video in meters? ,S3SS,SS,0.8329928556701676,fuse-primary-only,
2674,captured_0036s,What is the length of the table in the video in meters? ,S3SS,SS,1.075521893086376,fuse-fused,
2675,captured_0036x,What is the ping pong ball's velocity at 0.9s in cm/s? ,S3SX,SD,62.343512985430806,fuse-fused,
2676,captured_0036x,What is the ping pong ball's velocity at 1.4s in cm/s? ,S3SX,SD,107.74589386677984,fuse-primary-only,
2677,captured_0036x,What is the ping pong ball's displacement between 0.9s and 1.4s in cm/s?,S3SX,SS,0.6485607236275513,fuse-primary-only,
2678,captured_0036x,What is the width of the table in the video in meters? ,S3SX,SS,1.0703372924983772,fuse-fused,
2679,captured_0036x,What is the length of the table in the video in meters? ,S3SX,SS,0.9486778195196118,fuse-fused,
2680,captured_0037,What is the height of the white cup in cm? ,S3MC,SS,4.618254764823811,fuse-primary-only,
2681,captured_0037,What is the height of the poker tower in cm? ,S3MC,SS,3.30639512608206,fuse-primary-only,
2682,captured_0037,What is the height of the glass jar in cm? ,S3MC,SS,3.300610426506021,fuse-primary-only,
2683,captured_0037,What is the width of the tape in cm? ,S3MC,SS,3.211902315403428,fuse-primary-only,
2684,captured_0037,What is the velocity of the ping pong ball at 1.0s in cm/s? ,S3MC,SD,10.979125615727444,fuse-disagreement,
2685,captured_0037,What is the velocity of the ping pong ball at 1.4s in cm/s? ,S3MC,SD,36.13205323975467,fuse-primary-only,
2686,captured_0037s,What is the height of the white cup in cm? ,S3MS,SS,11.117242741655698,fuse-primary-only,
2687,captured_0037s,What is the height of the poker tower in cm? ,S3MS,SS,11.499022428284448,fuse-fused,
2688,captured_0037s,What is the height of the glass jar in cm? ,S3MS,SS,7.929432324438118,fuse-primary-only,
2689,captured_0037s,What is the width of the tape in cm? ,S3MS,SS,7.891284344150846,fuse-primary-only,
2690,captured_0037s,What is the velocity of the ping pong ball at 1.0s in cm/s? ,S3MS,SD,34.06025670375279,fuse-primary-only,
2691,captured_0037s,What is the velocity of the ping pong ball at 1.4s in cm/s? ,S3MS,SD,77.41301554757126,fuse-fused,
2692,captured_0037x,What is the height of the white cup in cm? ,S3MX,SS,10.41060054294754,fuse-primary-only,
2693,captured_0037x,What is the height of the poker tower in cm? ,S3MX,SS,8.451507811812524,fuse-primary-only,
2694,captured_0037x,What is the height of the glass jar in cm? ,S3MX,SS,7.439890212771951,fuse-primary-only,
2695,captured_0037x,What is the width of the tape in cm? ,S3MX,SS,7.437115702300901,fuse-primary-only,
2696,captured_0037x,What is the velocity of the ping pong ball at 1.0s in cm/s? ,S3MX,SD,32.96687369953406,fuse-primary-only,
2697,captured_0037x,What is the velocity of the ping pong ball at 1.4s in cm/s? ,S3MX,SD,76.09309399125878,fuse-fused,
2698,captured_0038,What is the height of the poker tower in cm? ,S3MC,SS,16.35017930710483,fuse-primary-only,
2699,captured_0038,What is the velocity of the white ball at 1.4s in cm/s? ,S3MC,SD,59.93305704871409,fuse-fused,
2700,captured_0038,What is the diameter of the rim of the white cup in cm? ,S3MC,SS,11.154312694118955,fuse-primary-only,
2701,captured_0038,What is the diameter of the white ball in cm?,S3MC,SS,4.25719566447571,fuse-primary-only,
2702,captured_0038,What is the displacement of the white ball between 0.9s and 1.4s in cm?,S3MC,SS,17.170783078573486,fuse-primary-only,
2703,captured_0038,What is the distance between the white cup and the pink bottle in cm?,S3MC,SS,10.363498956417486,fuse-primary-only,
2704,captured_0038,What is the height of the pink bottle in cm? ,S3MC,SS,18.452785262009787,fuse-primary-only,
2705,captured_0038s,What is the height of the poker tower in cm? ,S3MS,SS,14.382179788896256,fuse-fused,
2706,captured_0038s,What is the velocity of the white ball at 1.4s in cm/s? ,S3MS,SD,43.9169024220611,fuse-fused,
2707,captured_0038s,What is the diameter of the rim of the white cup in cm? ,S3MS,SS,13.618587269218107,fuse-primary-only,
2708,captured_0038s,What is the diameter of the white ball in cm?,S3MS,SS,5.240832126612266,fuse-primary-only,
2709,captured_0038s,What is the displacement of the white ball between 0.9s and 1.4s in cm?,S3MS,SS,21.25228002790812,fuse-primary-only,
2710,captured_0038s,What is the distance between the white cup and the pink bottle in cm?,S3MS,SS,20.50239013653653,fuse-fused,
2711,captured_0038s,What is the height of the pink bottle in cm? ,S3MS,SS,21.684129692789593,fuse-fused,
2712,captured_0038x,What is the height of the poker tower in cm? ,S3MX,SS,13.422878502681478,fuse-fused,
2713,captured_0038x,What is the velocity of the white ball at 1.4s in cm/s? ,S3MX,SD,74.07500199874826,fuse-fused,
2714,captured_0038x,What is the diameter of the rim of the white cup in cm? ,S3MX,SS,10.825186680571646,fuse-primary-only,
2715,captured_0038x,What is the diameter of the white ball in cm?,S3MX,SS,4.2749682093056895,fuse-primary-only,
2716,captured_0038x,What is the displacement of the white ball between 0.9s and 1.4s in cm?,S3MX,SS,16.930821137867724,fuse-primary-only,
2717,captured_0038x,What is the distance between the white cup and the pink bottle in cm?,S3MX,SS,10.250754353636154,fuse-primary-only,
2718,captured_0038x,What is the height of the pink bottle in cm? ,S3MX,SS,17.793524694010717,fuse-primary-only,
2719,captured_0039,What is the height of the poker tower in cm? ,S3MC,SS,20.185299627567503,fuse-primary-only,
2720,captured_0039,What is the velocity of the white ball at 1.0s in cm/s? ,S3MC,SD,57.57303402827133,fuse-primary-only,
2721,captured_0039,What is the diameter of the rim of the white cup in cm? ,S3MC,SS,13.879881303263256,fuse-primary-only,
2722,captured_0039,What is the diameter of the white ball in cm?,S3MC,SS,2.758951435615901,fuse-fused,
2723,captured_0039,What is the displacement of the white ball between 1.0s and 1.5s in cm?,S3MC,SS,6.80209347029558,fuse-primary-only,
2724,captured_0039,What is the distance between the white cup and the pink bottle in cm?,S3MC,SS,19.322318847309653,fuse-fused,
2725,captured_0039,What is the height of the pink bottle in cm? ,S3MC,SS,22.69357505302053,fuse-primary-only,
2726,captured_0039s,What is the height of the poker tower in cm? ,S3MS,SS,19.84823163592663,fuse-primary-only,
2727,captured_0039s,What is the velocity of the white ball at 1.0s in cm/s? ,S3MS,SD,56.043020542960605,fuse-fused,
2728,captured_0039s,What is the diameter of the rim of the white cup in cm? ,S3MS,SS,13.565504198526668,fuse-primary-only,
2729,captured_0039s,What is the diameter of the white ball in cm?,S3MS,SS,5.1445869814411695,fuse-primary-only,
2730,captured_0039s,What is the displacement of the white ball between 1.0s and 1.5s in cm?,S3MS,SS,8.693804354381937,fuse-primary-only,
2731,captured_0039s,What is the distance between the white cup and the pink bottle in cm?,S3MS,SS,12.879374842662584,fuse-primary-only,
2732,captured_0039s,What is the height of the pink bottle in cm? ,S3MS,SS,22.440164269207216,fuse-fused,
2733,captured_0039x,What is the height of the poker tower in cm? ,S3MX,SS,14.392831204875202,fuse-fused,
2734,captured_0039x,What is the velocity of the white ball at 1.0s in cm/s? ,S3MX,SD,55.67390057163265,fuse-fused,
2735,captured_0039x,What is the diameter of the rim of the white cup in cm? ,S3MX,SS,13.63810043593944,fuse-primary-only,
2736,captured_0039x,What is the diameter of the white ball in cm?,S3MX,SS,5.477683744227797,fuse-primary-only,
2737,captured_0039x,What is the displacement of the white ball between 1.0s and 1.5s in cm?,S3MX,SS,9.985400306878404,fuse-primary-only,
2738,captured_0039x,What is the distance between the white cup and the pink bottle in cm?,S3MX,SS,12.971910518515273,fuse-primary-only,
2739,captured_0039x,What is the height of the pink bottle in cm? ,S3MX,SS,22.427076721194165,fuse-primary-only,
2740,captured_0040,What is the height of the poker tower in cm? ,S3MC,SS,9.66920375655205,fuse-primary-only,
2741,captured_0040,What is the velocity of the white ball at 1.5s in cm/s? ,S3MC,SD,57.26591724720667,fuse-primary-only,
2742,captured_0040,What is the diameter of the rim of the white cup in cm? ,S3MC,SS,10.5,fuse-secondary-only,
2743,captured_0040,What is the diameter of the white ball in cm?,S3MC,SS,4.330643026061676,fuse-fused,
2744,captured_0040,What is the distance travelled by the white ball between 1.5s and 1.9s in cm?,S3MC,SS,2.796834899544153,fuse-disagreement,
2745,captured_0040,What is the diameter of the tape in cm? ,S3MC,SS,7.486410382115147,fuse-primary-only,
2746,captured_0040,What is the height of the white cup in cm? ,S3MC,SS,,none,neither arm answered
2747,captured_0040,What is the velocity of the white ball at 1.4s in cm/s? ,S3MC,SD,84.48117945640693,fuse-fused,
2748,captured_0040s,What is the height of the poker tower in cm? ,S3MS,SS,17.16376948178377,fuse-primary-only,
2749,captured_0040s,What is the velocity of the white ball at 1.5s in cm/s? ,S3MS,SD,100.47158925441568,fuse-primary-only,
2750,captured_0040s,What is the diameter of the rim of the white cup in cm? ,S3MS,SS,10.5,fuse-secondary-only,
2751,captured_0040s,What is the diameter of the white ball in cm?,S3MS,SS,3.1323820883932867,fuse-fused,
2752,captured_0040s,What is the distance travelled by the white ball between 1.5s and 1.9s in cm?,S3MS,SS,67.15129680904849,fuse-fused,
2753,captured_0040s,What is the diameter of the tape in cm? ,S3MS,SS,9.183964297725224,fuse-primary-only,
2754,captured_0040s,What is the height of the white cup in cm? ,S3MS,SS,12.5,fuse-secondary-only,
2755,captured_0040s,What is the velocity of the white ball at 1.4s in cm/s? ,S3MS,SD,102.55686585664077,fuse-fused,
2756,captured_0040x,What is the height of the poker tower in cm? ,S3MX,SS,17.156429842833962,fuse-primary-only,
2757,captured_0040x,What is the velocity of the white ball at 1.5s in cm/s? ,S3MX,SD,96.66829693087966,fuse-primary-only,
2758,captured_0040x,What is the diameter of the rim of the white cup in cm? ,S3MX,SS,10.5,fuse-secondary-only,
2759,captured_0040x,What is the diameter of the white ball in cm?,S3MX,SS,5.260007119254948,fuse-fused,
2760,captured_0040x,What is the distance travelled by the white ball between 1.5s and 1.9s in cm?,S3MX,SS,51.16831547693856,fuse-fused,
2761,captured_0040x,What is the diameter of the tape in cm? ,S3MX,SS,9.183574721627105,fuse-primary-only,
2762,captured_0040x,What is the height of the white cup in cm? ,S3MX,SS,,none,neither arm answered
2763,captured_0040x,What is the velocity of the white ball at 1.4s in cm/s? ,S3MX,SD,95.34001802101075,fuse-fused,
2764,captured_0041,What is the soccer ball's diameter in cm? ,V3SC,DS,17.393246383724154,fuse-secondary-only,
2765,captured_0041,What is the soccer ball's displacement between 1.5s and 1.6s in meters? ,V3SC,DS,0.100023864816867,fuse-secondary-only,
2766,captured_0041,What is the distance from the soccer ball to the person at 1.5s in meters? ,V3SC,DS,0.33571216383329655,fuse-fused,
2767,captured_0041s,What is the soccer ball's diameter in cm? ,V3SS,DS,23.782121591142868,fuse-fused,
2768,captured_0041s,What is the soccer ball's displacement between 1.5s and 1.6s in meters? ,V3SS,DS,0.1399550644413853,fuse-secondary-only,
2769,captured_0041s,What is the distance from the soccer ball to the person at 1.5s in meters? ,V3SS,DS,0.549596965305023,fuse-secondary-only,
2770,captured_0041x,What is the soccer ball's diameter in cm? ,V3SX,DS,25.83798820811264,fuse-secondary-only,
2771,captured_0041x,What is the soccer ball's displacement between 1.5s and 1.6s in meters? ,V3SX,DS,0.1468999092501816,fuse-secondary-only,
2772,captured_0041x,What is the distance from the soccer ball to the person at 1.5s in meters? ,V3SX,DS,0.6201794891248472,fuse-secondary-only,
2773,captured_0047,What is the yoga ball's diameter in cm? ,V3SC,DS,42.85910040708591,fuse-secondary-only,
2774,captured_0047,What is the yoga ball's displacement between 1.0s and 1.5s in meters? ,V3SC,DS,0.1109444283897759,fuse-secondary-only,
2775,captured_0047,What is the distance from the yoga ball to the person at 1.5s in meters? ,V3SC,DS,0.9086088159612656,fuse-secondary-only,
2776,captured_0047s,What is the yoga ball's diameter in cm? ,V3SS,DS,40.55365828034423,fuse-secondary-only,
2777,captured_0047s,What is the yoga ball's displacement between 1.0s and 1.5s in meters? ,V3SS,DS,0.0055158100124897,fuse-secondary-only,
2778,captured_0047s,What is the distance from the yoga ball to the person at 1.5s in meters? ,V3SS,DS,0.6006840275306891,fuse-secondary-only,
2779,captured_0047x,What is the yoga ball's diameter in cm? ,V3SX,DS,46.47065133931858,fuse-fused,
2780,captured_0047x,What is the yoga ball's displacement between 1.0s and 1.5s in meters? ,V3SX,DS,0.005147167038778,fuse-secondary-only,
2781,captured_0047x,What is the distance from the yoga ball to the person at 1.5s in meters? ,V3SX,DS,0.9070780377283594,fuse-secondary-only,
2782,captured_0052,What is the initial distance between the yoga ball and the shoe in meters? ,V3MC,DS,,none,neither arm answered
2783,captured_0052,What is the height of the trashbin in cm?,V3MC,DS,,none,neither arm answered
2784,captured_0052,What is the length of the shoe in cm?,V3MC,DS,,none,neither arm answered
2785,captured_0052,What is the diameter of the yoga ball in cm?,V3MC,DS,,none,neither arm answered
2786,captured_0052,What is the diameter of the basketball in cm?,V3MC,DS,24.0,fuse-primary-only,
2787,captured_0052,What is the distance between the basketball and the shoe in meters? ,V3MC,DS,,none,neither arm answered
2788,captured_0052,What is the distance between the trashbin and the shoe in meters? ,V3MC,DS,0.74,fuse-primary-only,
2789,captured_0052,What is the distance between the trashbin and the basketball in meters? ,V3MC,DS,,none,neither arm answered
2790,captured_0052s,What is the initial distance between the yoga ball and the shoe in meters? ,V3MS,DS,,none,neither arm answered
2791,captured_0052s,What is the height of the trashbin in cm?,V3MS,DS,,none,neither arm answered
2792,captured_0052s,What is the length of the shoe in cm?,V3MS,DS,28.0,fuse-primary-only,
2793,captured_0052s,What is the diameter of the yoga ball in cm?,V3MS,DS,65.0,fuse-primary-only,
2794,captured_0052s,What is the diameter of the basketball in cm?,V3MS,DS,20.0,fuse-primary-only,
2795,captured_0052s,What is the distance between the basketball and the shoe in meters? ,V3MS,DS,,none,neither arm answered
2796,captured_0052s,What is the distance between the trashbin and the shoe in meters? ,V3MS,DS,,none,neither arm answered
2797,captured_0052s,What is the distance between the trashbin and the basketball in meters? ,V3MS,DS,,none,neither arm answered
2798,captured_0052x,What is the initial distance between the yoga ball and the shoe in meters? ,V3MX,DS,,none,neither arm answered
2799,captured_0052x,What is the height of the trashbin in cm?,V3MX,DS,35.0,fuse-primary-only,
2800,captured_0052x,What is the length of the shoe in cm?,V3MX,DS,,none,neither arm answered
2801,captured_0052x,What is the diameter of the yoga ball in cm?,V3MX,DS,,none,neither arm answered
2802,captured_0052x,What is the diameter of the basketball in cm?,V3MX,DS,,none,neither arm answered
2803,captured_0052x,What is the distance between the basketball and the shoe in meters? ,V3MX,DS,,none,neither arm answered
2804,captured_0052x,What is the distance between the trashbin and the shoe in meters? ,V3MX,DS,,none,neither arm answered
2805,captured_0052x,What is the distance between the trashbin and the basketball in meters? ,V3MX,DS,,none,neither arm answered
2806,captured_0053,What is the width of the book in cm?,V3MC,DS,18.0,fuse-primary-only,
2807,captured_0053,What is the length of the book in cm?,V3MC,DS,20.0,fuse-primary-only,
2808,captured_0053,What is the diameter of the rim of the white cup in cm? ,V3MC,DS,,none,neither arm answered
2809,captured_0053,What is the diameter of the basketball in cm?,V3MC,DS,,none,neither arm answered
2810,captured_0053,What is the height of the trashbin in cm?,V3MC,DS,12.0,fuse-primary-only,
2811,captured_0053,What is the diatance between the white cup and the basketball in meters?,V3MC,DS,,none,neither arm answered
2812,captured_0053,What is the diatance between the white cup and the book in meters?,V3MC,DS,,none,neither arm answered
2813,captured_0053,What is the displacement of the trashbin between 0.4s and 1.4s in meters?,V3MC,DS,,none,neither arm answered
2814,captured_0053s,What is the width of the book in cm?,V3MS,DS,,none,neither arm answered
2815,captured_0053s,What is the length of the book in cm?,V3MS,DS,,none,neither arm answered
2816,captured_0053s,What is the diameter of the rim of the white cup in cm? ,V3MS,DS,,none,neither arm answered
2817,captured_0053s,What is the diameter of the basketball in cm?,V3MS,DS,,none,neither arm answered
2818,captured_0053s,What is the height of the trashbin in cm?,V3MS,DS,35.0,fuse-primary-only,
2819,captured_0053s,What is the diatance between the white cup and the basketball in meters?,V3MS,DS,,none,neither arm answered
2820,captured_0053s,What is the diatance between the white cup and the book in meters?,V3MS,DS,,none,neither arm answered
2821,captured_0053s,What is the displacement of the trashbin between 0.4s and 1.4s in meters?,V3MS,DS,,none,neither arm answered
2822,captured_0053x,What is the width of the book in cm?,V3MX,DS,25.0,fuse-primary-only,
2823,captured_0053x,What is the length of the book in cm?,V3MX,DS,,none,neither arm answered
2824,captured_0053x,What is the diameter of the rim of the white cup in cm? ,V3MX,DS,,none,neither arm answered
2825,captured_0053x,What is the diameter of the basketball in cm?,V3MX,DS,,none,neither arm answered
2826,captured_0053x,What is the height of the trashbin in cm?,V3MX,DS,32.0,fuse-primary-only,
2827,captured_0053x,What is the diatance between the white cup and the basketball in meters?,V3MX,DS,,none,neither arm answered
2828,captured_0053x,What is the diatance between the white cup and the book in meters?,V3MX,DS,,none,neither arm answered
2829,captured_0053x,What is the displacement of the trashbin between 0.4s and 1.4s in meters?,V3MX,DS,,none,neither arm answered
2830,captured_0054a,What is the orange ball's displacement between 0.5s and 1.0s in meters? ,V3MC,DS,0.1609833717785372,fuse-secondary-only,
2831,captured_0054a,What is the soccer ball's displacement between 1.0s and 1.4s in meters? ,V3MC,DS,0.5,fuse-disagreement,
2832,captured_0054a,What is the soccer ball's diameter in cm? ,V3MC,DS,36.73467800917821,fuse-secondary-only,
2833,captured_0054a,What is the orange ball's diameter in cm? ,V3MC,DS,31.497796331942176,fuse-fused,
2834,captured_0054a,What is the white ball's diameter in cm? ,V3MC,DS,36.73467800917821,fuse-secondary-only,
2835,captured_0054a,What is the soccer ball's velocity at 0.5s in m/s? ,V3MC,DD,2.21,fuse-secondary-only,
2836,captured_0054a,What is the velocity of the green ball at 1.0s in m/s? ,V3MC,DD,3.272329521353638,fuse-fused,
2837,captured_0054a,What is the velocity of the white ball at 1.0s in m/s? ,V3MC,DD,1.922307828898101,fuse-fused,
2838,captured_0054a,What is the velocity of the green ball at 1.5s in m/s? ,V3MC,DD,2.3804221267152634,fuse-fused,
2839,captured_0054a,What is the velocity of the pink ball at 1.5s in m/s? ,V3MC,DD,2.4600710612355035,fuse-fused,
2840,captured_0054a,What is the distance between the orange ball and the soccer ball at 1.0s in meters? ,V3MC,DS,1.4118617432949316,fuse-secondary-only,
2841,captured_0054a,What is the distance between the green ball and the pink ball at 1.0s in meters? ,V3MC,DS,1.2333512879054642,fuse-secondary-only,
2842,captured_0054as,What is the orange ball's displacement between 0.5s and 1.0s in meters? ,V3MS,DS,0.1911829137586149,fuse-secondary-only,
2843,captured_0054as,What is the soccer ball's displacement between 1.0s and 1.4s in meters? ,V3MS,DS,1.2,fuse-disagreement,
2844,captured_0054as,What is the soccer ball's diameter in cm? ,V3MS,DS,29.008654265915997,fuse-secondary-only,
2845,captured_0054as,What is the orange ball's diameter in cm? ,V3MS,DS,26.699068626852668,fuse-fused,
2846,captured_0054as,What is the white ball's diameter in cm? ,V3MS,DS,29.008654265915997,fuse-secondary-only,
2847,captured_0054as,What is the soccer ball's velocity at 0.5s in m/s? ,V3MS,DD,2.21,fuse-secondary-only,
2848,captured_0054as,What is the velocity of the green ball at 1.0s in m/s? ,V3MS,DD,3.093860065454147,fuse-fused,
2849,captured_0054as,What is the velocity of the white ball at 1.0s in m/s? ,V3MS,DD,3.590160399678529,fuse-fused,
2850,captured_0054as,What is the velocity of the green ball at 1.5s in m/s? ,V3MS,DD,3.2466537773089637,fuse-fused,
2851,captured_0054as,What is the velocity of the white ball at 1.5s in m/s? ,V3MS,DD,3.2874368032415466,fuse-fused,
2852,captured_0054as,What is the distance between the orange ball and the soccer ball at 1.0s in meters? ,V3MS,DS,1.1807959307694686,fuse-secondary-only,
2853,captured_0054as,What is the distance between the green ball and the white ball at 1.0s in meters? ,V3MS,DS,1.2663681247240677,fuse-secondary-only,
2854,captured_0054ax,What is the orange ball's displacement between 0.5s and 1.0s in meters? ,V3MX,DS,0.3793435385532545,fuse-secondary-only,
2855,captured_0054ax,What is the soccer ball's displacement between 1.0s and 1.4s in meters? ,V3MX,DS,1.2,fuse-disagreement,
2856,captured_0054ax,What is the white ball's diameter in cm? ,V3MX,DS,26.099860196127917,fuse-fused,
2857,captured_0054ax,What is the orange ball's diameter in cm? ,V3MX,DS,26.099860196127917,fuse-fused,
2858,captured_0054ax,What is the soccer ball's velocity at 0.5s in m/s? ,V3MX,DD,2.21,fuse-secondary-only,
2859,captured_0054ax,What is the velocity of the green ball at 1.0s in m/s? ,V3MX,DD,3.055772225128655,fuse-fused,
2860,captured_0054ax,What is the velocity of the white ball at 1.0s in m/s? ,V3MX,DD,3.214012523101704,fuse-fused,
2861,captured_0054ax,What is the velocity of the green ball at 1.5s in m/s? ,V3MX,DD,1.5994860800659088,fuse-fused,
2862,captured_0054ax,What is the velocity of the pink ball at 1.5s in m/s? ,V3MX,DD,1.9736430626560135,fuse-fused,
2863,captured_0054ax,What is the distance between the orange ball and the soccer ball at 1.0s in meters? ,V3MX,DS,1.1017809942173542,fuse-secondary-only,
2864,captured_0054ax,What is the distance between the green ball and the white ball at 1.0s in meters? ,V3MX,DS,1.186161619663082,fuse-secondary-only,
2865,captured_0054b,What is the orange ball's displacement between 0.5s and 1.0s in meters? ,V3MC,DS,0.7416942761528158,fuse-secondary-only,
2866,captured_0054b,What is the soccer ball's displacement between 1.0s and 1.4s in meters? ,V3MC,DS,0.85,fuse-disagreement,
2867,captured_0054b,What is the soccer ball's diameter in cm? ,V3MC,DS,20.353428569091623,fuse-secondary-only,
2868,captured_0054b,What is the orange ball's diameter in cm? ,V3MC,DS,20.834021518845347,fuse-fused,
2869,captured_0054b,What is the white ball's diameter in cm? ,V3MC,DS,20.353428569091623,fuse-secondary-only,
2870,captured_0054b,What is the soccer ball's velocity at 0.5s in m/s? ,V3MC,DD,2.21,fuse-secondary-only,
2871,captured_0054b,What is the velocity of the green ball at 1.0s in m/s? ,V3MC,DD,1.10304113025356,fuse-fused,
2872,captured_0054b,What is the velocity of the white ball at 1.0s in m/s? ,V3MC,DD,1.171059303290663,fuse-secondary-only,
2873,captured_0054b,What is the velocity of the green ball at 1.5s in m/s? ,V3MC,DD,0.9789864810306657,fuse-fused,
2874,captured_0054b,What is the velocity of the white ball at 1.5s in m/s? ,V3MC,DD,1.18820889865104,fuse-fused,
2875,captured_0054b,What is the distance between the orange ball and the soccer ball at 1.0s in meters? ,V3MC,DS,0.7153491071665365,fuse-secondary-only,
2876,captured_0054b,What is the distance between the green ball and the white ball at 1.0s in meters? ,V3MC,DS,0.2978639849693484,fuse-secondary-only,
2877,captured_0054bs,What is the orange ball's displacement between 0.5s and 1.0s in meters? ,V3MS,DS,0.7583828353464684,fuse-secondary-only,
2878,captured_0054bs,What is the soccer ball's displacement between 1.0s and 1.4s in meters? ,V3MS,DS,0.3946479520472332,fuse-secondary-only,
2879,captured_0054bs,What is the soccer ball's diameter in cm? ,V3MS,DS,20.863453394014805,fuse-fused,
2880,captured_0054bs,What is the orange ball's diameter in cm? ,V3MS,DS,20.80520555015131,fuse-secondary-only,
2881,captured_0054bs,What is the white ball's diameter in cm? ,V3MS,DS,15.61879064728421,fuse-fused,
2882,captured_0054bs,What is the soccer ball's velocity at 0.5s in m/s? ,V3MS,DD,2.2099999999999995,fuse-fused,
2883,captured_0054bs,What is the velocity of the green ball at 1.0s in m/s? ,V3MS,DD,1.1349802733846148,fuse-fused,
2884,captured_0054bs,What is the velocity of the white ball at 1.0s in m/s? ,V3MS,DD,0.7276150773577807,fuse-secondary-only,
2885,captured_0054bs,What is the velocity of the green ball at 1.5s in m/s? ,V3MS,DD,1.102889043321797,fuse-fused,
2886,captured_0054bs,What is the velocity of the white ball at 1.5s in m/s? ,V3MS,DD,0.8395675362154125,fuse-fused,
2887,captured_0054bs,What is the distance between the orange ball and the soccer ball at 1.0s in meters? ,V3MS,DS,0.3580702882219302,fuse-secondary-only,
2888,captured_0054bs,What is the distance between the green ball and the white ball at 1.0s in meters? ,V3MS,DS,0.0458559790010532,fuse-secondary-only,
2889,captured_0054bx,What is the orange ball's displacement between 0.5s and 1.0s in meters? ,V3MX,DS,0.6054987326297383,fuse-secondary-only,
2890,captured_0054bx,What is the soccer ball's displacement between 1.0s and 1.4s in meters? ,V3MX,DS,0.3554777183552942,fuse-secondary-only,
2891,captured_0054bx,What is the soccer ball's diameter in cm? ,V3MX,DS,18.09671871701878,fuse-fused,
2892,captured_0054bx,What is the orange ball's diameter in cm? ,V3MX,DS,19.95860238962378,fuse-secondary-only,
2893,captured_0054bx,What is the white ball's diameter in cm? ,V3MX,DS,15.171135405545895,fuse-fused,
2894,captured_0054bx,What is the soccer ball's velocity at 0.5s in m/s? ,V3MX,DD,1.4150298222989839,fuse-fused,
2895,captured_0054bx,What is the velocity of the green ball at 1.0s in m/s? ,V3MX,DD,1.948954968440503,fuse-fused,
2896,captured_0054bx,What is the velocity of the white ball at 1.0s in m/s? ,V3MX,DD,1.400030941882672,fuse-fused,
2897,captured_0054bx,What is the velocity of the green ball at 1.5s in m/s? ,V3MX,DD,1.5492829877949807,fuse-fused,
2898,captured_0054bx,What is the velocity of the white ball at 1.5s in m/s? ,V3MX,DD,1.5582951311543305,fuse-fused,
2899,captured_0054bx,What is the distance between the orange ball and the soccer ball at 1.0s in meters? ,V3MX,DS,0.5318927244206969,fuse-secondary-only,
2900,captured_0054bx,What is the distance between the green ball and the white ball at 1.0s in meters? ,V3MX,DS,0.0217496064561147,fuse-secondary-only,
2901,captured_0061,What is the diameter of the yoga ball in cm? ,V3MC,DS,49.06616155529433,fuse-secondary-only,
2902,captured_0061,What is the diameter of the soccer ball in cm? ,V3MC,DS,35.96509571548398,fuse-fused,
2903,captured_0061,What is the distance between the basketball and the yoga ball at 2.0s in meters?,V3MC,DS,0.17890523226048347,fuse-fused,
2904,captured_0061,What is the velocity of the soccer ball at 0.6s in m/s?,V3MC,DD,5.290618349713237,fuse-secondary-only,
2905,captured_0061,What is the velocity of the soccer ball at 0.9s in m/s?,V3MC,DD,3.245105608070769,fuse-secondary-only,
2906,captured_0061,What is the velocity of the basketball at 1.1s in m/s?,V3MC,DD,4.191305748210098,fuse-fused,
2907,captured_0061,What is the velocity of the basketball at 1.6s in m/s?,V3MC,DD,1.0447876515725965,fuse-secondary-only,
2908,captured_0061s,What is the diameter of the yoga ball in cm? ,V3MS,DS,58.73712349380591,fuse-fused,
2909,captured_0061s,What is the diameter of the soccer ball in cm? ,V3MS,DS,58.54408548801273,fuse-fused,
2910,captured_0061s,What is the distance between the basketball and the yoga ball at 2.0s in meters?,V3MS,DS,0.329712374132122,fuse-secondary-only,
2911,captured_0061s,What is the velocity of the soccer ball at 0.6s in m/s?,V3MS,DD,2.275747202068628,fuse-secondary-only,
2912,captured_0061s,What is the velocity of the soccer ball at 0.9s in m/s?,V3MS,DD,1.2059628049083777,fuse-secondary-only,
2913,captured_0061s,What is the velocity of the basketball at 1.1s in m/s?,V3MS,DD,6.840031466757043,fuse-fused,
2914,captured_0061s,What is the velocity of the basketball at 1.6s in m/s?,V3MS,DD,1.8757696169995384,fuse-secondary-only,
2915,captured_0061x,What is the diameter of the yoga ball in cm? ,V3MX,DS,76.46896650274527,fuse-fused,
2916,captured_0061x,What is the diameter of the soccer ball in cm? ,V3MX,DS,57.836168047568286,fuse-fused,
2917,captured_0061x,What is the distance between the basketball and the yoga ball at 2.0s in meters?,V3MX,DS,0.1,fuse-disagreement,
2918,captured_0061x,What is the velocity of the soccer ball at 0.6s in m/s?,V3MX,DD,2.9507004551030285,fuse-fused,
2919,captured_0061x,What is the velocity of the soccer ball at 0.9s in m/s?,V3MX,DD,8.047265050113115,fuse-secondary-only,
2920,captured_0061x,What is the velocity of the basketball at 1.1s in m/s?,V3MX,DD,2.08,fuse-disagreement,
2921,captured_0061x,What is the velocity of the basketball at 1.6s in m/s?,V3MX,DD,1.8791152985997608,fuse-secondary-only,
2922,captured_0062,What is the length of the whiteboard in cm? ,V3MC,DS,251.70789805686172,fuse-secondary-only,
2923,captured_0062,What is the width of the whiteboard in cm? ,V3MC,DS,163.70922977090618,fuse-fused,
2924,captured_0062,What is the length of the blue shoppingbag in cm? ,V3MC,DS,90.58150691178848,fuse-fused,
2925,captured_0062,What is the width of the blue shoppingbag in cm? ,V3MC,DS,20.0,fuse-disagreement,
2926,captured_0062,What is the length of the white box in cm? ,V3MC,DS,113.15231671446823,fuse-fused,
2927,captured_0062,What is the width of the white box in cm? ,V3MC,DS,176.68829901731567,fuse-secondary-only,
2928,captured_0062,What is the height of the mario toy in cm? ,V3MC,DS,35.67966804426466,fuse-fused,
2929,captured_0062,What is the height of the trashbin in cm? ,V3MC,DS,55.414461430703966,fuse-fused,
2930,captured_0062s,What is the length of the whiteboard in cm? ,V3MS,DS,129.36807742669478,fuse-secondary-only,
2931,captured_0062s,What is the width of the whiteboard in cm? ,V3MS,DS,119.75095535110152,fuse-fused,
2932,captured_0062s,What is the length of the blue shoppingbag in cm? ,V3MS,DS,55.3602641591248,fuse-secondary-only,
2933,captured_0062s,What is the width of the blue shoppingbag in cm? ,V3MS,DS,50.42897773442918,fuse-secondary-only,
2934,captured_0062s,What is the length of the white box in cm? ,V3MS,DS,84.20940703370754,fuse-fused,
2935,captured_0062s,What is the width of the white box in cm? ,V3MS,DS,84.20940703370754,fuse-fused,
2936,captured_0062s,What is the height of the mario toy in cm? ,V3MS,DS,22.185879277786206,fuse-fused,
2937,captured_0062s,What is the height of the trashbin in cm? ,V3MS,DS,38.00899396547564,fuse-secondary-only,
2938,captured_0062x,What is the length of the whiteboard in cm? ,V3MX,DS,130.84058536448416,fuse-secondary-only,
2939,captured_0062x,What is the width of the whiteboard in cm? ,V3MX,DS,124.87777200711122,fuse-fused,
2940,captured_0062x,What is the length of the blue shoppingbag in cm? ,V3MX,DS,49.529690000788754,fuse-fused,
2941,captured_0062x,What is the width of the blue shoppingbag in cm? ,V3MX,DS,45.90417361535976,fuse-fused,
2942,captured_0062x,What is the length of the white box in cm? ,V3MX,DS,98.3268647513941,fuse-secondary-only,
2943,captured_0062x,What is the width of the white box in cm? ,V3MX,DS,98.3268647513941,fuse-secondary-only,
2944,captured_0062x,What is the height of the mario toy in cm? ,V3MX,DS,28.89026005049324,fuse-secondary-only,
2945,captured_0062x,What is the height of the trashbin in cm? ,V3MX,DS,37.25129265730222,fuse-fused,
2946,internet_0001_segmented,What is the length of the black car in meters? ,S2SC,SS,3.673282501080668,fuse-secondary-only,
2947,internet_0001_segmented,What is the width of the black car in meters? ,S2SC,SS,3.673282501080668,fuse-secondary-only,
2948,internet_0001_segmented,What is the speed of the black car in m/s? ,S2SC,SD,0.0028256825373756,fuse-secondary-only,
2949,internet_0002_segmented,What is the length of the red car in meters? ,S2SC,SS,0.7742334892361359,fuse-fused,
2950,internet_0002_segmented,What is the width of the red car in meters? ,S2SC,SS,0.7742334892361359,fuse-fused,
2951,internet_0002_segmented,What is the speed of the red car in m/s? ,S2SC,SD,12.2,fuse-disagreement,
2952,internet_0003_segmented,What is the diameter of the pizza in cm? ,S2MC,SS,15.70059734331604,fuse-secondary-only,
2953,internet_0003_segmented,What is the diameter of the wine glass in cm? ,S2MC,SS,7.12073023646486,fuse-secondary-only,
2954,internet_0003_segmented,What is the velocity of the pizza cutter in cm/s at 0.2s? ,S2MC,SD,50.0,fuse-disagreement,
2955,internet_0003_segmented,What is the diameter of a pepperoni on the pizza in cm? ,S2MC,SS,13.578994981691269,fuse-secondary-only,
2956,internet_0005_segmented,What is the distance between the two black road signs in meters? ,V2MC,DS,,none,neither arm answered
2957,internet_0005_segmented,What is the height of the woman in yellow in meters? ,V2MC,DS,1.7495790714932726,fuse-secondary-only,
2958,internet_0005_segmented,What is the length of the light right above the woman's head in meters? ,V2MC,DS,10.673600377673791,fuse-secondary-only,
2959,internet_0005_segmented,What is the side length of the floor tiles in meters? ,V2MC,DS,0.5,fuse-disagreement,
2960,internet_0008_segmented,What is the average speed of the sailboat in m/s? ,S2MC,SD,3.312684509078474,fuse-secondary-only,
2961,internet_0008_segmented,What is the average speed of the speedboat in m/s? ,S2MC,SD,4.6102357762775075,fuse-fused,
2962,internet_0008_segmented,What is the length of the speedboat in meters? ,S2MC,SS,11.886797445836743,fuse-secondary-only,
2963,internet_0010_segmented,How tall is the shooter in cm? ,S2MC,SS,,none,neither arm answered
2964,internet_0010_segmented,What is the velocity of the ball at 2.00s in cm/s? ,S2MC,SD,1960.0,fuse-primary-only,
2965,internet_0017_segmented,What is the diameter of the round container in cm? ,S2MS,SS,1.8349173123728697,fuse-secondary-only,
2966,internet_0017_segmented,What is the length of the keyboard in cm? ,S2MS,SS,5.346909827490205,fuse-secondary-only,
2967,internet_0017_segmented,What is the width of the keyboard in cm? ,S2MS,SS,5.346909827490205,fuse-secondary-only,
2968,internet_0017_segmented,What is the length of the pen in cm? ,S2MS,SS,2.0010985596707496,fuse-secondary-only,
2969,internet_0017_segmented,What is moving speed of the user's (middle) fingertip at 0.4s in cm/s? ,S2MS,SD,0.0054567957089024,fuse-secondary-only,
2970,internet_0019_segmented,What is the size of the ball in cm? ,A2MC,DS,20.0,fuse-primary-only,
2971,internet_0019_segmented,What is the height of the person standing in the middle in cm? ,A2MC,DS,150.0,fuse-primary-only,
2972,internet_0019_segmented,What is the height of the person on the left (the passer) in cm? ,A2MC,DS,120.0,fuse-primary-only,
2973,internet_0019_segmented,What is the height of the person on the right (the receiver) in cm? ,A2MC,DS,150.0,fuse-primary-only,
2974,internet_0019_segmented,What is the initial distance between the passer and the receiver in meters?,A2MC,DS,2.5,fuse-primary-only,
2975,internet_0019_segmented,What is the velocity of the ball at 1.00s in m/s? ,A2MC,DD,9.8,fuse-primary-only,
2976,internet_0019_segmented,What is the (average) horizontal velocity of the ball in m/s? ,A2MC,DD,,none,neither arm answered
2977,internet_0021_segmented,What is the average speed of the airplane in m/s? ,S2SS,SD,72.82121366854803,fuse-secondary-only,
2978,internet_0021_segmented,What is the distance between the airplane and the roof top at 0s in meters?,S2SS,SS,1000.0,fuse-disagreement,
2979,internet_0021_segmented,What is the the displacement of the airplane from 0s to 2.00s in meters? ,S2SS,SS,40.0,fuse-secondary-only,
2980,internet_0025_segmented,What is the length of the canoe in meters? ,S2SC,SS,8.756507330403178,fuse-fused,
2981,internet_0025_segmented,What is the average speed of the canoe in m/s?,S2SC,SD,0.6061096387399534,fuse-fused,
2982,internet_0025_segmented,What is the displacement of the canoe in the first 5 seconds in meters?,S2SC,SS,10.223911769748282,fuse-secondary-only,
2983,internet_0026_segmented,What is the sitting height of the baby in cm?,S2MC,SS,104.27526622786988,fuse-secondary-only,
2984,internet_0026_segmented,What is the distance between the baby and the man in meters? ,S2MC,SS,3.4818777642147523,fuse-secondary-only,
2985,internet_0026_segmented,What is the length of the toy truck in cm?,S2MC,SS,109.4748829533621,fuse-secondary-only,
2986,internet_0026_segmented,What is the height of the toy truck in cm?,S2MC,SS,90.70967814855612,fuse-secondary-only,
2987,internet_0026_segmented,What is the speed of the toy truck at 0.50s in cm/s? ,S2MC,SD,118.34538357937096,fuse-secondary-only,
2988,internet_0026_segmented,What is the average speed of the toy truck in cm/s? ,S2MC,SD,1.5,fuse-disagreement,
2989,internet_0027_segmented,What is the initial distance between the black ball and the purple ball in cm? ,S2MS,SS,0.0634830053323446,fuse-secondary-only,
2990,internet_0027_segmented,What is the white ball's average velocity in 1.00s to 2.00s in cm/s? ,S2MS,SD,22.12557158325886,fuse-fused,
2991,internet_0027_segmented,What is the velocity of the orange ball at 1.00s in cm/s? ,S2MS,SD,23.461504845270632,fuse-secondary-only,
2992,internet_0027_segmented,What is the final distance between the purple ball and the black ball in cm? ,S2MS,SS,12.5,fuse-disagreement,
2993,internet_0027_segmented,What is the acceleration of the yellow balloon the left at 2.00s in cm/s^2? ,S2MS,SD,0.01,fuse-disagreement,
2994,internet_0028,What is the length of the blue and grey bag in meters?,V2MC,DS,0.6943514664906675,fuse-secondary-only,
2995,internet_0028,What is the length of the orange suitcase in meters?,V2MC,DS,0.5642984470353243,fuse-secondary-only,
2996,internet_0029,What is the diameter of the ball in cm? ,A2SS,DS,10.0,fuse-primary-only,
2997,internet_0029,What is the velocity of the ball at 0.20s in m/s? ,A2SS,DD,,none,neither arm answered
2998,internet_0029,What is the velocity of the ball at 0.40s in m/s? ,A2SS,DD,,none,neither arm answered
2999,internet_0029,What is the distance of the ball from the desk at 0.40s in meters? ,A2SS,DS,0.78,fuse-primary-only,
3000,internet_0029,What is the distance of the ball from the desk at 0.30s in meters? ,A2SS,DS,,none,neither arm answered
3001,internet_0029,What is the displacement of the ball from 0.30s to 0.40s in meters? ,A2SS,DS,0.049,fuse-primary-only,
3002,internet_0030,What is the boat's moving distance between 0.5s to 1.0s in meters? ,S2SC,SS,1.557655880405963,fuse-secondary-only,
3003,internet_0030,What is the boat's moving distance between 0.5s to 1.37s in meters? ,S2SC,SS,1.5513271508422442,fuse-secondary-only,
3004,internet_0030,What is the speed of the boat between 0.5s to 1s in m/s? ,S2SC,SD,3.932168086096494,fuse-fused,
3005,internet_0030,What is the speed of the boat between 0.5s to 1.37s in m/s? ,S2SC,SD,3.330676305646312,fuse-fused,
3006,internet_0030,What is the average acceleration of the boat over 0.5 s to 1.37 s in m/s^2?,S2SC,SD,0.2920812060370047,fuse-secondary-only,
3007,internet_0031,What is the distance traveled by the player in white shirt from 0.5 to 5.53 in meters?,S2MS,SS,7.32,fuse-secondary-only,
3008,internet_0031,What is the distance traveled by the player in black shirt from 0.5s to 5.53s in meters?,S2MS,SS,7.32,fuse-secondary-only,
3009,internet_0031,What is the speed of the player in white shirt from 0.5 to 5.53 in m/s?,S2MS,SD,1.5,fuse-disagreement,
3010,internet_0031,What is the speed of the player in black shirt from 0.5 to 5.53 in m/s?,S2MS,SD,1.47,fuse-disagreement,
3011,internet_0031,What is the width of football pitch in meters?,S2MS,SD,3.4386620196606272,fuse-secondary-only,
3012,internet_0032,What is the distance traveled by the boat from 0s to 2s in meters?,S2SC,SS,2.7144072634491265,fuse-fused,
3013,internet_0032,What is the distance traveled by the boat from 2s to 4.5s in meters?,S2SC,SS,3.5,fuse-secondary-only,
3014,internet_0032,What is the distance traveled by the boat from 4.5s to 7s in meters?,S2SC,SS,3.5,fuse-secondary-only,
3015,internet_0032,What is the average speed of the boat from 0s to 2s in m/s?,S2SC,SD,0.706982918799935,fuse-secondary-only,
3016,internet_0032,What is the average speed of the boat from 2s to 4.5s in m/s?,S2SC,SD,0.01,fuse-disagreement,
3017,internet_0032,What is the average speed of the boat from 4.5s to 7s in m/s?,S2SC,SD,0.706982918799935,fuse-secondary-only,
3018,internet_0032,What is the acceleration of the boat from 0s-2s to 2s-4.5s in m/s^2?,S2SC,SD,,none,neither arm answered
3019,internet_0032,What is the acceleration of the boat from 2s-4.5s to 4.5s-7s in m/s^2?,S2SC,SD,,none,neither arm answered
3020,internet_0032,What is the acceleration of the boat over 0-7s in m/s^2?,S2SC,SD,0.01,fuse-primary-only,
3021,internet_0033,What is the speed of the plate of tomatoes from 0s to 0.52s in m/s?,S2MC,SD,0.40580493282235275,fuse-fused,
3022,internet_0033,What is the speed of the plate of tomatoes from 1s to 1.6s in m/s?,S2MC,SD,0.3924875796749782,fuse-fused,
3023,internet_0033,What is the size of avocado in cm?,S2MC,SS,14.335971558201562,fuse-secondary-only,
3024,internet_0033,What is the size of baguette in cm?,S2MC,SS,53.86873028132241,fuse-secondary-only,
3025,internet_0034,What is the displacement of toilet paper roll from 0.5s to 1.73s in cm? ,S2SC,SS,10.000000000000002,fuse-secondary-only,
3026,internet_0034,What is the speed of toilet paper roll over 0.5s to 1.73s in cm/s?,S2SC,SD,6.292835153009967,fuse-secondary-only,
3027,internet_0034,What is the width of thumbnail in cm?,S2SC,SS,1.5281414256051762,fuse-secondary-only,
3028,internet_0035,What is the speed of the toilet paper core from 0s to 0.83s in cm/s?,S2SC,SD,11.159245329763875,fuse-secondary-only,
3029,internet_0035,What is the width of thumbnail in cm?,S2SC,SS,1.7025712028168989,fuse-secondary-only,
3030,internet_0035,What is the displacement of toilet paper core from rom start to 0.83s in cm?,S2SC,SS,10.0,fuse-secondary-only,
3031,internet_0036,What is the length of the US one-dollar bill in mm?,S2SS,SS,66.3,fuse-secondary-only,
3032,internet_0036,What is the speed of the bottom hand moves between 0s to 1.4s in m/s?,S2SS,SD,0.0010345934029688,fuse-secondary-only,
3033,internet_0036,What is the speed of the bottom hand moves between 1.72s to 2.6s in m/s?,S2SS,SD,0.0010345934029688,fuse-secondary-only,
3034,internet_0036,What is the speed of the top hand moves between 1.4s to 2.2s in m/s?,S2SS,SD,0.0001019096489985,fuse-secondary-only,
3035,internet_0037,What is the speed of the swimming woman between 0s to 2.07s in m/s?,S2SC,SD,0.7480052412411567,fuse-secondary-only,
3036,internet_0037,What is the speed of the swimming woman between 2.07s to 5.20s in m/s?,S2SC,SD,0.7480052412411567,fuse-secondary-only,
3037,internet_0037,What is the speed of the swimming woman between 0s to 5.20s in m/s?,S2SC,SD,0.7480052412411567,fuse-secondary-only,
3038,internet_0037,What is the acceleration of the swimming woman between 0s to 5.20s in m/s^2?,S2SC,SD,0.1,fuse-primary-only,
3039,internet_0037,What is the width of the swimming pool in meters?,S2SC,SS,18.996482223610524,fuse-secondary-only,
3040,internet_0038,What is the length of the Apple Magic Mouse in cm? ,S2MS,SS,9.880329700906081,fuse-fused,
3041,internet_0038,What is the length of the MacBook in cm? ,S2MS,SS,35.46734260941478,fuse-secondary-only,
3042,internet_0038,What is the width of the MacBook in cm? ,S2MS,SS,35.46734260941478,fuse-secondary-only,
3043,internet_0038,What is the length of the spacebar in cm? ,S2MS,SS,33.54717026607278,fuse-secondary-only,
3044,internet_0038,What is the speed of the right hand moves between 0s to 0.54s in m/s?,S2MS,SD,0.7071465027733406,fuse-secondary-only,
3045,internet_0039,What is the speed of the swimming man between 0s to 1s in m/s?,S2SC,SD,2.5,fuse-disagreement,
3046,internet_0039,What is the speed of the swimming man between 1 to 2.33s in m/s?,S2SC,SD,10.72,fuse-disagreement,
3047,internet_0039,What is the speed of the swimming man between 0s to 2.33s in m/s?,S2SC,SD,10.73,fuse-disagreement,
3048,internet_0039,What is the acceleration of the swimming man between 0s to 2.33s in m/s^2?,S2SC,SD,1.5744567719560931,fuse-secondary-only,
3049,internet_0039,What is the distance between the two lane ropes in meters?,S2SC,SS,,none,neither arm answered
3050,internet_0040,What's the length of the credit card in cm?,S2SS,SS,8.398,fuse-secondary-only,
3051,internet_0040,What is the displacement of credit card from rom start to 0.73s in cm?,S2SS,SS,8.398,fuse-secondary-only,
3052,internet_0040,What is the speed of credit card from rom start to 0.73s in cm/s?,S2SS,SD,9.245506865391487,fuse-secondary-only,
3053,internet_0041,What is the displacement of the middle duck in cm?,S2MC,SS,66.0,fuse-secondary-only,
3054,internet_0041,What is the average speed of the middle duck in cm/s?,S2MC,SD,96.12703284318738,fuse-secondary-only,
3055,internet_0041,What is the distance between the pillars of the arches on the ground in cm?,S2MC,SS,262.1816504696181,fuse-secondary-only,
3056,internet_0041,What is the height of the arches on the ground in cm?,S2MC,SS,262.1816504696181,fuse-secondary-only,
3057,internet_0041,What is the distance between the pillars of the arches on the second floor in cm?,S2MC,SS,195.75468441590718,fuse-fused,
3058,internet_0041,What is the height of the arches on the second floor in cm?,S2MC,SS,262.1816504696181,fuse-secondary-only,
3059,internet_0042,What is the width of the white car in meters?,S2MS,SS,2.074683008800912,fuse-secondary-only,
3060,internet_0042,What is the width of the black car in meters?,S2MS,SS,2.072341788754288,fuse-secondary-only,
3061,internet_0042,What is the length of the black car in meters?,S2MS,SS,4.639398522431086,fuse-secondary-only,
3062,internet_0042,What is the width of the road in meters?,S2MS,SS,13.666720948773353,fuse-fused,
3063,internet_0042,What is the width of the bridge in meters?,S2MS,SS,18.32827148264222,fuse-fused,
3064,internet_0042,What is the average speed of the white car in m/s?,S2MS,SD,12.89590086229983,fuse-fused,
3065,internet_0043,What is the diameter of the white ball in cm? ,V2MS,DS,2.8048354117430176,fuse-fused,
3066,internet_0043,What is the height of the kettle in cm? ,V2MS,DS,6.757016444107956,fuse-secondary-only,
3067,internet_0043,What is the height of the white cylinder in cm? ,V2MS,DS,4.743716507801931,fuse-secondary-only,
3068,internet_0043,What is the height of the green bottle in cm? ,V2MS,DS,12.182410847101114,fuse-secondary-only,
3069,internet_0043,What is the height of the plastic bottle in cm? ,V2MS,DS,9.19110601316362,fuse-secondary-only,
3070,internet_0043,What is the height of the plate in cm? ,V2MS,DS,4.040186143743024,fuse-secondary-only,
3071,internet_0043,What is the distance between the kettle and the plate in cm? ,V2MS,DS,23.84664855535201,fuse-secondary-only,
3072,internet_0043,What is the distance between the cylinder and the plastic bottle in cm? ,V2MS,DS,16.35096766107755,fuse-secondary-only,
3073,internet_0044,What is the diameter of the white ball in cm? ,V2MS,DS,,none,neither arm answered
3074,internet_0044,What is the height of the kettle in cm? ,V2MS,DS,,none,neither arm answered
3075,internet_0044,What is the height of the white cylinder in cm? ,V2MS,DS,,none,neither arm answered
3076,internet_0044,What is the height of the green bottle in cm? ,V2MS,DS,,none,neither arm answered
3077,internet_0044,What is the height of the plastic bottle in cm? ,V2MS,DS,,none,neither arm answered
3078,internet_0044,What is the height of the plate in cm? ,V2MS,DS,,none,neither arm answered
3079,internet_0044,What is the distance between the kettle and the plate in cm? ,V2MS,DS,,none,neither arm answered
3080,internet_0044,What is the distance between the cylinder and the plastic bottle in cm? ,V2MS,DS,,none,neither arm answered
3081,internet_0044,What is the velocity of the white ball at 1.50s in m/s^2? ,V2MS,DS,14.7,fuse-primary-only,
3082,internet_0044,What is the velocity of the white ball at 2.50s in m/s^2? ,V2MS,DS,,none,neither arm answered
3083,internet_0045,What is the diameter of the rolling cylinder in cm? ,V2MS,DS,,none,neither arm answered
3084,internet_0045,What is the height of the green bottle in cm? ,V2MS,DS,,none,neither arm answered
3085,internet_0045,What is the height of the plastic bottle in cm? ,V2MS,DS,,none,neither arm answered
3086,internet_0045,What is the height of the plate in cm? ,V2MS,DS,,none,neither arm answered
3087,internet_0045,What is the distance between the two bottles in cm? ,V2MS,DS,,none,neither arm answered
3088,internet_0045,What is the distance between the kettle and the plate in cm? ,V2MS,DS,,none,neither arm answered
3089,internet_0046,What is the velocity of the cup at 1.00s in m/s?,S2SS,SD,0.07,fuse-disagreement,
3090,internet_0046,What is the velocity of the cup at 1.10s in m/s?,S2SS,SD,0.35125004679225286,fuse-fused,
3091,internet_0046,What is the velocity of the cup at 1.20s in m/s?,S2SS,SD,0.08,fuse-disagreement,
3092,internet_0046,What is the displacement of the cup between 1.00s and 1.10s in cm? ,S2SS,SS,4.935801819748812,fuse-secondary-only,
3093,internet_0046,What is the displacement of the cup between 1.10s and 1.30s in cm? ,S2SS,SS,13.301118617113596,fuse-secondary-only,
3094,internet_0046,What is the acceleration of the cup at 1.10s in m/s^2?,S2SS,SD,0.0873079617228423,fuse-secondary-only,
3095,internet_0047,What is the diameter of the rolling ball in cm? ,V2SS,DS,28.917832737637852,fuse-secondary-only,
3096,internet_0047,What is distance between the two vertical red lines in meters? ,V2SS,DS,,none,neither arm answered
3097,internet_0047,What is distance between the ball and the white line in meters? ,V2SS,DS,0.4352125888262254,fuse-secondary-only,
3098,internet_0047,What is displacement of the ball between 0.10s and 0.30sin meters? ,V2SS,DS,0.2875823260010164,fuse-secondary-only,
3099,internet_0047,What is distance between the red vertical line on the left and the white line in meters? ,V2SS,DS,0.1894057684703823,fuse-secondary-only,
3100,internet_0047,What is width of the lines on the floor in cm? ,V2SS,DS,238.2640619034893,fuse-secondary-only,
3101,internet_0048,What is the diameter of the ball in cm? ,A2SS,DS,,none,neither arm answered
3102,internet_0048,What is the width of a single piece wall pad in cm? ,A2SS,DS,60.0,fuse-primary-only,
3103,internet_0048,What is the height of the height of the wall pads in cm? ,A2SS,DS,,none,neither arm answered
3104,internet_0048,What is the distance between the ball and the floor at 1.50s in meters?,A2SS,DS,2.5,fuse-primary-only,
3105,internet_0048,What is the displacement of the ball between 1.20s and 1.80s in meters? ,A2SS,DS,3.3,fuse-primary-only,
3106,internet_0048,What is the velocity of the ball at 1.50s in m/s?,A2SS,DD,,none,neither arm answered
3107,internet_0048,What is the height of the walking person in meters?,A2SS,DS,,none,neither arm answered
3108,internet_0048,What is the average walking speed of the walking person between 2.50s and 3.50s in m/s?,A2SS,DD,2.5,fuse-primary-only,
3109,internet_0049,What is the height of the person riding scooter in meters?,V2MC,DS,1.558874027207735,fuse-secondary-only,
3110,internet_0049,What is the height of the gray table in meters?,V2MC,DS,1.0617870473740358,fuse-fused,
3111,internet_0049,What is the height of the gray chairs in meters?,V2MC,DS,1.0715279966634506,fuse-secondary-only,
3112,internet_0049,What is the height of the brown table in meters?,V2MC,DS,1.068996659327454,fuse-secondary-only,
3113,internet_0049,What is the length of the brown table in meters?,V2MC,DS,2.1613800655933524,fuse-secondary-only,
3114,internet_0049,What is the height of the canopy in meters?,V2MC,DS,4.264173381934905,fuse-fused,
3115,internet_0049,What is the distance between the middle brown table and the gray table in meters?,V2MC,DS,5.831460570945863,fuse-secondary-only,
3116,internet_0050,What is the height of the person riding scooter in meters?,V2MC,DS,1.9159719981866115,fuse-fused,
3117,internet_0050,What is the height of the right basketball stand in meters?,V2MC,DS,4.1832551006618095,fuse-secondary-only,
3118,internet_0050,What is the height of the left basketball stand in meters?,V2MC,DS,4.163804963696711,fuse-secondary-only,
3119,internet_0050,What is the distance of the bird to ground in meters?,V2MC,DS,0.8382104043430499,fuse-secondary-only,
3120,internet_0050,What is the distance between the two basketball stands in meters?,V2MC,DS,,none,neither arm answered
3121,internet_0050,What is the width of the left basketball backboard in meters?,V2MC,DS,1.6392329159570993,fuse-secondary-only,
3122,internet_0050,What is the height of the left basketball backboard in meters?,V2MC,DS,1.1983366802643338,fuse-secondary-only,
3123,internet_0051,What is the height of the person riding scooter in meters?,V2MC,DS,1.330912824567357,fuse-secondary-only,
3124,internet_0051,What is the width of the green car in meters?,V2MC,DS,1.24882842252849,fuse-fused,
3125,internet_0051,What is the height of the green car in meters?,V2MC,DS,0.8131081789224319,fuse-secondary-only,
3126,internet_0051,What is the height of the tree in the middle of the video in meters?,V2MC,DS,5.1,fuse-disagreement,
3127,internet_0051,What is the distance between the brown and green car in meters?,V2MC,DS,2.4397260870794555,fuse-secondary-only,
3128,internet_0052,What is the height of the person riding scooter in meters?,V2MC,DS,1.7945920787675418,fuse-fused,
3129,internet_0052,What is the distance between the two closest tall trees in meters? ,V2MC,DS,,none,neither arm answered
3130,internet_0052,What is the height of the no-parking sign in meters?,V2MC,DS,0.4141466372624983,fuse-secondary-only,
3131,internet_0052,What is the width of the no-parking sign in meters?,V2MC,DS,0.2882591257357133,fuse-secondary-only,
3132,internet_0052,What is the height of the scooter in meters?,V2MC,DS,1.1555005108666718,fuse-secondary-only,
3133,internet_0052,What is the wheel-to-wheel width of the scooter in meters?,V2MC,DS,0.9576683974411245,fuse-fused,
3134,internet_0053,What is the height of the person riding scooter in meters?,V2MC,DS,2.382660999022584,fuse-fused,
3135,internet_0053,What is the height of the lamp in meters?,V2MC,DS,3.7836196522772956,fuse-fused,
3136,internet_0053,What is the wheel-to-wheel width of the scooter in meters?,V2MC,DS,1.2855818611518772,fuse-fused,
3137,internet_0053,What is the height of the scooter in meters?,V2MC,DS,1.3682088633115073,fuse-fused,
3138,internet_0053,What is the height of the sign on the ground in meters?,V2MC,DS,0.860418234754283,fuse-secondary-only,
3139,internet_0053,What is the width of the sign on the ground in meters?,V2MC,DS,0.5759546777112302,fuse-fused,
3140,internet_0053,What is the height of the fire hydrant in meters?,V2MC,DS,1.0097467096848605,fuse-secondary-only,
3141,internet_0053,What is the width of the bench in meters?,V2MC,DS,2.0564147634319885,fuse-fused,
3142,internet_0053,What is the height of the bench in meters?,V2MC,DS,1.0739710806263043,fuse-fused,
3143,internet_0053,What is the height of the trash bin in meters?,V2MC,DS,0.85,fuse-primary-only,
3144,internet_0054,What is the height of the person riding scooter in meters?,V2MC,DS,2.7569193032733574,fuse-fused,
3145,internet_0054,What is the length of the brown chairs in meters?,V2MC,DS,3.248364571019956,fuse-secondary-only,
3146,internet_0054,What is the height of the canopy in meters?,V2MC,DS,5.1530847992574405,fuse-fused,
3147,internet_0054,What is the width of the canopy in meters?,V2MC,DS,18.9209414124481,fuse-secondary-only,
3148,internet_0054,What is the height of the scooter in meters?,V2MC,DS,1.560046110127971,fuse-fused,
3149,internet_0054,What is the wheel-to-wheel width of the scooter in meters?,V2MC,DS,1.6692154056720567,fuse-fused,
3150,internet_0055,What is the height of the walking person in meters?,V2MC,DS,2.209327294153637,fuse-secondary-only,
3151,internet_0055,What is the height of the DO NOT ENTER sign in meters?,V2MC,DS,1.323908235689768,fuse-fused,
3152,internet_0055,What is the width of the DO NOT ENTER sign in meters?,V2MC,DS,1.2073446944620567,fuse-secondary-only,
3153,internet_0055,What is the distance of the DO NOT ENTER sign to the ground in meters?,V2MC,DS,1.2087668952706605,fuse-secondary-only,
3154,internet_0055,What is the height of the Bicycle sign in meters?,V2MC,DS,1.2374735143946565,fuse-secondary-only,
3155,internet_0055,What is the width of the Bicycle sign in meters?,V2MC,DS,1.2448978818304677,fuse-secondary-only,
3156,internet_0055,What is the distance of the Bicycle sign to the ground in meters?,V2MC,DS,1.297998753765243,fuse-secondary-only,
3157,internet_0055,What is the width of the YIELD sign in meters?,V2MC,DS,0.8948168616776474,fuse-secondary-only,
3158,internet_0056,What is the height of the person riding scooter in meters?,V2MC,DS,1.7768705488553762,fuse-fused,
3159,internet_0056,What is the distance between the two closest tall trees in meters? ,V2MC,DS,,none,neither arm answered
3160,internet_0056,What is the height of the left most tree in meters?,V2MC,DS,5.395032070245211,fuse-secondary-only,
3161,internet_0057,What is the height of the person in meters? ,A2MS,DS,,none,neither arm answered
3162,internet_0057,What is the distance between the basket and the floor in meters? ,A2MS,DS,,none,neither arm answered
3163,internet_0057,What is the velocity of the ball at 2.00s in m/s?,A2MS,DD,,none,neither arm answered
3164,internet_0057,What is the velocity of the ball at 3.00s in m/s?,A2MS,DD,,none,neither arm answered
3165,internet_0057,What is the distance between the basket and the ball at 3.00s in meters?,A2MS,DS,44.1,fuse-primary-only,
3166,internet_0057,What is the distance between the person and the ball at 3.00s in meters?,A2MS,DS,44.1,fuse-primary-only,
3167,internet_0057,What is the distance between the ball and the floor at 4.00s in meters? ,A2MS,DS,1.2,fuse-primary-only,
3168,internet_0057,What is the person's average walking speed from 3.50s to 5.00s in m/s? ,A2MS,DD,2.3,fuse-primary-only,
3169,internet_0057,What is the displacement of the ball between 2.00s and 4.00s in meters? ,A2MS,DS,19.6,fuse-primary-only,
3170,internet_0058,What is the height of the person in meters? ,A2MS,DS,1.75,fuse-primary-only,
3171,internet_0058,What is the distance between the basket and the floor in meters? ,A2MS,DS,,none,neither arm answered
3172,internet_0058,What is the velocity of the ball at 1.00s in m/s?,A2MS,DD,,none,neither arm answered
3173,internet_0058,What is the distance between the ball and the floor at 1.00s in meters? ,A2MS,DS,,none,neither arm answered
3174,internet_0058,What is the distance between the ball and the basket at 1.00s in meters? ,A2MS,DS,1.5,fuse-primary-only,
3175,internet_0058,What is the velocity of the ball at 2.00s in m/s?,A2MS,DD,,none,neither arm answered
3176,internet_0058,What is the distance between the ball and the floor at 2.00s in meters? ,A2MS,DS,1.5,fuse-primary-only,
3177,internet_0058,What is the distance between the ball and the floor at 1.40s in meters? ,A2MS,DS,3.5,fuse-primary-only,
3178,internet_0058, What is the average speed of the ball between 1.40s and 2.00s in m/s?,A2MS,DD,10.3,fuse-primary-only,
3179,internet_0059,What is the diameter of the ball in cm? ,A2SS,DS,,none,neither arm answered
3180,internet_0059,What is the length of the billboard in the middle in cm?,A2SS,DS,,none,neither arm answered
3181,internet_0059,What is the height of the billboard on the left in cm?,A2SS,DS,,none,neither arm answered
3182,internet_0059,What is the height of the billboard on the right in cm?,A2SS,DS,,none,neither arm answered
3183,internet_0059,What is distance between the left edge of the left billboard and the right edge of the right bill board in cm? ,A2SS,DS,,none,neither arm answered
3184,internet_0059,What is velocity of the ball at 2.50s in m/s?,A2SS,DD,,none,neither arm answered
3185,internet_0059,What is velocity of the ball at 3.00s in m/s? ,A2SS,DD,,none,neither arm answered
3186,internet_0059,What is the average velocity of the ball between 2.50s and 3.20s in m/s? ,A2SS,DD,,none,neither arm answered
3187,internet_0059,What is the displacement of the ball between 2.50s and 3.00s in meters?,A2SS,DS,,none,neither arm answered
3188,internet_0060,What is the length of the pink box in cm?,A2SS,DS,,none,neither arm answered
3189,internet_0060,What is the width of the pink box in cm?,A2SS,DS,,none,neither arm answered
3190,internet_0060,What is the distance between the pink box and the floor at 0.00s in meters?,A2SS,DS,1.5,fuse-primary-only,
3191,internet_0060,What is the velocity of the box at 2.00s in m/s?,A2SS,DD,,none,neither arm answered
3192,internet_0060,What is the displacement of the box between 0.00s and 2.00s in meters?,A2SS,DS,,none,neither arm answered
3193,internet_0060,What is displacement of the box between 2.20s and 3.00s in meters?,A2SS,DS,,none,neither arm answered
3194,internet_0061,What is the width of the acorn in cm? ,A2SS,DS,,none,neither arm answered
3195,internet_0061,What is the height of the acorn in cm? ,A2SS,DS,,none,neither arm answered
3196,internet_0061,What is the velocity of the acorn at 1.40s in m/s? ,A2SS,DD,,none,neither arm answered
3197,internet_0061,What is the distance between the bottom of the acorn and the chair surface at 1.40s in cm?,A2SS,DS,960.4,fuse-primary-only,
3198,internet_0061,What is the distance between the bottom of the acorn and the chair surface at 1.80s in cm? ,A2SS,DS,,none,neither arm answered
3199,internet_0061,What is the displacement of the acorn between 1.30s and 1.40s in cm? ,A2SS,DS,,none,neither arm answered
3200,internet_0062,What is the length of the longer side of the wallet in cm? ,A2SS,DS,,none,neither arm answered
3201,internet_0062,What is the length of the shorter side of the wallet in cm? ,A2SS,DS,,none,neither arm answered
3202,internet_0062,What is the velocity of the wallet at 2.50s in m/s? ,A2SS,DD,,none,neither arm answered
3203,internet_0062,What is the distance between the bottom corner of the wallet and the floor at 2.50s in m/s? ,A2SS,DS,,none,neither arm answered
3204,internet_0062,What is the displacement of the wallet between 2.20s and 2.50s in meters?,A2SS,DS,0.3,fuse-primary-only,
3205,internet_0062,What is the velocity of the wallet at 2.60s in m/s? ,A2SS,DD,,none,neither arm answered
3206,internet_0063,What is the height of the water bottle in cm?,A2SS,DS,,none,neither arm answered
3207,internet_0063,What is the diameter of the water bottle in cm? ,A2SS,DS,,none,neither arm answered
3208,internet_0063,What is the velocity of the water bottle at 1.50s in m/s?,A2SS,DD,14.7,fuse-primary-only,
3209,internet_0063,What is the velocity of the water bottle at 1.70s in m/s?,A2SS,DD,,none,neither arm answered
3210,internet_0063,What is the displacement of the water bottle between 1.50s and 1.70s in meters?,A2SS,DS,,none,neither arm answered
3211,internet_0063,What is the distance between the bottom of the water bottle and the floor at 1.50s in meters?,A2SS,DS,,none,neither arm answered
3212,internet_0064,What is the height of the person in meters? ,A2MS,DS,1.7,fuse-primary-only,
3213,internet_0064,What is the velocity of the ball at 3.0s in m/s? ,A2MS,DD,,none,neither arm answered
3214,internet_0064,What is the velocity of the ball at 3.6s in m/s? ,A2MS,DD,,none,neither arm answered
3215,internet_0064,What is the velocity of the person at 4.4s in m/s? ,A2MS,DD,1.2,fuse-primary-only,
3216,internet_0064,What is the distance between the bottom of the ball and the floor at 3.5s in meters?,A2MS,DS,0.56,fuse-primary-only,
3217,internet_0064,What is the displacement of the ball between 3.50s and 3.70s in meters? ,A2MS,DS,1.4,fuse-primary-only,
3218,internet_0064,What is the displacement of the person between 4.00s and 5.00s in meters? ,A2MS,DS,,none,neither arm answered
3219,internet_0064,What is the diameter of the ball in cm? ,A2MS,DS,,none,neither arm answered
3220,internet_0065,What is the velocity of the ball at 0.20s in m/s? ,A2SS,DD,,none,neither arm answered
3221,internet_0065,What is the velocity of the ball at 0.30s in m/s? ,A2SS,DD,,none,neither arm answered
3222,internet_0065,What is the velocity of the ball at 0.40s in m/s? ,A2SS,DD,,none,neither arm answered
3223,internet_0065,What is the velocity of the ball at 0.50s in m/s? ,A2SS,DD,,none,neither arm answered
3224,internet_0065,What is the displacement of the ball between 0.20s and 0.30 in meters?,A2SS,DS,,none,neither arm answered
3225,internet_0065,What is the displacement of the ball between 0.30s and 0.40s in meters?,A2SS,DS,,none,neither arm answered
3226,internet_0065,What is the displacement of the ball between 0.40s and 0.50s in meters?,A2SS,DS,,none,neither arm answered
3227,internet_0065,What is the diameter of the ball in cm? ,A2SS,DS,,none,neither arm answered
3228,internet_0066,What is the diameter of the ball in cm? ,A2SS,DS,,none,neither arm answered
3229,internet_0066,What is the velocity of the ball at 1.80s in m/s?,A2SS,DD,,none,neither arm answered
3230,internet_0066,What is the velocity of the ball at 1.90s in m/s?,A2SS,DD,,none,neither arm answered
3231,internet_0066,What is the velocity of the ball at 2.00s in m/s?,A2SS,DD,,none,neither arm answered
3232,internet_0066,What is the velocity of the ball at 2.10s in m/s?,A2SS,DD,,none,neither arm answered
3233,internet_0066,What is the velocity of the ball at 2.20s in m/s?,A2SS,DD,2.2,fuse-primary-only,
3234,internet_0066,What is the displacement of the ball between 1.70s and 1.80s in meters?,A2SS,DS,3.5,fuse-primary-only,
3235,internet_0066,What is the displacement of the ball between 1.80s and 1.90s in meters?,A2SS,DS,3.5,fuse-primary-only,
3236,internet_0066,What is the displacement of the ball between 1.90s and 2.00s in meters?,A2SS,DS,3.5,fuse-primary-only,
3237,internet_0066,What is the displacement of the ball between 2.00s and 2.10s in meters?,A2SS,DS,,none,neither arm answered
3238,internet_0067,What is the acceleration of the acorn at 0.17s in m/s^2? ,S2SS,DD,6.593308954412999,fuse-secondary-only,
3239,internet_0067,What is the velocity of the acorn at 0.17s in m/s? ,S2SS,DD,0.9440849285561711,fuse-fused,
3240,internet_0067,What is the velocity of the acorn at 0.20s in m/s? ,S2SS,DD,0.750335496591395,fuse-fused,
3241,internet_0067,What is the width of the acorn in cm? ,S2SS,DS,18.302801891602225,fuse-secondary-only,
3242,internet_0068,What is the height of the acorn in cm? ,A2SS,DS,0.2899050016857779,fuse-secondary-only,
3243,internet_0068,What is the velocity of the acorn at 2.00s in m/s? ,A2SS,DD,2.0,fuse-disagreement,
3244,internet_0068,What is the velocity of the acorn at 2.10s in m/s? ,A2SS,DD,0.3669662108957564,fuse-secondary-only,
3245,internet_0068,What is the velocity of the acorn at 2.30s in m/s? ,A2SS,DD,0.0573210429032001,fuse-secondary-only,
3246,internet_0068,What is the displacement of the acorn between 2.00s and 2.10s in cm?,A2SS,DS,0.0076125600976855,fuse-secondary-only,
3247,internet_0068,What is the displacement of the acorn between 2.10s and 2.20s in cm?,A2SS,DS,0.0095301283043793,fuse-secondary-only,
3248,internet_0068,What is the displacement of the acorn between 2.20s and 2.30s in cm?,A2SS,DS,5.2,fuse-disagreement,
3249,internet_0068,What is the displacement of the acorn between 2.30s and 2.40s in cm?,A2SS,DS,3.8,fuse-disagreement,
3250,internet_0069,What is the height of the cup in cm? ,A2SS,DS,12.0,fuse-disagreement,
3251,internet_0069,What is the velocity of the cup at 2.00s in m/s?,A2SS,DD,0.1063728238171931,fuse-secondary-only,
3252,internet_0069,What is the velocity of the cup at 2.10s in m/s?,A2SS,DD,0.17684307406127092,fuse-fused,
3253,internet_0069,What is the velocity of the cup at 2.20s in m/s?,A2SS,DD,0.19502664269622091,fuse-fused,
3254,internet_0069,What is the velocity of the cup at 2.30s in m/s?,A2SS,DD,0.584639253709787,fuse-secondary-only,
3255,internet_0069,What is the displacement of the cup between 2.00s and 2.10s in cm? ,A2SS,DS,0.0315795192744318,fuse-secondary-only,
3256,internet_0069,What is the displacement of the cup between 2.10s and 2.30s in cm? ,A2SS,DS,5.76,fuse-disagreement,
3257,internet_0069,What is the displacement of the cup between 2.30s and 2.50s in cm? ,A2SS,DS,6.4,fuse-disagreement,
3258,internet_0070,What is the length of the speedboat in meters?,V2SC,DS,4.206007703644569,fuse-fused,
3259,internet_0070,What is the height of the speedboat in meters?,V2SC,DS,4.550623751815557,fuse-secondary-only,
3260,internet_0070,What is the displacement of the speedboat between 1.00s and 4.00s in meters?,V2SC,DS,29.690929818614123,fuse-secondary-only,
3261,internet_0070,What is the displacement of the speedboat between 2.00s and 3.00s in meters?,V2SC,DS,9.896976606204705,fuse-secondary-only,
3262,internet_0070,What is the velocity of the speed boat at 2.00s? ,V2SC,DD,10.022821176897306,fuse-secondary-only,
3263,internet_0071,What is the diameter of the toilet paper roll in cm?,S2SS,SS,10.67640869815866,fuse-secondary-only,
3264,internet_0071,What is the length of the toilet paper holder in cm?,S2SS,SS,12.453987735838483,fuse-secondary-only,
3265,internet_0071,What is the length of a wall tile in cm?,S2SS,SS,59.09943321169742,fuse-secondary-only,
3266,internet_0071,What is the height of a wall tile in cm? ,S2SS,SS,23.188336645503714,fuse-fused,
3267,internet_0071,What is the moving velocity of the toilet paper at 0.50s in cm/s? ,S2SS,SD,17.762071609983575,fuse-secondary-only,
3268,internet_0071,What is the moving velocity of the toilet paper at 1.00s in cm/s? ,S2SS,SD,7.195130692732255,fuse-secondary-only,
3269,internet_0071,What is the average moving velocity of the toilet paper from 0.50s to 1.50s in cm/s? ,S2SS,SD,7.1176319804297465,fuse-secondary-only,
3270,internet_0072,What is the width of the credit card in cm? ,S2SS,SS,,none,neither arm answered
3271,internet_0072,What is the moving velocity of the credit card at 0.50s in cm/s?,S2SS,SD,,none,neither arm answered
3272,internet_0072,What is the moving velocity of the credit card at 1.00s in cm/s?,S2SS,SD,,none,neither arm answered
3273,internet_0072,What is the acceleration of the credit card at 0.50s in cm/s? ,S2SS,SD,,none,neither arm answered
3274,internet_0073,What is the distance between the blue bag and the yellow bag in meters? ,S2MC,SS,0.05,fuse-primary-only,
3275,internet_0073,What is the width of the red package in meters?,S2MC,SS,,none,neither arm answered
3276,internet_0073,What is the height of the red package in meters?,S2MC,SS,,none,neither arm answered
3277,internet_0073,What is the width of the package in the middle of the read package and the blue bag in meters?,S2MC,SS,,none,neither arm answered
3278,internet_0073,What is the height of the package in the middle of the read package and the blue bag in meters?,S2MC,SS,0.15,fuse-primary-only,
3279,internet_0073,What is the distance between the red package and the blue bag in meters?,S2MC,SS,,none,neither arm answered
3280,internet_0073,What is the displacement of the blue bag between 2.00s and 3.50s in meters? ,S2MC,SS,,none,neither arm answered
3281,internet_0074,What is the total length of the pickle ball court in meters? ,S2MS,SS,10.93954767954434,fuse-secondary-only,
3282,internet_0074,What is the distance between the two players at 0.00s in meters? ,S2MS,SS,,none,neither arm answered
3283,internet_0074,What is the velocity of the ball at 1.00s in m/s? ,S2MS,SD,120.0,fuse-disagreement,
3284,internet_0074,What is the distance between the ball and the net at 1.00s in meters? ,S2MS,SS,2.704628678455842,fuse-secondary-only,
3285,internet_0074,What is the distance between the ball and the nearest player at 2.00s in meters? ,S2MS,SS,4.893887708467557,fuse-secondary-only,
3286,internet_0074,What is the velocity of the ball at 3.00s in m/s? ,S2MS,SD,100.0,fuse-disagreement,
3287,internet_0074,What is the length of the net in meters?,S2MS,SS,9.966551533507271,fuse-secondary-only,
3288,internet_0074,What is the distance between the two players at 4.50s in meters?,S2MS,SS,,none,neither arm answered
