row_index,video_id,question,video_type,inference_type,parsed_value,method,reason
0,simulation_0007,What is the width of the wooden pier in meters?,S2MC,SS,3.0367257372724294,fuse-fused,
1,simulation_0007,What is the length of the pier in meters?,S2MC,SS,5.700138174917668,fuse-fused,
2,simulation_0007,"When t=3s, what is the minimum distance from the outer end of the pier to the boat in meters?",S2MC,SS,6.379219005542749,fuse-secondary-only,
3,simulation_0007,What is the speed of the boat at 1.0s in m/s?,S2MC,SD,1.4636734547443837,fuse-secondary-only,
4,simulation_0012,What is the total width of the house from eave to eave in meters?,V2MC,DS,6.108216339872759,fuse-fused,
5,simulation_0012,What is the body length of the bird in meters?,V2MC,DS,0.5,fuse-disagreement,
6,simulation_0012,How wide is the bird's wingspan when it spreads its wings in meters?,V2MC,DS,1.7162310169409611,fuse-secondary-only,
7,simulation_0020,What is the height of the person in meters?,A2MC,DS,1.8,fuse-primary-only,
8,simulation_0020,What is the velocity of the ball at 0.0s in m/s?,A2MC,DD,,none,neither arm answered
9,simulation_0020,What is the diameter of the ball in meters?,A2MC,DS,0.24,fuse-primary-only,
10,simulation_0041,What is the length of the boat in meters?,S2MC,SS,8.818333393278472,fuse-fused,
11,simulation_0041,What is the width of the boat in meters?,S2MC,SS,2.0,fuse-disagreement,
12,simulation_0041,What is the speed of the boat at 1.0s in m/s?,S2MC,SD,5.383512414737333,fuse-secondary-only,
13,simulation_0041,What is the speed of the person at 1.0s in m/s?,S2MC,SD,1.4362442518503622,fuse-secondary-only,
14,simulation_0047,What is the width of the telephone booth in meters?,V2MC,DS,0.4303155420498719,fuse-fused,
15,simulation_0047,What is the length of the planter area between the two staircases in meters?,V2MC,DS,0.43271803724515345,fuse-fused,
16,simulation_0047,What is the length of the moving bicycle in meters?,V2MC,DS,1.05,fuse-disagreement,
17,simulation_0047,What is the speed of the moving bicycle at 1.0s in m/s?,V2MC,DD,1.227395292110696,fuse-fused,
18,simulation_0053,What is the speed of the green car at 2.0s in m/s?,A2MC,DD,11.321762453474172,fuse-secondary-only,
19,simulation_0053,What is the length of the orange car in meters?,A2MC,DS,4.954856996236062,fuse-fused,
20,simulation_0053,What is the length of the green car in meters?,A2MC,DS,4.99419353424876,fuse-fused,
21,simulation_0053,What is the distance between the two black lamps in meters?,A2MC,DS,1.0,fuse-primary-only,
22,simulation_0053,What is the walking speed of the person at 2.0s in meters?,A2MC,DD,4.953959024600167,fuse-secondary-only,
23,simulation_0054,What is the speed of the green car at 2.0s in m/s?,A2MC,DD,11.688543278389355,fuse-secondary-only,
24,simulation_0054,What is the length of the orange car in meters?,A2MC,DS,4.60054525595628,fuse-fused,
25,simulation_0054,What is the length of the green car in meters?,A2MC,DS,4.603461664742754,fuse-fused,
26,simulation_0054,What is the distance between the two black lamps in meters?,A2MC,DS,1.5,fuse-primary-only,
27,simulation_0054,What is the width of the orange car in meters?,A2MC,DS,1.9746298368001536,fuse-secondary-only,
28,simulation_0054,What is the width of the green car in meters?,A2MC,DS,1.8961730655824287,fuse-fused,
29,simulation_0057,What is the length of the orange car in meters?,A2MC,DS,4.476310610652454,fuse-secondary-only,
30,simulation_0057,What is the distance between the two black lamps in meters?,A2MC,DS,3.5,fuse-primary-only,
31,simulation_0057,What is the width of the orange car in meters?,A2MC,DS,1.882506655700352,fuse-secondary-only,
32,simulation_0068,What is the speed of the yellow car at 2.5s in m/s？,A2MS,DD,5.56101626362382,fuse-secondary-only,
33,simulation_0068,What is the length of the turning yellow car in meters?,A2MS,DS,0.3144818808217372,fuse-secondary-only,
34,simulation_0068,What is the width of the turning yellow car in meters?,A2MS,DS,0.2963599749608744,fuse-secondary-only,
35,simulation_0068,What is the width of the white car in meters?,A2MS,DS,0.1493968742113198,fuse-secondary-only,
36,simulation_0068,What is the length of the white car in meters？,A2MS,DS,0.3813796056835335,fuse-secondary-only,
37,simulation_0069,What is the speed of the walking pedestrian at 1.0s in m/s?,A2MS,DD,4.299947361394365,fuse-secondary-only,
38,simulation_0069,What is the width of the white car in meters?,A2MS,DS,2.8038526252496148,fuse-secondary-only,
39,simulation_0069,What is the length of the white car in meters？,A2MS,DS,5.695665408676839,fuse-fused,
40,simulation_0070,What is the speed of the turing yellow car at 2.5s in m/s?,S2MS,SD,3.0357141533746965,fuse-fused,
41,simulation_0070,What is the width of the turning yellow car in meters?,S2MS,SS,5.507401751604355,fuse-secondary-only,
42,simulation_0070,What is the speed of the bicycle at 1.0s in m/s?,S2MS,SD,,none,neither arm answered
43,simulation_0071,What is the speed of the turing yellow car at 2.5s in m/s?,S2MS,SD,3.2573220309184734,fuse-fused,
44,simulation_0071,What is the width of the turning yellow car in meters?,S2MS,SS,5.475477685712082,fuse-fused,
45,simulation_0071,What is the speed of the walking pedestrian at 1.0s in m/s?,S2MS,SD,4.224309730681642,fuse-secondary-only,
46,simulation_0072,What is the speed of the walking pedestrian at 1.0s in m/s?,V2MS,DD,,none,neither arm answered
47,simulation_0073,What is the width of the white car in meters?,V2MS,DS,1.5,fuse-primary-only,
48,simulation_0073,What is the length of the white car in meters？,V2MS,DS,4.5,fuse-primary-only,
49,simulation_0073,What is the distance between the white car and the bicycle at 1.0s in meters?,V2MS,DS,5.33,fuse-primary-only,
50,simulation_0073,What is the  distance between the white car and the bicycle at 2.0s in meters?,V2MS,DS,2.0,fuse-primary-only,
51,simulation_0073,What is the acceleration of the white car at 1.0s in m/s^2?,V2MS,DD,,none,neither arm answered
52,simulation_0073,What is the side length of the square earthen platform in meters?,V2MS,DS,1.5,fuse-primary-only,
53,simulation_0073,What is the speed of the white car at 1.0s in m/s?,V2MS,DD,,none,neither arm answered
54,simulation_0075,What is the length of the turning yellow car in meters?,S2MS,SS,5.352033990805718,fuse-fused,
55,simulation_0075,What is the speed of the walking pedestrian at 1.0s in m/s?,S2MS,SD,3.502694799153667,fuse-fused,
56,simulation_0075,What is the speed of the turing yellow car at 2.5s in m/s?,S2MS,SD,1.5,fuse-disagreement,
57,simulation_0075,What is the width of the turning yellow car in meters?,S2MS,SS,5.352033990805718,fuse-fused,
58,simulation_0075,What is the width of the purple car in meters?,S2MS,SS,5.384868942273193,fuse-fused,
59,simulation_0075,What is the length of the purple car in meters?,S2MS,SS,5.384868942273193,fuse-fused,
60,simulation_0075,What is the speed of the bicycle at 1.0s in m/s?,S2MS,SD,3.0,fuse-primary-only,
61,simulation_0075,What is the side length of the square earthen platform in meters?,S2MS,SS,3.0,fuse-disagreement,
62,simulation_0075,What is the width of the white car in meters?,S2MS,SS,3.7435702713309413,fuse-fused,
63,simulation_0075,What is the acceleration of the white car at 1.0s in m/s^2?,S2MS,SD,3.736330670899765,fuse-secondary-only,
64,simulation_0075,What is the width of the green car in meters?,S2MS,SS,2.9130110398233597,fuse-fused,
65,simulation_0075,What is the length of the green car in meters?,S2MS,SS,5.318406189242779,fuse-fused,
66,simulation_0076,What is the speed of the person in the white shirt at 1.0s in m/s?,V2MX,DD,1.0,fuse-fused,
67,simulation_0076,What is the distance between the person in the black shirt and the person in the white shirt at 1.0s in meters?,V2MX,DS,0.6349991431587413,fuse-secondary-only,
68,simulation_0076,What is the distance between the person in the black shirt and the person in the white shirt at 2.0s in meters?,V2MX,DS,2.018942389575246,fuse-fused,
69,simulation_0077,What is the speed of the person in the white shirt at 1.0s in m/s?,V2MX,DD,1.0,fuse-fused,
70,simulation_0077,What is the distance between the person in the black shirt and the person in the white shirt at 1.0s in meters?,V2MX,DS,1.3852974319258746,fuse-fused,
71,simulation_0077,What is the distance between the person in the black shirt and the person in the white shirt at 2.0s in meters?,V2MX,DS,4.0,fuse-disagreement,
72,simulation_0078,What is the speed of the person in the black shirt at 1.0s in m/s?,V2MX,DD,1.2999999999999998,fuse-fused,
73,simulation_0078,What is the distance between the person in the black shirt and the person in the white shirt at 1.0s in meters?,V2MX,DS,3.4024151595410816,fuse-fused,
74,simulation_0078,What is the distance between the person in the black shirt and the person in the white shirt at 2.0s in meters?,V2MX,DS,7.087609119222685,fuse-fused,
75,simulation_0079,What is the speed of the walking person at 1.0s in m/s?,S2MX,SD,1.7,fuse-disagreement,
76,simulation_0079,What is the speed of the bike at 1.0s in m/s?,S2MX,SD,6.51139377171771,fuse-fused,
77,simulation_0079,What is the distance between the walking person and the bike at 1.0s in meters?,S2MX,SS,3.419068410063017,fuse-fused,
78,simulation_0079,What is the distance between the walking person and the bike at 0.5s in meters?,S2MX,SS,2.4561644484929555,fuse-fused,
79,simulation_0080,What is the speed of the walking person at 0.5s in m/s?,S2MX,SD,1.0,fuse-disagreement,
80,simulation_0080,What is the speed of the bike at 0.5s in m/s?,S2MX,SD,0.588,fuse-disagreement,
81,simulation_0080,What is the distance between the walking person and the bike at 0.5 s in meters?,S2MX,SS,1.0492055299638559,fuse-fused,
82,simulation_0080,What is the distance between the walking person and the bike at 1.0s in meters?,S2MX,SS,1.078790680380453,fuse-fused,
83,simulation_0081,What is the speed of the walking person at 0.5s in m/s?,S2MX,SD,1.103101453711894,fuse-fused,
84,simulation_0081,What is the speed of the bike at 0.5s in m/s?,S2MX,SD,2.9298856520297156,fuse-fused,
85,simulation_0081,What is the distance between the walking person and the bike at 0.5 s in meters?,S2MX,SS,1.490919023565441,fuse-secondary-only,
86,simulation_0081,What is the distance between the walking person and the bike at 1.0 s in meters?,S2MX,SS,1.121321426541477,fuse-fused,
87,simulation_0082,What is the width of the yellow car in meters?,S2MX,SS,3.3674916480965473,fuse-fused,
88,simulation_0082,What is the length of the black and white car in meters?,S2MX,SS,5.687208189153438,fuse-fused,
89,simulation_0082,What is the width of the black and white car in meters?,S2MX,SS,5.687208189153438,fuse-fused,
90,simulation_0082,What is the distance between the yellow car and the black and white car at 1.0s in meters?,S2MX,SS,4.251300282019754,fuse-fused,
91,simulation_0082,What is the distance between the yellow car and the black and white car at 2.0s in meters?,S2MX,SS,2.8883514842281475,fuse-fused,
92,simulation_0082,What is the speed of the yellow car at 1.0s in m/s？,S2MX,SD,4.931113985709693,fuse-secondary-only,
93,simulation_0082,What is the speed of the black and white car at 1.0s in m/s?,S2MX,SD,6.903390626621,fuse-secondary-only,
94,simulation_0083,What is the width of the yellow car in meters?,S2MX,SS,5.670000000000001,fuse-fused,
95,simulation_0083,What is the length of the black and white car in meters?,S2MX,SS,5.715632187630344,fuse-fused,
96,simulation_0083,What is the width of the black and white car in meters?,S2MX,SS,5.715632187630344,fuse-fused,
97,simulation_0083,What is the distance between the yellow car and the black and white car at 1.0s in meters?,S2MX,SS,9.28100225651116,fuse-fused,
98,simulation_0083,What is the distance between the yellow car and the black and white car at 2.0s in meters?,S2MX,SS,19.278529673701094,fuse-fused,
99,simulation_0083,What is the speed of the yellow car at 1.0s in m/s？,S2MX,SD,5.314227146870187,fuse-fused,
100,simulation_0083,What is the speed of the black and white car at 1.0s in m/s?,S2MX,SD,6.241834958538374,fuse-fused,
101,simulation_0084,What is the length of the yellow car in meters?,V2MX,DS,5.1235708151287085,fuse-fused,
102,simulation_0084,What is the width of the yellow car in meters?,V2MX,DS,5.833550643919703,fuse-secondary-only,
103,simulation_0084,What is the length of the black and white car in meters?,V2MX,DS,5.117888423673677,fuse-fused,
104,simulation_0084,What is the width of the black and white car in meters?,V2MX,DS,5.820618203816228,fuse-secondary-only,
105,simulation_0084,What is the distance between the yellow car and the black and white car at 1.0s in meters?,V2MX,DS,1.0,fuse-disagreement,
106,simulation_0084,What is the distance between the yellow car and the black and white car at 2.0s in meters?,V2MX,DS,12.023741531868042,fuse-secondary-only,
107,simulation_0084,What is the speed of the black and white car at 1.0s in m/s?,V2MX,DD,6.828800174876304,fuse-secondary-only,
108,simulation_0085,What is the speed of the bike at 1.0s in m/s?,A2MX,DD,1.0,fuse-disagreement,
109,simulation_0085,What is the length of the bike in meters?,A2MX,DS,0.869506170225372,fuse-secondary-only,
110,simulation_0085,What is the length of the car in meters?,A2MX,DS,2.8805273166539167,fuse-fused,
111,simulation_0085,What is the width of the car in meters?,A2MX,DS,2.058917524066852,fuse-secondary-only,
112,simulation_0085,What is the distance between the car and the bike at 1.0s in meters?,A2MX,DS,3.480876387509944,fuse-fused,
113,simulation_0085,What is the distance between the car and the bike at 2.0s in meters?,A2MX,DS,4.515144613587122,fuse-fused,
114,simulation_0085,What is the speed of the car at 1.5s in m/s?,A2MX,DD,2.8708124090676668,fuse-fused,
115,simulation_0086,What is the speed of the bike at 1.0s in m/s?,A2MX,DD,3.5928046501042306,fuse-secondary-only,
116,simulation_0086,What is the length of the bike in meters?,A2MX,DS,2.859294941684577,fuse-fused,
117,simulation_0086,What is the length of the car in meters?,A2MX,DS,5.475456983216616,fuse-secondary-only,
118,simulation_0086,What is the width of the car in meters?,A2MX,DS,5.475456983216616,fuse-secondary-only,
119,simulation_0086,What is the distance between the car and the bike at 1.0s in meters?,A2MX,DS,2.015,fuse-disagreement,
120,simulation_0086,What is the distance between the car and the bike at 2.0s in meters?,A2MX,DS,8.06,fuse-disagreement,
121,simulation_0086,What is the speed of the car at 1.5s in m/s?,A2MX,DD,5.856063501887868,fuse-fused,
122,simulation_0087,What is the acceleration of the car at 1.0s in m/s^2?,V2MX,DD,0.3418351658457514,fuse-secondary-only,
123,simulation_0087,What is the length of the bike in meters?,V2MX,DS,7.973318044126477,fuse-secondary-only,
124,simulation_0087,What is the length of the car in meters?,V2MX,DS,8.050919034101552,fuse-secondary-only,
125,simulation_0087,What is the width of the car in meters?,V2MX,DS,8.050919034101552,fuse-secondary-only,
126,simulation_0087,What is the distance between the car and the bike at 0.5 s in meters?,V2MX,DS,0.50375,fuse-disagreement,
127,simulation_0087,What is the distance between the car and the bike at 1.0s in meters?,V2MX,DS,2.015,fuse-disagreement,
128,simulation_0087,What is the speed of the car at 1.0s in m/s?,V2MX,DD,4.258921758568731,fuse-fused,
129,simulation_0088,What is the speed of the small bird at 0.3s in m/s?,V2MX,DD,13.076080667136816,fuse-fused,
130,simulation_0088,What is the distance between the big bird and the small bird at 0.3s in meters?,V2MX,DS,0.3,fuse-disagreement,
131,simulation_0088,What is the body length of the big bird in meters?,V2MX,DS,7.284509652768094,fuse-secondary-only,
132,simulation_0088,What is the width (wingspan) of the big bird in meters?,V2MX,DS,5.374419784295044,fuse-secondary-only,
133,simulation_0088,What is the body length of the small bird in meters?,V2MX,DS,6.289758968630042,fuse-secondary-only,
134,simulation_0088,What is the width (wingspan) of the small bird in meters?,V2MX,DS,0.5,fuse-disagreement,
135,simulation_0089,What is the length of the big bird in meters?,S2MX,SS,1.365,fuse-disagreement,
136,simulation_0089,What is the width of the big bird in meters?,S2MX,SS,4.061905549880262,fuse-fused,
137,simulation_0089,What is the width (wingspan) of the small bird in meters?,S2MX,SS,0.7882701345305226,fuse-fused,
138,simulation_0089,What is the speed of the small bird at 0.3s in m/s?,S2MX,SD,1.0,fuse-disagreement,
139,simulation_0089,What is the speed of the big bird at 0.3s in m/s?,S2MX,SD,4.775150628316617,fuse-secondary-only,
140,simulation_0089,What is the distance between the big bird and the small bird at 0.3s in meters?,S2MX,SS,1.955688338144153,fuse-fused,
141,simulation_0090,What is the speed of the big bird at 0.2s in m/s?,V2MX,DD,10.995653956362794,fuse-fused,
142,simulation_0090,What is the distance between the big bird and the small bird at 0.3s in meters?,V2MX,DS,11.0,fuse-disagreement,
143,simulation_0090,What is the body length of the big bird in meters?,V2MX,DS,1.1888119080862714,fuse-secondary-only,
144,simulation_0090,What is the body length of the small bird in meters?,V2MX,DS,11.0,fuse-disagreement,
145,simulation_0091,What is the speed of the big bird at 0.3s in m/s?,V2MX,DD,5.323492140458771,fuse-fused,
146,simulation_0091,What is the distance between the big bird and the small bird at 0.3s in meters?,V2MX,DS,3.3,fuse-disagreement,
147,simulation_0091,What is the length of the big bird in meters?,V2MX,DS,1.0,fuse-disagreement,
148,simulation_0091,What is the length of the small bird in meters?,V2MX,DS,0.39065966237385347,fuse-fused,
149,simulation_0092,What is the height of the car in meters?,S2MX,SS,1.6109758835133663,fuse-fused,
150,simulation_0092,What is the length of the plane in meters?,S2MX,SS,33.504953328917395,fuse-fused,
151,simulation_0092,What is the height of the plane in meters?,S2MX,SS,56.7,fuse-disagreement,
152,simulation_0092,What is the speed of the plane at 1.0s in m/s?,S2MX,SD,10.0,fuse-disagreement,
153,simulation_0092,What is the speed of the car at 1.0s in m/s?,S2MX,SD,28.37210669815379,fuse-secondary-only,
154,simulation_0093,What is the height of the car in meters?,S2MX,SS,1.68004360394261,fuse-fused,
155,simulation_0093,What is the length of the plane in meters?,S2MX,SS,45.852080139145464,fuse-fused,
156,simulation_0093,What is the height of the plane in meters?,S2MX,SS,9.78323224118359,fuse-fused,
157,simulation_0093,What is the speed of the plane at 0.5s in m/s?,S2MX,SD,128.74647061633723,fuse-fused,
158,simulation_0093,What is the speed of the car at 1.0s in m/s?,S2MX,SD,1.0,fuse-disagreement,
159,simulation_0094,What is the length of the car in meters?,V2MX,DS,5.202406393532544,fuse-fused,
160,simulation_0094,What is the height of the car in meters?,V2MX,DS,2.0502559923357424,fuse-secondary-only,
161,simulation_0094,What is the length of the plane in meters?,V2MX,DS,41.12370483841315,fuse-fused,
162,simulation_0094,What is the height of the plane in meters?,V2MX,DS,11.2496918423277,fuse-secondary-only,
163,simulation_0095,What is the speed of the plane at 0.5s in m/s?,A2MX,DD,55.8055935196421,fuse-secondary-only,
164,simulation_0095,What is the length of the car in meters?,A2MX,DS,5.679923805789214,fuse-secondary-only,
165,simulation_0095,What is the height of the car in meters?,A2MX,DS,1.8642016754833863,fuse-secondary-only,
166,simulation_0095,What is the length of the plane in meters?,A2MX,DS,9.27660096203782,fuse-fused,
167,simulation_0095,What is the height of the plane in meters?,A2MX,DS,1.9563799994977653,fuse-secondary-only,
168,simulation_0096,What is the speed of the plane at 0.3s in m/s?,A2MX,DD,48.93481175635143,fuse-secondary-only,
169,simulation_0096,What is the length of the car in meters?,A2MX,DS,5.529877005811117,fuse-secondary-only,
170,simulation_0096,What is the height of the car in meters?,A2MX,DS,1.915698907061707,fuse-secondary-only,
171,simulation_0096,What is the length of the plane in meters?,A2MX,DS,14.351476580012497,fuse-secondary-only,
172,simulation_0096,What is the height of the plane in meters?,A2MX,DS,67.0,fuse-disagreement,
173,simulation_0097,What is the speed of the plane at 0.3s in m/s?,A2MX,DD,109.47419190295102,fuse-secondary-only,
174,simulation_0097,What is the length of the car in meters?,A2MX,DS,5.059719803750288,fuse-fused,
175,simulation_0097,What is the height of the car in meters?,A2MX,DS,1.8734589247720523,fuse-secondary-only,
176,simulation_0097,What is the length of the plane in meters?,A2MX,DS,35.7818339276142,fuse-secondary-only,
177,simulation_0097,What is the height of the plane in meters?,A2MX,DS,10.772649876451805,fuse-secondary-only,
178,simulation_0098,What is the speed of the boat at 1.0s in m/s?,V2MS,DD,3.283243559258864,fuse-secondary-only,
179,simulation_0098,What is the length of the boat in meters?,V2MS,DS,7.041812567454712,fuse-fused,
180,simulation_0098,What is the length of the shark in meters?,V2MS,DS,3.27424731486908,fuse-secondary-only,
181,simulation_0098,What is the height of the shark in meters?,V2MS,DS,0.6068514604485363,fuse-fused,
182,simulation_0099,What is the speed of the boat at 1.0s in m/s?,S2MS,SD,4.980484585544719,fuse-secondary-only,
183,simulation_0099,What is the speed of the shark at 1.0s in m/s?,S2MS,SD,3.1555648159673586,fuse-fused,
184,simulation_0099,What is the length of the shark in meters?,S2MS,SS,1.7897555319122047,fuse-fused,
185,simulation_0099,What is the height of the shark in meters?,S2MS,SS,1.1115890862924782,fuse-fused,
186,simulation_0100,What is the speed of the boat at 1.0s in m/s?,S2MS,SD,4.703965650818256,fuse-secondary-only,
187,simulation_0100,What is the speed of the shark at 1.0s in m/s?,S2MS,SD,2.9975103645039884,fuse-secondary-only,
188,simulation_0100,What is the length of the shark in meters?,S2MS,SS,1.8096463750693592,fuse-fused,
189,simulation_0100,What is the height of the shark in meters?,S2MS,SS,1.1088003634583967,fuse-fused,
190,simulation_0101,What is the speed of the shark at 0.0s in m/s?,A2MS,DD,0.3142686892168509,fuse-secondary-only,
191,simulation_0101,What is the speed of the boat at 1.0s in m/s?,A2MS,DD,2.0525931586915034,fuse-fused,
192,simulation_0101,What is the length of the boat in meters?,A2MS,DS,9.815420665896966,fuse-fused,
193,simulation_0101,What is the length of the shark in meters?,A2MS,DS,3.182874200156124,fuse-secondary-only,
194,simulation_0101,What is the height of the shark in meters?,A2MS,DS,0.771737912742842,fuse-fused,
195,simulation_0102,What is the speed of the shark at 0.0s in m/s?,A2MS,DD,0.2303071532375706,fuse-secondary-only,
196,simulation_0102,What is the speed of the boat at 1.0s in m/s?,A2MS,DD,4.360756449689612,fuse-secondary-only,
197,simulation_0102,What is the length of the boat in meters?,A2MS,DS,1.0,fuse-disagreement,
198,simulation_0102,What is the length of the shark in meters?,A2MS,DS,2.588051737234639,fuse-secondary-only,
199,simulation_0102,What is the height of the shark in meters?,A2MS,DS,0.9969327310658033,fuse-fused,
200,simulation_0102,What is the distance between the shark and the boat at 0.5s in meters?,A2MS,DS,0.125,fuse-disagreement,
201,simulation_0103,What is the speed of the shark at 0.0s in m/s?,A2MS,DD,0.25576436695233,fuse-secondary-only,
202,simulation_0103,What is the speed of the boat at 1.0s in m/s?,A2MS,DD,1.0,fuse-disagreement,
203,simulation_0103,What is the length of the boat in meters?,A2MS,DS,9.382706478554653,fuse-fused,
204,simulation_0103,What is the length of the shark in meters?,A2MS,DS,2.945825415985708,fuse-fused,
205,simulation_0103,What is the height of the shark in meters?,A2MS,DS,0.569683654300595,fuse-fused,
206,simulation_0103,What is the distance between the shark and the boat at 0.5s in meters?,A2MS,DS,0.125,fuse-disagreement,
207,simulation_0104,What is the diagonal length of the phone in meters?,V2MX,DS,0.3974517323473077,fuse-secondary-only,
208,simulation_0104,What is the diameter of the gray truncated cone on the charging post in meters?,V2MX,DS,0.3580987996842397,fuse-secondary-only,
209,simulation_0104,What is the extension of the charging post at 0.5s in meters?,V2MX,DS,0.19857738939370853,fuse-fused,
210,simulation_0105,What is the height of the ice cube in meters?,A2MX,DS,0.02,fuse-primary-only,
211,simulation_0105,What is the height of the teacup with the plate in meters?,A2MX,DS,,none,neither arm answered
212,simulation_0105,What is the width of the teacup with the plate in meters?,A2MX,DS,,none,neither arm answered
213,simulation_0105,What is the velocity of the ice cube at 1.0s in m/s?,A2MX,DD,9.8,fuse-primary-only,
214,simulation_0106,What is the velocity of the left virus at 1.0s in m/s?,V2MX,DD,2.176524937102961,fuse-fused,
215,simulation_0106,What is the distance between two viruses at 1.0s in meters?,V2MX,DS,1.5667,fuse-primary-only,
216,simulation_0106,What is the distance between two viruses at 2.0s in meters?,V2MX,DS,3.1334,fuse-primary-only,
217,simulation_0107,What is the velocity of the left virus at 1.0s in m/s?,V2MX,DD,2.521931051927812,fuse-secondary-only,
218,simulation_0107,What is the distance between two viruses at 1.0s in meters?,V2MX,DS,1.7393,fuse-primary-only,
219,simulation_0107,What is the distance between two viruses at 2.0s in meters?,V2MX,DS,3.4786,fuse-primary-only,
220,simulation_0108,What is the velocity of the left virus at 1.0s in m/s?,V2MX,DD,1.7393,fuse-fused,
221,simulation_0108,What is the distance between two viruses at 1.0s in meters?,V2MX,DS,1.7393,fuse-primary-only,
222,simulation_0108,What is the distance between two viruses at 2.0s in meters?,V2MX,DS,3.4786,fuse-primary-only,
223,simulation_0111,What is the length of the boat in meters?,V2MC,DS,5.0,fuse-disagreement,
224,simulation_0111,What is the width of the boat in meters?,V2MC,DS,0.263380370139282,fuse-secondary-only,
225,simulation_0111,What is the width of the bridge in meters?,V2MC,DS,5.73526530001899,fuse-fused,
226,simulation_0112,What is the thickness of the bridge in meters?,V2MC,DS,0.1,fuse-disagreement,
227,simulation_0112,What is the height of the car in meters?,V2MC,DS,1.2468420436696166,fuse-fused,
228,simulation_0112,What is the diameter of the wheel in meters?,V2MC,DS,0.6881631487819254,fuse-secondary-only,
229,simulation_0112,What is the length of the car in meters?,V2MC,DS,6.2200761717299935,fuse-fused,
230,simulation_0113,What is the speed of the swim ring at 1.0s in m/s?,S2MC,SD,0.1338807040811509,fuse-secondary-only,
231,simulation_0113,What is the side length of the pool in meters?,S2MC,SS,6.531766404297113,fuse-fused,
232,simulation_0114,What is the width of the plane in meters?,A2SC,DS,10.01734605651903,fuse-secondary-only,
233,simulation_0114,What is the length of the plane in meters?,A2SC,DS,10.01734605651903,fuse-secondary-only,
234,simulation_0114,What is the speed of the plane at 1.5s in m/s?,A2SC,DD,26.492228836517512,fuse-fused,
235,simulation_0116,What is the length of the football in meters?,A2MC,DS,0.44,fuse-primary-only,
236,simulation_0116,What is the width of the football in meters?,A2MC,DS,0.22,fuse-primary-only,
237,simulation_0116,What is the height of he middle yellow door in meters?,A2MC,DS,2.1,fuse-primary-only,
238,simulation_0116,What is the width of the middle yellow door in meters?,A2MC,DS,0.9,fuse-primary-only,
239,simulation_0116,What is the speed of the football at 0.5s in m/s?,A2MC,DD,,none,neither arm answered
240,simulation_0117,What is the diameter of the ball in meters?,A2MS,DS,,none,neither arm answered
241,simulation_0117,What is the height of the door in meters?,A2MS,DS,2.0,fuse-primary-only,
242,simulation_0117,What is the width of the door in meters?,A2MS,DS,,none,neither arm answered
243,simulation_0117,What is the length of the electronic lock in meters?,A2MS,DS,0.1,fuse-primary-only,
244,simulation_0117,What is the width of the electronic lock in meters?,A2MS,DS,0.05,fuse-primary-only,
245,simulation_0118,What is the total displacement of the toy car in meters?,V2MC,DS,0.05,fuse-primary-only,
246,simulation_0118,What  is the length of the toy car in meters?,V2MC,DS,,none,neither arm answered
247,simulation_0118,What is the diameter of the disc in meters?,V2MC,DS,0.21,fuse-primary-only,
248,simulation_0118,What is the length of the book in meters?,V2MC,DS,,none,neither arm answered
249,simulation_0118,What is the length of the table in meters?,V2MC,DS,1.0,fuse-primary-only,
250,simulation_0118,What is the width of the table in meters?,V2MC,DS,,none,neither arm answered
251,simulation_0119,What is the diameter of the moving chess piece in meters?,V2MC,DS,0.05,fuse-primary-only,
252,simulation_0119,What is the side length of the chessboard in meters?,V2MC,DS,0.3,fuse-primary-only,
253,simulation_0119,What is the length of the dark grey square tray placed next to the chessboard in meters?,V2MC,DS,0.3,fuse-primary-only,
254,simulation_0119,What is the side length of the table in meters?,V2MC,DS,,none,neither arm answered
255,simulation_0119,What is the distance moved by the chess piece in meters?,V2MC,DS,,none,neither arm answered
256,simulation_0120,What is the length of the sofa in meters?,V2MC,DS,2.0,fuse-primary-only,
257,simulation_0120,What is the length of the TV in meters?,V2MC,DS,1.2,fuse-primary-only,
258,simulation_0120,What is the diameter of the robot cleaner in meters?,V2MC,DS,0.3,fuse-primary-only,
259,simulation_0120,What is the side length of the chessboard in meters?,V2MC,DS,1.0,fuse-primary-only,
260,simulation_0120,What is the length of the square tray placed next to the chessboard with two art sculptures on it in meters?,V2MC,DS,0.3,fuse-primary-only,
261,simulation_0121,What is the speed of the left first ball at 0.5s in m/s?,S2MS,SD,1.0266495239486424,fuse-fused,
262,simulation_0121,What is the speed of the left first ball at 1.0s in m/s?,S2MS,SD,2.168177766341777,fuse-secondary-only,
263,simulation_0122,What is the length of the sword in meters?,A2SC,DS,,none,neither arm answered
264,simulation_0123,What is the length of the blue rolling cup in meters?,V2MC,DS,0.338,fuse-disagreement,
265,simulation_0123,What is the diameter of the blue rolling cup in meters?,V2MC,DS,0.06277634552368093,fuse-fused,
266,simulation_0123,What is the length of the green toothbrush lying on the sink in meters?,V2MC,DS,0.1158769793114645,fuse-fused,
267,simulation_0123,What is the diameter of the blue cup with the blue toothbrush in meters?,V2MC,DS,0.06582837505296645,fuse-fused,
268,simulation_0123,What is the length of the largest towel of the three stacked towels on the sink in meters?,V2MC,DS,0.4054144080065701,fuse-fused,
269,simulation_0123,What is the width of the largest towel of the three stacked towels on the sink in meters?,V2MC,DS,0.4054144080065701,fuse-fused,
270,simulation_0124,What is the speed of the grey and red car at 1.0s in m/s?,V2MC,DD,23.677909302723098,fuse-fused,
271,simulation_0124,What is the length of the grey and red car in meters?,V2MC,DS,4.694982210957861,fuse-fused,
272,simulation_0124,What is the width of the grey and red car in meters?,V2MC,DS,2.7732048402608545,fuse-fused,
273,simulation_0124,What is the length of the black car in meters?,V2MC,DS,4.479808415551682,fuse-fused,
274,simulation_0124,What is the width of the black car in meters?,V2MC,DS,3.7311930250459504,fuse-secondary-only,
275,simulation_0124,What is the distance between the two cars at 1.0s in meters?,V2MC,DS,,none,neither arm answered
276,simulation_0124,What is the smallest distance between the two cars in meters?,V2MC,DS,4.5,fuse-primary-only,
277,simulation_0125,What is the height of the potted plant in meters?,V2MC,DS,1.017733534533476,fuse-fused,
278,simulation_0125,What is the height of the house in meters?,V2MC,DS,5.571853567878385,fuse-fused,
279,simulation_0125,What is the width of the house in meters?,V2MC,DS,4.330292526552482,fuse-fused,
280,simulation_0125,What is the height of the person in meters?,V2MC,DS,1.6824563521257292,fuse-fused,
281,simulation_0126,What is the diameter of the handle in meters?,S2MS,SS,1.4537164729168504,fuse-secondary-only,
282,simulation_0126,What is the speed of the puck at 0.5s in m/s?,S2MS,SD,0.5199344319182214,fuse-fused,
283,simulation_0126,What is the speed of the puck at 2.0s in m/s?,S2MS,SD,1.8586873908047663,fuse-secondary-only,
284,simulation_0126,What is the horizontal distance between the two handles in meters?,S2MS,SS,0.74,fuse-primary-only,
285,simulation_0126,What is the shortest distance between the puck and the handle on the right in meters?,S2MS,SS,0.5312270378917648,fuse-fused,
286,simulation_0127,What is the speed of the blue car at 1.0s in m/s?,V2MC,DD,18.9057837113678,fuse-secondary-only,
287,simulation_0127,What is the width of the blue car in meters?,V2MC,DS,3.768862246898034,fuse-fused,
288,simulation_0127,What is the length of the blue car in meters?,V2MC,DS,5.959094443808828,fuse-fused,
289,simulation_0127,What is the length of the bike in meters?,V2MC,DS,2.7496719596983543,fuse-fused,
290,simulation_0127,What is the width of the red car in meters?,V2MC,DS,7.865072405056855,fuse-secondary-only,
291,simulation_0127,What is the length of the red car in meters?,V2MC,DS,5.949186988383863,fuse-fused,
292,simulation_0127,What is the width of the dark green car in meters?,V2MC,DS,3.7516813209591446,fuse-fused,
293,simulation_0127,What is the length of the dark green car in meters?,V2MC,DS,5.931929014670049,fuse-fused,
294,simulation_0128,What is the diameter of the ball in meters?,A2MC,DS,,none,neither arm answered
295,simulation_0128,What is the length of the forklift in meters?,A2MC,DS,,none,neither arm answered
296,simulation_0128,What is the height of the forklift in meters?,A2MC,DS,,none,neither arm answered
297,simulation_0129,What is the diameter of the ball in meters?,A2MC,DS,0.24,fuse-primary-only,
298,simulation_0129,What is the length of the forklift in meters?,A2MC,DS,,none,neither arm answered
299,simulation_0129,What is the height of the forklift in meters?,A2MC,DS,,none,neither arm answered
300,simulation_0130,What is the length of the car in meters?,V2MC,DS,0.4042982475492519,fuse-secondary-only,
301,simulation_0130,What is the width of the car in meters?,V2MC,DS,0.3398056404579251,fuse-secondary-only,
302,simulation_0130,What is the length of the white airplane in meters?,V2MC,DS,0.6396123056737204,fuse-fused,
303,simulation_0130,What is the width of the white airplane in meters?,V2MC,DS,0.625704359200504,fuse-fused,
304,simulation_0130,What is the length of the helicopter in meters?,V2MC,DS,0.45276090657197915,fuse-fused,
305,simulation_0130,What is the width of the helicopter in meters?,V2MC,DS,3.5,fuse-disagreement,
306,simulation_0130,What is the speed of the white airplane at 1.0s in m/s?,V2MC,DD,0.0178398340757127,fuse-secondary-only,
307,simulation_0131,What is the width of the hot air balloon in meters?,V2SX,DS,14.985817787495357,fuse-secondary-only,
308,simulation_0131,What is the height of the hot air balloon in meters?,V2SX,DS,19.75951522031371,fuse-secondary-only,
309,simulation_0263,What is the length of the spacecraft in meters?,A2SS,DS,5.779845453822633,fuse-secondary-only,
310,simulation_0132,What is the diameter of the apple in meters?,A2MC,DS,0.05,fuse-primary-only,
311,simulation_0132,What is the height of the table in meters?,A2MC,DS,1.0,fuse-primary-only,
312,simulation_0132,"What is the horizontal speed of the apple while it is in the air, in m/s?",A2MC,DD,,none,neither arm answered
313,simulation_0132,"What is the horizontal distance of the apple during its parabolic motion, in meters?",A2MC,DS,1.5,fuse-primary-only,
314,simulation_0133,What is the diameter of the apple in meters?,A2MS,DS,0.05,fuse-primary-only,
315,simulation_0133,What is the height of the table in meters?,A2MS,DS,0.5,fuse-primary-only,
316,simulation_0133,"What is the horizontal speed of the apple when it leaves the table, in m/s?",A2MS,DD,,none,neither arm answered
317,simulation_0133,"What is the horizontal displacement of the apple during its parabolic motion, in meters?",A2MS,DS,,none,neither arm answered
318,simulation_0133,"What is the speed of the apple at time 1.2s, in m/s?",A2MS,DD,11.76,fuse-primary-only,
319,simulation_0134,"What is the length of the toast, in meters?",S2MC,SS,0.18917937885631098,fuse-fused,
320,simulation_0134,"What is the length of the toaster, in meters?",S2MC,SS,0.23194623460336142,fuse-fused,
321,simulation_0134,What is the peak vertical displacement of the bread slice (relative to its starting position) in meters?,S2MC,SS,0.12035041238285277,fuse-fused,
322,simulation_0134,"What is the acceleration of the bread slice at time1.75 s, in m/s^2?",S2MC,SD,0.0001416109607993,fuse-secondary-only,
323,simulation_0135,What is the length of the toaster in meters?,S2MC,SS,0.16925914465213848,fuse-fused,
324,simulation_0135,What is the height of the power outlet in meters?,S2MC,SS,0.07051267414453924,fuse-fused,
325,simulation_0135,"What is the speed of the cup at time 1s, in m/s?",S2MC,SD,0.370685507017166,fuse-secondary-only,
326,simulation_0135,What is the speed of the cup at time 2.25s in m/s?,S2MC,SD,0.370685507017166,fuse-secondary-only,
327,simulation_0136,What is the length of the toaster in meters?,S2MC,SS,0.16069521662002134,fuse-fused,
328,simulation_0136,"What is the speed of the cup at time 1s, in m/s?",S2MC,SD,0.301514831510292,fuse-secondary-only,
329,simulation_0136,What is the speed of the cup at time 2.25s in m/s?,S2MC,SD,0.24123093185055342,fuse-fused,
330,simulation_0137,What is the total length of the bird’s flight path in meters?,V2MC,DS,0.2885271907701677,fuse-secondary-only,
331,simulation_0137,What is the length of the house in meters?,V2MC,DS,7.760568622319977,fuse-fused,
332,simulation_0137,What is the height of the house in meters?,V2MC,DS,3.5485673778682365,fuse-secondary-only,
333,simulation_0137,"What is the distance from the bird to the roof at 1s, in meters?",V2MC,DS,5.816742649961016,fuse-fused,
334,simulation_0142,What is the height of the man in meters?,V2MC,DS,1.7286802609727843,fuse-fused,
335,simulation_0142,What is the total distance the man walked in meters?,V2MC,DS,1.327156323179411,fuse-fused,
336,simulation_0142,What is the side length of the floor tile in meters?,V2MC,DS,0.6,fuse-disagreement,
337,simulation_0142,What is the height from the floor to the ceiling in meters?,V2MC,DS,3.460800277660448,fuse-fused,
338,simulation_0145,What is the diameter of the tire in meters?,S2MC,SS,0.6450441044075321,fuse-fused,
339,simulation_0145,What is the average speed of the rocket from beginning to end in m/s?,S2MC,SD,4.787502426948595,fuse-fused,
340,simulation_0145,What is the speed of the rocket at time 1s in m/s?,S2MC,SD,100.0,fuse-disagreement,
341,simulation_0145,What is the acceleration of the rocket at time 1s in m/s^2?,S2MC,SD,25.148107536126226,fuse-secondary-only,
342,simulation_0148,What is the speed of the train at time 1s in m/s?,S2MC,SD,4.58878046442367,fuse-secondary-only,
343,simulation_0148,What is the speed of the train at time 0.5s in m/s?,S2MC,SD,4.58878046442367,fuse-secondary-only,
344,simulation_0148,What is the acceleration of the train at time 0.5s in m/s^2?,S2MC,SD,3.6765784530373167,fuse-secondary-only,
345,simulation_0148,What is the length of the door on the train in meters?,S2MC,SS,0.9138252205120437,fuse-fused,
346,simulation_0148,"What is the height, in meters, of the white pillar in the center of the semicircular arch?",S2MC,SS,2.4061515153879096,fuse-fused,
347,simulation_0153,What is the length of the blue car in meters (including the extending wire)?,S2SC,SS,0.4290042320987203,fuse-fused,
348,simulation_0153,What is the speed of the blue car at time 1s in m/s?,S2SC,SD,0.5304531786369396,fuse-secondary-only,
349,simulation_0153,What is the acceleration of the blue car at time 1s in m/s^2?,S2SC,SD,1.3939418172713538,fuse-secondary-only,
350,simulation_0153,What is the speed of the blue car at time 1.5s in m/s?,S2SC,SD,0.5304531786369396,fuse-secondary-only,
351,simulation_0153,What is the acceleration of the blue car at time 1.5s in m/s^2?,S2SC,SD,1.3939418172713538,fuse-secondary-only,
352,simulation_0154,What is the length of the shark in meters?,V2SC,DS,3.707460283901487,fuse-secondary-only,
353,simulation_0154,What is the displacement of the shark in meters?,V2SC,DS,2.3582176375076647,fuse-fused,
354,simulation_0155,What is the length of the shark in meters?,V2SS,DS,3.979988547893741,fuse-secondary-only,
355,simulation_0155,What is the displacement of the shark in meters?,V2SS,DS,70.0,fuse-disagreement,
356,simulation_0156,What is the length of the shark in meters?,V2MS,DS,4.099832740376322,fuse-fused,
357,simulation_0156,What is the displacement of the shark in meters?,V2MS,DS,21.0,fuse-disagreement,
358,simulation_0156,What is the speed of the turtle at 1s in m/s?,V2MS,DD,0.5,fuse-disagreement,
359,simulation_0156,What is the length of the turtle in meters?,V2MS,DS,3.352350983874607,fuse-fused,
360,simulation_0157,What is the length of the turtle in meters?,A2SS,DS,0.6864201111864123,fuse-secondary-only,
361,simulation_0157,What is the speed of the turtle at time 1s in m/s?,A2SS,DD,1.6473989662314676,fuse-fused,
362,simulation_0157,What is the speed of the turtle at time 1.5s in m/s?,A2SS,DD,2.0176434350277956,fuse-fused,
363,simulation_0158,What is the length of the turtle in meters?,A2MS,DS,0.4342917845851132,fuse-secondary-only,
364,simulation_0158,What is the speed of the turtle at time 1s in m/s?,A2MS,DD,1.472014715538043,fuse-fused,
365,simulation_0158,What is the speed of the turtle at time 1.5s in m/s?,A2MS,DD,1.802842473468167,fuse-fused,
366,simulation_0158,How long is the shark in meters?,A2MS,DS,0.4342917845851132,fuse-secondary-only,
367,simulation_0158,What is the length of the shark in meters?,A2MS,DS,0.5608178446953118,fuse-secondary-only,
368,simulation_0158,What is the acceleration of the shark at 1s in m/s^2?,A2MS,DD,2.690943843642235,fuse-secondary-only,
369,simulation_0158,What is the speed of the shark at time 1s in m/s?,A2MS,DD,0.8193041085132358,fuse-secondary-only,
370,simulation_0158,What is the speed of the shark at time 1.5s in m/s?,A2MS,DD,0.8193041085132358,fuse-secondary-only,
371,simulation_0160,What is the length of the billiard table in meters?,S2MC,SS,1.4179604848867569,fuse-fused,
372,simulation_0160,What is the width of the billiard table in meters?,S2MC,SS,1.4179604848867569,fuse-fused,
373,simulation_0160,What is the diameter of the pockets on the billiard table in meters?,S2MC,SS,0.0757,fuse-primary-only,
374,simulation_0160,What is the speed of the ball at time 0.5s in m/s?,S2MC,SD,0.6234058772286077,fuse-secondary-only,
375,simulation_0160,What is the speed of the ball at time 1s in m/s?,S2MC,SD,0.6234058772286077,fuse-secondary-only,
376,simulation_0162,What is the speed of the ball at time 1s in m/s?,S2SC,SD,0.7030440803240705,fuse-fused,
377,simulation_0162,What is the acceleration of the ball at time 1s in m/s^2?,S2SC,SD,0.3420544089584706,fuse-secondary-only,
378,simulation_0162,What is the speed of the ball at time 2s in m/s?,S2SC,SD,0.7030440803240705,fuse-fused,
379,simulation_0162,What is the acceleration of the ball at time 2s in m/s^2?,S2SC,SD,0.3420544089584706,fuse-secondary-only,
380,simulation_0163,What is the speed of the ball at time 0.5s in m/s?,S2MC,SD,3.0275553934185178,fuse-secondary-only,
381,simulation_0163,What is the acceleration of the ball at time 0.5s in m/s^2?,S2MC,SD,0.3468836493923252,fuse-secondary-only,
382,simulation_0163,What is the speed of the ball at time 1s in m/s?,S2MC,SD,3.2552179461542687,fuse-fused,
383,simulation_0163,What is the acceleration of the ball at time 1s in m/s^2?,S2MC,SD,9.8,fuse-disagreement,
384,simulation_0163,What is the height of the bowling pin in meters?,S2MC,SS,0.27052194417739833,fuse-fused,
385,simulation_0165,What is the diameter of the bike's wheel in meters?,V2MC,DS,0.36640913849457807,fuse-fused,
386,simulation_0165,What is the width of the road that the bike is crossing through in meters?,V2MC,DS,14.10402010504587,fuse-fused,
387,simulation_0165,What is the length of the bike in meters?,V2MC,DS,1.804466349525344,fuse-fused,
388,simulation_0166,What is the diameter of the bike's wheel in meters?,V2MC,DS,0.7307676726771194,fuse-fused,
389,simulation_0166,What is the width of the road that the bike is crossing through in meters?,V2MC,DS,12.204564511013754,fuse-fused,
390,simulation_0166,What is the length of the bike in meters?,V2MC,DS,1.6458240632964496,fuse-fused,
391,simulation_0166,What is the length of the police car in meters?,V2MC,DS,4.6592059973007,fuse-fused,
392,simulation_0166,What is the diameter of the police car's tire in meters?,V2MC,DS,0.60280145042464,fuse-fused,
393,simulation_0166,What is the speed of the police car at 1s in m/s?,V2MC,DD,6.541858067513257,fuse-secondary-only,
394,simulation_0167,What is the width of the road that the bike crossed through in meters?,V2MC,DS,10.0,fuse-disagreement,
395,simulation_0167,What is the length of the bike in meters?,V2MC,DS,14.707559446138257,fuse-secondary-only,
396,simulation_0167,What is the length of the police car in meters?,V2MC,DS,14.7308794926114,fuse-secondary-only,
397,simulation_0167,What is the width of the police car in meters?,V2MC,DS,1.5,fuse-disagreement,
398,simulation_0167,What is the speed of the police car at 1s in m/s?,V2MC,DD,5.535195542764554,fuse-fused,
399,simulation_0167,What is the width of the road that the bike and the car are on in meters?,V2MC,DS,3.5,fuse-disagreement,
400,simulation_0169,What is the speed of the astronaut at time 0.5s in m/s?,S2SS,SD,2.9518871201992924,fuse-secondary-only,
401,simulation_0169,What is the acceleration of the astronaut at time 0.5s in m/s^2?,S2SS,SD,1.62,fuse-disagreement,
402,simulation_0169,What is the speed of the astronaut at time 1s in m/s?,S2SS,SD,2.9518871201992924,fuse-secondary-only,
403,simulation_0169,What is the acceleration of the astronaut at time 1s in m/s^2?,S2SS,SD,9.8,fuse-disagreement,
404,simulation_0169,What is the speed of the astronaut at time 2s in m/s?,S2SS,SD,2.9518871201992924,fuse-secondary-only,
405,simulation_0169,What is the acceleration of the astronaut at time 2s in m/s^2?,S2SS,SD,9.8,fuse-disagreement,
406,simulation_0169,What is the speed of the astronaut at time 3s in m/s?,S2SS,SD,2.9518871201992924,fuse-secondary-only,
407,simulation_0169,What is the acceleration of the astronaut at time 3s in m/s^2?,S2SS,SD,3.0,fuse-disagreement,
408,simulation_0171,What is the speed of the astronaut at time 0.5s in m/s?,S2SS,SD,1.0547985115830225,fuse-fused,
409,simulation_0171,What is the acceleration of the astronaut at time 0.5s in m/s^2?,S2SS,SD,2.7934206963354447,fuse-secondary-only,
410,simulation_0171,What is the speed of the astronaut at time 1s in m/s?,S2SS,SD,0.4,fuse-disagreement,
411,simulation_0171,What is the acceleration of the astronaut at time 1s in m/s^2?,S2SS,SD,2.7934206963354447,fuse-secondary-only,
412,simulation_0171,What is the speed of the astronaut at time 2s in m/s?,S2SS,SD,1.0547985115830225,fuse-fused,
413,simulation_0171,What is the acceleration of the astronaut at time 2s in m/s^2?,S2SS,SD,2.7934206963354447,fuse-secondary-only,
414,simulation_0171,What is the speed of the astronaut at time 3s in m/s?,S2SS,SD,1.0547985115830225,fuse-fused,
415,simulation_0171,What is the acceleration of the astronaut at time 3s in m/s^2?,S2SS,SD,2.7934206963354447,fuse-secondary-only,
416,simulation_0173,What is the length of the airplane in meters?,V2MC,DS,43.23500415246348,fuse-fused,
417,simulation_0173,What is the height of the stone cliff on the beach in meters?,V2MC,DS,22.728905112858513,fuse-fused,
418,simulation_0173,What is the diameter of the rear wheels on an aircraft landing gear in meters?,V2MC,DS,0.3,fuse-disagreement,
419,simulation_0175,What is the length of the airplane in meters?,V2MC,DS,37.86267658827276,fuse-fused,
420,simulation_0175,What is the height of the stone cliff on the beach in meters?,V2MC,DS,3.0,fuse-disagreement,
421,simulation_0175,What is the diameter of the rear wheels on an aircraft landing gear in meters?,V2MC,DS,0.3,fuse-disagreement,
422,simulation_0177,What is the height of the elephant in meters?,V2SC,DS,6.656394775074464,fuse-secondary-only,
423,simulation_0177,What is the displacement of the elephant in meters?,V2SC,DS,0.57,fuse-disagreement,
424,simulation_0178,What is the speed of the small elephant at 1s in m/s?,V2MC,DD,2.373625101883842,fuse-fused,
425,simulation_0178,What is the height of the big elephant in meters?,V2MC,DS,3.790531298227292,fuse-secondary-only,
426,simulation_0178,What is the height of the small elephant in meters?,V2MC,DD,1.6067861327875925,fuse-fused,
427,simulation_0178,What is the displacement of the big elephant in meters?,V2MC,DS,6.713998755994712,fuse-secondary-only,
428,simulation_0178,What is the displacement of the small elephant in meters?,V2MC,DS,3.114712281538942,fuse-fused,
429,simulation_0179,What is the length of the trolley in meters?,A2MC,DS,0.6100114070746756,fuse-fused,
430,simulation_0179,What is the height of the trolley in meters?,A2MC,DS,0.5568616799837772,fuse-fused,
431,simulation_0179,What is the height of the entrance gate (including the frame) in meters?,A2MC,DS,2.039114003439785,fuse-secondary-only,
432,simulation_0179,What is the length of the side of the orange tiles on the floor in meters?,A2MC,DS,3.019835532165472,fuse-fused,
433,simulation_0179,What is the speed of the trolley at time 1s in m/s?,A2MC,DD,1.4450305653285855,fuse-fused,
434,simulation_0179,What is the speed of the trolley at time 2s in m/s?,A2MC,DD,2.0435818235313463,fuse-fused,
435,simulation_0181,What is the acceleration of the box from 0s to 0.3s in m/s^2?,A2MC,DD,2.357853077936346,fuse-fused,
436,simulation_0181,What is the speed of the box at time 1s in m/s?,A2MC,DD,2.2085525241944914,fuse-secondary-only,
437,simulation_0181,What is the speed of the box at time 1.5s in m/s?,A2MC,DD,2.7830547429668147,fuse-fused,
438,simulation_0181,What is the width of the box in meters?,A2MC,DS,1.1597129266685318,fuse-secondary-only,
439,simulation_0181,What is the height of the box in meters?,A2MC,DS,0.5468196664577879,fuse-fused,
440,simulation_0183,What is the acceleration of the box from 0s to 0.3s in m/s^2?,A2MC,DD,1.6049325474891485,fuse-fused,
441,simulation_0183,What is the speed of the box at time 1s in m/s?,A2MC,DD,1.749843546626978,fuse-fused,
442,simulation_0183,What is the speed of the box at time 1.5s in m/s?,A2MC,DD,2.1431119094690603,fuse-fused,
443,simulation_0183,What is the length of the box in meters?,A2MC,DS,0.8465922557573932,fuse-fused,
444,simulation_0183,What is the height of the box in meters?,A2MC,DS,1.1756872070243671,fuse-secondary-only,
445,simulation_0185,What is the acceleration of the box from 0s to 0.3s in m/s^2?,A2MC,DD,3.009474658645367,fuse-fused,
446,simulation_0185,What is the speed of the box at time 1s in m/s?,A2MC,DD,2.802864385567693,fuse-fused,
447,simulation_0185,What is the speed of the box at time 1.5s in m/s?,A2MC,DD,3.432793781430169,fuse-fused,
448,simulation_0185,What is the length of the box in meters?,A2MC,DS,0.540635610982297,fuse-secondary-only,
449,simulation_0185,What is the height of the box in meters?,A2MC,DS,0.5274668151694871,fuse-secondary-only,
450,simulation_0187,What is the length of the truck in meters?,A2SS,DS,8.04664664436069,fuse-secondary-only,
451,simulation_0187,What is the height of the truck in meters?,A2SS,DS,6.335237816311717,fuse-secondary-only,
452,simulation_0187,What is the diameter of the truck's tire in meters?,A2SS,DS,1.4916308321564276,fuse-secondary-only,
453,simulation_0187,What is the speed of the truck at time 1s in m/s?,A2SS,DD,9.827427949386173,fuse-fused,
454,simulation_0187,What is the speed of the truck at time 1.5s in m/s?,A2SS,DD,12.036091979981078,fuse-fused,
455,simulation_0189,What is the length of the box in meters?,V2MS,DS,,none,neither arm answered
456,simulation_0189,What is the height of the box in meters?,V2MS,DS,,none,neither arm answered
457,simulation_0189,What is the length of the truck in meters?,V2MS,DS,,none,neither arm answered
458,simulation_0189,What is the height of the truck(at time 0s) in meters?,V2MS,DS,,none,neither arm answered
459,simulation_0189,What is the diameter of the truck's tire in meters?,V2MS,DS,0.5,fuse-primary-only,
460,simulation_0190,What is the height of the truck(at time 0s) in meters?,S2MS,DS,3.3655296731906126,fuse-fused,
461,simulation_0190,What is the width of the truck in meters?,S2MS,DS,1.8929387395138244,fuse-fused,
462,simulation_0190,What is the height of the box in meters?,S2MS,DS,1.0731480296643843,fuse-fused,
463,simulation_0190,What is the speed of the box at time 1s in m/s?,S2MS,DD,0.1149524252718884,fuse-secondary-only,
464,simulation_0190,What is the speed of the box at time 2s in m/s?,S2MS,DD,0.1149524252718884,fuse-secondary-only,
465,simulation_0191,What is the width of the box in meters?,A2MS,DS,,none,neither arm answered
466,simulation_0191,What is the height of the box in meters?,A2MS,DS,0.5,fuse-primary-only,
467,simulation_0191,What is the length of the truck in meters?,A2MS,DS,9.8,fuse-primary-only,
468,simulation_0191,What is the height of the truck in meters?,A2MS,DS,1.764,fuse-primary-only,
469,simulation_0191,What is the diameter of the truck's tire in meters?,A2MS,DS,0.6,fuse-primary-only,
470,simulation_0191,What is the speed of the box at time 0.2s in m/s?,A2MS,DD,1.96,fuse-primary-only,
471,simulation_0191,What is the speed of the box at time 0.4s in m/s?,A2MS,DD,3.92,fuse-primary-only,
472,simulation_0192,What is the height of the box in meters?,A2MS,DS,1.764,fuse-primary-only,
473,simulation_0192,What is the width of the truck in meters?,A2MS,DS,2.5,fuse-primary-only,
474,simulation_0192,What is the width of the box in meters?,A2MS,DS,0.8,fuse-primary-only,
475,simulation_0192,What is the speed of the box at time 0.2s in m/s?,A2MS,DD,1.96,fuse-primary-only,
476,simulation_0192,What is the speed of the box at time 0.4s in m/s?,A2MS,DD,3.92,fuse-primary-only,
477,simulation_0193,What is the diameter of the model of Callisto(the outermost planet) in meters?,V2MC,DS,,none,neither arm answered
478,simulation_0193,What is the diameter of the model of Jupiter (the one at the center) in meters?,V2MC,DS,,none,neither arm answered
479,simulation_0193,What is the speed of the model of Io at 1s in m/s?,V2MC,DD,,none,neither arm answered
480,simulation_0193,What is the speed of the model of Europa at 1s in m/s?,V2MC,DD,0.941,fuse-primary-only,
481,simulation_0193,What is the speed of the model of Ganymede at 1s in m/s?,V2MC,DD,1.881,fuse-primary-only,
482,simulation_0193,What is the diameter of the model of Io in meters?,V2MC,DS,3642.0,fuse-primary-only,
483,simulation_0193,What is the diameter of the model of Europa in meters?,V2MC,DS,3000.0,fuse-primary-only,
484,simulation_0193,What is the diameter of the model of Ganymede in meters?,V2MC,DS,,none,neither arm answered
485,simulation_0193,What is the orbital diameter of the Io model in meters?,V2MC,DS,,none,neither arm answered
486,simulation_0193,What is the orbital diameter of the Europa model in meters?,V2MC,DS,1.5675,fuse-primary-only,
487,simulation_0193,What is the orbital diameter of the Ganymede model in meters?,V2MC,DS,2.5,fuse-primary-only,
488,simulation_0193,What is the orbital diameter of the Callisto model in meters?,V2MC,DS,,none,neither arm answered
489,simulation_0194,What is the orbital diameter of the Callisto model in meters?,V2MS,DS,,none,neither arm answered
490,simulation_0194,What is the diameter of the model of Callisto in meters?,V2MS,DS,4821000.0,fuse-primary-only,
491,simulation_0194,What is the diameter of the model of Jupiter (the one at the center) in meters?,V2MS,DS,6.897,fuse-primary-only,
492,simulation_0196,What is the diameter of the plunge tube in meters?,V2MS,DS,0.002,fuse-primary-only,
493,simulation_0196,What is the horizontal length of the droplet in meters?,V2MS,DS,0.0015,fuse-primary-only,
494,simulation_0196,What is the horizontal length of the “skynova” text on the bottle in meters?,V2MS,DS,0.00144,fuse-primary-only,
495,simulation_0196,What is the vertical height of the “skynova” lettering on the bottle in meters?,V2MS,DS,0.00144,fuse-primary-only,
496,simulation_0197,What is the diameter of the plunge tube in meters?,S2MS,SS,0.0027684504065354,fuse-fused,
497,simulation_0197,What is the width of the droplet in meters?,S2MS,SS,0.0015911128980696143,fuse-fused,
498,simulation_0197,What is the vertical height of the “skynova” lettering on the bottle in meters?,S2MS,SS,0.0014138655203233864,fuse-fused,
499,simulation_0197,What is the diameter of the bottle's neck in meters?,S2MS,SS,0.002352191078405958,fuse-fused,
500,simulation_0197,What is the diameter of the bottle's body in meters?,S2MS,SS,0.00419203782308252,fuse-fused,
501,simulation_0197,What is the speed of the bubble at time 0.5s in m/s?,S2MS,SD,1.6243095332372948e-06,fuse-secondary-only,
502,simulation_0197,What is the speed of the bubble at time 0.8s in m/s?,S2MS,SD,1.6243095332372948e-06,fuse-secondary-only,
503,simulation_0197,What is the speed of the bubble at time 1s in m/s?,S2MS,SD,1.6243095332372948e-06,fuse-secondary-only,
504,simulation_0198,What is the height of the droplet in meters?,A2MC,DS,9.7,fuse-disagreement,
505,simulation_0198,What is the horizontal length of the droplet in meters?,A2MC,DS,0.0068431024145658,fuse-secondary-only,
506,simulation_0198,What is the diameter of the bottle's neck in meters?,A2MC,DS,0.02854517080440991,fuse-fused,
507,simulation_0198,What is the diameter of the bottle's body in meters?,A2MC,DS,10.0,fuse-disagreement,
508,simulation_0198,What is the horizontal length of the “skynova” text on the bottle in meters?,A2MC,DS,3.0,fuse-disagreement,
509,simulation_0198,What is the vertical height of the “skynova” lettering on the bottle in meters?,A2MC,DS,0.06121190760286225,fuse-fused,
510,simulation_0198,What is the speed of the droplet at time 0.2s in m/s?,A2MC,DD,1.94,fuse-disagreement,
511,simulation_0198,What is the speed of the droplet at time 0.05s in m/s?,A2MC,DD,0.485,fuse-disagreement,
512,simulation_0198,What is the speed of the droplet at time 0.1s in m/s?,A2MC,DD,0.97,fuse-disagreement,
513,simulation_0199,What is the height of the droplet in meters?,A2MS,DS,0.0047598795085325,fuse-secondary-only,
514,simulation_0199,What is the horizontal length of the droplet in meters?,A2MS,DS,0.0047598795085325,fuse-secondary-only,
515,simulation_0199,What is the diameter of the bottle's neck in meters?,A2MS,DS,0.01683082014689368,fuse-fused,
516,simulation_0199,What is the diameter of the bottle's body in meters?,A2MS,DS,0.02379164689717725,fuse-fused,
517,simulation_0199,What is the horizontal width of the “skynova” text on the bottle in meters?,A2MS,DS,9.7,fuse-disagreement,
518,simulation_0199,What is the vertical height of the “skynova” lettering on the bottle in meters?,A2MS,DS,0.0517965615515296,fuse-secondary-only,
519,simulation_0199,What is the speed of the droplet at time 0.2s in m/s?,A2MS,DD,1.94,fuse-disagreement,
520,simulation_0199,What is the speed of the droplet at time 0.05s in m/s?,A2MS,DD,0.269029894257888,fuse-fused,
521,simulation_0199,What is the speed of the droplet at time 0.1s in m/s?,A2MS,DD,0.97,fuse-disagreement,
522,simulation_0200,What is the height of the droplet in meters?,A2MS,DS,0.05,fuse-disagreement,
523,simulation_0200,What is the horizontal length of the droplet in meters?,A2MS,DS,0.0045188778645836,fuse-secondary-only,
524,simulation_0200,What is the diameter of the bottle's neck in meters?,A2MS,DS,0.005,fuse-disagreement,
525,simulation_0200,What is the diameter of the bottle's body in meters?,A2MS,DS,0.026764181007048516,fuse-fused,
526,simulation_0200,What is the vertical height of the “skynova” lettering on the bottle in meters?,A2MS,DS,0.0464931845880128,fuse-secondary-only,
527,simulation_0200,What is the speed of the droplet at time 0.2s in m/s?,A2MS,DD,1.94,fuse-disagreement,
528,simulation_0200,What is the speed of the droplet at time 0.05s in m/s?,A2MS,DD,0.3110839687635807,fuse-fused,
529,simulation_0200,What is the speed of the droplet at time 0.1s in m/s?,A2MS,DD,0.439939167662304,fuse-fused,
530,simulation_0203,What is the length of the table in meters?,A2MC,DS,4.0,fuse-disagreement,
531,simulation_0203,What is the length of the typewriter in meters?,A2MC,DS,0.15,fuse-disagreement,
532,simulation_0203,What is the height of the typewriter in meters?,A2MC,DS,2.341589461209711,fuse-fused,
533,simulation_0203,What is the width of the paper next to the magnifying glass in meters?,A2MC,DS,0.05,fuse-disagreement,
534,simulation_0203,What is the length of the letter placed under the gun in meters?,A2MC,DS,0.05,fuse-disagreement,
535,simulation_0203,What is the speed of the magnifying glass at time 0.125s in m/s?,A2MC,DD,1.225,fuse-disagreement,
536,simulation_0203,What is the speed of the magnifying glass at time 0.25s in m/s?,A2MC,DD,2.45,fuse-disagreement,
537,simulation_0203,What is the speed of the magnifying glass at time 0.333s in m/s?,A2MC,DD,3.2634,fuse-disagreement,
538,simulation_0204,What is the length of the table in meters?,A2MS,DS,0.75,fuse-disagreement,
539,simulation_0204,What is the length of the typewriter in meters?,A2MS,DS,0.3,fuse-disagreement,
540,simulation_0204,What is the height of the typewriter in meters?,A2MS,DS,0.5,fuse-disagreement,
541,simulation_0204,What is the length of the letter placed under the gun in meters?,A2MS,DS,4.777581357478024,fuse-secondary-only,
542,simulation_0204,What is the speed of the magnifying glass at time 0.125s in m/s?,A2MS,DD,1.5871192903615259,fuse-fused,
543,simulation_0204,What is the speed of the magnifying glass at time 0.25s in m/s?,A2MS,DD,2.244525625533232,fuse-fused,
544,simulation_0204,What is the speed of the magnifying glass at time 0.333s in m/s?,A2MS,DD,2.590458746603691,fuse-fused,
545,simulation_0207,What is the length of the table in meters?,A2MC,DS,1.2,fuse-disagreement,
546,simulation_0207,What is the length of the typewriter in meters?,A2MC,DS,0.3,fuse-disagreement,
547,simulation_0207,What is the height of the typewriter in meters?,A2MC,DS,1.646600862689023,fuse-fused,
548,simulation_0207,What is the width of the paper next to the typewriter in meters?,A2MC,DS,0.1,fuse-disagreement,
549,simulation_0207,What is the length of the letter placed under the gun in meters?,A2MC,DS,4.632356361761437,fuse-secondary-only,
550,simulation_0207,What is the speed of the typewriter at time 0.125s in m/s?,A2MC,DD,1.0816547904086857,fuse-fused,
551,simulation_0207,What is the speed of the typewriter at time 0.25s in m/s?,A2MC,DD,1.529690874401791,fuse-fused,
552,simulation_0207,What is the speed of the typewriter at time 0.333s in m/s?,A2MC,DD,1.7654514878851388,fuse-fused,
553,simulation_0208,What is the length of the table in meters?,A2MS,DS,0.45,fuse-disagreement,
554,simulation_0208,What is the length of the typewriter in meters?,A2MS,DS,0.5356903279681429,fuse-fused,
555,simulation_0208,What is the height of the typewriter in meters?,A2MS,DS,0.7459239459786403,fuse-fused,
556,simulation_0208,What is the length of the letter placed under the gun in meters?,A2MS,DS,0.9792006119455402,fuse-secondary-only,
557,simulation_0208,What is the speed of the typewriter at time 0.125s in m/s?,A2MS,DD,1.082008061136909,fuse-fused,
558,simulation_0208,What is the speed of the typewriter at time 0.25s in m/s?,A2MS,DD,1.5301904746568336,fuse-fused,
559,simulation_0208,What is the speed of the typewriter at time 0.333s in m/s?,A2MS,DD,1.766028088052122,fuse-fused,
560,simulation_0210,What is the length of the black cat (including its tail) in meters?,V2MS,DS,0.5768278751988303,fuse-fused,
561,simulation_0210,What is the height of the black cat (including its tail) in meters?,V2MS,DS,0.500518108819088,fuse-secondary-only,
562,simulation_0210,What is the length of the wooden bench in meters?,V2MS,DS,1.1039483317327328,fuse-fused,
563,simulation_0210,What is the height of the wooden bench in meters?,V2MS,DS,0.5998311741379105,fuse-fused,
564,simulation_0210,What is the height of the lampshade of the table lamp in meters?,V2MS,DS,0.30276136086437866,fuse-fused,
565,simulation_0210,What is the diameter of the lampshade of the table lamp in meters?,V2MS,DS,0.5265617642937895,fuse-fused,
566,simulation_0210,What is the height of the table lamp in meters?,V2MS,DS,0.6389507982037401,fuse-secondary-only,
567,simulation_0210,What is the height of the vase in meters?,V2MS,DS,0.5912473388686033,fuse-fused,
568,simulation_0210,What is the height of the floor mirror in meters?,V2MS,DS,1.369942397895902,fuse-fused,
569,simulation_0210,What is the width of the floor mirror in meters?,V2MS,DS,0.5852090512196254,fuse-fused,
570,simulation_0213,What is the length of the black cat (including its tail) in meters?,V2MC,DS,0.5459841590185258,fuse-fused,
571,simulation_0213,What is the height of the black cat (including its tail) in meters?,V2MC,DS,0.3637879010587334,fuse-fused,
572,simulation_0213,What is the length of the wooden bench in meters?,V2MC,DS,0.8994240175700475,fuse-secondary-only,
573,simulation_0213,What is the height of the wooden bench in meters?,V2MC,DS,0.4123315066518494,fuse-fused,
574,simulation_0213,What is the height of the lampshade of the table lamp in meters?,V2MC,DS,0.3718918768252384,fuse-fused,
575,simulation_0213,What is the diameter of the lampshade of the table lamp in meters?,V2MC,DS,0.3128495247028095,fuse-fused,
576,simulation_0213,What is the height of the table lamp in meters?,V2MC,DS,0.5818950093458845,fuse-fused,
577,simulation_0213,What is the height of the vase in meters?,V2MC,DS,0.6223392884313208,fuse-fused,
578,simulation_0213,What is the height of the floor mirror in meters?,V2MC,DS,0.8901840869004639,fuse-fused,
579,simulation_0213,What is the width of the floor mirror in meters?,V2MC,DS,0.5497780269040546,fuse-fused,
580,simulation_0213,What is the speed of the dog at time 1s in m/s?,V2MC,DD,1.043499676873482,fuse-fused,
581,simulation_0213,What is the speed of the dog at time 1.5s in m/s?,V2MC,DD,1.043499676873482,fuse-fused,
582,simulation_0213,What is the length of the dog (including its tail) in meters?,V2MC,DS,0.8610515492116211,fuse-fused,
583,simulation_0213,What is the height of the dog (including its tail) in meters?,V2MC,DS,0.6270100482596788,fuse-fused,
584,simulation_0214,What is the length of the black cat (including its tail) in meters?,V2MC,DS,0.7147825799576855,fuse-secondary-only,
585,simulation_0214,What is the length of the wooden bench in meters?,V2MC,DS,1.965432783141853,fuse-fused,
586,simulation_0214,What is the width of the wooden bench in meters?,V2MC,DS,0.6,fuse-disagreement,
587,simulation_0214,What is the length of the TV stand in meters?,V2MC,DS,1.0112267764577656,fuse-fused,
588,simulation_0214,What is the width of the TV stand in meters?,V2MC,DS,1.2384948082804974,fuse-fused,
589,simulation_0214,What is the diameter of the lampshade of the table lamp in meters?,V2MC,DS,0.5369721030946276,fuse-fused,
590,simulation_0214,What is the width of the floor mirror in meters?,V2MC,DS,5.797046111656991,fuse-secondary-only,
591,simulation_0214,What is the speed of the dog at time 1s in m/s?,V2MC,DD,0.2327494785824998,fuse-secondary-only,
592,simulation_0214,What is the speed of the dog at time 1.5s in m/s?,V2MC,DD,0.2327494785824998,fuse-secondary-only,
593,simulation_0214,What is the length of the dog (including its tail) in meters?,V2MC,DS,0.8499714343710599,fuse-secondary-only,
594,simulation_0214,What is the diameter of the white fur carpet in meters?,V2MC,DS,1.128180357035592,fuse-fused,
595,simulation_0214,What is the length of the white sofa in meters?,V2MC,DS,2.0039058354570387,fuse-fused,
596,simulation_0214,What is the width of the white sofa in meters?,V2MC,DS,0.5,fuse-disagreement,
597,simulation_0215,What is the length of the black cat (including its tail) in meters?,V2MC,DS,0.6541311332272387,fuse-fused,
598,simulation_0215,What is the length of the wooden bench in meters?,V2MC,DS,1.9609981495788178,fuse-fused,
599,simulation_0215,What is the width of the wooden bench in meters?,V2MC,DS,1.5503051600111564,fuse-fused,
600,simulation_0215,What is the length of the TV stand in meters?,V2MC,DS,1.2371867052163081,fuse-fused,
601,simulation_0215,What is the width of the TV stand in meters?,V2MC,DS,1.2371867052163081,fuse-fused,
602,simulation_0215,What is the diameter of the lampshade of the table lamp in meters?,V2MC,DS,0.7575741956445611,fuse-fused,
603,simulation_0215,What is the diameter of the vase in meters?,V2MC,DS,0.15,fuse-disagreement,
604,simulation_0215,What is the width of the floor mirror in meters?,V2MC,DS,5.783790159757421,fuse-secondary-only,
605,simulation_0215,What is the diameter of the white fur carpet in meters?,V2MC,DS,1.1270202552462307,fuse-fused,
606,simulation_0215,What is the length of the white sofa in meters?,V2MC,DS,2.367123729997295,fuse-fused,
607,simulation_0215,What is the width of the white sofa in meters?,V2MC,DS,2.654075513712651,fuse-fused,
608,simulation_0216,What is the length of the black cat (including its tail) in meters?,V2MC,DS,0.5775974661990617,fuse-fused,
609,simulation_0216,What is the height of the black cat (including its tail) in meters?,V2MC,DS,0.5079783387683535,fuse-secondary-only,
610,simulation_0216,What is the length of the wooden bench in meters?,V2MC,DS,1.0261147558654131,fuse-fused,
611,simulation_0216,What is the height of the wooden bench in meters?,V2MC,DS,0.5011341497225583,fuse-fused,
612,simulation_0216,What is the height of the lampshade of the table lamp in meters?,V2MC,DS,0.3266302884341268,fuse-fused,
613,simulation_0216,What is the diameter of the lampshade of the table lamp in meters?,V2MC,DS,0.33527025017961776,fuse-fused,
614,simulation_0216,What is the height of the table lamp in meters?,V2MC,DS,0.5120894409048768,fuse-fused,
615,simulation_0216,What is the height of the vase in meters?,V2MC,DS,0.28579240514682414,fuse-fused,
616,simulation_0216,What is the height of the floor mirror in meters?,V2MC,DS,1.524332860269046,fuse-fused,
617,simulation_0216,What is the length of the floor mirror in meters?,V2MC,DS,1.967905260632911,fuse-fused,
618,simulation_0216,What is the length of the TV in meters?,V2MC,DS,0.9293018878509732,fuse-secondary-only,
619,simulation_0216,What is the height of the TV in meters?,V2MC,DS,0.6645525346276195,fuse-fused,
620,simulation_0216,What is the length of the TV stand in meters?,V2MC,DS,1.7505291951054345,fuse-secondary-only,
621,simulation_0216,What is the height of the TV stand in meters?,V2MC,DS,0.45730163966791715,fuse-fused,
622,simulation_0217,What is the length of the black cat (including its tail) in meters?,V2MC,DS,0.7169719594688888,fuse-secondary-only,
623,simulation_0217,What is the length of the TV in meters?,V2MC,DS,3.232664989111409,fuse-secondary-only,
624,simulation_0217,What is the length of the wooden bench in meters?,V2MC,DS,2.1970197315384876,fuse-fused,
625,simulation_0217,What is the width of the wooden bench in meters?,V2MC,DS,0.5,fuse-disagreement,
626,simulation_0217,What is the width of the TV stand in meters?,V2MC,DS,0.5,fuse-disagreement,
627,simulation_0217,What is the diameter of the lampshade of the table lamp in meters?,V2MC,DS,0.5390486968070819,fuse-fused,
628,simulation_0217,What is the diameter of the vase in meters?,V2MC,DS,0.25,fuse-disagreement,
629,simulation_0217,What is the width of the floor mirror in meters?,V2MC,DS,0.75,fuse-disagreement,
630,simulation_0217,What is the speed of the dog at time 1s in m/s?,V2MC,DD,1.4298090330063808,fuse-secondary-only,
631,simulation_0217,What is the speed of the dog at time 1.5s in m/s?,V2MC,DD,1.4298090330063808,fuse-secondary-only,
632,simulation_0217,What is the length of the dog (including its tail) in meters?,V2MC,DS,0.8276767826638017,fuse-secondary-only,
633,simulation_0217,What is the diameter of the white fur carpet in meters?,V2MC,DS,1.464188103497078,fuse-fused,
634,simulation_0217,What is the length of the white sofa in meters?,V2MC,DS,2.38061592389756,fuse-fused,
635,simulation_0217,What is the width of the white sofa in meters?,V2MC,DS,2.0119876769564815,fuse-fused,
636,simulation_0218,What is the length of the big robot in meters?,V2MC,DS,3.22906022175968,fuse-fused,
637,simulation_0218,What is the height of the big robot in meters?,V2MC,DS,1.8907440635822872,fuse-fused,
638,simulation_0218,What is the length in meters of the long side of a marked parking space on the ground?,V2MC,DS,8.997246603523223,fuse-fused,
639,simulation_0218,What is the outer diameter of the robot's tires in meters?,V2MC,DS,5.924,fuse-disagreement,
640,simulation_0219,What is the length of the big robot in meters?,V2MC,DS,2.114329914885987,fuse-fused,
641,simulation_0219,What is the height of the big robot in meters?,V2MC,DS,2.980260659321191,fuse-secondary-only,
642,simulation_0219,What is the length in meters of the long side of a marked parking space on the ground?,V2MC,DS,6.411659574653043,fuse-fused,
643,simulation_0219,What is the outer diameter of the robot's tires in meters?,V2MC,DS,0.2765350867562314,fuse-fused,
644,simulation_0219,What is the speed of the small robot at 1s in m/s?,V2MC,DD,1.2140679903370206,fuse-fused,
645,simulation_0219,What is the height of the small robot in meters?,V2MC,DS,0.8654134253689505,fuse-fused,
646,simulation_0220,What is the length in meters of the long side of a marked parking space on the ground?,V2MC,DS,5.261291834297805,fuse-fused,
647,simulation_0220,What is the height of the small robot in meters?,V2MC,DS,1.278515350647952,fuse-secondary-only,
648,simulation_0221,What is the length of the wooden bench in meters?,S2MC,SS,0.657,fuse-primary-only,
649,simulation_0221,What is the width of the wooden bench in meters?,S2MC,SS,0.5,fuse-primary-only,
650,simulation_0221,What is the length of the TV stand in meters?,S2MC,SS,0.57,fuse-primary-only,
651,simulation_0221,What is the width of the TV stand in meters?,S2MC,SS,0.57,fuse-primary-only,
652,simulation_0221,What is the diameter of the lampshade of the table lamp in meters?,S2MC,SS,0.438,fuse-primary-only,
653,simulation_0221,What is the diameter of the vase in meters?,S2MC,SS,0.438,fuse-primary-only,
654,simulation_0221,What is the width of the floor mirror in meters?,S2MC,SS,0.438,fuse-primary-only,
655,simulation_0221,What is the diameter of the white fur carpet in meters?,S2MC,SS,0.876,fuse-primary-only,
656,simulation_0221,What is the length of the white sofa in meters?,S2MC,SS,1.095,fuse-primary-only,
657,simulation_0221,What is the width of the white sofa in meters?,S2MC,SS,1.095,fuse-primary-only,
658,simulation_0221,What is the speed of the vacuum cleaner at time 0.5s in m/s?,S2MC,SD,,none,neither arm answered
659,simulation_0221,What is the acceleration of the vacuum cleaner at time 0.5s in m/s^2?,S2MC,SD,,none,neither arm answered
660,simulation_0221,What is the speed of the vacuum cleaner at time 1s in m/s?,S2MC,SD,,none,neither arm answered
661,simulation_0221,What is the acceleration of the vacuum cleaner at time 1s in m/s^2?,S2MC,SD,,none,neither arm answered
662,simulation_0221,What is the speed of the vacuum cleaner at time 2s in m/s?,S2MC,SD,,none,neither arm answered
663,simulation_0221,What is the acceleration of the vacuum cleaner at time 2s in m/s^2?,S2MC,SD,,none,neither arm answered
664,simulation_0222,What is the length of the wooden bench in meters?,S2MS,SS,1.095,fuse-primary-only,
665,simulation_0222,What is the width of the wooden bench in meters?,S2MS,SS,0.657,fuse-primary-only,
666,simulation_0222,What is the length of the TV stand in meters?,S2MS,SS,1.095,fuse-primary-only,
667,simulation_0222,What is the width of the TV stand in meters?,S2MS,SS,0.57,fuse-primary-only,
668,simulation_0222,What is the diameter of the lampshade of the table lamp in meters?,S2MS,SS,0.438,fuse-primary-only,
669,simulation_0222,What is the diameter of the vase in meters?,S2MS,SS,0.438,fuse-primary-only,
670,simulation_0222,What is the width of the floor mirror in meters?,S2MS,SS,0.438,fuse-primary-only,
671,simulation_0222,What is the diameter of the white fur carpet in meters?,S2MS,SS,0.876,fuse-primary-only,
672,simulation_0222,What is the length of the white sofa in meters?,S2MS,SS,1.533,fuse-primary-only,
673,simulation_0222,What is the width of the white sofa in meters?,S2MS,SS,1.533,fuse-primary-only,
674,simulation_0222,What is the speed of the vacuum cleaner at time 0.5s in m/s?,S2MS,SD,0.5,fuse-primary-only,
675,simulation_0222,What is the acceleration of the vacuum cleaner at time 0.5s in m/s^2?,S2MS,SD,,none,neither arm answered
676,simulation_0222,What is the speed of the vacuum cleaner at time 1s in m/s?,S2MS,SD,0.438,fuse-primary-only,
677,simulation_0222,What is the acceleration of the vacuum cleaner at time 1s in m/s^2?,S2MS,SD,,none,neither arm answered
678,simulation_0222,What is the speed of the vacuum cleaner at time 2s in m/s?,S2MS,SD,0.625,fuse-primary-only,
679,simulation_0222,What is the acceleration of the vacuum cleaner at time 2s in m/s^2?,S2MS,SD,,none,neither arm answered
680,simulation_0223,What is the length(horizontal) of the chinese chess board in meters?,S2MC,SS,0.97,fuse-disagreement,
681,simulation_0223,What is the width(vertical) of the chinese chess board in meters?,S2MC,SS,0.97,fuse-disagreement,
682,simulation_0223,What is the speed of the moving red general chess at time 0.5s in m/s?,S2MC,SD,0.194,fuse-disagreement,
683,simulation_0223,What is the acceleration of the moving red general chess at time 0.5s in m/s^2?,S2MC,SD,0.0002378186287606,fuse-secondary-only,
684,simulation_0223,What is the speed of the moving red general chess at time 1s in m/s?,S2MC,SD,0.097,fuse-disagreement,
685,simulation_0223,What is the acceleration of the moving red general chess at time 1s in m/s^2?,S2MC,SD,0.0002378186287606,fuse-secondary-only,
686,simulation_0223,What is the speed of the moving red general chess at time 1.5s in m/s?,S2MC,SD,0.0647,fuse-disagreement,
687,simulation_0223,What is the acceleration of the moving red general chess at time 1.5s in m/s^2?,S2MC,SD,0.0002378186287606,fuse-secondary-only,
688,simulation_0224,What is the length of the chinese chess board in meters?,S2MC,SS,0.18801236124533027,fuse-fused,
689,simulation_0224,What is the speed of the moving chess at time 0.5s in m/s?,S2MC,SD,0.0001004419348652,fuse-secondary-only,
690,simulation_0224,What is the acceleration of the moving chess at time 0.5s in m/s^2?,S2MC,SD,0.000449155827769,fuse-secondary-only,
691,simulation_0224,What is the speed of the moving chess at time 1s in m/s?,S2MC,SD,0.0001004419348652,fuse-secondary-only,
692,simulation_0224,What is the acceleration of the moving chess at time 1s in m/s^2?,S2MC,SD,0.000449155827769,fuse-secondary-only,
693,simulation_0224,What is the speed of the moving chess at time 1.5s in m/s?,S2MC,SD,0.0001004419348652,fuse-secondary-only,
694,simulation_0224,What is the acceleration of the moving chess at time 1.5s in m/s^2?,S2MC,SD,0.000449155827769,fuse-secondary-only,
695,simulation_0225,What is the length of the black cat (including its tail) in meters?,V2MC,DS,0.6729347889379977,fuse-fused,
696,simulation_0225,What is the height of the black cat (including its tail) in meters?,V2MC,DS,0.514497086539007,fuse-fused,
697,simulation_0225,What is the width of the beach chair in meters?,V2MC,DS,1.1932109702518157,fuse-fused,
698,simulation_0225,What is the width of the pool tiles (horizontal side) in meters?,V2MC,DS,0.5,fuse-disagreement,
699,simulation_0226,What is the length of the black cat (including its tail) in meters?,V2MC,DS,0.6685065963218269,fuse-fused,
700,simulation_0226,What is the width of the beach chair in meters?,V2MC,DS,0.9133733479445011,fuse-fused,
701,simulation_0226,What is the width of the pool tiles (horizontal side) in meters?,V2MC,DS,0.5,fuse-disagreement,
702,simulation_0227,What is the length of the black cat (including its tail) in meters?,V2MC,DS,0.6600677852170534,fuse-fused,
703,simulation_0227,What is the height of the black cat (including its tail) in meters?,V2MC,DS,0.6734321516350958,fuse-fused,
704,simulation_0227,What is the width of the beach chair in meters?,V2MC,DS,1.1116864734163483,fuse-fused,
705,simulation_0227,What is the width of the pool tiles (horizontal side) in meters?,V2MC,DS,0.9,fuse-disagreement,
706,simulation_0227,What is the length of the swimming ring in meters?,V2MC,DS,1.387278665008532,fuse-fused,
707,simulation_0227,What is the height of the swimming ring in meters?,V2MC,DS,0.2,fuse-disagreement,
708,simulation_0227,What is the speed of the swimming ring at time 0.5s in m/s?,V2MC,DD,2.45760862031622,fuse-secondary-only,
709,simulation_0228,What is the length of the black cat (including its tail) in meters?,V2MC,DS,0.8922860087300561,fuse-secondary-only,
710,simulation_0228,What is the width of the beach chair in meters?,V2MC,DS,1.1427223351845472,fuse-fused,
711,simulation_0228,What is the width of the paving stones in meters?,V2MC,DS,0.75,fuse-disagreement,
712,simulation_0228,What is the length of the swimming ring in meters?,V2MC,DS,1.097393374876813,fuse-fused,
713,simulation_0228,What is the speed of the swimming ring at time 0.5s in m/s?,V2MC,DD,2.186791386078453,fuse-secondary-only,
714,simulation_0229,What is the diameter of the clock in meters?,S2MC,SS,0.4547619784079468,fuse-fused,
715,simulation_0229,What is the height of the chalkboard in meters?,S2MC,SS,1.4045702820470525,fuse-fused,
716,simulation_0229,What is the width of the orange chair next to the blackboard in meters?,S2MC,SS,0.7538816078516652,fuse-fused,
717,simulation_0229,What is the length of the teacher's table in meters?,S2MC,SS,1.336631056477364,fuse-fused,
718,simulation_0229,What is the ceiling height of the room in meters?,S2MC,SS,3.904893248411269,fuse-secondary-only,
719,simulation_0229,What is the speed of the paper airplane at time 1s in m/s?,S2MC,SD,5.796061699099162,fuse-secondary-only,
720,simulation_0229,What is the acceleration of the paper airplane at time 1s in m/s^2?,S2MC,SD,8.018037141605234,fuse-secondary-only,
721,simulation_0229,What is the speed of the paper airplane at time 1.25s in m/s?,S2MC,SD,4.8150022633843745,fuse-fused,
722,simulation_0229,What is the acceleration of the paper airplane at time 1.25s in m/s^2?,S2MC,SD,8.018037141605234,fuse-secondary-only,
723,simulation_0230,What is the diameter of the clock in meters?,S2MC,SS,0.4067577409885405,fuse-fused,
724,simulation_0230,What is the height of the chalkboard in meters?,S2MC,SS,1.4005446787858618,fuse-fused,
725,simulation_0230,What is the width of the orange chair next to the blackboard in meters?,S2MC,SS,1.377517717738532,fuse-fused,
726,simulation_0230,What is the length of the teacher's table in meters?,S2MC,SS,1.3390248742684145,fuse-fused,
727,simulation_0230,What is the ceiling height of the room in meters?,S2MC,SS,3.896046562615639,fuse-secondary-only,
728,simulation_0230,What is the speed of the paper airplane at time 1s in m/s?,S2MC,SD,6.088329483370223,fuse-secondary-only,
729,simulation_0230,What is the acceleration of the paper airplane at time 1s in m/s^2?,S2MC,SD,8.629446635673432,fuse-secondary-only,
730,simulation_0230,What is the speed of the paper airplane at time 1.25s in m/s?,S2MC,SD,4.934908097774556,fuse-fused,
731,simulation_0230,What is the acceleration of the paper airplane at time 1.25s in m/s^2?,S2MC,SD,8.629446635673432,fuse-secondary-only,
732,simulation_0230,What is the length of the black cat (including its tail) in meters?,S2MC,SS,0.8644742021580013,fuse-fused,
733,simulation_0230,What is the height of the black cat (including its tail) in meters?,S2MC,SS,0.5106950815810742,fuse-fused,
734,simulation_0230,What is the average speed of the black cat from the beginning to the end in m/s?,S2MC,SD,10.0,fuse-disagreement,
735,simulation_0231,What is the height of the chalkboard in meters?,V2MC,DS,1.4725049952365823,fuse-secondary-only,
736,simulation_0231,What is the width of the orange chair next to the blackboard in meters?,V2MC,DS,0.6409249072008996,fuse-fused,
737,simulation_0231,What is the length of the teacher's table in meters?,V2MC,DS,2.452903140132349,fuse-fused,
738,simulation_0231,What is the ceiling height of the room in meters?,V2MC,DS,3.512563517146197,fuse-secondary-only,
739,simulation_0231,What is the speed of the paper airplane at time 1s in m/s?,V2MC,DD,2.058000916130459,fuse-fused,
740,simulation_0231,What is the acceleration of the paper airplane at time 1s in m/s^2?,V2MC,DD,11.42580111616001,fuse-secondary-only,
741,simulation_0231,What is the speed of the paper airplane at time 1.25s in m/s?,V2MC,DD,4.235367770793808,fuse-secondary-only,
742,simulation_0231,What is the acceleration of the paper airplane at time 1.25s in m/s^2?,V2MC,DD,11.42580111616001,fuse-secondary-only,
743,simulation_0231,What is the length of the black cat (including its tail) in meters?,V2MC,DS,0.507346583544527,fuse-fused,
744,simulation_0231,What is the height of the black cat (including its tail) in meters?,V2MC,DS,0.381487789826041,fuse-fused,
745,simulation_0231,What is the length of the chalkboard in meters?,V2MC,DS,0.3,fuse-disagreement,
746,simulation_0231,What is the diameter of the clock in meters?,V2MC,DS,0.4334079459704602,fuse-fused,
747,simulation_0232,What is the width of the chair next to the blackboard in meters?,V2MS,DS,0.6337207623238716,fuse-fused,
748,simulation_0232,What is the length of the teacher's table in meters?,V2MS,DS,2.372216272164248,fuse-secondary-only,
749,simulation_0232,What is the ceiling height of the room in meters?,V2MS,DS,3.504513605160541,fuse-secondary-only,
750,simulation_0232,What is the speed of the paper airplane at time 1s in m/s?,V2MS,DD,0.7055850927575869,fuse-fused,
751,simulation_0232,What is the acceleration of the paper airplane at time 1s in m/s^2?,V2MS,DD,0.1166127803673236,fuse-secondary-only,
752,simulation_0232,What is the speed of the paper airplane at time 1.25s in m/s?,V2MS,DD,0.7112147473167606,fuse-secondary-only,
753,simulation_0232,What is the acceleration of the paper airplane at time 1.25s in m/s^2?,V2MS,DD,0.1166127803673236,fuse-secondary-only,
754,simulation_0232,What is the length of the black cat (including its tail) in meters?,V2MS,DS,0.5796692183203056,fuse-fused,
755,simulation_0232,What is the height of the black cat (including its tail) in meters?,V2MS,DS,0.3816230411170631,fuse-fused,
756,simulation_0232,What is the diameter of the clock in meters?,V2MS,DS,0.334923373748974,fuse-fused,
757,simulation_0233,What is the length of the black cat (including its tail) in meters?,V2MC,DS,0.8145770507014831,fuse-secondary-only,
758,simulation_0233,What is the width of the chair in meters?,V2MC,DS,0.6119847362069858,fuse-fused,
759,simulation_0233,What is the length of the chair in meters?,V2MC,DS,0.6703956897388293,fuse-fused,
760,simulation_0234,What is the length of the white basketball backboard in meters?,S2MC,SS,1.0763739295963104,fuse-fused,
761,simulation_0234,What is the height of the white basketball backboard in meters?,S2MC,SS,0.9071183909998286,fuse-fused,
762,simulation_0234,What is the height of the green section on the wall in meters?,S2MC,SS,1.8581563978651823,fuse-fused,
763,simulation_0234,What is the speed of the basketball at time 0.5s in m/s?,S2MC,SD,0.0277370165110436,fuse-secondary-only,
764,simulation_0234,What is the acceleration of the basketball at time 0.5s in m/s^2?,S2MC,SD,9.573503888595566,fuse-fused,
765,simulation_0234,What is the speed of the basketball at time 1.5s in m/s?,S2MC,SD,0.0277370165110436,fuse-secondary-only,
766,simulation_0234,What is the acceleration of the basketball at time 1.5s in m/s^2?,S2MC,SD,9.578387083959575,fuse-fused,
767,simulation_0235,What is the height of the trophy next to the basketball in meters?,S2MS,SS,0.6842348478224334,fuse-fused,
768,simulation_0235,What is the length of each small pane of the window in meters?,S2MS,SS,0.5638738545439353,fuse-fused,
769,simulation_0235,What is the height of each small pane of the window in meters?,S2MS,SS,0.5468621068248694,fuse-fused,
770,simulation_0235,What is the height of the green section on the wall in meters?,S2MS,SS,1.1082245129291068,fuse-fused,
771,simulation_0235,What is the speed of the basketball at time 0.5s in m/s?,S2MS,SD,0.0302374998552492,fuse-secondary-only,
772,simulation_0235,What is the acceleration of the basketball at time 0.5s in m/s^2?,S2MS,SD,9.547604062679365,fuse-fused,
773,simulation_0235,What is the speed of the basketball at time 1.5s in m/s?,S2MS,SD,0.0302374998552492,fuse-secondary-only,
774,simulation_0235,What is the acceleration of the basketball at time 1.5s in m/s^2?,S2MS,SD,9.547604062679365,fuse-fused,
775,simulation_0236,What is the height of the brown horse in meters?,V2MC,DS,1.8983145029455026,fuse-fused,
776,simulation_0236,What is the length of the brown horse in meters?,V2MC,DS,1.6372713685436702,fuse-fused,
777,simulation_0236,What is the height of the house in meters?,V2MC,DS,8.860021420148621,fuse-fused,
778,simulation_0236,What is the width of the house in meters?,V2MC,DS,5.446927672709248,fuse-fused,
779,simulation_0236,What is the height of each glass window in meters?,V2MC,DS,1.1006204791205485,fuse-fused,
780,simulation_0236,What is the width of each glass window in meters?,V2MC,DS,0.9475587876486877,fuse-fused,
781,simulation_0237,What is the length of the brown horse in meters?,V2MC,DS,2.5,fuse-disagreement,
782,simulation_0237,What is the width of the house in meters?,V2MC,DS,2.7742807098553715,fuse-fused,
783,simulation_0237,What is the length of the house in meters?,V2MC,DS,1.924158364268906,fuse-secondary-only,
784,simulation_0238,What is the height of the brown horse in meters?,V2MC,DS,1.041314831557269,fuse-fused,
785,simulation_0238,What is the length of the brown horse in meters?,V2MC,DS,1.4140416768286947,fuse-fused,
786,simulation_0238,What is the height of the house in meters?,V2MC,DS,3.9603422305522153,fuse-fused,
787,simulation_0238,What is the width of the house in meters?,V2MC,DS,5.2631439666539706,fuse-fused,
788,simulation_0238,What is the height of each glass window in meters?,V2MC,DS,0.6518043417917047,fuse-fused,
789,simulation_0238,What is the width of each glass window in meters?,V2MC,DS,0.3108244591194518,fuse-secondary-only,
790,simulation_0238,What is the speed of the horse in the front in m/s?,V2MC,DD,1.0241093691593686,fuse-fused,
791,simulation_0238,What is the height of the horse in the front in meters?,V2MC,DS,1.0631765079323932,fuse-fused,
792,simulation_0238,What is the length of the horse in the front in meters?,V2MC,DS,1.5714257145506154,fuse-fused,
793,simulation_0239,What is the length of the horse at the back in meters?,V2MC,DS,1.263714235220601,fuse-fused,
794,simulation_0239,What is the width of the house in meters?,V2MC,DS,5.573748670838786,fuse-fused,
795,simulation_0239,What is the length of the house in meters?,V2MC,DS,5.2137644715663445,fuse-fused,
796,simulation_0239,What is the speed of the horse in the front at 1s in m/s?,V2MC,DD,0.874,fuse-secondary-only,
797,simulation_0239,What is the length of the horse in the front in meters?,V2MC,DS,0.6387894673196753,fuse-secondary-only,
798,simulation_0240,What is the height of the horse at the back in meters?,V2MC,DS,0.6466381740440961,fuse-fused,
799,simulation_0240,What is the length of the horse at the back in meters?,V2MC,DS,1.371825759317027,fuse-fused,
800,simulation_0240,What is the height of the house in meters?,V2MC,DS,3.147680556135109,fuse-fused,
801,simulation_0240,What is the width of the house in meters?,V2MC,DS,2.9965467123802636,fuse-fused,
802,simulation_0240,What is the height of each glass window in meters?,V2MC,DS,0.6779280875585006,fuse-fused,
803,simulation_0240,What is the width of each glass window in meters?,V2MC,DS,0.41272114265732696,fuse-fused,
804,simulation_0240,What is the speed of the horse in the front at 1s in m/s?,V2MC,DD,0.874,fuse-fused,
805,simulation_0240,What is the height of the horse in the front in meters?,V2MC,DS,0.8471323225150155,fuse-fused,
806,simulation_0240,What is the length of the horse in the front in meters?,V2MC,DS,1.2522998555743141,fuse-fused,
807,simulation_0240,What is the speed of the rabbit at 1s in m/s?,V2MC,DD,,none,neither arm answered
808,simulation_0240,What is the length of the rabbit in meters?,V2MC,DS,0.1337748220951833,fuse-secondary-only,
809,simulation_0241,What is the length of the brown horse in meters?,V2MC,DS,3.0,fuse-disagreement,
810,simulation_0241,What is the width of the house in meters?,V2MC,DS,3.249769711254783,fuse-fused,
811,simulation_0241,What is the length of the house in meters?,V2MC,DS,2.5172607941398124,fuse-fused,
812,simulation_0241,What is the speed of the white horse at 1s in m/s?,V2MC,DD,0.3288449600339462,fuse-secondary-only,
813,simulation_0241,What is the length of the white horse in meters?,V2MC,DS,2.5,fuse-disagreement,
814,simulation_0241,What is the length of the rabbit in meters?,V2MC,DS,0.4487318854045564,fuse-secondary-only,
815,simulation_0241,What is the speed of the rabbit at 1s in m/s?,V2MC,DD,0.328408683885535,fuse-secondary-only,
816,simulation_0243,What is the height of the antelope in meters？,V2MC,DS,1.7095467019267732,fuse-fused,
817,simulation_0243,What is the length of the antelope in meters?,V2MC,DS,2.555759939692416,fuse-fused,
818,simulation_0243,What is the height of the tree on the left in meters?,V2MC,DS,5.523940136894404,fuse-fused,
819,simulation_0244,What is the height of the antelope in meters？,V2MC,DS,1.6156661846159144,fuse-fused,
820,simulation_0244,What is the length of the antelope in meters?,V2MC,DS,2.6449968463842537,fuse-fused,
821,simulation_0244,What is the height of the tree on the left in meters?,V2MC,DS,6.3524729664383734,fuse-fused,
822,simulation_0244,What is the speed of the rabbit in m/s?,V2MC,DD,0.128,fuse-disagreement,
823,simulation_0244,What is the height of the rabbit in meters?,V2MC,DS,0.15,fuse-disagreement,
824,simulation_0244,What is the length of the rabbit in meters?,V2MC,DS,0.2,fuse-disagreement,
825,simulation_0245,What is the height of the antelope in meters？,V2MS,DS,1.5865248191873507,fuse-fused,
826,simulation_0245,What is the length of the antelope in meters?,V2MS,DS,2.782706619998789,fuse-secondary-only,
827,simulation_0245,What is the speed of the rabbit at 1s in m/s?,V2MS,DD,2.097709560637922,fuse-secondary-only,
828,simulation_0245,What is the height of the rabbit in meters?,V2MS,DS,0.12,fuse-disagreement,
829,simulation_0245,What is the length of the rabbit in meters?,V2MS,DS,5.224168932468023,fuse-fused,
830,simulation_0246,What is the length of the antelope in meters?,V2MS,DS,2.707371068333371,fuse-fused,
831,simulation_0246,What is the speed of the rabbit at 1s in m/s?,V2MS,DD,1.2756907533789432,fuse-fused,
832,simulation_0246,What is the length of the rabbit in meters?,V2MS,DS,2.9406991745435738,fuse-secondary-only,
833,simulation_0248,What is the height of the horse at the back in meters?,V2MS,DS,1.4997799603227613,fuse-secondary-only,
834,simulation_0248,What is the length of the horse at the back in meters?,V2MS,DS,1.223252542447679,fuse-fused,
835,simulation_0248,What is the speed of the horse in the front at 1s in m/s?,V2MS,DD,0.874,fuse-fused,
836,simulation_0248,What is the height of the horse in the front in meters?,V2MS,DS,1.4997799603227613,fuse-secondary-only,
837,simulation_0248,What is the length of horse in the front in meters?,V2MS,DS,2.068856723521952,fuse-fused,
838,simulation_0248,What is the speed of the rabbit at 1s in m/s?,V2MS,DD,1.062656777084119,fuse-fused,
839,simulation_0248,What is the length of the rabbit in meters?,V2MS,DS,0.24789077582915506,fuse-fused,
840,simulation_0248,What is the height of the rabbit in meters?,V2MS,DS,0.23120295733484625,fuse-fused,
841,simulation_0249,What is the length of the horse at the back in meters?,V2MS,DS,0.612058788402524,fuse-fused,
842,simulation_0249,What is the speed of the horse in the front at 1s in m/s?,V2MS,DD,0.874,fuse-fused,
843,simulation_0249,What is the length of horse in the front in meters?,V2MS,DS,0.9258751323908555,fuse-fused,
844,simulation_0249,What is the length of the rabbit in meters?,V2MS,DS,0.3295402074049994,fuse-fused,
845,simulation_0249,What is the speed of the rabbit at 1s in m/s?,V2MS,DD,0.0654782293086808,fuse-secondary-only,
846,simulation_0251,What is the speed of the soccer ball at time 0.5s in m/s?,S2SS,SD,5.131864928186334,fuse-secondary-only,
847,simulation_0251,What is the speed of the soccer ball at time 2s in m/s?,S2SS,SD,0.86,fuse-disagreement,
848,simulation_0251,What is the speed of the soccer ball at time 1s in m/s?,S2SS,SD,0.344,fuse-disagreement,
849,simulation_0251,What is the speed of the soccer ball at time 1.5s in m/s?,S2SS,SD,0.573,fuse-disagreement,
850,simulation_0252,What is the speed of the soccer ball at time 0.5s in m/s?,S2SS,SD,6.036813904912561,fuse-secondary-only,
851,simulation_0252,What is the speed of the soccer ball at time 1s in m/s?,S2SS,SD,0.516,fuse-disagreement,
852,simulation_0252,What is the speed of the soccer ball at time 1.5s in m/s?,S2SS,SD,0.344,fuse-disagreement,
853,simulation_0252,What is the speed of the soccer ball at time 2s in m/s?,S2SS,SD,0.688,fuse-disagreement,
854,simulation_0253,What is the speed of the box at time 0.5s in m/s?,S2SS,SD,0.3,fuse-disagreement,
855,simulation_0253,What is the speed of the box at time 1s in m/s?,S2SS,SD,0.611,fuse-disagreement,
856,simulation_0253,What is the speed of the box at time 1.5s in m/s?,S2SS,SD,2.0909957141749493,fuse-fused,
857,simulation_0253,What is the speed of the box at time 1.75s in m/s?,S2SS,SD,0.86,fuse-disagreement,
858,simulation_0253,What is the acceleration of the box at time 0.5s in m/s^2?,S2SS,SD,0.611,fuse-disagreement,
859,simulation_0253,What is the acceleration of the box at time 1s in m/s^2?,S2SS,SD,0.611,fuse-disagreement,
860,simulation_0253,What is the acceleration of the box at time 1.5s in m/s^2?,S2SS,SD,0.611,fuse-disagreement,
861,simulation_0253,What is the acceleration of the box at time 1.75s in m/s^2?,S2SS,SD,0.611,fuse-disagreement,
862,simulation_0254,What is the speed of the tennis ball at time 0.5s in m/s?,S2SS,SD,1.0,fuse-primary-only,
863,simulation_0254,What is the speed of the tennis ball at time 1s in m/s?,S2SS,SD,0.595,fuse-primary-only,
864,simulation_0254,What is the speed of the tennis ball at time 1.5s in m/s?,S2SS,SD,0.4,fuse-primary-only,
865,simulation_0254,What is the speed of the tennis ball at time 1.75s in m/s?,S2SS,SD,0.34,fuse-primary-only,
866,simulation_0254,What is the acceleration of the tennis ball at time 0.5s in m/s^2?,S2SS,SD,,none,neither arm answered
867,simulation_0254,What is the acceleration of the tennis ball at time 1s in m/s^2?,S2SS,SD,18.0,fuse-primary-only,
868,simulation_0254,What is the acceleration of the tennis ball at time 1.5s in m/s^2?,S2SS,SD,,none,neither arm answered
869,simulation_0254,What is the acceleration of the tennis ball at time 1.75s in m/s^2?,S2SS,SD,,none,neither arm answered
870,simulation_0255,What is the speed of the tennis ball at time 0.5s in m/s?,S2SS,SD,12.0,fuse-primary-only,
871,simulation_0255,What is the speed of the tennis ball at time 1s in m/s?,S2SS,SD,1.0,fuse-primary-only,
872,simulation_0255,What is the speed of the tennis ball at time 1.5s in m/s?,S2SS,SD,12.0,fuse-primary-only,
873,simulation_0255,What is the acceleration of the tennis ball at time 0.5s in m/s^2?,S2SS,SD,,none,neither arm answered
874,simulation_0255,What is the acceleration of the tennis ball at time 1s in m/s^2?,S2SS,SD,,none,neither arm answered
875,simulation_0255,What is the acceleration of the tennis ball at time 1.5s in m/s^2?,S2SS,SD,,none,neither arm answered
876,simulation_0256,What is the speed of the tennis ball at time 0.5s in m/s?,S2SS,SD,6.446142975495091,fuse-secondary-only,
877,simulation_0256,What is the speed of the tennis ball at time 1s in m/s?,S2SS,SD,3.310353917384311,fuse-fused,
878,simulation_0256,What is the speed of the tennis ball at time 1.5s in m/s?,S2SS,SD,0.17,fuse-disagreement,
879,simulation_0256,What is the acceleration of the tennis ball at time 0.5s in m/s^2?,S2SS,SD,1.079872051030356,fuse-secondary-only,
880,simulation_0256,What is the acceleration of the tennis ball at time 1s in m/s^2?,S2SS,SD,1.079872051030356,fuse-secondary-only,
881,simulation_0256,What is the acceleration of the tennis ball at time 1.5s in m/s^2?,S2SS,SD,1.079872051030356,fuse-secondary-only,
882,simulation_0257,What is the height of the plant in meters?,A2MC,DS,1.225,fuse-disagreement,
883,simulation_0257,What is the diameter (width) of the plant in meters?,A2MC,DS,0.08617622862131931,fuse-fused,
884,simulation_0257,What is the width (longer side) of the table in meters?,A2MC,DS,3.3944209857162373,fuse-secondary-only,
885,simulation_0257,What is the width (longer side) of the AC in meters?,A2MC,DS,0.9956793731665172,fuse-fused,
886,simulation_0257,"What is the width of the phone placed to the right of the plant, in meters?",A2MC,DS,0.2734965947263829,fuse-secondary-only,
887,simulation_0257,What is the speed of the plant at time 0.2s in m/s?,A2MC,DD,1.142748995900102,fuse-fused,
888,simulation_0257,What is the speed of the plant at time 0.4s in m/s?,A2MC,DD,3.92,fuse-disagreement,
889,simulation_0258,What is the height of the plant in meters?,A2MC,DS,0.1,fuse-primary-only,
890,simulation_0258,What is the diameter (width) of the plant in meters?,A2MC,DS,0.05,fuse-primary-only,
891,simulation_0258,What is the width (longer side) of the table in meters?,A2MC,DS,0.72,fuse-primary-only,
892,simulation_0258,What is the width (longer side) of the AC in meters?,A2MC,DS,0.6,fuse-primary-only,
893,simulation_0258,"What is the width of the phone placed to the right of the plant, in meters?",A2MC,DS,0.07,fuse-primary-only,
894,simulation_0258,What is the speed of the pen at time 0.2s in m/s?,A2MC,DD,1.96,fuse-primary-only,
895,simulation_0258,What is the speed of the pen at time 0.4s in m/s?,A2MC,DD,3.92,fuse-primary-only,
896,simulation_0259,What is the height of the red cup in meters?,A2MC,DS,1.225,fuse-disagreement,
897,simulation_0259,What is the height of the plant in meters?,A2MC,DS,1.0,fuse-disagreement,
898,simulation_0259,What is the diameter（width) of the plant in meters?,A2MC,DS,0.08021722424534962,fuse-fused,
899,simulation_0259,What is the width(long side) of the table in meters?,A2MC,DS,2.1893693870997253,fuse-secondary-only,
900,simulation_0259,What is the width(long side) of the AC in meters?,A2MC,DS,0.8064100087469582,fuse-fused,
901,simulation_0259,"What is the width of the iPhone placed to the right of the plant, in meters?",A2MC,DS,0.10110302857588009,fuse-fused,
902,simulation_0259,What is the speed of the red cup at time 0.2s in m/s?,A2MC,DD,1.3398542756414888,fuse-fused,
903,simulation_0259,What is the speed of the red cup at time 0.4s in m/s?,A2MC,DD,1.8948400882157728,fuse-fused,
904,simulation_0259,What is the height of the mug in meters?,A2MC,DS,0.8,fuse-disagreement,
905,simulation_0259,What is the long side of the bag in meters?,A2MC,DS,0.385286513442175,fuse-fused,
906,simulation_0260,What is the height of the red cup in meters?,A2MC,DS,0.1075448337859791,fuse-secondary-only,
907,simulation_0260,What is the height of the plant in meters?,A2MC,DS,0.06534839510268851,fuse-fused,
908,simulation_0260,What is the diameter (width) of the plant in meters?,A2MC,DS,0.04786952031853564,fuse-fused,
909,simulation_0260,What is the width (longer side) of the table in meters?,A2MC,DS,9.8,fuse-disagreement,
910,simulation_0260,What is the width (longer side) of the AC in meters?,A2MC,DS,0.4798911183613767,fuse-fused,
911,simulation_0260,"What is the width of the iphone placed to the right of the plant, in meters?",A2MC,DS,0.08493259166671746,fuse-fused,
912,simulation_0260,What is the speed of the mug at time 0.2s in m/s?,A2MC,DD,1.3860960585136788,fuse-fused,
913,simulation_0260,What is the speed of the mug at time 0.4s in m/s?,A2MC,DD,1.9602358447019357,fuse-fused,
914,simulation_0260,What is the height of the mug in meters?,A2MC,DS,0.0858660499039085,fuse-secondary-only,
915,simulation_0260,What is the long side of the bag in meters?,A2MC,DS,0.3246982403249723,fuse-fused,
916,simulation_0261,What is the height of the mug in meters?,A2SS,DS,4.9,fuse-disagreement,
917,simulation_0261,What is the speed of the mug at time 0.2s in m/s?,A2SS,DD,1.2227907360640426,fuse-fused,
918,simulation_0261,What is the speed of the mug at time 0.4s in m/s?,A2SS,DD,3.92,fuse-disagreement,
919,simulation_0261,What is the speed of the mug at time 0.625s in m/s?,A2SS,DD,6.125,fuse-disagreement,
920,simulation_0262,What is the height of the red cup in meters?,A2SS,DS,2.75625,fuse-disagreement,
921,simulation_0262,What is the speed of the red cup at time 0.25s in m/s?,A2SS,DD,3.302168514070544,fuse-fused,
922,simulation_0262,What is the speed of the red cup at time 0.5s in m/s?,A2SS,DD,4.669971497839974,fuse-fused,
923,simulation_0262,What is the speed of the red cup at time 0.625s in m/s?,A2SS,DD,5.221186861078348,fuse-fused,
924,simulation_0263,What is the length of the spacecraft in meters?,A2SS,DS,5.845507271003501,fuse-secondary-only,
925,simulation_0263,What is the width of the spacecraft in meters?,A2SS,DS,5.845507271003501,fuse-secondary-only,
926,simulation_0263,What is the speed of the spacecraft at 0.5s in m/s?,A2SS,DD,1.9335702842071538,fuse-fused,
927,simulation_0263,What is the speed of the spacecraft at 1.0s in m/s?,A2SS,DD,3.874127987235807,fuse-fused,
928,simulation_0264,What is the length of the spacecraft in meters?,A2SS,DS,5.170275228638075,fuse-fused,
929,simulation_0264,What is the height of the spacecraft in meters?,A2SS,DS,1.733268664598142,fuse-secondary-only,
930,simulation_0264,What is the speed of the spacecraft at 0.5s in m/s?,A2SS,DD,1.8047273356574434,fuse-fused,
931,simulation_0264,What is the speed of the spacecraft at 1.0s in m/s?,A2SS,DD,3.768613220993433,fuse-fused,
932,simulation_0265,What is the length of the spacecraft in meters?,A2SS,DS,5.9332947223450745,fuse-secondary-only,
933,simulation_0265,What is the width of the spacecraft in meters?,A2SS,DS,5.9332947223450745,fuse-secondary-only,
934,simulation_0265,What is the speed of the spacecraft at 0.5s in m/s?,A2SS,DD,1.9820527158090466,fuse-fused,
935,simulation_0265,What is the speed of the spacecraft at 1.0s in m/s?,A2SS,DD,3.9875037281822534,fuse-fused,
936,simulation_0266,What is the length of the spacecraft in meters?,A2SC,DS,5.575485952482463,fuse-secondary-only,
937,simulation_0266,What is the width of the spacecraft in meters?,A2SC,DS,3.7334588361472734,fuse-fused,
938,simulation_0266,What is the speed of the spacecraft at 0.5s in m/s?,A2SC,DD,1.8958289317505934,fuse-fused,
939,simulation_0266,What is the speed of the spacecraft at 1.0s in m/s?,A2SC,DD,3.783717976465614,fuse-fused,
940,simulation_0267,What is the length of the spacecraft in meters?,A2SC,DS,5.8108125151991095,fuse-secondary-only,
941,simulation_0267,What is the height of the spacecraft in meters?,A2SC,DS,1.86002694168278,fuse-secondary-only,
942,simulation_0267,What is the speed of the spacecraft at 0.5s in m/s?,A2SC,DD,1.8822027476646848,fuse-fused,
943,simulation_0267,What is the speed of the spacecraft at 1.0s in m/s?,A2SC,DD,3.943387045047501,fuse-fused,
944,simulation_0268,What is the length of the spacecraft in meters?,A2SC,DS,5.407295752711562,fuse-fused,
945,simulation_0268,What is the width of the spacecraft in meters?,A2SC,DS,2.9616978588619993,fuse-fused,
946,simulation_0268,What is the speed of the spacecraft at 0.5s in m/s?,A2SC,DD,1.9681439107720304,fuse-fused,
947,simulation_0268,What is the speed of the spacecraft at 1.0s in m/s?,A2SC,DD,3.963803912905737,fuse-fused,
948,simulation_0269,What is the body length of the phoenix in meters?,A2SS,DS,1.6047229761200266,fuse-secondary-only,
949,simulation_0269,What is the width (wing span) of the phoenix in meters?,A2SS,DS,1.6047229761200266,fuse-secondary-only,
950,simulation_0269,What is the speed of the phoenix at 0.5s in m/s?,A2SS,DD,0.589581241791128,fuse-fused,
951,simulation_0269,What is the speed of the phoenix at 1.0s in m/s?,A2SS,DD,1.132268443322624,fuse-fused,
952,simulation_0270,What is the length of the phoenix in meters?,A2SS,DS,0.4951142460556629,fuse-secondary-only,
953,simulation_0270,What is the height of the phoenix in meters?,A2SS,DS,0.3427072594533077,fuse-secondary-only,
954,simulation_0270,What is the speed of the phoenix at 0.5s in m/s?,A2SS,DD,0.5272436280820328,fuse-fused,
955,simulation_0270,What is the speed of the phoenix at 1.0s in m/s?,A2SS,DD,2.0,fuse-disagreement,
956,simulation_0271,What is the body length of the phoenix in meters?,A2SS,DS,1.6905913527997944,fuse-secondary-only,
957,simulation_0271,What is the width (wing span) of the phoenix in meters?,A2SS,DS,1.6905913527997944,fuse-secondary-only,
958,simulation_0271,What is the speed of the phoenix at 0.5s in m/s?,A2SS,DD,0.8033159988561304,fuse-fused,
959,simulation_0271,What is the speed of the phoenix at 1.0s in m/s?,A2SS,DD,1.2733773950992482,fuse-fused,
960,simulation_0272,What is the body length of the phoenix in meters?,A2SC,DS,1.2773781293951574,fuse-secondary-only,
961,simulation_0272,What is the width (wing span) of the phoenix in meters?,A2SC,DS,1.2773781293951574,fuse-secondary-only,
962,simulation_0272,What is the speed of the phoenix at 0.5s in m/s?,A2SC,DD,0.5822355269605871,fuse-fused,
963,simulation_0272,What is the speed of the phoenix at 1.0s in m/s?,A2SC,DD,1.1312048518985818,fuse-fused,
964,simulation_0273,What is the body length of the phoenix in meters?,A2SC,DS,0.4997420664573501,fuse-secondary-only,
965,simulation_0273,What is the speed of the phoenix at 0.5s in m/s?,A2SC,DD,0.5216604389038461,fuse-fused,
966,simulation_0273,What is the speed of the phoenix at 1.0s in m/s?,A2SC,DD,2.0,fuse-disagreement,
967,simulation_0274,What is the width of the raccoon in meters?,S2SS,SS,1.5100000000000002,fuse-fused,
968,simulation_0274,What is the speed of the raccoon at 1.0s in m/s?,S2SS,SD,2.487439714387035,fuse-secondary-only,
969,simulation_0274,"What is the displacement of the raccoon from 0.5 s to 1.0 s, in meters?",S2SS,SS,1.2288205727444508,fuse-fused,
970,simulation_0275,What is the height of the raccoon in meters?,S2SS,SS,0.5463978867744252,fuse-fused,
971,simulation_0275,What is the speed of the raccoon at 1.0s in m/s?,S2SS,SD,2.3742363862000495,fuse-fused,
972,simulation_0275,"What is the displacement of the raccoon from 0.5 s to 1.0 s, in meters?",S2SS,SS,1.7378147196982767,fuse-fused,
973,simulation_0276,What is the width of the raccoon in meters?,S2SC,SS,0.3,fuse-disagreement,
974,simulation_0276,What is the speed of the raccoon at 1.0s in m/s?,S2SC,SD,0.5,fuse-disagreement,
975,simulation_0276,"What is the displacement of the raccoon from 0.5 s to 1.0 s, in meters?",S2SC,SS,1.5049916943292412,fuse-fused,
976,simulation_0277,What is the height of the raccoon in meters?,S2SC,SS,0.6917905236303545,fuse-fused,
977,simulation_0277,What is the speed of the raccoon at 1.0s in m/s?,S2SC,SD,3.6493380526673507,fuse-fused,
978,simulation_0277,"What is the displacement of the raccoon from 0.5 s to 1.0 s, in meters?",S2SC,SS,1.9429359227725447,fuse-fused,
979,simulation_0278,What is the length of the whale in meters?,V2SS,DS,43.06946178492882,fuse-secondary-only,
980,simulation_0278,What is the width of the whale in meters?,V2SS,DS,43.06946178492882,fuse-secondary-only,
981,simulation_0278,"What is the displacement of the whale from 0.5 s to 1.0 s, in meters?",V2SS,DS,0.835,fuse-disagreement,
982,simulation_0279,What is the length of the whale in meters?,V2SS,DS,1.67,fuse-disagreement,
983,simulation_0279,What is the height of the whale in meters?,V2SS,DS,4.77338237780854,fuse-secondary-only,
984,simulation_0279,"What is the displacement of the whale from 0.5 s to 1.0 s, in meters?",V2SS,DS,0.835,fuse-disagreement,
985,simulation_0280,What is the speed of the whale at 1.0s in m/s?,S2SC,DS,1.3883343854420933,fuse-secondary-only,
986,simulation_0280,What is the height of the whale in meters?,S2SC,DS,5.170434019182813,fuse-fused,
987,simulation_0280,"What is the displacement of the whale from 0.5 s to 1.0 s, in meters?",S2SC,DS,11.076461528845753,fuse-fused,
988,simulation_0281,What is the speed of the whale at 1.0s in m/s?,S2SC,DS,1.9808651883788533,fuse-secondary-only,
989,simulation_0281,What is the width of the whale in meters?,S2SC,DS,10.498928516758271,fuse-fused,
990,simulation_0281,"What is the displacement of the whale from 0.5 s to 1.0 s, in meters?",S2SC,DS,1.0,fuse-disagreement,
991,simulation_0282,What is the body length of the dragon in meters?,V2SS,DS,1.7406894919668443,fuse-secondary-only,
992,simulation_0282,What is the width (wing span) of the dragon in meters?,V2SS,DS,1.0685979802988066,fuse-secondary-only,
993,simulation_0282,"What is the displacement of the dragon from 0.5 s to 1.0 s, in meters?",V2SS,DS,1.0595964903295096,fuse-fused,
994,simulation_0283,What is the speed of the dragon at 1.0s in m/s?,S2SC,SD,1.7891402422729878,fuse-secondary-only,
995,simulation_0283,"What is the displacement of the dragon from 0.5s to 1.0s, in meters?",S2SC,SS,0.9185586535436918,fuse-fused,
996,simulation_0284,What is the length of the plane in meters?,V2SS,DS,1.5,fuse-disagreement,
997,simulation_0284,What is the width of the plane in meters?,V2SS,DS,7.7209083417242645,fuse-fused,
998,simulation_0284,"What is the displacement of the plane from 0.5s to 1.0s, in meters?",V2SS,DS,14.51338277325225,fuse-fused,
999,simulation_0285,What is the length of the plane in meters?,V2SS,DS,21.159126466377042,fuse-fused,
1000,simulation_0285,What is the height of the plane in meters?,V2SS,DS,160.0,fuse-disagreement,
1001,simulation_0285,"What is the displacement of the plane from 0.5 s to 1.0 s, in meters?",V2SS,DS,12.858993806731956,fuse-fused,
1002,simulation_0286,What is the length of the plane in meters?,V2SC,DS,18.655637122355756,fuse-secondary-only,
1003,simulation_0286,What is the width of the plane in meters?,V2SC,DS,14.873084061436307,fuse-secondary-only,
1004,simulation_0286,"What is the displacement of the plane from 0.5 s to 1.0 s, in meters?",V2SC,DS,14.37722015257824,fuse-fused,
1005,simulation_0287,What is the length of the plane in meters?,V2SC,DS,11.57499880916254,fuse-fused,
1006,simulation_0287,What is the height of the plane in meters?,V2SC,DS,8.472454859641177,fuse-fused,
1007,simulation_0287,"What is the displacement of the plane from 0.5 s to 1.0 s, in meters?",V2SC,DS,12.84309161269126,fuse-fused,
1008,simulation_0288,What is the length of the fish in meters?,V2SS,DS,0.7864467341634919,fuse-secondary-only,
1009,simulation_0288,What is the width of the fish in meters?,V2SS,DS,0.7864467341634919,fuse-secondary-only,
1010,simulation_0288,"What is the displacement of the fish from 0.5 s to 1.0 s, in meters?",V2SS,DS,0.5132832122179428,fuse-fused,
1011,simulation_0289,What is the length of the fish in meters?,V2SS,DS,0.7681123618843265,fuse-secondary-only,
1012,simulation_0289,"What is the displacement of the fish from 0.5 s to 1.0 s, in meters?",V2SS,DS,0.5072648629968859,fuse-fused,
1013,simulation_0290,What is the length of the fish in meters?,V2SC,DS,0.8084454523040382,fuse-secondary-only,
1014,simulation_0290,What is the width of the fish in meters?,V2SC,DS,0.6357851257712932,fuse-fused,
1015,simulation_0290,"What is the displacement of the fish from 0.5 s to 1.0 s, in meters?",V2SC,DS,0.520412554154733,fuse-fused,
1016,simulation_0291,What is the length of the fish in meters?,V2SC,DS,0.48366915260751214,fuse-fused,
1017,simulation_0291,What is the height of the fish in meters?,V2SC,DS,0.33174932952907205,fuse-fused,
1018,simulation_0291,"What is the displacement of the fish from 0.5 s to 1.0 s, in meters?",V2SC,DS,0.5111050429434347,fuse-fused,
1019,simulation_0292,What is the length of the column below the drone in meters?,V2SS,DS,1.1522093835134208,fuse-fused,
1020,simulation_0292,What is the height of the column below the drone in meters?,V2SS,DS,1.1522093835134208,fuse-fused,
1021,simulation_0292,"What is the displacement of the column below the drone from 0.5 s to 1.0 s, in meters?",V2SS,DS,0.8147350684291113,fuse-fused,
1022,simulation_0293,What is the length of the column below the drone in meters?,V2SC,DS,0.96,fuse-primary-only,
1023,simulation_0293,What is the height of the column below the drone in meters?,V2SC,DS,,none,neither arm answered
1024,simulation_0293,"What is the displacement of the column below the drone from 0.5 s to 1.0 s, in meters?",V2SC,DS,0.48,fuse-primary-only,
1025,simulation_0294,What is the length of the butterfly's wings in meters?,V2SS,DS,0.10774941647653315,fuse-fused,
1026,simulation_0294,"What is the displacement of the butterfly from 0.5 s to 1.0 s, in meters?",V2SS,DS,0.16263415958630245,fuse-fused,
1027,simulation_0295,What is the length of the butterfly's wings in meters?,V2SC,DS,0.09340521559605443,fuse-fused,
1028,simulation_0295,"What is the displacement of the butterfly from 0.5 s to 1.0 s, in meters?",V2SC,DS,0.16580429127743085,fuse-fused,
1029,simulation_0296,What is the width (wing span) of the butterfly in meters?,V2SC,DS,0.0835349298918316,fuse-fused,
1030,simulation_0296,What is the length of the butterfly's wings in meters?,V2SC,DS,0.03,fuse-disagreement,
1031,simulation_0296,"What is the displacement of the butterfly from 0.5 s to 1.0 s, in meters?",V2SC,DS,0.1800775016217832,fuse-fused,
1032,simulation_0297,"What is the displacement of the jellyfish from 0.5 s to 1.0 s, in meters?",V2SC,DS,1.5413857266196056,fuse-fused,
1033,simulation_0298,What is the length of the fire truck in meters?,V2SX,DS,9.527621914618363,fuse-secondary-only,
1034,simulation_0298,What is the width of the fire truck in meters?,V2SX,DS,9.527621914618363,fuse-secondary-only,
1035,simulation_0298,"What is the displacement of the fire truck from 0.5 s to 1.0 s, in meters?",V2SX,DS,7.297904254148354,fuse-fused,
1036,simulation_0008,What is the width of the wooden pier in meters?,S3MC,SS,1.5326345585182628,fuse-fused,
1037,simulation_0008,What is the length of the pier from the shore-side edge to the water-side edge in meters?,S3MC,SS,1.5286630723820787,fuse-fused,
1038,simulation_0008,"When t=3s, what is the minimum distance from the outer end of the pier to the boat in meters?",S3MC,SS,1.4933369060567083,fuse-fused,
1039,simulation_0008,What is the width of the wooden stairs in meters?,S3MC,SS,2.376189577841979,fuse-disagreement,
1040,simulation_0008,What is the height of the pier deck above the water surface in meters?,S3MC,SS,1.6838948473202644,fuse-fused,
1041,simulation_0008,What is the height of the cabin floor above the ground in meters?,S3MC,SS,0.7762470940757811,fuse-fused,
1042,simulation_0008,What is the average speed of the boat from 1.0s to 2.0s in m/s?,S3MC,SD,0.8950454877508592,fuse-fused,
1043,simulation_0009,What is the length of the boat in meters?,V3MC,DS,3.3924928541289883,fuse-fused,
1044,simulation_0009,What is the width of the boat in meters?,V3MC,DS,1.7716716116796885,fuse-fused,
1045,simulation_0009,What is the height of the boat in meters?,V3MC,DS,1.616826830055461,fuse-secondary-only,
1046,simulation_0009,What is the width (shorter side) of the wooden pier in meters?,V3MC,DS,4.070855814960064,fuse-fused,
1047,simulation_0009,What is the length of the pier from the shore-side edge to the water-side edge in meters?,V3MC,DS,4.451982216509941,fuse-fused,
1048,simulation_0009,"When t=3s, what is the minimum distance from the outer end of the pier to the boat in meters?",V3MC,DS,3.594762181369992,fuse-fused,
1049,simulation_0009,What is the width of the wooden steps in meters?,V3MC,DS,1.5424370097833626,fuse-fused,
1050,simulation_0009,What is the height of the pier deck above the water surface in meters?,V3MC,DS,23.125,fuse-disagreement,
1051,simulation_0009,What is the height of the cabin floor above the ground in meters?,V3MC,DS,1.2643916654424163,fuse-secondary-only,
1052,simulation_0010,What is the width between the two widest eaves of the small house in meters?,V3MC,SS,12.356460316663622,fuse-fused,
1053,simulation_0010,What is the height of the house’s door in meters?,V3MC,SS,2.6663796707687726,fuse-fused,
1054,simulation_0010,What is the maximum height of the cart from the ground in meters?,V3MC,SS,2.4526266282501994,fuse-fused,
1055,simulation_0010,What is the diameter of the cart’s wheels in meters?,V3MC,SS,1.9958247249772194,fuse-fused,
1056,simulation_0010,What is the average speed of the bird from 0.5s to 1.0s in m/s?,V3MC,SD,2.501525205889627,fuse-fused,
1057,simulation_0011,What is the average speed of the bird from 0.5s to 1.0s in m/s?,A3MC,DD,,none,neither arm answered
1058,simulation_0011,What is the height of the house’s door in meters?,A3MC,DS,,none,neither arm answered
1059,simulation_0011,What is the diameter of the cart’s wheels in meters?,A3MC,DS,,none,neither arm answered
1060,simulation_0011,What is the width between the two widest eaves of the house in meters?,A3MC,DS,,none,neither arm answered
1061,simulation_0011,What is the body length of the bird in meters?,A3MC,DS,,none,neither arm answered
1062,simulation_0011,How wide is the bird's wingspan when it spreads its wings in meters?,A3MC,DS,,none,neither arm answered
1063,simulation_0013,What is the flight speed of the bird at 1.0s in m/s?,A3MC,DD,1.883,fuse-primary-only,
1064,simulation_0013,What is the body length of the bird in meters?,A3MC,DS,,none,neither arm answered
1065,simulation_0013,What is the diameter of the cart’s wheels in meters?,A3MC,DS,0.05,fuse-primary-only,
1066,simulation_0014,What is the height of the house’s door in meters?,A3MC,DS,,none,neither arm answered
1067,simulation_0014,What is the diameter of the cart’s wheels in meters?,A3MC,DS,,none,neither arm answered
1068,simulation_0014,What is the width between the two widest eaves of the house in meters?,A3MC,DS,10.0,fuse-primary-only,
1069,simulation_0014,What is the maximum height of the cart from the ground in meters?,A3MC,DS,,none,neither arm answered
1070,simulation_0014,What is the height of the rectangular cargo box on the cart in meters?,A3MC,DS,,none,neither arm answered
1071,simulation_0014,What is the length of rectangular cargo box on the cart in meters?,A3MC,DS,1.5,fuse-primary-only,
1072,simulation_0015,What is the height of the central sculpture itself (excluding the pedestal) in meters?,S3MC,SS,1.888477185567781,fuse-disagreement,
1073,simulation_0015,What is the width of the pedestal (square base) of the central sculpture in meters?,S3MC,SS,1.2519441577693624,fuse-fused,
1074,simulation_0015,What is the height of the pedestal (square base) of the central sculpture in meters?,S3MC,SS,1.1539733691311131,fuse-primary-only,
1075,simulation_0015,What is the height of the freestanding art display panel in meters?,S3MC,SS,2.2931799706274845,fuse-fused,
1076,simulation_0015,What is the height of the bench seat in the atrium in meters?,S3MC,SS,0.6375103886197844,fuse-fused,
1077,simulation_0015,What is the width of the bench seat in the atrium in meters?,S3MC,SS,1.4304057051849648,fuse-fused,
1078,simulation_0015,What is the length of the bench seat in the atrium in meters?,S3MC,SS,1.785621530510234,fuse-fused,
1079,simulation_0015,What is the clear height from the floor to the underside of the open roof frame (lattice) in meters?,S3MC,SS,4.929645584803179,fuse-fused,
1080,simulation_0015,What is the vertical depth (thickness) of the open roof frame (top edge to bottom edge) in meters?,S3MC,SS,7.5513187978924385,fuse-fused,
1081,simulation_0015,What is the speed of the human at 1.0s in m/s?,S3MC,SD,1.2922916860117943,fuse-fused,
1082,simulation_0017,What is the height of the person in meters?,V3MC,DS,0.6564396815195621,fuse-secondary-only,
1083,simulation_0017,What is the width of the pedestal (square base) of the central sculpture in meters?,V3MC,DS,3.033646154197414,fuse-fused,
1084,simulation_0017,What is the height of the pedestal (square base) of the central sculpture in meters?,V3MC,DS,5.708486864861003,fuse-secondary-only,
1085,simulation_0017,What is the height of the bench seat in the atrium in meters?,V3MC,DS,1.0088081501675792,fuse-secondary-only,
1086,simulation_0017,What is the length of the bench seat in the atrium in meters?,V3MC,DS,1.5297533722914425,fuse-fused,
1087,simulation_0017,What is the height of the central sculpture itself (excluding the pedestal) in meters?,V3MC,DS,1.0468603579887534,fuse-secondary-only,
1088,simulation_0017,What is the height of the freestanding art display panel in meters?,V3MC,DS,3.111447037520079,fuse-fused,
1089,simulation_0019,What is the walking speed of the person at 0.5s in m/s?,S3MC,SD,3.819908247308193,fuse-disagreement,
1090,simulation_0019,What is the width of the pedestal (square base) of the central sculpture in meters?,S3MC,SS,7.451774958521903,fuse-disagreement,
1091,simulation_0019,What is the height of the pedestal (square base) of the central sculpture in meters?,S3MC,SS,3.514156266963535,fuse-fused,
1092,simulation_0019,What is the height of the central sculpture itself (excluding the pedestal) in meters?,S3MC,SS,4.090349192345156,fuse-fused,
1093,simulation_0019,What is the width of the freestanding art display panel in meters?,S3MC,SS,16.447644163532285,fuse-disagreement,
1094,simulation_0019,What is the height of the freestanding art display panel in meters?,S3MC,SS,26.006473822414296,fuse-disagreement,
1095,simulation_0021,What is the walking speed of the person at 1.0s in m/s?,S3MC,SD,0.2228311941162121,fuse-fused,
1096,simulation_0021,What is the height of the fire hydrant in meters?,S3MC,SS,1.0987912078550925,fuse-fused,
1097,simulation_0021,What is the height of the streetlight in meters?,S3MC,SS,4.760327271436609,fuse-fused,
1098,simulation_0022,What is the speed of the boat at 1.0s in m/s?,S2SS,SD,2.0065182064795315,fuse-secondary-only,
1099,simulation_0022,What is the height of the boat in meters?,S2SS,SS,5.477225575051663,fuse-fused,
1100,simulation_0023,What is the speed of the boat at 1.0s in m/s?,V3MC,DD,3.480984552649145,fuse-fused,
1101,simulation_0023,What is the height of the boat in meters?,V3MC,DS,8.411902123225897,fuse-secondary-only,
1102,simulation_0023,What is the length of the boat in meters?,V3MC,DS,8.411902123225897,fuse-secondary-only,
1103,simulation_0023,What is the length of the eagle in meters?,V3MC,DS,1.1552495927339974,fuse-secondary-only,
1104,simulation_0023,What is the eagle’s wingspan (the distance from the tip of one wing to the tip of the other when fully spread) in meters?,V3MC,DS,0.7842251268355821,fuse-secondary-only,
1105,simulation_0024,What is the height of the boat in meters?,V3MS,DS,8.785613174295268,fuse-secondary-only,
1106,simulation_0024,What is the length of the boat in meters?,V3MS,DS,0.3257,fuse-disagreement,
1107,simulation_0024,What is the width of the boat in meters?,V3MS,DS,9.777665401976073,fuse-secondary-only,
1108,simulation_0025,What is the speed of the eagle at 1.0s in m/s?,V3MC,DD,7.7719,fuse-primary-only,
1109,simulation_0025,What is the length of the eagle in meters?,V3MC,DS,,none,neither arm answered
1110,simulation_0025,What is the eagle’s wingspan (the distance from the tip of one wing to the tip of the other when fully spread) in meters?,V3MC,DS,,none,neither arm answered
1111,simulation_0025,What is the height of the person in meters?,V3MC,DS,114.8356,fuse-primary-only,
1112,simulation_0026,What is the height of the boat in meters?,S3MC,SS,5.996304881413338,fuse-fused,
1113,simulation_0026,What is the length of the boat in meters?,S3MC,SS,6.704072664327019,fuse-fused,
1114,simulation_0026,What is the speed of the person at 1.0s in m/s?,S3MC,SD,0.4530012115978485,fuse-primary-only,
1115,simulation_0027,What is the speed of the person from 1.0s to 2.0s in m/s?,S3MS,SD,0.6304808391419059,fuse-disagreement,
1116,simulation_0028,What is the eagle’s wingspan (the distance from the tip of one wing to the tip of the other when fully spread) in meters?,S3MC,SS,0.0015219392700737,fuse-disagreement,
1117,simulation_0028,What is the speed of the eagle at 1.0s in m/s?,S3MC,SD,0.7141539760420423,fuse-fused,
1118,simulation_0029,What is the length of the eagle in meters?,V3MC,DS,0.5183028209143732,fuse-fused,
1119,simulation_0029,What is the height of the boat in meters?,V3MC,DS,3.401008443496228,fuse-secondary-only,
1120,simulation_0029,What is the length of the boat in meters?,V3MC,DS,3.401008443496228,fuse-secondary-only,
1121,simulation_0029,What is the speed of the boat at 1.0s in m/s?,V3MC,DD,3.2770483175355682,fuse-fused,
1122,simulation_0031,What is the height of the person in meters?,V3MC,DS,1.8570866022314831,fuse-fused,
1123,simulation_0031,What is the height of the boat in meters?,V3MC,DS,13.471373666046023,fuse-secondary-only,
1124,simulation_0031,What is the length of the boat in meters?,V3MC,DS,13.471373666046023,fuse-secondary-only,
1125,simulation_0031,What is the width of the boat in meters?,V3MC,DS,1.0,fuse-disagreement,
1126,simulation_0031,What is the speed of the boat at 1.0s in m/s?,V3MC,DD,3.394,fuse-primary-only,
1127,simulation_0031,What is the length of the eagle in meters?,V3MC,DS,1.6753377962347655,fuse-secondary-only,
1128,simulation_0031,What is the speed of the eagle at 1.0s in m/s?,V3MC,DD,9.51,fuse-primary-only,
1129,simulation_0031,What is the eagle’s wingspan (the distance from the tip of one wing to the tip of the other when fully spread) in meters?,V3MC,DS,10.509776428592351,fuse-secondary-only,
1130,simulation_0033,What is the walking speed of the person at 1.0s in meters?,A3MC,DD,0.129,fuse-disagreement,
1131,simulation_0033,What is the height of the fire hydrant in meters?,A3MC,DS,1.0581438849401146,fuse-fused,
1132,simulation_0033,What is the height of the streetlight in meters?,A3MC,DS,4.252669769955744,fuse-fused,
1133,simulation_0033,What is the height of the person in meters?,A3MC,DS,1.5939043057349758,fuse-fused,
1134,simulation_0033,What is the speed of the green car at 1.0s in m/s?,A3MC,DD,1.0,fuse-disagreement,
1135,simulation_0033,What is the length of the orange car in meters?,A3MC,DS,4.491342625880072,fuse-fused,
1136,simulation_0033,What is the height of the orange car in meters?,A3MC,DS,1.4107728402776734,fuse-fused,
1137,simulation_0033,What is the height of the curb along the road in meters?,A3MC,DS,0.829991656147494,fuse-fused,
1138,simulation_0034,What is the average speed of the boat from the beginning to the end in m/s?,S3MC,SD,4.050520679553363,fuse-fused,
1139,simulation_0034,What is the height of the boat in meters?,S3MC,SS,6.506345206813715,fuse-fused,
1140,simulation_0034,What is the width of the boat in meters?,S3MC,SS,4.115095927303674,fuse-fused,
1141,simulation_0034,What is the average speed of the person from the beginning to the end in m/s?,S3MC,SD,1.584296246104444,fuse-primary-only,
1142,simulation_0034,What is the eagle’s wingspan (the distance from the tip of one wing to the tip of the other when fully spread) in meters?,S3MC,SS,13.26755672377409,fuse-disagreement,
1143,simulation_0034,What is the average speed of the eagle from the beginning to the end in m/s?,S3MC,SD,11.78150049673439,fuse-fused,
1144,simulation_0035,What is the average speed of the person from the beginning to the end in m/s?,S3MC,SD,1.1319006981409363,fuse-primary-only,
1145,simulation_0035,What is the eagle’s wingspan (the distance from the tip of one wing to the tip of the other when fully spread) in meters?,S3MC,SS,0.0123315051373493,fuse-disagreement,
1146,simulation_0035,What is the speed of the eagle from the beginning to the end in m/s?,S3MC,SD,9.23516936852341,fuse-fused,
1147,simulation_0035,What is the body length of the eagle in meters?,S3MC,SS,0.7184679089690135,fuse-fused,
1148,simulation_0036,What is the height of the boat in meters?,S3MC,SS,5.000000000000001,fuse-fused,
1149,simulation_0036,What is the height of the person in meters?,S3MC,SS,1.3138336191868851,fuse-fused,
1150,simulation_0036,What is the speed of the boat from the beginning to the end in m/s?,S3MC,SD,3.3587349328458362,fuse-fused,
1151,simulation_0036,What is the average speed of the person from the beginning to the end in m/s?,S3MC,SD,1.1918965259610976,fuse-primary-only,
1152,simulation_0037,What is the height of the person in meters?,V3MS,DS,1.578771710120887,fuse-secondary-only,
1153,simulation_0039,What is the speed of the person at 1.0s in m/s?,V3MC,DD,1.1022234796192305,fuse-secondary-only,
1154,simulation_0039,What is the length of the boat in meters?,V3MC,DS,1.5,fuse-disagreement,
1155,simulation_0039,What is the width of the boat in meters?,V3MC,DS,1.0,fuse-disagreement,
1156,simulation_0039,What is the length of the eagle in meters?,V3MC,DS,1.227132657991957,fuse-secondary-only,
1157,simulation_0039,What is the eagle’s wingspan (the distance from the tip of one wing to the tip of the other when fully spread) in meters?,V3MC,DS,1.0,fuse-disagreement,
1158,simulation_0039,What is the speed of the eagle at 1.0s in m/s?,V3MC,DD,4.7405219999280055,fuse-fused,
1159,simulation_0040,What is the eagle’s wingspan (the distance from the tip of one wing to the tip of the other when fully spread) in meters?,S3MC,SS,2.2479616657473662,fuse-fused,
1160,simulation_0040,What is the speed of the eagle at 1.0s in m/s?,S3MC,SD,2.9855691947125678,fuse-fused,
1161,simulation_0040,What is the average of the person at 1.0s in m/s?,S3MC,SD,0.6521787720668927,fuse-disagreement,
1162,simulation_0042,What is the length of the boat in meters?,V3MC,DS,9.379006353475209,fuse-secondary-only,
1163,simulation_0042,What is the width of the boat in meters?,V3MC,DS,4.644535995445937,fuse-fused,
1164,simulation_0042,What is the speed of the boat at 1.0s in m/s?,V3MC,DD,4.108596341029965,fuse-secondary-only,
1165,simulation_0042,What is the length of the eagle in meters?,V3MC,DS,1.0914829592882778,fuse-fused,
1166,simulation_0042,What is the eagle’s wingspan (the distance from the tip of one wing to the tip of the other when fully spread) in meters?,V3MC,DS,25.2210737093597,fuse-secondary-only,
1167,simulation_0043,What is the width of the boat in meters?,S3MC,SS,7.071067811865476,fuse-fused,
1168,simulation_0043,What is the speed of the boat at 1.0s in m/s?,S3MC,SD,4.252321009881927,fuse-disagreement,
1169,simulation_0043,What is the width of the rock in meters?,S3MC,SS,48.587441000304324,fuse-fused,
1170,simulation_0044,What is the width of the rock in meters?,S3MC,SS,0.7949756667673884,fuse-disagreement,
1171,simulation_0044,What is the speed of the eagle at 1.0s in m/s?,S3MC,SD,2.345891504469259,fuse-fused,
1172,simulation_0044,What is the eagle’s wingspan (the distance from the tip of one wing to the tip of the other when fully spread) in meters?,S3MC,SS,0.0016265802582145,fuse-disagreement,
1173,simulation_0045,What is the speed of the walking person from the beginning to the end in m/s?,V3MC,DD,1.2077,fuse-disagreement,
1174,simulation_0045,What is the height of the walking person in meters?,V3MC,DS,3.270319714735175,fuse-secondary-only,
1175,simulation_0045,What is the height of the telephone booth in meters?,V3MC,DS,3.169633041357638,fuse-secondary-only,
1176,simulation_0045,What is the distance between the left pillar of the near door and the right pillar of the far door in meters?,V3MC,DS,12.1,fuse-disagreement,
1177,simulation_0045,"What is the height of the moving bicycle (from the handlebar to the ground, including below the wheel) in meters?",V3MC,DS,2.2712309858573496,fuse-secondary-only,
1178,simulation_0045,What is the length of the moving bicycle in meters?,V3MC,DS,3.325792371920606,fuse-fused,
1179,simulation_0045,What is the diameter of the wheel of the moving bicycle in meters?,V3MC,DS,4.7789,fuse-disagreement,
1180,simulation_0045,What is the height of the first step in front of the door of the nearer house in meters?,V3MC,DS,0.15,fuse-disagreement,
1181,simulation_0046,What is the speed of the walking person at 1.0s in m/s?,S3MC,SD,0.48677196837438935,fuse-fused,
1182,simulation_0046,What is the height of the walking person in meters?,S3MC,SS,1.2115447841238594,fuse-fused,
1183,simulation_0046,What is the height of the telephone booth in meters?,S3MC,SS,2.3539840514069232,fuse-fused,
1184,simulation_0046,What is the width of the telephone booth in meters?,S3MC,SS,1.151971650107073,fuse-fused,
1185,simulation_0046,What is the distance between the left pillar of the near door and the right pillar of the far door in meters?,S3MC,SS,1.0421445183910159,fuse-fused,
1186,simulation_0046,"What is the height of the moving bicycle (from the handlebar to the ground, including below the wheel) in meters?",S3MC,SS,1.3956259983681147,fuse-primary-only,
1187,simulation_0046,What is the length of the moving bicycle in meters?,S3MC,SS,1.1703665886518773,fuse-fused,
1188,simulation_0046,What is the height of the first step in front of the door of the nearer house in meters?,S3MC,SS,0.4281384179477007,fuse-fused,
1189,simulation_0046,What is the speed of the moving bicycle from 1.0s to 2.0s in m/s?,S3MC,SD,3.824487292548015,fuse-disagreement,
1190,simulation_0048,What is the speed of the walking person at 1.0s in m/s?,S3MC,SD,0.5169980883923819,fuse-fused,
1191,simulation_0048,What is the width of the telephone booth in meters?,S3MC,SS,3.153659277531343,fuse-disagreement,
1192,simulation_0048,What is the distance between the left pillar of the near door and the right pillar of the far door in meters?,S3MC,SS,7.259330108610135,fuse-fused,
1193,simulation_0048,"What is the height of the moving bicycle (from the handlebar to the ground, including below the wheel) in meters?",S3MC,SS,1.14143959012709,fuse-primary-only,
1194,simulation_0048,What is the speed of the moving bicycle at 1.0s in m/s?,S3MC,SD,2.534299787406634,fuse-fused,
1195,simulation_0048,What is the diameter of the wheel of the moving bicycle in meters?,S3MC,SS,0.5959764062848278,fuse-fused,
1196,simulation_0049,What is the speed of the walking person from 1.0s to 2.0s in m/s?,V3MC,DD,1.23,fuse-disagreement,
1197,simulation_0049,What is the height of the walking person in meters?,V3MC,DS,3.0411800040224244,fuse-secondary-only,
1198,simulation_0049,What is the height of the telephone booth in meters?,V3MC,DS,,none,neither arm answered
1199,simulation_0049,What is the distance between the left pillar of the near door and the right pillar of the far door in meters?,V3MC,DS,11.56313586729586,fuse-fused,
1200,simulation_0049,What is the diameter of the wheel of the moving bicycle in meters?,V3MC,DS,4.8409,fuse-disagreement,
1201,simulation_0050,What is the height of the walking person in meters?,V3MC,DS,1.8477195140864624,fuse-secondary-only,
1202,simulation_0050,What is the height of the telephone booth in meters?,V3MC,DS,1.8901447729110248,fuse-fused,
1203,simulation_0050,What is the width of the telephone booth in meters?,V3MC,DS,1.0028788726126387,fuse-fused,
1204,simulation_0050,What is the distance between the left pillar of the near door and the right pillar of the far door in meters?,V3MC,DS,10.0,fuse-disagreement,
1205,simulation_0050,What is the length of the moving bicycle in meters?,V3MC,DS,2.4246354543830493,fuse-fused,
1206,simulation_0050,What is the average speed of the moving bicycle from 1.0s to 2.0s in m/s?,V3MC,DD,3.3458583101875625,fuse-fused,
1207,simulation_0050,"What is the height of the moving bicycle (from the handlebar to the ground, including below the wheel) in meters?",V3MC,DS,1.052444824897545,fuse-secondary-only,
1208,simulation_0050,What is the diameter of the wheel of the moving bicycle in meters?,V3MC,DS,2.22723020075479,fuse-fused,
1209,simulation_0050,What is the height of the first step in front of the door of the nearer house in meters?,V3MC,DS,0.37239553030513145,fuse-fused,
1210,simulation_0052,What is the height of the fire hydrant in meters?,A3MC,DS,1.2,fuse-disagreement,
1211,simulation_0052,What is the height of the streetlight in meters?,A3MC,DS,0.8495301092159486,fuse-secondary-only,
1212,simulation_0052,What is the speed of the green car at 1.0s in m/s?,A3MC,DD,1.5037187500696074,fuse-fused,
1213,simulation_0052,What is the length of the orange car in meters?,A3MC,DS,0.9078857683438328,fuse-secondary-only,
1214,simulation_0052,What is the height of the orange car in meters?,A3MC,DS,0.3328497828920566,fuse-secondary-only,
1215,simulation_0052,What is the height of the curb along the road in meters?,A3MC,DS,0.2348365685877996,fuse-fused,
1216,simulation_0052,What is the height of the green car in meters?,A3MC,DS,0.1987707679746499,fuse-secondary-only,
1217,simulation_0052,What is the length of the green car in meters?,A3MC,DS,1.162529914864376,fuse-fused,
1218,simulation_0052,What is the distance between the right streetlight and the left streetlight in meters?,A3MC,DS,0.112,fuse-disagreement,
1219,simulation_0055,What is the height of the fire hydrant in meters?,A3MC,DS,1.6501680550839173,fuse-secondary-only,
1220,simulation_0055,What is the height of the streetlight in meters?,A3MC,DS,6.601363987662226,fuse-secondary-only,
1221,simulation_0055,What is the length of the orange car in meters?,A3MC,DS,5.854847280241289,fuse-fused,
1222,simulation_0055,What is the height of the orange car in meters?,A3MC,DS,3.2722203615846306,fuse-secondary-only,
1223,simulation_0055,What is the height of the curb along the road in meters?,A3MC,DS,2.439363900408027,fuse-secondary-only,
1224,simulation_0055,What is the average walking speed of the person from 1.0s to 2.0s in meters?,A3MC,DD,3.3650776998776397,fuse-fused,
1225,simulation_0055,What is the height of the person in meters?,A3MC,DS,2.606577978064012,fuse-fused,
1226,simulation_0056,What is the height of the fire hydrant in meters?,A3MC,DS,1.0,fuse-primary-only,
1227,simulation_0056,What is the height of the streetlight in meters?,A3MC,DS,3.4979994741627505,fuse-fused,
1228,simulation_0056,What is the average speed of the green car from 0.0s to 1.0s in m/s?,A3MC,DD,12.22267633674417,fuse-fused,
1229,simulation_0056,What is the width of the orange car in meters?,A3MC,DS,5.718455761169105,fuse-secondary-only,
1230,simulation_0056,What is the width of the green car in meters?,A3MC,DS,7.5157762212456,fuse-secondary-only,
1231,simulation_0056,What is the distance between the right streetlight and the left streetlight in meters?,A3MC,DS,7.973,fuse-disagreement,
1232,simulation_0058,What is the speed of the yellow car at 2.5s in m/s？,A3MC,DD,4.0092664062172,fuse-fused,
1233,simulation_0058,What is the width of the lane in meters?,A3MC,DS,3.5,fuse-primary-only,
1234,simulation_0058,What is the length of the white car in meters？,A3MC,DS,1.15,fuse-primary-only,
1235,simulation_0058,What is the length of the turning yellow car in meters?,A3MC,DS,3.4125,fuse-primary-only,
1236,simulation_0058,What is the height of the turning yellow car in meters?,A3MC,DS,,none,neither arm answered
1237,simulation_0058,What is the diameter of the bicycle wheel in meters?,A3MC,DS,,none,neither arm answered
1238,simulation_0058,What is the height of the streetlight in meters?,A3MC,DS,10.0,fuse-primary-only,
1239,simulation_0058,What is the speed of the walking pedestrian from 0.0s to 1.0s in m/s?,A3MC,DD,1.0323,fuse-primary-only,
1240,simulation_0058,What is the height of the walking pedestrian in meters?,A3MC,DS,1.7,fuse-primary-only,
1241,simulation_0058,What is the speed of the bicycle from the beginning to the end in m/s?,A3MC,DD,0.6,fuse-primary-only,
1242,simulation_0058,What is the width of the green car in meters?,A3MC,DS,0.83,fuse-primary-only,
1243,simulation_0058,What is the width of the purple car in meters?,A3MC,DS,,none,neither arm answered
1244,simulation_0059,What is the speed of the yellow car at 2.5s in m/s？,A3MC,DD,3.388556964532292,fuse-fused,
1245,simulation_0059,What is the width of the lane in meters?,A3MC,DS,10.0,fuse-disagreement,
1246,simulation_0059,What is the length of the white car in meters？,A3MC,DS,43.0028,fuse-disagreement,
1247,simulation_0059,What is the length of the turning yellow car in meters?,A3MC,DS,1.0,fuse-disagreement,
1248,simulation_0059,What is the height of the turning yellow car in meters?,A3MC,DS,0.0793636806885528,fuse-secondary-only,
1249,simulation_0059,What is the diameter of the bicycle wheel in meters?,A3MC,DS,0.07166668725580894,fuse-fused,
1250,simulation_0059,What is the height of the traffic light in meters?,A3MC,DS,4.0,fuse-disagreement,
1251,simulation_0059,What is the height of the streetlight in meters?,A3MC,DS,0.7028135727130858,fuse-fused,
1252,simulation_0059,What is the speed of the walking pedestrian from the beginning to the end in m/s?,A3MC,DD,1.15,fuse-disagreement,
1253,simulation_0059,What is the height of the walking pedestrian in meters?,A3MC,DS,0.1013515119549386,fuse-secondary-only,
1254,simulation_0059,What is the speed of the bicycle from the beginning to the end in m/s?,A3MC,DD,0.23804054604496594,fuse-fused,
1255,simulation_0059,What is the width of the green car in meters?,A3MC,DS,0.1329628237443479,fuse-secondary-only,
1256,simulation_0059,What is the width of the purple car in meters?,A3MC,DS,0.1056837029032954,fuse-secondary-only,
1257,simulation_0060,What is the speed of the yellow car at 2.5s in m/s？,A3MC,DD,3.0922544388201247,fuse-fused,
1258,simulation_0060,What is the width of the lane in meters?,A3MC,DS,6.917119386508156,fuse-fused,
1259,simulation_0060,What is the length of the white car in meters？,A3MC,DS,2.6530503959084264,fuse-fused,
1260,simulation_0060,What is the length of the turning yellow car in meters?,A3MC,DS,2.4746456646683934,fuse-fused,
1261,simulation_0060,What is the height of the turning yellow car in meters?,A3MC,DS,2.3984675825456616,fuse-secondary-only,
1262,simulation_0060,What is the diameter of the bicycle wheel in meters?,A3MC,DS,0.3586407816119201,fuse-secondary-only,
1263,simulation_0060,What is the speed of the walking pedestrian from the beginning to the end in m/s?,A3MC,DD,0.1505095993121576,fuse-secondary-only,
1264,simulation_0060,What is the height of the walking pedestrian in meters?,A3MC,DS,0.6747557256710693,fuse-secondary-only,
1265,simulation_0060,What is the average speed of the bicycle from the beginning to the end in m/s?,A3MC,DD,0.3272,fuse-disagreement,
1266,simulation_0060,What is the width of the green car in meters?,A3MC,DS,3.344460191672598,fuse-fused,
1267,simulation_0060,What is the width of the purple car in meters?,A3MC,DS,2.7834289189650976,fuse-secondary-only,
1268,simulation_0061,What is the speed of the yellow car at 2.5s in m/s？,A3MC,DD,3.0764405321169233,fuse-fused,
1269,simulation_0061,What is the width of the lane in meters?,A3MC,DS,1.5,fuse-disagreement,
1270,simulation_0061,What is the length of the white car in meters？,A3MC,DS,2.593660869562479,fuse-fused,
1271,simulation_0061,What is the length of the turning yellow car in meters?,A3MC,DS,3.8993950907923676,fuse-fused,
1272,simulation_0061,What is the height of the turning yellow car in meters?,A3MC,DS,1.750588369326149,fuse-secondary-only,
1273,simulation_0061,What is the diameter of the bicycle wheel in meters?,A3MC,DS,0.7463721896643171,fuse-secondary-only,
1274,simulation_0061,What is the height of the traffic light in meters?,A3MC,DS,2.515678213470969,fuse-fused,
1275,simulation_0061,What is the height of the streetlight in meters?,A3MC,DS,5.427031589145341,fuse-fused,
1276,simulation_0061,What is the average speed of the walking pedestrian from the beginning to the end in m/s?,A3MC,DD,1.0849641684550468,fuse-fused,
1277,simulation_0061,What is the height of the walking pedestrian in meters?,A3MC,DS,2.466973925868836,fuse-secondary-only,
1278,simulation_0061,What is the average speed of the bicycle from the beginning to the end in m/s?,A3MC,DD,2.879624625289667,fuse-fused,
1279,simulation_0062,What is the average speed of the yellow car at 2.5s in m/s？,A3MC,DD,4.283033033470116,fuse-fused,
1280,simulation_0062,What is the width of the lane in meters?,A3MC,DS,3.5,fuse-disagreement,
1281,simulation_0062,What is the height of the white car in meters？,A3MC,DS,3.271228964399358,fuse-secondary-only,
1282,simulation_0062,What is the length of the white car in meters？,A3MC,DS,0.76,fuse-disagreement,
1283,simulation_0062,What is the length of the turning yellow car in meters?,A3MC,DS,4.265683911549046,fuse-fused,
1284,simulation_0062,What is the height of the turning yellow car in meters?,A3MC,DS,2.718150870997292,fuse-secondary-only,
1285,simulation_0062,What is the width of the turning yellow car in meters?,A3MC,DS,5.81343745471194,fuse-secondary-only,
1286,simulation_0062,What is the diameter of the bicycle wheel in meters?,A3MC,DS,1.0698438334800695,fuse-secondary-only,
1287,simulation_0062,What is the height of the traffic light in meters?,A3MC,DS,3.684409978405683,fuse-fused,
1288,simulation_0062,What is the height of the streetlight in meters?,A3MC,DS,6.273790256067935,fuse-fused,
1289,simulation_0062,What is the average speed of the walking pedestrian from the beginning to the end in m/s?,A3MC,DD,1.3358890535248187,fuse-fused,
1290,simulation_0062,What is the height of the walking pedestrian in meters?,A3MC,DS,5.216165386678819,fuse-secondary-only,
1291,simulation_0062,What is the average speed of the bicycle from the beginning to the end in m/s?,A3MC,DD,0.1,fuse-disagreement,
1292,simulation_0063,What is the speed of the yellow car at 2.5s in m/s？,A3MC,DD,1.8884,fuse-disagreement,
1293,simulation_0063,What is the width of the lane in meters?,A3MC,DS,1.9748900929036297,fuse-fused,
1294,simulation_0063,What is the height of the white car in meters？,A3MC,DS,0.1377022297891269,fuse-secondary-only,
1295,simulation_0063,What is the length of the white car in meters？,A3MC,DS,4.5,fuse-disagreement,
1296,simulation_0063,What is the length of the turning yellow car in meters?,A3MC,DS,1.89,fuse-disagreement,
1297,simulation_0063,What is the height of the turning yellow car in meters?,A3MC,DS,1.5,fuse-disagreement,
1298,simulation_0063,What is the width of the turning yellow car in meters?,A3MC,DS,2.5,fuse-disagreement,
1299,simulation_0063,What is the diameter of the bicycle wheel in meters?,A3MC,DS,0.527,fuse-disagreement,
1300,simulation_0063,What is the height of the traffic light in meters?,A3MC,DS,3.5,fuse-disagreement,
1301,simulation_0063,What is the height of the streetlight in meters?,A3MC,DS,4.5,fuse-disagreement,
1302,simulation_0063,What is the average speed of the walking pedestrian from the beginning to the end in m/s?,A3MC,DD,1.17,fuse-disagreement,
1303,simulation_0063,What is the height of the walking pedestrian in meters?,A3MC,DS,1.7,fuse-disagreement,
1304,simulation_0063,What is the average speed of the bicycle from the beginning to the end in m/s?,A3MC,DD,1.658,fuse-disagreement,
1305,simulation_0064,What is the speed of the yellow car at 2.5s in m/s？,A3MC,DD,0.58,fuse-disagreement,
1306,simulation_0064,What is the width of the lane in meters?,A3MC,DS,4.524556079840841,fuse-fused,
1307,simulation_0064,What is the height of the white car in meters？,A3MC,DS,0.1826262760767955,fuse-secondary-only,
1308,simulation_0064,What is the width of the white car in meters？,A3MC,DS,1.8,fuse-disagreement,
1309,simulation_0064,What is the length of the turning yellow car in meters?,A3MC,DS,0.7539455935214927,fuse-fused,
1310,simulation_0064,What is the height of the turning yellow car in meters?,A3MC,DS,0.1330338637122181,fuse-secondary-only,
1311,simulation_0064,What is the width of the turning yellow car in meters?,A3MC,DS,1.8,fuse-disagreement,
1312,simulation_0064,What is the diameter of the bicycle wheel in meters?,A3MC,DS,5.3169,fuse-disagreement,
1313,simulation_0064,What is the height of the traffic light in meters?,A3MC,DS,4.0,fuse-disagreement,
1314,simulation_0064,What is the average speed of the walking pedestrian from 1.0s to the end in m/s?,A3MC,DD,2.3812241697852565,fuse-fused,
1315,simulation_0064,What is the height of the walking pedestrian in meters?,A3MC,DS,0.1314978881837135,fuse-secondary-only,
1316,simulation_0064,What is the average speed of the bicycle from the beginning to the end in m/s?,A3MC,DD,5.3169,fuse-disagreement,
1317,simulation_0065,What is the average speed of the yellow car from the beginning to the end in m/s？,A3MC,DD,3.26,fuse-primary-only,
1318,simulation_0065,What is the width of the lane in meters?,A3MC,DS,2.3792,fuse-primary-only,
1319,simulation_0065,What is the height of the white car in meters？,A3MC,DS,1.5,fuse-primary-only,
1320,simulation_0065,What is the width of the white car in meters？,A3MC,DS,1.8,fuse-primary-only,
1321,simulation_0065,What is the length of the turning yellow car in meters?,A3MC,DS,4.0,fuse-primary-only,
1322,simulation_0065,What is the height of the turning yellow car in meters?,A3MC,DS,,none,neither arm answered
1323,simulation_0065,What is the width of the turning yellow car in meters?,A3MC,DS,1.8,fuse-primary-only,
1324,simulation_0065,What is the diameter of the bicycle wheel in meters?,A3MC,DS,5.0984,fuse-primary-only,
1325,simulation_0065,What is the height of the traffic light in meters?,A3MC,DS,4.0,fuse-primary-only,
1326,simulation_0065,What is the average speed of the walking pedestrian from 1.0s to 2.0s in m/s?,A3MC,DD,2.0,fuse-primary-only,
1327,simulation_0065,What is the height of the walking pedestrian in meters?,A3MC,DS,,none,neither arm answered
1328,simulation_0065,What is the average speed of the bicycle from the beginning to the end in m/s?,A3MC,DD,5.0984,fuse-primary-only,
1329,simulation_0066,What is the speed of the yellow car at 2.5s in m/s？,A3MC,DD,1.000348401691051,fuse-fused,
1330,simulation_0066,What is the width of the lane in meters?,A3MC,DS,5.945215141976114,fuse-fused,
1331,simulation_0066,What is the width of the white car in meters?,A3MC,DS,4.3840720566492095,fuse-fused,
1332,simulation_0066,What is the length of the white car in meters？,A3MC,DS,3.5795798447948632,fuse-fused,
1333,simulation_0066,What is the height of the white car in meters？,A3MC,DS,3.7298733416771905,fuse-fused,
1334,simulation_0066,What is the length of the turning yellow car in meters?,A3MC,DS,3.2851043290185666,fuse-fused,
1335,simulation_0066,What is the height of the turning yellow car in meters?,A3MC,DS,1.9094168152742943,fuse-secondary-only,
1336,simulation_0066,What is the width of the turning yellow car in meters?,A3MC,DS,3.95798894179348,fuse-fused,
1337,simulation_0066,What is the diameter of the bicycle wheel in meters?,A3MC,DS,4.4135,fuse-disagreement,
1338,simulation_0066,What is the average speed of the walking pedestrian from the beginning to the end in m/s?,A3MC,DD,0.591216757287628,fuse-fused,
1339,simulation_0066,What is the height of the walking pedestrian in meters?,A3MC,DS,1.4734232208591276,fuse-secondary-only,
1340,simulation_0066,What is the average speed of the bicycle from the beginning to the end in m/s?,A3MC,DD,3.4460493627415243,fuse-fused,
1341,simulation_0066,What is the width of the green car in meters?,A3MC,DS,2.249485985043523,fuse-secondary-only,
1342,simulation_0066,What is the length of the green car in meters?,A3MC,DS,3.18161703111733,fuse-fused,
1343,simulation_0066,What is the height of the green car in meters?,A3MC,DS,1.0445587189937455,fuse-secondary-only,
1344,simulation_0066,What is the width of the purple car in meters?,A3MC,DS,7.134980794038984,fuse-secondary-only,
1345,simulation_0066,What is the height of the purple car in meters?,A3MC,DS,3.1872649942215165,fuse-secondary-only,
1346,simulation_0067,What is the speed of the yellow car at 2.5s in m/s？,A3MC,DD,2.92613435908692,fuse-fused,
1347,simulation_0067,What is the width of the lane in meters?,A3MC,DS,5.57,fuse-disagreement,
1348,simulation_0067,What is the width of the white car in meters?,A3MC,DS,0.58,fuse-disagreement,
1349,simulation_0067,What is the length of the white car in meters？,A3MC,DS,2.1857,fuse-disagreement,
1350,simulation_0067,What is the height of the white car in meters？,A3MC,DS,2.0,fuse-disagreement,
1351,simulation_0067,What is the length of the turning yellow car in meters?,A3MC,DS,1.0,fuse-disagreement,
1352,simulation_0067,What is the height of the turning yellow car in meters?,A3MC,DS,17.46564974761905,fuse-secondary-only,
1353,simulation_0067,What is the width of the turning yellow car in meters?,A3MC,DS,4.5,fuse-disagreement,
1354,simulation_0067,What is the diameter of the bicycle wheel in meters?,A3MC,DS,2.6255394050169163,fuse-fused,
1355,simulation_0067,What is the average speed of the walking pedestrian from the beginning to the end in m/s?,A3MC,DD,1.9676363380048456,fuse-fused,
1356,simulation_0067,What is the height of the walking pedestrian in meters?,A3MC,DS,9.47213342230702,fuse-secondary-only,
1357,simulation_0067,What is the average speed of the bicycle from the beginning to the end in m/s?,A3MC,DD,3.681,fuse-disagreement,
1358,simulation_0067,What is the width of the purple car in meters?,A3MC,DS,2.0,fuse-disagreement,
1359,simulation_0067,What is the height of the purple car in meters?,A3MC,DS,11.05603985278266,fuse-secondary-only,
1360,simulation_0067,What is the length of the purple car in meters?,A3MC,DS,10.981938487901774,fuse-fused,
1361,simulation_0074,What is the length of the turning yellow car in meters?,S3MS,SS,5.787926972837249,fuse-fused,
1362,simulation_0074,What is the average speed of the walking pedestrian from the beginning to the end in m/s?,S3MS,SD,0.8055737229505561,fuse-fused,
1363,simulation_0074,What is the height of the walking pedestrian in meters?,S3MS,SS,1.932064654991935,fuse-disagreement,
1364,simulation_0074,What is the average speed of the turing yellow car from the beginning to the end in m/s?,S3MS,SD,5.610359920056904,fuse-disagreement,
1365,simulation_0074,What is the width of the turning yellow car in meters?,S3MS,SS,5.787926972837249,fuse-fused,
1366,simulation_0074,What is the height of the turning yellow car in meters?,S3MS,SS,2.474259228376812,fuse-fused,
1367,simulation_0074,What is the width of the purple car in meters?,S3MS,SS,2.992958902391548,fuse-fused,
1368,simulation_0074,What is the height of the purple car in meters?,S3MS,SS,2.009566098089091,fuse-fused,
1369,simulation_0074,What is the length of the purple car in meters?,S3MS,SS,5.464370348419178,fuse-fused,
1370,simulation_0074,What is the average speed of the bicycle from the beginning to the end in m/s?,S3MS,SD,4.571140910015729,fuse-fused,
1371,simulation_0074,What is the side length of the square earthen platform in meters?,S3MS,SS,8.77126505078717,fuse-fused,
1372,simulation_0074,What is the diameter of the bicycle wheel in meters?,S3MS,SS,0.7206826815612735,fuse-fused,
1373,simulation_0074,What is the width of the white car in meters?,S3MS,SS,3.286335345030997,fuse-fused,
1374,simulation_0074,What is the acceleration of the white car at 2.0s in m/s^2?,S3MS,SD,5.2714474912059845,fuse-fused,
1375,simulation_0074,What is the height of the white car in meters？,S3MS,SD,3.067247536971785,fuse-fused,
1376,simulation_0109,What is the distance between two cells at 1s in meters?,V3MX,DS,4.7833,fuse-primary-only,
1377,simulation_0109,What is the diameter of the red blood cell in meters？,V3MX,DS,1.1609122745231502,fuse-fused,
1378,simulation_0110,What is the distance between two cells at 1s in meters?,V3MX,DS,4.7593,fuse-primary-only,
1379,simulation_0110,What is the thickness of the red blood cell in meters？,V3MX,DS,0.2691666657761151,fuse-secondary-only,
1380,simulation_0110,What is the diameter of the red blood cell in meters？,V3MX,DS,0.45665081538348284,fuse-fused,
1381,simulation_0143,What is the side length of the floor tile in meters?,S3MC,SS,12.45013201359941,fuse-disagreement,
1382,simulation_0143,What is the speed of the man at time 1s in m/s?,S3MC,SD,1.5103962969076674,fuse-fused,
1383,simulation_0143,What is the speed of the man at time 2s in m/s?,S3MC,SD,1.6294978383659964,fuse-disagreement,
1384,simulation_0143,What is the acceleration of the man at time 2.5s in m/s?,S3MC,SD,1.6294978383659964,fuse-primary-only,
1385,simulation_0164,What is the speed of the ball at time 0.5s in m/s?,S3MC,SD,2.682946398056114,fuse-primary-only,
1386,simulation_0164,What is the acceleration of the ball at time 0.5s in m/s^2?,S3MC,SD,1.419514816454513,fuse-primary-only,
1387,simulation_0164,What is the speed of the ball at time 1s in m/s?,S3MC,SD,2.682946398056114,fuse-disagreement,
1388,simulation_0164,What is the acceleration of the ball at time 1s in m/s^2?,S3MC,SD,1.6849420265721389,fuse-fused,
1389,simulation_0164,What is the height of the bowling pin in meters?,S3MC,SS,0.27623106896410793,fuse-fused,
1390,simulation_0168,What is the width of the road that the bike crossed through in meters?,V3MC,DS,5.327795025966477,fuse-fused,
1391,simulation_0168,What is the length of the bike in meters?,V3MC,DS,0.8372945180631765,fuse-secondary-only,
1392,simulation_0168,What is the length of the police car in meters?,V3MC,DS,2.891990628397381,fuse-fused,
1393,simulation_0168,What is the width of the police car in meters?,V3MC,DS,1.1406164859716865,fuse-fused,
1394,simulation_0168,What is the average speed of the police car in m/s?,V3MC,DD,5.52,fuse-disagreement,
1395,simulation_0168,What is the width of the road that the bike and the car are on in meters?,V3MC,DS,10.322297783201062,fuse-fused,
1396,simulation_0168,What is the diameter of the police car's tire in meters?,V3MC,DS,0.4448296480010745,fuse-fused,
1397,simulation_0168,What is the diameter of the bike's wheel in meters?,V3MC,DS,2.665,fuse-disagreement,
1398,simulation_0170,What is the speed of the astronaut at time 0.5s in m/s?,S3SS,SD,4.949209258195723,fuse-fused,
1399,simulation_0170,What is the acceleration of the astronaut at time 0.5s in m/s^2?,S3SS,SD,1.6956430821395725,fuse-primary-only,
1400,simulation_0170,What is the speed of the astronaut at time 1s in m/s?,S3SS,SD,2.2267883892191143,fuse-disagreement,
1401,simulation_0170,What is the acceleration of the astronaut at time 1s in m/s^2?,S3SS,SD,1.6956430821395725,fuse-primary-only,
1402,simulation_0170,What is the speed of the astronaut at time 2s in m/s?,S3SS,SD,1.5911814473975407,fuse-fused,
1403,simulation_0170,What is the acceleration of the astronaut at time 2s in m/s^2?,S3SS,SD,1.6956430821395725,fuse-primary-only,
1404,simulation_0170,What is the speed of the astronaut at time 3s in m/s?,S3SS,SD,2.210081521517278,fuse-fused,
1405,simulation_0170,What is the acceleration of the astronaut at time 3s in m/s^2?,S3SS,SD,1.6956430821395725,fuse-primary-only,
1406,simulation_0172,What is the speed of the astronaut at time 0.5s in m/s?,S3SS,SD,2.036727550797243,fuse-disagreement,
1407,simulation_0172,What is the acceleration of the astronaut at time 0.5s in m/s^2?,S3SS,SD,2.533524724425383,fuse-primary-only,
1408,simulation_0172,What is the speed of the astronaut at time 1s in m/s?,S3SS,SD,2.036727550797243,fuse-disagreement,
1409,simulation_0172,What is the acceleration of the astronaut at time 1s in m/s^2?,S3SS,SD,2.02590968544235,fuse-fused,
1410,simulation_0172,What is the speed of the astronaut at time 2s in m/s?,S3SS,SD,2.0911370236217617,fuse-fused,
1411,simulation_0172,What is the acceleration of the astronaut at time 2s in m/s^2?,S3SS,SD,2.533524724425383,fuse-primary-only,
1412,simulation_0172,What is the speed of the astronaut at time 3s in m/s?,S3SS,SD,2.0182802336629284,fuse-fused,
1413,simulation_0172,What is the acceleration of the astronaut at time 3s in m/s^2?,S3SS,SD,2.02590968544235,fuse-fused,
1414,simulation_0176,What is the length of the airplane in meters?,V3MC,DS,43.75990461614802,fuse-fused,
1415,simulation_0176,What is the height of the stone cliff on the beach in meters?,V3MC,DS,45.51754963344046,fuse-secondary-only,
1416,simulation_0176,What is the diameter of the rear wheels on an aircraft landing gear in meters?,V3MC,DS,1.1330575156110383,fuse-fused,
1417,simulation_0180,What is the length of the trolley in meters?,A3MC,DS,1.187862941971095,fuse-secondary-only,
1418,simulation_0180,What is the height of the trolley in meters?,A3MC,DS,0.7706694952997345,fuse-fused,
1419,simulation_0180,What is the height of the entrance gate (including the frame) in meters?,A3MC,DS,3.0811153651210925,fuse-secondary-only,
1420,simulation_0180,What is the length of the side of the orange tiles on the floor in meters?,A3MC,DS,0.5,fuse-disagreement,
1421,simulation_0180,What is the speed of the trolley at time 1s in m/s?,A3MC,DD,1.5570740390436815,fuse-fused,
1422,simulation_0180,What is the speed of the trolley at time 2s in m/s?,A3MC,DD,2.2020352236346286,fuse-fused,
1423,simulation_0182,What is the acceleration of the box at 0.2s in m/s^2?,A3SC,DD,2.874227456829847,fuse-fused,
1424,simulation_0182,What is the speed of the box at time 1s in m/s?,A3SC,DD,2.1961295346431213,fuse-fused,
1425,simulation_0182,What is the speed of the box at time 1.5s in m/s?,A3SC,DD,2.68969838446576,fuse-fused,
1426,simulation_0182,What is the length of the box in meters?,A3SC,DS,1.5306019201894097,fuse-secondary-only,
1427,simulation_0182,What is the height of the box in meters?,A3SC,DS,0.570497821651385,fuse-fused,
1428,simulation_0184,What is the acceleration of the box at 0.2s in m/s^2?,A3SC,DD,1.58,fuse-disagreement,
1429,simulation_0184,What is the speed of the box at time 1s in m/s?,A3SC,DD,1.58,fuse-disagreement,
1430,simulation_0184,What is the speed of the box at time 1.5s in m/s?,A3SC,DD,2.37,fuse-disagreement,
1431,simulation_0184,What is the length of the box in meters?,A3SC,DS,0.8168828062525317,fuse-fused,
1432,simulation_0184,What is the height of the box in meters?,A3SC,DS,0.7306421937725804,fuse-fused,
1433,simulation_0186,What is the acceleration of the box at 0.2s in m/s^2?,A3SC,DD,3.18,fuse-disagreement,
1434,simulation_0186,What is the speed of the box at time 1s in m/s?,A3SC,DD,3.18,fuse-disagreement,
1435,simulation_0186,What is the speed of the box at time 1.5s in m/s?,A3SC,DD,4.77,fuse-disagreement,
1436,simulation_0186,What is the length of the box in meters?,A3SC,DS,0.0611197126739067,fuse-secondary-only,
1437,simulation_0186,What is the height of the box in meters?,A3SC,DS,0.5,fuse-disagreement,
1438,simulation_0188,What is the length of the truck in meters?,A3SS,DS,3.065050784545518,fuse-fused,
1439,simulation_0188,What is the height of the truck in meters?,A3SS,DS,2.351282231851698,fuse-secondary-only,
1440,simulation_0188,What is the diameter of the truck's tire in meters?,A3SS,DS,0.5131763938826421,fuse-secondary-only,
1441,simulation_0188,What is the speed of the truck at time 1s in m/s?,A3SS,DD,5.960805260496256,fuse-fused,
1442,simulation_0188,What is the speed of the truck at time 1.5s in m/s?,A3SS,DD,24.056,fuse-disagreement,
1443,simulation_0188,What is the width of the truck in meters?,A3SS,DS,3.124222252026304,fuse-secondary-only,
1444,simulation_0201,What is the speed of the droplet at time 0.2s in m/s?,A3SS,DD,1.94,fuse-disagreement,
1445,simulation_0201,What is the speed of the droplet at time 0.05s in m/s?,A3SS,DD,9.7,fuse-disagreement,
1446,simulation_0201,What is the speed of the droplet at time 0.1s in m/s?,A3SS,DD,0.5576385399839128,fuse-fused,
1447,simulation_0299,"What is the speed of the forklift at 1.0s, in m/s?",A3SX,DD,2.476337834414986,fuse-fused,
1448,simulation_0299,"What is the speed of the forklift at 2.0s, in m/s?",A3SX,DD,4.0,fuse-disagreement,
1449,simulation_0299,What is the length(from the fork tips to the rear bumper) of the forklift in meters?,A3SX,DS,17.026039682060503,fuse-fused,
1450,simulation_0299,What is the width(from the left wheel to the right wheel) of the forklift in meters?,A3SX,DS,1.2,fuse-disagreement,
1451,simulation_0299,What is the height of the forklift in meters?,A3SX,DS,15.17886832417526,fuse-secondary-only,
1452,simulation_0300,"What is the speed of the car at 1.0s, in m/s?",A3SX,DD,5.836422204068271,fuse-fused,
1453,simulation_0300,"What is the speed of the car at 2.0s, in m/s?",A3SX,DD,14.902394590662032,fuse-fused,
1454,simulation_0300,What is the length ((from the front to the back) of the car in meters?,A3SX,DS,58.44438389355543,fuse-secondary-only,
1455,simulation_0300,What is the width (from the left wheel to the right wheel) of the car in meters?,A3SX,DS,58.44438389355543,fuse-secondary-only,
1456,simulation_0300,What is the height of the car in meters?,A3SX,DS,32.57541738768105,fuse-secondary-only,
1457,simulation_0301,"What is the speed of the forklift at 1.0s, in m/s?",A3MX,DD,2.462448309534657,fuse-fused,
1458,simulation_0301,"What is the speed of the forklift at 2.0s, in m/s?",A3MX,DD,3.064741517776138,fuse-fused,
1459,simulation_0301,What is the length(from the fork tips to the rear bumper) of the forklift in meters?,A3MX,DS,4.272727827059232,fuse-fused,
1460,simulation_0301,What is the width(from the left wheel to the right wheel) of the forklift in meters?,A3MX,DS,3.9180823457596157,fuse-fused,
1461,simulation_0301,What is the height of the forklift in meters?,A3MX,DS,7.937479601794047,fuse-secondary-only,
1462,simulation_0301,"What is the speed of the car at 1.0s, in m/s?",A3MX,DD,1.0,fuse-disagreement,
1463,simulation_0301,"What is the speed of the car at 2.0s, in m/s?",A3MX,DD,5.448889834382855,fuse-fused,
1464,simulation_0301,What is the length ((from the front to the back) of the car in meters?,A3MX,DS,11.313904336743384,fuse-fused,
1465,simulation_0301,What is the width (from the left wheel to the right wheel) of the car in meters?,A3MX,DS,4.000069239103569,fuse-fused,
1466,simulation_0301,What is the height of the car in meters?,A3MX,DS,4.66704740681046,fuse-secondary-only,
1467,simulation_0301,What is the acceleration of the car at 2.0s in m/s^2?,A3MX,DD,2.964253456881947,fuse-fused,
1468,simulation_0302,What is the body length of the dragon in meters?,V3SX,DS,1.0911811933547881,fuse-fused,
1469,simulation_0302,"What is the displacement of the dragon from 0.5 s to 1.0 s, in meters?",V3SX,DS,0.7155353594298517,fuse-fused,
1470,simulation_0303,What is the length of the plane in meters?,V3SX,DS,18.647829514214155,fuse-fused,
1471,simulation_0303,What is the width of the plane in meters?,V3SX,DS,1.5,fuse-disagreement,
1472,simulation_0303,"What is the displacement of the plane from 0.5 s to 1.0 s, in meters?",V3SX,DS,14.180789744002057,fuse-fused,
1473,simulation_0304,What is the length of the whale in meters?,V3SX,DS,1.5,fuse-disagreement,
1474,simulation_0304,"What is the displacement of the whale from 0.5 s to 1.0 s, in meters?",V3SX,DS,0.835,fuse-disagreement,
1475,simulation_0305,What is the length of the plane in meters?,V3SS,DS,24.96401215976437,fuse-fused,
1476,simulation_0305,What is the width of the plane in meters?,V3SS,DS,24.890910942332017,fuse-fused,
1477,simulation_0305,"What is the displacement of the plane from 0.5 s to 1.0 s, in meters?",V3SS,DS,14.209251872856381,fuse-fused,
1478,simulation_0306,What is the length of the whale in meters?,V3SS,DS,23.835983171345394,fuse-fused,
1479,simulation_0306,"What is the displacement of the whale from 0.5 s to 1.0 s, in meters?",V3SS,DS,0.835,fuse-disagreement,
1480,simulation_0307,What is the length of the plane in meters?,V3SC,DS,1.0,fuse-disagreement,
1481,simulation_0307,What is the width of the plane in meters?,V3SC,DS,13.416094475516802,fuse-fused,
1482,simulation_0307,"What is the displacement of the plane from 0.5 s to 1.0 s, in meters?",V3SC,DS,19.971513853556498,fuse-fused,
1483,simulation_0308,What is the length of the whale in meters?,V3SC,DS,16.105136265906523,fuse-fused,
1484,simulation_0308,"What is the displacement of the whale from 0.5 s to 1.0 s, in meters?",V3SC,DS,0.835,fuse-disagreement,
1485,simulation_0309,What is the body length of the dragon in meters?,V3SC,DS,1.7914299489523346,fuse-fused,
1486,simulation_0309,"What is the displacement of the dragon from 0.5 s to 1.0 s, in meters?",V3SC,DS,0.7690342206749915,fuse-fused,
1487,simulation_0310,"What is the speed of the forklift at 1.0s, in m/s?",S3SC,SD,2.460418718422713,fuse-fused,
1488,simulation_0310,"What is the speed of the forklift at 2.0s, in m/s?",S3SC,SD,2.6439950665295324,fuse-fused,
1489,simulation_0310,What is the length(from the fork tips to the rear bumper) of the forklift in meters?,S3SC,SS,2.192576631616011,fuse-fused,
1490,simulation_0310,What is the width(from the left wheel to the right wheel) of the forklift in meters?,S3SC,SS,1.8776104519769221,fuse-fused,
1491,simulation_0310,What is the acceleration of the forklift at 1.0s in m/s^2?,S3SC,SD,1.4976850687339307,fuse-fused,
1492,simulation_0311,"What is the speed of the car at 1.0s, in m/s?",S3SC,SD,5.7141527230689455,fuse-fused,
1493,simulation_0311,"What is the speed of the car at 2.0s, in m/s?",S3SC,SD,5.542028390538742,fuse-fused,
1494,simulation_0311,What is the length ((from the front to the back) of the car in meters?,S3SC,SS,3.227958968805649,fuse-fused,
1495,simulation_0311,What is the width (from the left wheel to the right wheel) of the car in meters?,S3SC,SS,1.9452514628356505,fuse-fused,
1496,simulation_0311,What is the acceleration of the car at 1.0s in m/s^2?,S3SC,SD,2.1104416417267218,fuse-fused,
1497,simulation_0016,What is the width of the pedestal (square base) of the central sculpture in meters?,V3MC,DS,9.14,fuse-disagreement,
1498,simulation_0016,What is the width of the bench seat in the atrium in meters?,V3MC,DS,0.977992699364786,fuse-fused,
1499,simulation_0016,What is the length of the bench seat in the atrium in meters?,V3MC,DS,10.6,fuse-disagreement,
1500,simulation_0030,What is the length of the eagle in meters?,V3MC,DS,0.3653510539362655,fuse-secondary-only,
1501,simulation_0140,What is the height of each window frame in meters?,S3MC,SS,1.520883039891875,fuse-disagreement,
1502,simulation_0140,What is the width of the letter neon sign in meters?,S3MC,SS,1.0161717837452793,fuse-disagreement,
1503,simulation_0140,What is the height of the letter neon sign in meters?,S3MC,SS,0.1804276897249745,fuse-disagreement,
1504,simulation_0140,What is the distance between the bird’s flight path and the wall with the neon sign?,S3MC,SS,0.0369558890959992,fuse-disagreement,
1505,simulation_0140,What is the total length of the bird’s flight path in meters?,S3MC,SS,0.8439905328840984,fuse-fused,
1506,simulation_0140,What is the velocity of the bird at 1.0s in m/s?,S3MC,SD,0.9504793677083203,fuse-fused,
1507,simulation_0141,What is the height of the man in meters?,V3MC,DS,25.01794344277182,fuse-secondary-only,
1508,simulation_0141,What is the total distance the man walked in meters?,V3MC,DS,0.8465,fuse-disagreement,
1509,simulation_0141,What is the side length of the floor tile in meters?,V3MC,DS,0.6,fuse-disagreement,
1510,simulation_0141,What is the distance from the man’s foot to the left wall in meters?,V3MC,DS,9.136052716101823,fuse-fused,
1511,simulation_0141,What is the distance from the man’s foot to the right wall in meters?,V3MC,DS,2.5,fuse-disagreement,
1512,simulation_0144,What is the diameter of the tire in meters?,S3MC,SS,1.3575447973029495,fuse-primary-only,
1513,simulation_0144,What is the width of the vehicle in meters?,S3MC,SS,6.338782605255299,fuse-fused,
1514,simulation_0144,What is the average speed of the rocket in m/s?,S3MC,SD,21.057357611384155,fuse-disagreement,
1515,simulation_0144,What is the speed of the rocket at time 1s in m/s?,S3MC,SD,21.057357611384155,fuse-primary-only,
1516,simulation_0144,What is the acceleration of the rocket at time 1s in m/s^2?,S3MC,SD,19.180241925412204,fuse-fused,
1517,simulation_0144,"What is the width of the road the vehicle is on, in meters?",S3MC,SD,9.426982225805608,fuse-primary-only,
1518,simulation_0149,What is the width of the car in meters?,S3MC,SS,3.535451344212492,fuse-fused,
1519,simulation_0149,"What is the height, in meters, of the black-and-white collision warning markings on the pillar?",S3MC,SS,1.4494234558794967,fuse-fused,
1520,simulation_0149,"What is the width of the pillar, in meters, with the collision warning markings on it?",S3MC,SS,1.5555870927091564,fuse-fused,
1521,simulation_0149,What is the speed of the car at time 0.5s in m/s?,S3MC,SD,9.661848921355766,fuse-primary-only,
1522,simulation_0149,What is the acceleration of the car at time 0.5s in m/s^2?,S3MC,SD,17.905356498131905,fuse-primary-only,
1523,simulation_0149,What is the speed of the car at time 1s in m/s?,S3MC,SD,6.593809228822209,fuse-fused,
1524,simulation_0149,What is the acceleration of the car at time 1s in m/s?,S3MC,SD,9.661848921355766,fuse-primary-only,
1525,simulation_0150,What is the width of the car in meters?,S3MC,SS,5.303792119721922,fuse-fused,
1526,simulation_0150,"What is the height, in meters, of the black-and-white collision warning markings on the pillar?",S3MC,SS,0.6483375872967801,fuse-fused,
1527,simulation_0150,"What is the width of the pillar, in meters, with the collision warning markings on it?",S3MC,SS,0.8062546105658875,fuse-fused,
1528,simulation_0150,What is the speed of the car at time 0.5s in m/s?,S3MC,SD,5.58046426382503,fuse-primary-only,
1529,simulation_0150,What is the acceleration of the car at time 0.5s in m/s^2?,S3MC,SD,16.565434981538726,fuse-primary-only,
1530,simulation_0150,What is the speed of the car at time 1s in m/s?,S3MC,SD,5.58046426382503,fuse-primary-only,
1531,simulation_0150,What is the acceleration of the car at time 1s in m/s^2?,S3MC,SD,16.565434981538726,fuse-primary-only,
1532,simulation_0150,"What is the width, in meters, of the 'B1' lettering on the wall behind the car?",S3MC,SS,0.9137106892291961,fuse-fused,
1533,simulation_0150,"What is the height, in meters, of the 'B1' lettering on the wall behind the car?",S3MC,SS,0.9832433535697062,fuse-fused,
1534,simulation_0150,"What is the distance, in meters, between the pillars on one side?",S3MC,SS,1.43062125145702,fuse-fused,
1535,simulation_0151,"What is the width, in meters, of the blue car?",S3MC,SS,1.4662192672483463,fuse-fused,
1536,simulation_0151,What is the speed of the yellow car at time 1s in m/s?,S3MC,SD,6.3712819310381015,fuse-fused,
1537,simulation_0151,What is the acceleration of the yellow car at time 1s in m/s^2?,S3MC,SD,11.226590747511125,fuse-primary-only,
1538,simulation_0151,What is the speed of the blue car at time 1s in m/s?,S3MC,SD,4.055598491366491,fuse-primary-only,
1539,simulation_0151,What is the acceleration of the blue car at time 1s in m/s^2?,S3MC,SD,11.338915691323512,fuse-primary-only,
1540,simulation_0152,"What is the width, in meters, of the blue car?",S3MC,SS,1.4150356296580064,fuse-fused,
1541,simulation_0152,What is the speed of the yellow car at time 1s in m/s?,S3MC,SD,6.411289441481423,fuse-primary-only,
1542,simulation_0152,What is the acceleration of the yellow car at time 1s in m/s^2?,S3MC,SD,6.590890461975289,fuse-primary-only,
1543,simulation_0152,What is the speed of the blue car at time 1s in m/s?,S3MC,SD,1.6947126601753442,fuse-primary-only,
1544,simulation_0152,What is the acceleration of the blue car at time 1s in m/s^2?,S3MC,SD,12.030856588118288,fuse-primary-only,
1545,simulation_0159,How long is the turtle in meters?,A3MS,DS,0.6075623916499627,fuse-fused,
1546,simulation_0159,What is the speed of the turtle at time 1s in m/s?,A3MS,DD,1.6066797231322913,fuse-fused,
1547,simulation_0159,What is the speed of the turtle at time 1.5s in m/s?,A3MS,DD,1.3987001307903795,fuse-fused,
1548,simulation_0159,How long is the shark in meters?,A3MS,DS,4.5,fuse-disagreement,
1549,simulation_0159,What is the difference in water depth between the centers of the shark’s body and the turtle’s body in meters?,A3MS,DS,0.7425106645751195,fuse-secondary-only,
1550,simulation_0159,What is the acceleration of the shark at 0.5s in m/s^2?,A3MS,DD,0.38972679435696156,fuse-fused,
1551,simulation_0159,What is the speed of the shark at time 1s in m/s?,A3MS,DD,2.1235296109441477,fuse-fused,
1552,simulation_0159,What is the speed of the shark at time 1.5s in m/s?,A3MS,DD,2.6007820002520217,fuse-fused,
1553,simulation_0195,What is the orbital diameter of the Callisto model in meters?,V3MS,DS,,none,neither arm answered
1554,simulation_0195,What is the diameter of the model of Callisto (orbiting model) in meters?,V3MS,DS,,none,neither arm answered
1555,simulation_0195,What is the diameter of the model of Jupiter (the one at the center) in meters?,V3MS,DS,11.2,fuse-primary-only,
1556,simulation_0202,What is the length of the table in meters?,A3MC,DS,1.416,fuse-primary-only,
1557,simulation_0202,What is the width of the table in meters?,A3MC,DS,3.593,fuse-primary-only,
1558,simulation_0202,What is the length of the typewriter in meters?,A3MC,DS,,none,neither arm answered
1559,simulation_0202,What is the width of the typewriter in meters?,A3MC,DS,0.35,fuse-primary-only,
1560,simulation_0202,What is the height of the typewriter in meters?,A3MC,DS,,none,neither arm answered
1561,simulation_0202,What is the width of the paper next to the magnifying glass in meters?,A3MC,DS,0.1,fuse-primary-only,
1562,simulation_0202,What is the speed of the magnifying glass at time 0.125s in m/s?,A3MC,DD,1.225,fuse-primary-only,
1563,simulation_0202,What is the speed of the magnifying glass at time 0.25s in m/s?,A3MC,DD,2.45,fuse-primary-only,
1564,simulation_0202,What is the speed of the magnifying glass at time 0.333s in m/s?,A3MC,DD,3.2634,fuse-primary-only,
1565,simulation_0205,What is the length of the table in meters?,A3MS,DS,1.416,fuse-disagreement,
1566,simulation_0205,What is the width of the table in meters?,A3MS,DS,17.702611258164172,fuse-fused,
1567,simulation_0205,What is the length of the typewriter in meters?,A3MS,DS,0.12,fuse-disagreement,
1568,simulation_0205,What is the width of the typewriter in meters?,A3MS,DS,0.24,fuse-disagreement,
1569,simulation_0205,What is the height of the typewriter in meters?,A3MS,DS,0.042,fuse-disagreement,
1570,simulation_0205,What is the speed of the magnifying glass at time 0.125s in m/s?,A3MS,DD,1.765224607207356,fuse-fused,
1571,simulation_0205,What is the speed of the magnifying glass at time 0.25s in m/s?,A3MS,DD,2.496404580147362,fuse-fused,
1572,simulation_0205,What is the speed of the magnifying glass at time 0.333s in m/s?,A3MS,DD,2.8811580523469953,fuse-fused,
1573,simulation_0206,What is the length of the table in meters?,A3MC,DS,1.416,fuse-disagreement,
1574,simulation_0206,What is the width of the table in meters?,A3MC,DS,1.416,fuse-disagreement,
1575,simulation_0206,What is the length of the typewriter in meters?,A3MC,DS,0.45,fuse-disagreement,
1576,simulation_0206,What is the width of the typewriter in meters?,A3MC,DS,0.3,fuse-disagreement,
1577,simulation_0206,What is the height of the typewriter in meters?,A3MC,DS,1.3169149371201623,fuse-fused,
1578,simulation_0206,What is the speed of the typewriter at time 0.125s in m/s?,A3MC,DD,1.225,fuse-disagreement,
1579,simulation_0206,What is the speed of the typewriter at time 0.25s in m/s?,A3MC,DD,5.450476146826629,fuse-fused,
1580,simulation_0206,What is the speed of the typewriter at time 0.333s in m/s?,A3MC,DD,6.290520120191328,fuse-fused,
1581,simulation_0206,What is the width of the paper next to the typewriter in meters?,A3MC,DS,0.1,fuse-disagreement,
1582,simulation_0206,What is the length of the letter placed under the gun in meters?,A3MC,DS,0.15,fuse-disagreement,
1583,simulation_0209,What is the length of the table in meters?,A3MS,DS,1.4655960242289678,fuse-fused,
1584,simulation_0209,What is the length of the typewriter in meters?,A3MS,DS,0.984468485159291,fuse-fused,
1585,simulation_0209,What is the height of the typewriter in meters?,A3MS,DS,4.704,fuse-disagreement,
1586,simulation_0209,What is the length of the letter placed under the gun in meters?,A3MS,DS,4.704,fuse-disagreement,
1587,simulation_0209,What is the speed of the typewriter at time 0.125s in m/s?,A3MS,DD,0.9417520217593524,fuse-fused,
1588,simulation_0209,What is the speed of the typewriter at time 0.25s in m/s?,A3MS,DD,1.3318384815643582,fuse-fused,
1589,simulation_0209,What is the speed of the typewriter at time 0.333s in m/s?,A3MS,DD,1.5363045504279305,fuse-fused,
1590,simulation_0209,What is the width of the table in meters?,A3MS,DS,1.7949812142063313,fuse-fused,
1591,simulation_0209,What is the width of the typewriter in meters?,A3MS,DS,0.225,fuse-disagreement,
1592,simulation_0211,What is the length of the black cat (including its tail) in meters?,V3MS,DS,0.6747235675274067,fuse-secondary-only,
1593,simulation_0211,What is the height of the black cat (including its tail) in meters?,V3MS,DS,5.0,fuse-disagreement,
1594,simulation_0211,What is the length of the wooden bench in meters?,V3MS,DS,1.1700890075720898,fuse-fused,
1595,simulation_0211,What is the height of the wooden bench in meters?,V3MS,DS,0.6434193141261514,fuse-fused,
1596,simulation_0211,What is the height of the lampshade of the table lamp in meters?,V3MS,DS,0.3748069430659782,fuse-fused,
1597,simulation_0211,What is the diameter of the lampshade of the table lamp in meters?,V3MS,DS,0.40766776259134435,fuse-fused,
1598,simulation_0211,What is the height of the table lamp in meters?,V3MS,DS,0.6374365943243088,fuse-fused,
1599,simulation_0211,What is the height of the vase in meters?,V3MS,DS,0.5301111070289618,fuse-fused,
1600,simulation_0211,What is the height of the floor mirror in meters?,V3MS,DS,1.7055403615017015,fuse-secondary-only,
1601,simulation_0211,What is the length of the floor mirror in meters?,V3MS,DS,0.9234555651198658,fuse-fused,
1602,simulation_0211,What is the distance in meters between the black cat and the camera at 0.5 s?,V3MS,DS,4.098292327299261,fuse-fused,
1603,simulation_0211,What is the distance in meters between the black cat and the camera at 1.5 s?,V3MS,DS,3.5351816077819818,fuse-fused,
1604,simulation_0212,What is the length of the black cat (including its tail) in meters?,V3MC,DS,0.636470803521923,fuse-fused,
1605,simulation_0212,What is the height of the black cat (including its tail) in meters?,V3MC,DS,0.6060756120936845,fuse-fused,
1606,simulation_0212,What is the length of the wooden bench in meters?,V3MC,DS,1.2520996876544623,fuse-fused,
1607,simulation_0212,What is the height of the wooden bench in meters?,V3MC,DS,0.688017949449197,fuse-fused,
1608,simulation_0212,What is the height of the lampshade of the table lamp in meters?,V3MC,DS,0.4920759935126525,fuse-fused,
1609,simulation_0212,What is the diameter of the lampshade of the table lamp in meters?,V3MC,DS,2.0,fuse-disagreement,
1610,simulation_0212,What is the height of the table lamp in meters?,V3MC,DS,0.6630345398227565,fuse-secondary-only,
1611,simulation_0212,What is the height of the vase in meters?,V3MC,DS,0.5863093507934257,fuse-fused,
1612,simulation_0212,What is the height of the floor mirror in meters?,V3MC,DS,1.8726324168003292,fuse-fused,
1613,simulation_0212,What is the width of the floor mirror in meters?,V3MC,DS,5.69,fuse-disagreement,
1614,simulation_0212,What is the distance in meters between the black cat and the camera at 0.5 s?,V3MC,DS,4.199,fuse-secondary-only,
1615,simulation_0212,What is the distance in meters between the black cat and the camera at 1.5 s?,V3MC,DS,3.5351816077819818,fuse-fused,
1616,simulation_0212,What is the speed of the dog at time 1s in m/s?,V3MC,DD,1.5300772650948877,fuse-fused,
1617,simulation_0212,What is the speed of the dog at time 1.5s in m/s?,V3MC,DD,2.4958810630706303,fuse-secondary-only,
1618,simulation_0212,What is the length of the dog (including its tail) in meters?,V3MC,DS,0.7702803321504349,fuse-fused,
1619,simulation_0212,What is the height of the dog (including its tail) in meters?,V3MC,DS,1.006346449627782,fuse-fused,
1620,simulation_0242,What is the length of the brown horse in meters?,V3MC,DS,1.5921316889735857,fuse-fused,
1621,simulation_0242,What is the width of the house in meters?,V3MC,DS,9.743328909967769,fuse-fused,
1622,simulation_0242,What is the width of each glass window in meters?,V3MC,DS,0.7130978554568705,fuse-fused,
1623,simulation_0242,What is the average speed of the white horse in m/s?,V3MC,DD,2.5064017689427462,fuse-secondary-only,
1624,simulation_0242,What is the length of the white horse in meters?,V3MC,DS,2.7417845533112124,fuse-fused,
1625,simulation_0242,What is the average speed of the rabbit in m/s?,V3MC,DD,0.155,fuse-disagreement,
1626,simulation_0242,What is the length of the rabbit in meters?,V3MC,DS,0.3986428514304317,fuse-fused,
1627,simulation_0247,What is the length of the rabbit in meters?,V2MS,DS,2.7265517525557468,fuse-secondary-only,
1628,simulation_0247,What is the length of the deer in meters?,V2MS,DS,0.3,fuse-disagreement,
1629,simulation_0247,What is the average speed of the rabbit in m/s?,V2MS,DD,1.2917183115510866,fuse-secondary-only,
1630,simulation_0312,What is the average speed of the star from the beginning to the end in meters?,S3SX,SD,0.2,fuse-disagreement,
1631,simulation_0312,What is the width of the star in meters?,S3SX,SS,0.18146618721264196,fuse-fused,
1632,simulation_0312,What is the thickness of the star in meters?,S3SX,SS,0.2,fuse-primary-only,
1633,simulation_0009_segmented,What is the length of the boat in meters?,V3MX,DS,1.8147004764382095,fuse-fused,
1634,simulation_0009_segmented,What is the width of the boat in meters?,V3MX,DS,2.195425212790043,fuse-secondary-only,
1635,simulation_0009_segmented,What is the height of the boat in meters?,V3MX,DS,1.6839914772684168,fuse-secondary-only,
1636,simulation_0009_segmented,What is the width of the wooden pier in meters?,V3MX,DS,6.72652516725707,fuse-secondary-only,
1637,simulation_0009_segmented,What is the length of the pier from the shore-side edge to the water-side edge in meters?,V3MX,DS,8.909719114082904,fuse-fused,
1638,simulation_0009_segmented,"When t=3s, what is the minimum distance from the outer end of the pier to the boat in meters?",V3MX,DS,3.646798295569814,fuse-fused,
1639,simulation_0009_segmented,What is the width of the wooden steps in meters?,V3MX,DS,1.5632623062515545,fuse-fused,
1640,simulation_0009_segmented,What is the height of the pier deck above the water surface in meters?,V3MX,DS,1.9655939291829616,fuse-secondary-only,
1641,simulation_0009_segmented,What is the height of the cabin floor above the ground in meters?,V3MX,DS,1.2408350467865366,fuse-secondary-only,
1642,simulation_0010_segmented,What is the width between the two widest eaves of the small house in meters?,V3MX,SS,7.510594987351644,fuse-fused,
1643,simulation_0010_segmented,What is the height of the house’s door in meters?,V3MX,SS,4.209571535179282,fuse-primary-only,
1644,simulation_0010_segmented,What is the maximum height of the cart from the ground in meters?,V3MX,SS,2.088625625230369,fuse-fused,
1645,simulation_0010_segmented,What is the diameter of the cart’s wheels in meters?,V3MX,SS,1.7367141832621935,fuse-fused,
1646,simulation_0010_segmented,What is the average flight speed of the bird in m/s?,V3MX,SD,5.010263697954536,fuse-disagreement,
1647,simulation_0012_segmented,What is the width between the two widest eaves of the house in meters?,V2MX,DS,8.795473886084615,fuse-fused,
1648,simulation_0012_segmented,What is the length of the bird in meters?,V2MX,DS,0.1,fuse-disagreement,
1649,simulation_0012_segmented,How wide is the bird's wingspan when it spreads its wings in meters?,V2MX,DS,1.774772416395317,fuse-secondary-only,
1650,simulation_0017_segmented,What is the height of the person in meters?,V3MX,DS,1.3674133035728817,fuse-fused,
1651,simulation_0017_segmented,What is the width of the pedestal (square base) of the central sculpture in meters?,V3MX,DS,0.890614635188052,fuse-fused,
1652,simulation_0017_segmented,What is the height of the pedestal (square base) of the central sculpture in meters?,V3MX,DS,0.8817996871284818,fuse-secondary-only,
1653,simulation_0017_segmented,What is the height of the bench seat in the atrium in meters?,V3MX,DS,1.6200501711724815,fuse-secondary-only,
1654,simulation_0017_segmented,What is the length of the bench seat in the atrium in meters?,V3MX,DS,1.0,fuse-disagreement,
1655,simulation_0017_segmented,What is the height of the central sculpture itself (excluding the pedestal) in meters?,V3MX,DS,1.4622495515646443,fuse-secondary-only,
1656,simulation_0017_segmented,What is the width of the freestanding art display panel in meters?,V3MX,DS,5.014029819631124,fuse-fused,
1657,simulation_0017_segmented,What is the height of the freestanding art display panel in meters?,V3MX,DS,1.6315663479356994,fuse-fused,
1658,simulation_0019_segmented,What is the average walking speed of the person in m/s?,S3MX,SD,2.829150123853432,fuse-disagreement,
1659,simulation_0019_segmented,What is the width of the pedestal (square base) of the central sculpture in meters?,S3MX,SS,2.0416239910036524,fuse-fused,
1660,simulation_0019_segmented,What is the height of the pedestal (square base) of the central sculpture in meters?,S3MX,SS,1.5243962156985587,fuse-fused,
1661,simulation_0019_segmented,What is the height of the central sculpture itself (excluding the pedestal) in meters?,S3MX,SS,2.6365989938751997,fuse-fused,
1662,simulation_0019_segmented,What is the width of the freestanding art display panel in meters?,S3MX,SS,2.6166131064965934,fuse-fused,
1663,simulation_0019_segmented,What is the height of the freestanding art display panel in meters?,S3MX,SS,4.092734605148804,fuse-fused,
1664,simulation_0021_segmented,What is the average walking speed of the person in meters?,S3MX,SD,1.87,fuse-disagreement,
1665,simulation_0021_segmented,What is the height of the fire hydrant in meters?,S3MX,SS,1.4967548373528585,fuse-fused,
1666,simulation_0021_segmented,What is the height of the streetlight in meters?,S3MX,SS,7.746634605182821,fuse-fused,
1667,simulation_0022_segmented,What is the average walking speed of the person in meters?,S3MX,SD,18.21834267274885,fuse-primary-only,
1668,simulation_0022_segmented,What is the height of the boat in meters?,S3MX,SS,9.80958344785137,fuse-primary-only,
1669,simulation_0022_segmented,What is the length of the rock in meters?,S3MX,SS,16.551707283978914,fuse-fused,
1670,simulation_0022_segmented,What is the height of the rock in meters?,S3MX,SS,8.296342879457193,fuse-fused,
1671,simulation_0023_segmented,What is the average speed of the boat in m/s?,V3MX,DD,3.3287233153815583,fuse-fused,
1672,simulation_0023_segmented,What is the height of the boat in meters?,V3MX,DS,7.937682445737536,fuse-secondary-only,
1673,simulation_0023_segmented,What is the length of the boat in meters?,V3MX,DS,108.275,fuse-disagreement,
1674,simulation_0023_segmented,What is the length of the eagle in meters?,V3MX,DS,0.5,fuse-disagreement,
1675,simulation_0023_segmented,What is the eagle’s wingspan (the distance from the tip of one wing to the tip of the other when fully spread) in meters?,V3MX,DS,2.173942222345728,fuse-secondary-only,
1676,simulation_0024_segmented,What is the height of the boat in meters?,V3MX,DS,8.964764302619582,fuse-secondary-only,
1677,simulation_0024_segmented,What is the length of the boat in meters?,V3MX,DS,1.0,fuse-disagreement,
1678,simulation_0024_segmented,What is the width of the boat in meters?,V3MX,DS,5.882827369268763,fuse-fused,
1679,simulation_0024_segmented,What is the length of the rock in meters?,V3MX,DS,15.563420978189498,fuse-secondary-only,
1680,simulation_0024_segmented,What is the height of the rock in meters?,V3MX,DS,7.225844490216124,fuse-secondary-only,
1681,simulation_0024_segmented,What is the width of the rock in meters?,V3MX,DS,15.563420978189498,fuse-secondary-only,
1682,simulation_0025_segmented,What is the average speed of the eagle in m/s?,V3MX,DD,7.7719,fuse-primary-only,
1683,simulation_0025_segmented,What is the length of the eagle in meters?,V3MX,DS,,none,neither arm answered
1684,simulation_0025_segmented,What is the eagle’s wingspan (the distance from the tip of one wing to the tip of the other when fully spread) in meters?,V3MX,DS,,none,neither arm answered
1685,simulation_0025_segmented,What is the height of the person in meters?,V3MX,DS,,none,neither arm answered
1686,simulation_0026_segmented,What is the height of the boat in meters?,S3MX,SS,5.765341657936315,fuse-fused,
1687,simulation_0026_segmented,What is the length of the boat in meters?,S3MX,SS,11.079721477578618,fuse-disagreement,
1688,simulation_0026_segmented,What is the average speed of the person in m/s?,S3MX,SD,0.5285029775364524,fuse-primary-only,
1689,simulation_0027_segmented,What is the length of the rock in meters?,S3MX,SS,19.126861201301505,fuse-fused,
1690,simulation_0027_segmented,What is the height of the rock in meters?,S3MX,SS,12.450210406034556,fuse-fused,
1691,simulation_0027_segmented,What is the width of the rock in meters?,S3MX,SS,19.126861201301505,fuse-fused,
1692,simulation_0027_segmented,What is the speed of the person in m/s?,S3MX,SD,0.7409521403116629,fuse-disagreement,
1693,simulation_0028_segmented,What is the eagle’s wingspan (the distance from the tip of one wing to the tip of the other when fully spread) in meters?,S3MX,SS,0.000509757293744,fuse-primary-only,
1694,simulation_0028_segmented,What is the average speed of the eagle in m/s?,S3MX,SD,0.6199566833169193,fuse-fused,
1695,simulation_0028_segmented,What is the length of the rock in meters?,S3MX,SS,0.7932167472362782,fuse-disagreement,
1696,simulation_0028_segmented,What is the height of the rock in meters?,S3MX,SS,0.369083501452979,fuse-disagreement,
1697,simulation_0028_segmented,What is the width of the rock in meters?,S3MX,SS,0.7932167472362782,fuse-disagreement,
1698,simulation_0029_segmented,What is the length of the eagle in meters?,V3MX,DS,9.880416936923364,fuse-fused,
1699,simulation_0029_segmented,What is the height of the boat in meters?,V3MX,DS,7.795462839685169,fuse-secondary-only,
1700,simulation_0029_segmented,What is the length of the boat in meters?,V3MX,DS,4.589056859683642,fuse-fused,
1701,simulation_0029_segmented,What is the average speed of the boat in m/s?,V3MX,DD,3.349333581713483,fuse-fused,
1702,simulation_0031_segmented,What is the height of the person in meters?,V3MX,DS,4.760965031480083,fuse-fused,
1703,simulation_0031_segmented,What is the height of the boat in meters?,V3MX,DS,14.092183026028245,fuse-secondary-only,
1704,simulation_0031_segmented,What is the length of the boat in meters?,V3MX,DS,133.7433,fuse-disagreement,
1705,simulation_0031_segmented,What is the width of the boat in meters?,V3MX,DS,3.7659323284237125,fuse-fused,
1706,simulation_0031_segmented,What is the average speed of the boat in m/s?,V3MX,DD,3.9722097274029817,fuse-fused,
1707,simulation_0031_segmented,What is the length of the eagle in meters?,V3MX,DS,2.0168449024779926,fuse-secondary-only,
1708,simulation_0031_segmented,What is the average speed of the eagle in m/s?,V3MX,DD,14.096569806068313,fuse-fused,
1709,simulation_0031_segmented,What is the eagle’s wingspan (the distance from the tip of one wing to the tip of the other when fully spread) in meters?,V3MX,DS,10.964733945508634,fuse-secondary-only,
1710,simulation_0032_segmented,What is the height of the person in meters?,A3MX,DS,,none,neither arm answered
1711,simulation_0032_segmented,What is the initial velocity of the ball in m/s?,A3MX,DD,1.0,fuse-primary-only,
1712,simulation_0032_segmented,What is the diameter of the ball in meters?,A3MX,DS,0.24,fuse-primary-only,
1713,simulation_0032_segmented,What is the acceleration of the orange car at 2s in m/s^2?,A3MX,DD,,none,neither arm answered
1714,simulation_0032_segmented,What is the average speed of the green car in m/s?,A3MX,DD,5.1876,fuse-primary-only,
1715,simulation_0034_segmented,What is the average speed of the boat in m/s?,S3MX,SD,4.050561584303958,fuse-fused,
1716,simulation_0034_segmented,What is the height of the boat in meters?,S3MX,SS,9.556821719652014,fuse-fused,
1717,simulation_0034_segmented,What is the width of the boat in meters?,S3MX,SS,3.339719807042121,fuse-primary-only,
1718,simulation_0034_segmented,What is the average speed of the person in m/s?,S3MX,SD,1.467263958841566,fuse-primary-only,
1719,simulation_0034_segmented,What is the eagle’s wingspan (the distance from the tip of one wing to the tip of the other when fully spread) in meters?,S3MX,SS,16.31284604476516,fuse-disagreement,
1720,simulation_0034_segmented,What is the average speed of the eagle in m/s?,S3MX,SD,11.781051030532277,fuse-fused,
1721,simulation_0035_segmented,What is the average speed of the person in m/s?,S3MX,SD,1.203175914237926,fuse-primary-only,
1722,simulation_0035_segmented,What is the eagle’s wingspan (the distance from the tip of one wing to the tip of the other when fully spread) in meters?,S3MX,SS,1.075939569557958,fuse-fused,
1723,simulation_0035_segmented,What is the average speed of the eagle in m/s?,S3MX,SD,9.155464845848961,fuse-fused,
1724,simulation_0035_segmented,What is the length of the eagle in meters?,S3MX,SS,1.3599101272213903,fuse-fused,
1725,simulation_0036_segmented,What is the height of the boat in meters?,S3MX,SS,10.0,fuse-primary-only,
1726,simulation_0036_segmented,What is the height of the person in meters?,S3MX,SS,1.3462633094842436,fuse-fused,
1727,simulation_0036_segmented,What is the average speed of the boat in m/s?,S3MX,SD,3.3914826291481983,fuse-fused,
1728,simulation_0036_segmented,What is the average speed of the person in m/s?,S3MX,SD,1.2178263613042035,fuse-primary-only,
1729,simulation_0037_segmented,What is the height of the person in meters?,V3MX,DS,1.656031042809666,fuse-secondary-only,
1730,simulation_0037_segmented,What is the length of the rock in meters?,V3MX,DS,122.8569,fuse-disagreement,
1731,simulation_0037_segmented,What is the height of the rock in meters?,V3MX,DS,2.5575957060943666,fuse-fused,
1732,simulation_0038_segmented,What is the length of the rock in meters?,V3MX,DS,170.0,fuse-primary-only,
1733,simulation_0038_segmented,What is the width of the rock in meters?,V3MX,DS,,none,neither arm answered
1734,simulation_0038_segmented,What is the height of the person in meters?,V3MX,DS,,none,neither arm answered
1735,simulation_0039_segmented,What is the height of the person in meters?,V3MX,DS,100.0,fuse-disagreement,
1736,simulation_0039_segmented,What is the average speed of the person in m/s?,V3MX,DD,0.0918,fuse-disagreement,
1737,simulation_0039_segmented,What is the height of the boat in meters?,V3MX,DS,177.0,fuse-disagreement,
1738,simulation_0039_segmented,What is the length of the boat in meters?,V3MX,DS,1.0,fuse-disagreement,
1739,simulation_0039_segmented,What is the width of the boat in meters?,V3MX,DS,177.9,fuse-disagreement,
1740,simulation_0039_segmented,What is the length of the eagle in meters?,V3MX,DS,4.488385952634424,fuse-fused,
1741,simulation_0039_segmented,What is the eagle’s wingspan (the distance from the tip of one wing to the tip of the other when fully spread) in meters?,V3MX,DS,2.8791388626017644,fuse-fused,
1742,simulation_0039_segmented,What is the average speed of the eagle in m/s?,V3MX,DD,3.1393609627449335,fuse-fused,
1743,simulation_0041_segmented,What is the height of the boat in meters?,S2MX,SS,5.561103120196856,fuse-fused,
1744,simulation_0041_segmented,What is the length of the boat in meters?,S2MX,SS,8.702243281228162,fuse-fused,
1745,simulation_0041_segmented,What is the width of the boat in meters?,S2MX,SS,7.430954871345642,fuse-fused,
1746,simulation_0041_segmented,What is the average speed of the boat in m/s?,S2MX,SD,4.237642142528761,fuse-fused,
1747,simulation_0041_segmented,What is the average speed of the person in m/s?,S2MX,SD,1.5383469373877112,fuse-secondary-only,
1748,simulation_0043_segmented,What is the height of the boat in meters?,S3MX,SS,4.761518606261631,fuse-fused,
1749,simulation_0043_segmented,What is the width of the boat in meters?,S3MX,SS,5.477225575051663,fuse-fused,
1750,simulation_0043_segmented,What is the average speed of the boat in m/s?,S3MX,SD,4.216988185729194,fuse-disagreement,
1751,simulation_0043_segmented,What is the width of the rock in meters?,S3MX,SS,48.172319196113655,fuse-fused,
1752,simulation_0048_segmented,What is the average speed of the walking person in m/s?,S3MX,SD,0.563445254203283,fuse-fused,
1753,simulation_0048_segmented,What is the width of the telephone booth in meters?,S3MX,SS,2.900837462382511,fuse-fused,
1754,simulation_0048_segmented,What is the distance between the left pillar of the near door and the right pillar of the far door in meters?,S3MX,SS,0.0090090083928109,fuse-primary-only,
1755,simulation_0048_segmented,"What is the height of the moving bicycle (from the handlebar to the ground, including below the wheel) in meters?",S3MX,SS,1.1400749196561923,fuse-primary-only,
1756,simulation_0048_segmented,What is the average speed of the moving bicycle in m/s?,S3MX,SD,2.6874483173487125,fuse-fused,
1757,simulation_0048_segmented,What is the diameter of the wheel of the moving bicycle in meters?,S3MX,SS,0.5962535345959165,fuse-fused,
1758,simulation_0057_segmented,What is the length of the orange car in meters?,A2MX,DS,4.700630004454373,fuse-secondary-only,
1759,simulation_0057_segmented,What is the distance between the two streetlights in meters?,A2MX,DS,,none,neither arm answered
1760,simulation_0057_segmented,What is the width of the orange car in meters?,A2MX,DS,1.96994108461112,fuse-secondary-only,
1761,simulation_0066_segmented,What is the average speed of the yellow car in m/s？,A3MX,DD,3.1024,fuse-disagreement,
1762,simulation_0066_segmented,What is the width of the lane in meters?,A3MX,DS,10.0,fuse-disagreement,
1763,simulation_0066_segmented,What is the width of the white car in meters?,A3MX,DS,0.2659341765265168,fuse-secondary-only,
1764,simulation_0066_segmented,What is the length of the white car in meters？,A3MX,DS,3.5989,fuse-disagreement,
1765,simulation_0066_segmented,What is the height of the white car in meters？,A3MX,DS,0.1933859465878858,fuse-secondary-only,
1766,simulation_0066_segmented,What is the length of the turning yellow car in meters?,A3MX,DS,3.1,fuse-disagreement,
1767,simulation_0066_segmented,What is the height of the turning yellow car in meters?,A3MX,DS,0.1067646329771276,fuse-secondary-only,
1768,simulation_0066_segmented,What is the width of the turning yellow car in meters?,A3MX,DS,4.5,fuse-disagreement,
1769,simulation_0066_segmented,What is the diameter of the bicycle wheel in meters?,A3MX,DS,0.7,fuse-disagreement,
1770,simulation_0066_segmented,What is the average speed of the walking pedestrian in m/s?,A3MX,DD,0.13651110151858298,fuse-fused,
1771,simulation_0066_segmented,What is the height of the walking pedestrian in meters?,A3MX,DS,0.0800204156194125,fuse-secondary-only,
1772,simulation_0066_segmented,What is the average speed of the bicycle in m/s?,A3MX,DD,4.4135,fuse-disagreement,
1773,simulation_0066_segmented,What is the width of the green car in meters?,A3MX,DS,2.5,fuse-disagreement,
1774,simulation_0066_segmented,What is the length of the green car in meters?,A3MX,DS,4.5,fuse-disagreement,
1775,simulation_0066_segmented,What is the height of the green car in meters?,A3MX,DS,0.0567834772577367,fuse-secondary-only,
1776,simulation_0066_segmented,What is the width of the purple car in meters?,A3MX,DS,2.7,fuse-disagreement,
1777,simulation_0066_segmented,What is the height of the purple car in meters?,A3MX,DS,0.1749958886495771,fuse-secondary-only,
1778,simulation_0068_segmented,What is the average speed of the yellow car in m/s？,A2MX,DD,6.12698148779945,fuse-secondary-only,
1779,simulation_0068_segmented,What is the length of the turning yellow car in meters?,A2MX,DS,6.29918242695665,fuse-secondary-only,
1780,simulation_0068_segmented,What is the width of the turning yellow car in meters?,A2MX,DS,2.447200030723754,fuse-secondary-only,
1781,simulation_0068_segmented,What is the width of the white car in meters?,A2MX,DS,2.429912142107133,fuse-secondary-only,
1782,simulation_0068_segmented,What is the length of the white car in meters？,A2MX,DS,6.292457940493267,fuse-secondary-only,
1783,simulation_0098_segmented,What is the average speed of the boat in m/s?,V2MX,DD,5.026805093623889,fuse-secondary-only,
1784,simulation_0098_segmented,What is the length of the boat in meters?,V2MX,DS,12.260723667009648,fuse-fused,
1785,simulation_0098_segmented,What is the length of the shark in meters?,V2MX,DS,3.626466109921107,fuse-fused,
1786,simulation_0098_segmented,What is the height of the shark in meters?,V2MX,DS,2.474357041594956,fuse-fused,
1787,simulation_0099_segmented,What is the average speed of the boat in m/s?,S2MX,SD,11.231559768348104,fuse-fused,
1788,simulation_0099_segmented,What is the average speed of the shark in m/s?,S2MX,SD,25.0,fuse-disagreement,
1789,simulation_0099_segmented,What is the length of the shark in meters?,S2MX,SS,1.7916630198577264,fuse-fused,
1790,simulation_0099_segmented,What is the height of the shark in meters?,S2MX,SS,1.1062307011228485,fuse-fused,
1791,simulation_0100_segmented,What is the average speed of the boat in m/s?,S2MX,SD,5.025915987252001,fuse-secondary-only,
1792,simulation_0100_segmented,What is the average speed of the shark in m/s?,S2MX,SD,3.0512450924898165,fuse-secondary-only,
1793,simulation_0100_segmented,What is the length of the shark in meters?,S2MX,SS,1.812834294925323,fuse-fused,
1794,simulation_0100_segmented,What is the height of the shark in meters?,S2MX,SS,1.1055283753195382,fuse-fused,
1795,simulation_0101_segmented,What is the initial speed of the shark in m/s?,A2MX,DD,3.731115667285117,fuse-secondary-only,
1796,simulation_0101_segmented,What is the average speed of the boat in m/s?,A2MX,DD,5.36608117490545,fuse-secondary-only,
1797,simulation_0101_segmented,What is the length of the boat in meters?,A2MX,DS,17.8948967349928,fuse-fused,
1798,simulation_0101_segmented,What is the length of the shark in meters?,A2MX,DS,3.4966223528413547,fuse-secondary-only,
1799,simulation_0101_segmented,What is the height of the shark in meters?,A2MX,DS,1.302596192594395,fuse-secondary-only,
1800,simulation_0102_segmented,What is the initial speed of the shark in m/s?,A2MX,DD,2.623520238086356,fuse-secondary-only,
1801,simulation_0102_segmented,What is the average speed of the boat in m/s?,A2MX,DD,1.950557833246091,fuse-fused,
1802,simulation_0102_segmented,What is the length of the boat in meters?,A2MX,DS,8.68174827999016,fuse-fused,
1803,simulation_0102_segmented,What is the length of the shark in meters?,A2MX,DS,2.2013953336197694,fuse-fused,
1804,simulation_0102_segmented,What is the height of the shark in meters?,A2MX,DS,0.921592352701502,fuse-secondary-only,
1805,simulation_0102_segmented,What is the distance between the shark and the boat at 0.5 s in meters?,A2MX,DS,0.5,fuse-disagreement,
1806,simulation_0103_segmented,What is the initial speed of the shark in m/s?,A2MX,DD,1.7367441053514676,fuse-fused,
1807,simulation_0103_segmented,What is the average speed of the boat in m/s?,A2MX,DD,4.819589104515813,fuse-secondary-only,
1808,simulation_0103_segmented,What is the length of the boat in meters?,A2MX,DS,8.56251529101297,fuse-fused,
1809,simulation_0103_segmented,What is the length of the shark in meters?,A2MX,DS,3.1980458186856846,fuse-secondary-only,
1810,simulation_0103_segmented,What is the height of the shark in meters?,A2MX,DS,1.194952208113397,fuse-secondary-only,
1811,simulation_0103_segmented,What is the distance between the shark and the boat at 0.5 s in meters?,A2MX,DS,0.125,fuse-disagreement,
1812,simulation_0112_segmented,What is the height of the car in meters?,V2MX,DS,1.299885346140522,fuse-secondary-only,
1813,simulation_0112_segmented,What is the diameter of the wheel in meters?,V2MX,DS,0.6483802970203348,fuse-fused,
1814,simulation_0112_segmented,What is the length of the car in meters?,V2MX,DS,4.1683080398601104,fuse-fused,
1815,simulation_0114_segmented,What is the width of the plane in meters?,A2SX,DS,8.149101301251754,fuse-secondary-only,
1816,simulation_0114_segmented,What is the length of the plane in meters?,A2SX,DS,8.149101301251754,fuse-secondary-only,
1817,simulation_0114_segmented,What is the speed of the plane at 1.5s in m/s?,A2SX,DD,26.36630767171159,fuse-fused,
1818,simulation_0115_segmented,What is the length of the boat in meters?,A2MX,DS,1.1991565625407916,fuse-secondary-only,
1819,simulation_0115_segmented,What is the width of the boat in meters?,A2MX,DS,1.1991565625407916,fuse-secondary-only,
1820,simulation_0115_segmented,What is the velocity of the boat at 1s in m/s?,A2MX,DD,3.0,fuse-disagreement,
1821,simulation_0115_segmented,What is the length of the wooden dock beside the boat in meters?,A2MX,DS,1.2330997685800853,fuse-secondary-only,
1822,simulation_0115_segmented,What is the width of the wooden dock beside the boat in meters?,A2MX,DS,1.2330997685800853,fuse-secondary-only,
1823,simulation_0116_segmented,What is the length of the football in meters?,A2MX,DS,0.28,fuse-primary-only,
1824,simulation_0116_segmented,What is the width of the football in meters?,A2MX,DS,0.23,fuse-primary-only,
1825,simulation_0116_segmented,What is the height of each door in meters?,A2MX,DS,,none,neither arm answered
1826,simulation_0116_segmented,What is the width of each door in meters?,A2MX,DS,,none,neither arm answered
1827,simulation_0116_segmented,What is the speed of the football at 0.5s in m/s?,A2MX,DD,4.9,fuse-primary-only,
1828,simulation_0121_segmented,What is the speed of the left first ball at 0.5s in m/s?,S2MX,SD,5.684685973479668,fuse-secondary-only,
1829,simulation_0121_segmented,What is the speed of the left first ball at 1s in m/s?,S2MX,SD,2.0879327713147475,fuse-fused,
1830,simulation_0121_segmented,What is the speed of the right last ball at 2s in m/s?,S2MX,SD,2.585311556861247,fuse-secondary-only,
1831,simulation_0123_segmented,What is the length of the rolling cup in meters?,V2MX,DS,,none,neither arm answered
1832,simulation_0123_segmented,What is the diameter of the rolling cup in meters?,V2MX,DS,,none,neither arm answered
1833,simulation_0123_segmented,What is the length of the toothbrush lying on the sink in meters?,V2MX,DS,0.2,fuse-primary-only,
1834,simulation_0123_segmented,What is the diameter of the cup with the toothbrush in meters?,V2MX,DS,0.12,fuse-primary-only,
1835,simulation_0123_segmented,What is the length of the bottom towel of the three stacked towels on the sink in meters?,V2MX,DS,5.0,fuse-primary-only,
1836,simulation_0123_segmented,What is the width of the bottom towel of the three stacked towels on the sink in meters?,V2MX,DS,,none,neither arm answered
1837,simulation_0124_segmented,What is the average speed of the grey and red car in m/s?,V2MX,DD,23.6886004535726,fuse-fused,
1838,simulation_0124_segmented,What is the length of the grey and red car in meters?,V2MX,DS,4.822848019580542,fuse-secondary-only,
1839,simulation_0124_segmented,What is the width of the grey and red car in meters?,V2MX,DS,2.7904476273549816,fuse-fused,
1840,simulation_0124_segmented,What is the length of the black car in meters?,V2MX,DS,4.463246212811991,fuse-secondary-only,
1841,simulation_0124_segmented,What is the width of the black car in meters?,V2MX,DS,3.6639956288957114,fuse-secondary-only,
1842,simulation_0124_segmented,What is the horizontal distance between the two cars at 1 s in meters?,V2MX,DS,26.085,fuse-primary-only,
1843,simulation_0124_segmented,What is the smallest horizontal distance between the two cars in meters?,V2MX,DS,,none,neither arm answered
1844,simulation_0128_segmented,What is the diameter of the ball in meters?,A2MX,DS,0.05,fuse-primary-only,
1845,simulation_0129_segmented,What is the diameter of the ball in meters?,A2MX,DS,,none,neither arm answered
1846,simulation_0129_segmented,What is the length of the forklift in meters?,A2MX,DS,,none,neither arm answered
1847,simulation_0129_segmented,What is the height of the forklift in meters?,A2MX,DS,,none,neither arm answered
1848,simulation_0145_segmented,What is the diameter of the tire in meters?,S2MX,SS,0.48586937786347656,fuse-fused,
1849,simulation_0145_segmented,What is the average speed of the rocket in m/s?,S2MX,SD,10.980976295268873,fuse-secondary-only,
1850,simulation_0145_segmented,What is the speed of the rocket at time 1s in m/s?,S2MX,SD,10.980976295268873,fuse-secondary-only,
1851,simulation_0145_segmented,What is the acceleration of the rocket at time 1s in m/s^2?,S2MX,SD,37.10276352805017,fuse-secondary-only,
1852,simulation_0153_segmented,What is the length of the blue car in meters (including the extending wire)?,S2SX,SS,0.43573436847249297,fuse-fused,
1853,simulation_0153_segmented,What is the speed of the blue car at time 1s in m/s?,S2SX,SD,0.541331168409673,fuse-secondary-only,
1854,simulation_0153_segmented,What is the acceleration of the blue car at time 1s in m/s^2?,S2SX,SD,1.3998575258933872,fuse-secondary-only,
1855,simulation_0153_segmented,What is the speed of the blue car at time 1.5s in m/s?,S2SX,SD,0.541331168409673,fuse-secondary-only,
1856,simulation_0153_segmented,What is the acceleration of the blue car at time 1.5s in m/s^2?,S2SX,SD,1.3998575258933872,fuse-secondary-only,
1857,simulation_0169_segmented,What is the speed of the astronaut at time 0.5s in m/s?,S2SX,SD,2.9541808303594954,fuse-secondary-only,
1858,simulation_0169_segmented,What is the acceleration of the astronaut at time 0.5s in m/s^2?,S2SX,SD,0.6754216763727774,fuse-secondary-only,
1859,simulation_0169_segmented,What is the speed of the astronaut at time 1s in m/s?,S2SX,SD,2.9541808303594954,fuse-secondary-only,
1860,simulation_0169_segmented,What is the acceleration of the astronaut at time 1s in m/s^2?,S2SX,SD,0.6754216763727774,fuse-secondary-only,
1861,simulation_0169_segmented,What is the speed of the astronaut at time 2s in m/s?,S2SX,SD,2.9541808303594954,fuse-secondary-only,
1862,simulation_0169_segmented,What is the acceleration of the astronaut at time 2s in m/s^2?,S2SX,SD,0.6754216763727774,fuse-secondary-only,
1863,simulation_0169_segmented,What is the speed of the astronaut at time 3s in m/s?,S2SX,SD,2.9541808303594954,fuse-secondary-only,
1864,simulation_0169_segmented,What is the acceleration of the astronaut at time 3s in m/s^2?,S2SX,SD,0.6754216763727774,fuse-secondary-only,
1865,simulation_0170_segmented,What is the speed of the astronaut at time 0.5s in m/s?,S3SX,SD,1.0543318721866295,fuse-fused,
1866,simulation_0170_segmented,What is the acceleration of the astronaut at time 0.5s in m/s^2?,S3SX,SD,1.5575451128766749,fuse-primary-only,
1867,simulation_0170_segmented,What is the speed of the astronaut at time 1s in m/s?,S3SX,SD,1.4910504328885479,fuse-fused,
1868,simulation_0170_segmented,What is the acceleration of the astronaut at time 1s in m/s^2?,S3SX,SD,1.5575451128766749,fuse-primary-only,
1869,simulation_0170_segmented,What is the speed of the astronaut at time 2s in m/s?,S3SX,SD,3.21078245467911,fuse-fused,
1870,simulation_0170_segmented,What is the acceleration of the astronaut at time 2s in m/s^2?,S3SX,SD,1.5575451128766749,fuse-primary-only,
1871,simulation_0170_segmented,What is the speed of the astronaut at time 3s in m/s?,S3SX,SD,3.008081077897952,fuse-fused,
1872,simulation_0170_segmented,What is the acceleration of the astronaut at time 3s in m/s^2?,S3SX,SD,1.5575451128766749,fuse-primary-only,
1873,simulation_0171_segmented,What is the speed of the astronaut at time 0.5s in m/s?,S2SX,SD,2.249187680334315,fuse-secondary-only,
1874,simulation_0171_segmented,What is the acceleration of the astronaut at time 0.5s in m/s^2?,S2SX,SD,2.7316083760655085,fuse-secondary-only,
1875,simulation_0171_segmented,What is the speed of the astronaut at time 1s in m/s?,S2SX,SD,2.249187680334315,fuse-secondary-only,
1876,simulation_0171_segmented,What is the acceleration of the astronaut at time 1s in m/s^2?,S2SX,SD,2.7316083760655085,fuse-secondary-only,
1877,simulation_0171_segmented,What is the speed of the astronaut at time 2s in m/s?,S2SX,SD,2.249187680334315,fuse-secondary-only,
1878,simulation_0171_segmented,What is the acceleration of the astronaut at time 2s in m/s^2?,S2SX,SD,2.7316083760655085,fuse-secondary-only,
1879,simulation_0171_segmented,What is the speed of the astronaut at time 3s in m/s?,S2SX,SD,2.249187680334315,fuse-secondary-only,
1880,simulation_0171_segmented,What is the acceleration of the astronaut at time 3s in m/s^2?,S2SX,SD,2.7316083760655085,fuse-secondary-only,
1881,simulation_0172_segmented,What is the speed of the astronaut at time 0.5s in m/s?,S3SX,SD,2.049213012408157,fuse-disagreement,
1882,simulation_0172_segmented,What is the acceleration of the astronaut at time 0.5s in m/s^2?,S3SX,SD,2.39135124473384,fuse-primary-only,
1883,simulation_0172_segmented,What is the speed of the astronaut at time 1s in m/s?,S3SX,SD,1.4315072519579344,fuse-fused,
1884,simulation_0172_segmented,What is the acceleration of the astronaut at time 1s in m/s^2?,S3SX,SD,2.39135124473384,fuse-primary-only,
1885,simulation_0172_segmented,What is the speed of the astronaut at time 2s in m/s?,S3SX,SD,1.9486384251554507,fuse-fused,
1886,simulation_0172_segmented,What is the acceleration of the astronaut at time 2s in m/s^2?,S3SX,SD,2.39135124473384,fuse-primary-only,
1887,simulation_0172_segmented,What is the speed of the astronaut at time 3s in m/s?,S3SX,SD,2.02445697035435,fuse-fused,
1888,simulation_0172_segmented,What is the acceleration of the astronaut at time 3s in m/s^2?,S3SX,SD,2.39135124473384,fuse-primary-only,
1889,simulation_0177_segmented,What is the height of the elephant in meters?,V2SX,DS,5.89632998693401,fuse-secondary-only,
1890,simulation_0177_segmented,What is the displacement of the elephant in meters?,V2SX,DS,9.762777020864348,fuse-secondary-only,
1891,simulation_0178_segmented,What is the average speed of the small elephant in m/s?,V2MX,DD,2.3367690209245104,fuse-fused,
1892,simulation_0178_segmented,What is the height of the big elephant in meters?,V2MX,DS,3.796462848313749,fuse-secondary-only,
1893,simulation_0178_segmented,What is the height of the small elephant in meters?,V2MX,DD,2.576370709553234,fuse-secondary-only,
1894,simulation_0178_segmented,What is the displacement of the big elephant in meters?,V2MX,DS,3.9055198056481584,fuse-fused,
1895,simulation_0178_segmented,What is the displacement of the small elephant in meters?,V2MX,DS,4.369263495966678,fuse-secondary-only,
1896,simulation_0188_segmented,What is the length of the truck in meters?,A3SX,DS,0.5,fuse-disagreement,
1897,simulation_0188_segmented,What is the height of the truck in meters?,A3SX,DS,2.26810490141383,fuse-secondary-only,
1898,simulation_0188_segmented,What is the diameter of the truck's tire in meters?,A3SX,DS,1.1729782788490846,fuse-fused,
1899,simulation_0188_segmented,What is the speed of the truck at time 1s in m/s?,A3SX,DD,5.875358548834297,fuse-fused,
1900,simulation_0188_segmented,What is the speed of the truck at time 1.5s in m/s?,A3SX,DD,1.7913844112565114,fuse-fused,
1901,simulation_0188_segmented,What is the width of the truck in meters?,A3SX,DS,3.08113919071289,fuse-secondary-only,
1902,simulation_0189_segmented,What is the length of the box in meters?,V2MX,DS,,none,neither arm answered
1903,simulation_0189_segmented,What is the height of the box in meters?,V2MX,DS,0.094,fuse-primary-only,
1904,simulation_0189_segmented,What is the length of the truck in meters?,V2MX,DS,,none,neither arm answered
1905,simulation_0189_segmented,What is the height of the truck(at time 0s) in meters?,V2MX,DS,,none,neither arm answered
1906,simulation_0189_segmented,What is the diameter of the truck's tire in meters?,V2MX,DS,,none,neither arm answered
1907,simulation_0190_segmented,What is the height of the truck(at time 0s) in meters?,S2MX,DS,2.908871894417746,fuse-fused,
1908,simulation_0190_segmented,What is the width of the truck in meters?,S2MX,DS,1.888266021864812,fuse-fused,
1909,simulation_0190_segmented,What is the height of the box in meters?,S2MX,DS,1.0725045528684838,fuse-fused,
1910,simulation_0190_segmented,What is the speed of the box at time 1s in m/s?,S2MX,DD,0.0993783818623403,fuse-secondary-only,
1911,simulation_0190_segmented,What is the speed of the box at time 2s in m/s?,S2MX,DD,0.0993783818623403,fuse-secondary-only,
1912,simulation_0191_segmented,What is the width of the box in meters?,A2MX,DS,0.5,fuse-primary-only,
1913,simulation_0191_segmented,What is the height of the box in meters?,A2MX,DS,1.764,fuse-primary-only,
1914,simulation_0191_segmented,What is the length of the truck in meters?,A2MX,DS,9.8,fuse-primary-only,
1915,simulation_0191_segmented,What is the height of the truck in meters?,A2MX,DS,0.3,fuse-primary-only,
1916,simulation_0191_segmented,What is the diameter of the truck's tire in meters?,A2MX,DS,10.0,fuse-primary-only,
1917,simulation_0191_segmented,What is the speed of the box at time 0.2s in m/s?,A2MX,DD,1.96,fuse-primary-only,
1918,simulation_0191_segmented,What is the speed of the box at time 0.4s in m/s?,A2MX,DD,3.92,fuse-primary-only,
1919,simulation_0192_segmented,What is the height of the box in meters?,A2MX,DS,9.8,fuse-primary-only,
1920,simulation_0192_segmented,What is the width of the truck in meters?,A2MX,DS,,none,neither arm answered
1921,simulation_0192_segmented,What is the width of the box in meters?,A2MX,DS,0.3,fuse-primary-only,
1922,simulation_0192_segmented,What is the speed of the box at time 0.2s in m/s?,A2MX,DD,1.96,fuse-primary-only,
1923,simulation_0192_segmented,What is the speed of the box at time 0.4s in m/s?,A2MX,DD,3.92,fuse-primary-only,
1924,simulation_0216_segmented,What is the length of the black cat (including its tail) in meters?,V2MX,DS,0.5219534999147655,fuse-fused,
1925,simulation_0216_segmented,What is the height of the black cat (including its tail) in meters?,V2MX,DS,0.4983085743666179,fuse-fused,
1926,simulation_0216_segmented,What is the length of the wooden bench in meters?,V2MX,DS,2.2624468053335782,fuse-fused,
1927,simulation_0216_segmented,What is the height of the wooden bench in meters?,V2MX,DS,0.8579910426572157,fuse-fused,
1928,simulation_0216_segmented,What is the height of the lampshade of the table lamp in meters?,V2MX,DS,2.0,fuse-disagreement,
1929,simulation_0216_segmented,What is the diameter of the lampshade of the table lamp in meters?,V2MX,DS,0.33111170451419847,fuse-fused,
1930,simulation_0216_segmented,What is the height of the table lamp in meters?,V2MX,DS,0.43919919716673445,fuse-fused,
1931,simulation_0216_segmented,What is the height of the vase in meters?,V2MX,DS,0.3778860900763036,fuse-fused,
1932,simulation_0216_segmented,What is the height of the floor mirror in meters?,V2MX,DS,1.5943514008933988,fuse-fused,
1933,simulation_0216_segmented,What is the length of the floor mirror in meters?,V2MX,DS,1.380748815732991,fuse-fused,
1934,simulation_0216_segmented,What is the length of the TV in meters?,V2MX,DS,0.9097151541872378,fuse-secondary-only,
1935,simulation_0216_segmented,What is the height of the TV in meters?,V2MX,DS,0.6238802618435167,fuse-fused,
1936,simulation_0216_segmented,What is the length of the TV stand in meters?,V2MX,DS,0.8277564185536964,fuse-fused,
1937,simulation_0216_segmented,What is the height of the TV stand in meters?,V2MX,DS,0.3868223573392369,fuse-fused,
1938,simulation_0218_segmented,What is the length of the big robot in meters?,V2MX,DS,2.991594008842505,fuse-secondary-only,
1939,simulation_0218_segmented,What is the height of the big robot in meters?,V2MX,DS,2.991594008842505,fuse-secondary-only,
1940,simulation_0218_segmented,What is the length in meters of the long side of the box formed by the white lines on the ground?,V2MX,DS,0.6591088922214224,fuse-fused,
1941,simulation_0218_segmented,What is the outer diameter of the robot's tires in meters?,V2MX,DS,1.436928646180987,fuse-secondary-only,
1942,simulation_0224_segmented,What is the length of the chinese chess board in meters?,S2MX,SS,0.1213503571490771,fuse-secondary-only,
1943,simulation_0224_segmented,What is the speed of the red general chess at time 0.5s in m/s?,S2MX,SD,8.581588196703347e-05,fuse-secondary-only,
1944,simulation_0224_segmented,What is the acceleration of the red general chess at time 0.5s in m/s^2?,S2MX,SD,0.0008348179509618,fuse-secondary-only,
1945,simulation_0224_segmented,What is the speed of the red general chess at time 1s in m/s?,S2MX,SD,8.581588196703347e-05,fuse-secondary-only,
1946,simulation_0224_segmented,What is the acceleration of the red general chess at time 1s in m/s^2?,S2MX,SD,0.0008348179509618,fuse-secondary-only,
1947,simulation_0224_segmented,What is the speed of the red general chess at time 1.5s in m/s?,S2MX,SD,8.581588196703347e-05,fuse-secondary-only,
1948,simulation_0224_segmented,What is the acceleration of the red general chess at time 1.5s in m/s^2?,S2MX,SD,0.0008348179509618,fuse-secondary-only,
1949,simulation_0225_segmented,What is the length of the black cat (including its tail) in meters?,V2MX,DS,0.858333139447095,fuse-secondary-only,
1950,simulation_0225_segmented,What is the height of the black cat (including its tail) in meters?,V2MX,DS,0.500486600795295,fuse-fused,
1951,simulation_0225_segmented,What is the width of the beach chair in meters?,V2MX,DS,1.7269382779477522,fuse-secondary-only,
1952,simulation_0225_segmented,What is the spacing in meters between the markings on the pool wall?,V2MX,DS,6.152375746808719,fuse-secondary-only,
1953,simulation_0227_segmented,What is the length of the black cat (including its tail) in meters?,V2MX,DS,0.6606542566925786,fuse-fused,
1954,simulation_0227_segmented,What is the height of the black cat (including its tail) in meters?,V2MX,DS,0.39697789596848454,fuse-fused,
1955,simulation_0227_segmented,What is the width of the beach chair in meters?,V2MX,DS,1.4784646013690332,fuse-fused,
1956,simulation_0227_segmented,What is the spacing in meters between the markings on the pool wall?,V2MX,DS,1.2798210184491194,fuse-secondary-only,
1957,simulation_0227_segmented,What is the length of the swimming ring in meters?,V2MX,DS,1.2651735418756365,fuse-fused,
1958,simulation_0227_segmented,What is the height of the swimming ring in meters?,V2MX,DS,0.5611620905849122,fuse-fused,
1959,simulation_0227_segmented,What is the speed of the swimming ring at time 0.5s in m/s?,V2MX,DD,2.464075325786565,fuse-secondary-only,
1960,simulation_0227_segmented,What is the acceleration of the red general chess at time 0.5s in m/s^2?,V2MX,DD,0.1191077251990961,fuse-secondary-only,
1961,simulation_0227_segmented,What is the speed of the red general chess at time 1s in m/s?,V2MX,DD,0.0131655788671213,fuse-secondary-only,
1962,simulation_0227_segmented,What is the acceleration of the red general chess at time 1s in m/s^2?,V2MX,DD,0.1191077251990961,fuse-secondary-only,
1963,simulation_0227_segmented,What is the speed of the red general chess at time 1.5s in m/s?,V2MX,DD,0.0131655788671213,fuse-secondary-only,
1964,simulation_0227_segmented,What is the acceleration of the red general chess at time 1.5s in m/s^2?,V2MX,DD,0.1191077251990961,fuse-secondary-only,
1965,simulation_0233_segmented,What is the length of the black cat (including its tail) in meters?,V2MX,DS,0.7455982947125198,fuse-fused,
1966,simulation_0233_segmented,What is the width(horizontal) of the chair next to the blackboard in meters?,V2MX,DS,0.6165783377767253,fuse-fused,
1967,simulation_0233_segmented,What is the length(vertical) of the chair next to the blackboard in meters?,V2MX,DS,0.7603376932310191,fuse-secondary-only,
1968,simulation_0237_segmented,What is the length of the brown horse in meters?,V2MX,DS,2.325130405831448,fuse-secondary-only,
1969,simulation_0237_segmented,What is the width of the house in meters?,V2MX,DS,12.380610483244617,fuse-secondary-only,
1970,simulation_0237_segmented,What is the length of the house in meters?,V2MX,DS,12.380610483244617,fuse-secondary-only,
1971,simulation_0239_segmented,What is the length of the brown horse in meters?,V2MX,DS,2.706361263396034,fuse-fused,
1972,simulation_0239_segmented,What is the width of the house in meters?,V2MX,DS,15.660285975496611,fuse-secondary-only,
1973,simulation_0239_segmented,What is the length of the house in meters?,V2MX,DS,15.660285975496611,fuse-secondary-only,
1974,simulation_0239_segmented,What is the average speed of the white horse in m/s?,V2MX,DD,1.4467095495386428,fuse-fused,
1975,simulation_0239_segmented,What is the length of the white horse in meters?,V2MX,DS,1.745590034673479,fuse-fused,
1976,simulation_0243_segmented,What is the height of the deer in meters？,V2MX,DS,2.645045441928258,fuse-secondary-only,
1977,simulation_0243_segmented,What is the length of the deer in meters?,V2MX,DS,2.933807060318346,fuse-secondary-only,
1978,simulation_0243_segmented,What is the height of the tree behind the deer in meters?,V2MX,DS,2.5899674546844245,fuse-fused,
1979,simulation_0245_segmented,What is the height of the deer in meters？,V2MX,DS,2.5362011368248645,fuse-secondary-only,
1980,simulation_0245_segmented,What is the length of the deer in meters?,V2MX,DS,2.86500450230936,fuse-secondary-only,
1981,simulation_0245_segmented,What is the average speed of the rabbit in m/s?,V2MX,DD,1.2594890052371115,fuse-fused,
1982,simulation_0245_segmented,What is the height of the rabbit in meters?,V2MX,DS,2.5341851782687925,fuse-secondary-only,
1983,simulation_0245_segmented,What is the length of the rabbit in meters?,V2MX,DS,2.898418888654715,fuse-secondary-only,
1984,simulation_0247_segmented,What is the length of the rabbit in meters?,V3MX,DS,0.2,fuse-disagreement,
1985,simulation_0247_segmented,What is the length of the deer in meters?,V3MX,DS,3.01020917204166,fuse-secondary-only,
1986,simulation_0247_segmented,What is the average speed of the rabbit in m/s?,V3MX,DD,1.3029546589205778,fuse-secondary-only,
1987,simulation_0248_segmented,What is the height of the brown horse in meters?,V2MX,DS,3.3719530307806656,fuse-secondary-only,
1988,simulation_0248_segmented,What is the length of the brown horse in meters?,V2MX,DS,3.1224860173486926,fuse-fused,
1989,simulation_0248_segmented,What is the average speed of the white horse in m/s?,V2MX,DD,3.094564462928634,fuse-secondary-only,
1990,simulation_0248_segmented,What is the height of the white horse in meters?,V2MX,DS,3.703859324641612,fuse-secondary-only,
1991,simulation_0248_segmented,What is the length of the white horse in meters?,V2MX,DS,4.746394510074825,fuse-secondary-only,
1992,simulation_0248_segmented,What is the average speed of the rabbit in m/s?,V2MX,DD,2.50995854302551,fuse-secondary-only,
1993,simulation_0248_segmented,What is the length of the rabbit in meters?,V2MX,DS,0.1,fuse-disagreement,
1994,simulation_0248_segmented,What is the height of the rabbit in meters?,V2MX,DS,10.0,fuse-disagreement,
1995,simulation_0251_segmented,What is the speed of the soccer ball at time 0.5s in m/s?,S2SX,SD,4.893924968138842,fuse-secondary-only,
1996,simulation_0251_segmented,What is the speed of the soccer ball at time 2s in m/s?,S2SX,SD,0.258,fuse-disagreement,
1997,simulation_0251_segmented,What is the speed of the soccer ball at time 1s in m/s?,S2SX,SD,0.344,fuse-disagreement,
1998,simulation_0251_segmented,What is the speed of the soccer ball at time 1.5s in m/s?,S2SX,SD,4.893924968138842,fuse-secondary-only,
1999,simulation_0255_segmented,What is the speed of the tennis ball at time 0.5s in m/s?,S2SX,SD,0.17,fuse-primary-only,
2000,simulation_0255_segmented,What is the speed of the tennis ball at time 1s in m/s?,S2SX,SD,1.0,fuse-primary-only,
2001,simulation_0255_segmented,What is the speed of the tennis ball at time 1.5s in m/s?,S2SX,SD,,none,neither arm answered
2002,simulation_0255_segmented,What is the acceleration of the tennis ball at time 0.5s in m/s^2?,S2SX,SD,,none,neither arm answered
2003,simulation_0255_segmented,What is the acceleration of the tennis ball at time 1s in m/s^2?,S2SX,SD,,none,neither arm answered
2004,simulation_0255_segmented,What is the acceleration of the tennis ball at time 1.5s in m/s^2?,S2SX,SD,,none,neither arm answered
2005,simulation_0261_segmented,What is the height of the mug in meters?,A2SX,DS,4.9,fuse-disagreement,
2006,simulation_0261_segmented,What is the speed of the mug at time 0.2s in m/s?,A2SX,DD,1.220585315138439,fuse-fused,
2007,simulation_0261_segmented,What is the speed of the mug at time 0.4s in m/s?,A2SX,DD,3.92,fuse-disagreement,
2008,simulation_0261_segmented,What is the speed of the mug at time 0.625s in m/s?,A2SX,DD,6.125,fuse-disagreement,
2009,simulation_0030_segmented,What is the length of the eagle in meters?,V3MX,DS,106.642,fuse-primary-only,
2010,simulation_0151_segmented,"What is the width, in meters, of the blue car?",S3MX,SS,0.8101902763732438,fuse-disagreement,
2011,simulation_0151_segmented,What is the speed of the yellow car at time 1s in m/s?,S3MX,SD,3.063452589554677,fuse-disagreement,
2012,simulation_0151_segmented,What is the acceleration of the yellow car at time 1s in m/s^2?,S3MX,SD,8.469042076134423,fuse-primary-only,
2013,simulation_0151_segmented,What is the speed of the blue car at time 1s in m/s?,S3MX,SD,3.0575580844738317,fuse-primary-only,
2014,simulation_0151_segmented,What is the acceleration of the blue car at time 1s in m/s^2?,S3MX,SD,8.396122511463632,fuse-primary-only,
2015,internet_0001,What is the length of the black car in meters?,S2SC,SS,0.7669765658663985,fuse-fused,
2016,internet_0001,What is the width of the black car in meters?,S2SC,SS,0.8401807324057466,fuse-fused,
2017,internet_0001,What is the average speed of the black car in m/s?,S2SC,SD,2.6760297221182316,fuse-fused,
2018,internet_0002,What is the length of the red car in meters?,S2SC,SS,0.7953040940555568,fuse-fused,
2019,internet_0002,What is the width of the red car in meters?,S2SC,SS,0.7953040940555568,fuse-fused,
2020,internet_0002,What is the average speed of the red car in m/s?,S2SC,SD,10.98,fuse-disagreement,
2021,internet_0003,What is the diameter of the pizza in cm?,S2MC,SS,23.784593986262607,fuse-fused,
2022,internet_0003,What is the diameter of the wine glass in cm?,S2MC,SS,10.377234515911583,fuse-fused,
2023,internet_0003,What is the velocity of the pizza cutter in cm/s at 0.2s?,S2MC,SD,1.5887642535542963,fuse-secondary-only,
2024,internet_0003,What is the diameter of a pepperoni on the pizza in cm?,S2MC,SS,2.5,fuse-disagreement,
2025,internet_0004,What is the length of the wood block in cm?,S2MC,SS,12.0,fuse-disagreement,
2026,internet_0004,What is the thickness of the wood block in cm?,S2MC,SS,1.4480081749533626,fuse-fused,
2027,internet_0004,What is the average velocity of the pencil tip moving on the block in cm/s?,S2MC,SD,0.3317437909677442,fuse-secondary-only,
2028,internet_0004,What is the average velocity of the saw cutting the block in cm/s?,S2MC,SD,1.67,fuse-disagreement,
2029,internet_0005,What is the distance between the two black road signs in meters?,V2MC,DS,5.0,fuse-primary-only,
2030,internet_0005,What is the height of the woman in yellow in meters?,V2MC,DS,1.5927867388139438,fuse-secondary-only,
2031,internet_0005,What is the length of the light right above the woman's head in meters?,V2MC,DS,2.0394988808661,fuse-fused,
2032,internet_0005,What is the side length of the floor tiles in meters?,V2MC,DS,1.0,fuse-disagreement,
2033,internet_0006,What is the length of the motor cycle in meters?,S2MC,SS,2.101191097879215,fuse-fused,
2034,internet_0006,What is the average speed of the motorcycle in m/s?,S2MC,SD,12.855940683257748,fuse-fused,
2035,internet_0006,What is the length of the white car in meters?,S2MC,SS,2.0313196105733162,fuse-fused,
2036,internet_0006,What is the average speed of the white car in m/s?,S2MC,SD,10.512232075976142,fuse-fused,
2037,internet_0006,What is the length of the black car in meters?,S2MC,SS,4.02461605184,fuse-fused,
2038,internet_0006,What is the average speed of the black car in m/s?,S2MC,SD,6.288649623673529,fuse-fused,
2039,internet_0007,What is the length of the white car in meters?,S2MC,SS,1.8822717735786794,fuse-fused,
2040,internet_0007,What is the average speed of the white car in m/s?,S2MC,SD,2.44,fuse-disagreement,
2041,internet_0007,What is the length of the black car in meters?,S2MC,SS,1.939067861280188,fuse-fused,
2042,internet_0007,What is the average speed of the black car in m/s?,S2MC,SD,12.4042520774339,fuse-secondary-only,
2043,internet_0008,What is the average speed of the sailboat in m/s?,S2MC,SD,3.2250959431776693,fuse-secondary-only,
2044,internet_0008,What is the average speed of the speedboat in m/s?,S2MC,SD,3.2104300947304174,fuse-secondary-only,
2045,internet_0008,What is the length of the speedboat in meters?,S2MC,SS,6.023489973171607,fuse-fused,
2046,internet_0009,What is the distance between the two players in meters at the beginning?,S2MC,SS,8.23,fuse-primary-only,
2047,internet_0009,What is the average velocity of the tennis ball flying across the net in m/s?,S2MC,SD,0.0251081442610899,fuse-secondary-only,
2048,internet_0009,What is the total displacement of the player on the right in meters?,S2MC,SS,11.885,fuse-disagreement,
2049,internet_0010,How tall is the shooter in cm?,S2MC,SS,20.479050152042554,fuse-fused,
2050,internet_0010,What is the velocity of the ball at 2.00s in cm/s?,S2MC,SD,472.6921272035104,fuse-secondary-only,
2051,internet_0011,What is the initial distance between the two players in meters?,S2MC,SS,2.44,fuse-primary-only,
2052,internet_0011,What is the displacement of the player in white in meters?,S2MC,SS,2.44,fuse-disagreement,
2053,internet_0011,What is the average moving speed of the player in white in m/s?,S2MC,SD,3.0,fuse-disagreement,
2054,internet_0011,What is the displacement of the player in black in meters?,S2MC,SS,1.5,fuse-disagreement,
2055,internet_0012,What is the length of the truck in meters?,S2MC,SS,11.0,fuse-disagreement,
2056,internet_0012,What is the average velocity of the truck in m/s?,S2MC,SD,1.65819091792748,fuse-secondary-only,
2057,internet_0012,What is the length of the grey car in meters?,S2MC,SS,0.7835567992570268,fuse-fused,
2058,internet_0012,What is the average velocity of the grey car in m/s?,S2MC,SD,4.966111029751013,fuse-fused,
2059,internet_0012,What is the length of the car on the leftmost lane in meters?,S2MC,SS,4.5,fuse-disagreement,
2060,internet_0012,What is the average velocity of the car on the leftmost lane in m/s?,S2MC,SD,2.407007952169665,fuse-fused,
2061,internet_0012,What is the length of the white car on the second lane to the left in meters?,S2MC,SS,4.5,fuse-disagreement,
2062,internet_0012,What is the average velocity of the white car on the second lane to the left in m/s?,S2MC,SD,12.2,fuse-disagreement,
2063,internet_0013,What is the width of the straight-through lane in meters?,V2MC,DS,3.5,fuse-primary-only,
2064,internet_0013,What is the width of the roundabout lane in meters?,V2MC,DS,3.5,fuse-primary-only,
2065,internet_0013,What is the diameter of the center island planter in meters?,V2MC,DS,10.0,fuse-primary-only,
2066,internet_0013,What is the speed of the white car in the roundabout at 3.0s in m/s?,V2MC,DD,11.0,fuse-disagreement,
2067,internet_0013,What is the speed of the bicycle on the upper left corner at 3.0s in m/s?,V2MC,DD,0.0011529805251238,fuse-secondary-only,
2068,internet_0013,What is the distance between the two black cars in the round about at 1.0s in meters?,V2MC,DS,20.0,fuse-primary-only,
2069,internet_0014,What is the initial distance between the two players in meters?,S2MC,SS,12.0,fuse-primary-only,
2070,internet_0014,What is the distance from the player closest to the goal to the goal at 0s in meters?,S2MC,SS,10.0,fuse-disagreement,
2071,internet_0014,What is he football's velocity at 7.00s in m/s?,S2MC,SD,0.0334949712663741,fuse-secondary-only,
2072,internet_0014,What is the average velocity of the player with the ball from 8.0s to 9.0s in m/s?,S2MC,SD,0.3779476848772036,fuse-secondary-only,
2073,internet_0014,What is distance between the two players at 9.00s in meters?,S2MC,SS,,none,neither arm answered
2074,internet_0015,What is the average vehicle spacing in meters?,S2MC,SS,7.106898057521299,fuse-fused,
2075,internet_0015,What is the length of the black car in meters?,S2MC,SS,1.22,fuse-disagreement,
2076,internet_0015,What is the length of the motorcycle in meters?,S2MC,SS,0.20380158211889438,fuse-fused,
2077,internet_0015,What is the average speed of the motorcycle in m/s?,S2MC,SS,2.44,fuse-disagreement,
2078,internet_0015,What is the speed of the car before the motorcycle at 1.0s in m/s?,S2MC,SS,3.66,fuse-disagreement,
2079,internet_0016,What is the distance between the two players in meters at the beginning?,S2MC,SS,2.44,fuse-primary-only,
2080,internet_0016,What is the velocity of the basketball at 0s in m/s?,S2MC,SD,39.97906000218976,fuse-secondary-only,
2081,internet_0016,What is the distance between the ball and the player in black at 0.5s in meters?,S2MC,SS,0.4851295843322744,fuse-fused,
2082,internet_0016,What is the distance between the basket and the player in black at 0.5s in meters?,S2MC,SS,4.028715728510031,fuse-fused,
2083,internet_0017,What is the diameter of the round container in cm?,S2MS,SS,6.081832770201384,fuse-fused,
2084,internet_0017,What is the length of the keyboard in cm?,S2MS,SS,14.944789883270456,fuse-fused,
2085,internet_0017,What is the width of the keyboard in cm?,S2MS,SS,14.944789883270456,fuse-fused,
2086,internet_0017,What is the length of the pen in cm?,S2MS,SS,6.276503337915729,fuse-fused,
2087,internet_0017,What is moving speed of the user's (middle) fingertip at 0.4s in cm/s?,S2MS,SD,7.070974747370781,fuse-secondary-only,
2088,internet_0018,What is the distance between the two players in meters at the beginning?,S2MC,SS,8.23,fuse-primary-only,
2089,internet_0018,What is the distance between the benches and the court in meters?,S2MC,SS,12.35,fuse-primary-only,
2090,internet_0018,What is the tennis ball's velocity at 1.5s in m/s?,S2MC,SS,0.0180895585667943,fuse-secondary-only,
2091,internet_0019,What is the size of the ball in cm?,A2MC,DS,22.0,fuse-primary-only,
2092,internet_0019,What is the height of the person standing in the middle in cm?,A2MC,DS,,none,neither arm answered
2093,internet_0019,What is the height of the person on the left (the passer) in cm?,A2MC,DS,120.0,fuse-primary-only,
2094,internet_0019,What is the height of the person on the right (the receiver) in cm?,A2MC,DS,,none,neither arm answered
2095,internet_0019,What is the initial distance between the passer and the receiver in meters?,A2MC,DS,,none,neither arm answered
2096,internet_0019,What is the velocity of the ball at 1.00s in m/s?,A2MC,DD,9.8,fuse-primary-only,
2097,internet_0019,What is the (average) horizontal velocity of the ball in m/s?,A2MC,DD,,none,neither arm answered
2098,internet_0020,What is the height of the sink in cm?,S2MC,SS,16.217500513732006,fuse-fused,
2099,internet_0020,What is the width of the tray in cm?,S2MC,SS,16.22515622494077,fuse-fused,
2100,internet_0020,What is the height of the pump bottle in cm?,S2MC,SS,11.681423573352689,fuse-fused,
2101,internet_0020,What is average moving velocity of the picked bottle in cm/s?,S2MC,SD,10.0,fuse-disagreement,
2102,internet_0020,What is the velocity of the picked bottle at 0.50s in cm/s?,S2MC,SD,10.0,fuse-disagreement,
2103,internet_0021,What is the average speed of the airplane in m/s? ,S2MC,SD,4.0,fuse-disagreement,
2104,internet_0021,What is the distance between the airplane and the roof top at 0s in meters?,S2MC,SS,94.98844779372371,fuse-fused,
2105,internet_0021,What is the the displacement of the airplane from 0s to 2.00s in meters? ,S2MC,SS,72.93833011524185,fuse-fused,
2106,internet_0022,What is the diameter of the tea cup in mm?,S2MC,SS,75.95223408778337,fuse-fused,
2107,internet_0022,What is the diameter of the saucer in mm?,S2MC,SS,78.17696757547121,fuse-fused,
2108,internet_0022,What is the length of the pencil in mm?,S2MC,SS,91.45820986399293,fuse-fused,
2109,internet_0022,What is the shoulder width of the man in cm?,S2MC,SS,39.9309290020173,fuse-fused,
2110,internet_0022,What is the length of the table in meters?,S2MC,SS,0.9979980689479566,fuse-fused,
2111,internet_0022,What is the length of the monitor in cm?,S2MC,SS,34.85356425583464,fuse-fused,
2112,internet_0022,What is the width of the grey notebook in cm?,S2MC,SS,17.89904567839895,fuse-fused,
2113,internet_0022,What is the length of the grey notebook in cm?,S2MC,SS,17.89904567839895,fuse-fused,
2114,internet_0022,What is average velocity of the man's moving hand from 0.40s to 1.00s in cm/s?,S2MC,SD,200.0,fuse-disagreement,
2115,internet_0023,What is the length of the swimming pool in meters (excluding the stair area)?,S2MC,SS,14.297641895129631,fuse-fused,
2116,internet_0023,What is the width of the swimming pool in meters?,S2MC,SS,13.051901641822356,fuse-fused,
2117,internet_0023,What is the length of the deck chair in meters?,S2MC,SS,1.7402691656908946,fuse-fused,
2118,internet_0023,What is the average velocity of the swimmer in m/s?,S2MC,SD,1.4586043294615931,fuse-fused,
2119,internet_0023,What is the distance between the two umbrellas on the left in meters?,S2MC,SS,1.8,fuse-primary-only,
2120,internet_0024,What is the length of the earphone case in mm?,S2MC,SS,44.99999999999999,fuse-fused,
2121,internet_0024,What is the length of the pencil in cm?,S2MC,SS,12.333404964814456,fuse-fused,
2122,internet_0024,What is the diameter of the mug in cm?,S2MC,SS,7.84946128067581,fuse-fused,
2123,internet_0024,What is the length of the longest side of the laptop in cm?,S2MC,SS,1.5,fuse-disagreement,
2124,internet_0024,What is the length of the longest side of the wallet in cm?,S2MC,SS,12.53215104915944,fuse-fused,
2125,internet_0024,What is the moving velocity of the mug at 0.50s in cm/s?,S2MC,SS,25.579412642435965,fuse-secondary-only,
2126,internet_0025,What is the length of the canoe in meters?,S2SC,SS,8.257267761927151,fuse-fused,
2127,internet_0025,What is the average speed of the canoe in m/s?,S2SC,SD,0.8300738662909604,fuse-secondary-only,
2128,internet_0025,What is the displacement of the canoe in the first 5 seconds in meters?,S2SC,SS,12.92197661876485,fuse-fused,
2129,internet_0026,What is the sitting height of the baby in cm?,S2MC,SS,53.5929031605625,fuse-fused,
2130,internet_0026,What is the distance between the baby and the man in meters?,S2MC,SS,1.6911640144137048,fuse-fused,
2131,internet_0026,What is the length of the toy truck in cm?,S2MC,SS,58.14020771593275,fuse-fused,
2132,internet_0026,What is the height of the toy truck in cm?,S2MC,SS,40.85511735505208,fuse-fused,
2133,internet_0026,What is the speed of the toy truck at 0.50s in cm/s?,S2MC,SD,61.87843388134666,fuse-secondary-only,
2134,internet_0026,What is the average speed of the toy truck in cm/s?,S2MC,SD,54.59463588584492,fuse-secondary-only,
2135,internet_0027,What is the initial distance between the black ball and the purple ball in cm?,S2MC,SS,9.841023047952485,fuse-fused,
2136,internet_0027,What is the white ball's average velocity in 1.00s to 2.00s in cm/s?,S2MC,SD,44.26996359857249,fuse-secondary-only,
2137,internet_0027,What is the velocity of the orange ball at 1.00s in cm/s?,S2MC,SD,174.4538525965099,fuse-secondary-only,
2138,internet_0027,What is the final distance between the purple ball and the black ball in cm?,S2MC,SS,15.560023668871139,fuse-fused,
2139,internet_0027,What is the acceleration of the yellow balloon the left at 2.00s in cm/s^2?,S2MC,SD,2.384873300092461,fuse-secondary-only,
2140,captured_0001,What is the size of the ball in cm? ,A3SS,DS,13.15313213265258,fuse-fused,
2141,captured_0001,What is the length of the slope in cm? ,A3SS,DS,25.2,fuse-disagreement,
2142,captured_0001,What is the displacement of the ball between 0s and 1.5s in cm?,A3SS,DS,337.5,fuse-disagreement,
2143,captured_0001,What is the velocity of the ball at 1.5s in cm/s?,A3SS,DD,274.2012943315651,fuse-fused,
2144,captured_0001,What is the velocity of the ball at the end of the slope in cm/s? ,A3SS,DD,480.0,fuse-disagreement,
2145,captured_0002,What is the size of the ball in mm? ,A3SS,DS,20.0,fuse-disagreement,
2146,captured_0002,What is the length of the slope in cm? ,A3SS,DS,201.00947872664156,fuse-fused,
2147,captured_0002,What is the displacement of the ball between 1.0s and 1.3s in cm?,A3SS,DS,46.125142644853796,fuse-fused,
2148,captured_0002,What is the velocity of the ball at 1.3s in cm/s?,A3SS,DD,298.8975076044612,fuse-fused,
2149,captured_0002,What is the velocity of the ball at the end of the slope in cm/s? ,A3SS,DD,365.98071711698327,fuse-fused,
2150,captured_0006,What is the height of the toy in cm? ,A3SC,DS,1.065,fuse-primary-only,
2151,captured_0006,What is the width of the toy in cm?,A3SC,DS,,none,neither arm answered
2152,captured_0006,What is the velocity of the toy at 1.2s in m/s? ,A3SC,DS,3.2,fuse-primary-only,
2153,captured_0006,What the displacement of the toy between 1s and 1.2s in cm? ,A3SC,DS,33.7,fuse-primary-only,
2154,captured_0006,What is the velocity of the toy when hitting the desk for the first time in m/s? ,A3SC,DS,6.167,fuse-primary-only,
2155,captured_0006s,What is the height of the toy in cm? ,A3SS,DS,5.0,fuse-primary-only,
2156,captured_0006s,What is the width of the toy in cm?,A3SS,DS,10.0,fuse-primary-only,
2157,captured_0006s,What is the velocity of the toy at 1.2s in m/s? ,A3SS,DS,1.685,fuse-primary-only,
2158,captured_0006s,What the displacement of the toy between 1s and 1.2s in cm? ,A3SS,DS,33.7,fuse-primary-only,
2159,captured_0006s,What is the velocity of the toy when hitting the desk for the first time in m/s? ,A3SS,DS,2.56,fuse-primary-only,
2160,captured_0008,What is the basketball's initial distance from the desk in cm? ,A3SC,DS,1.0,fuse-primary-only,
2161,captured_0008,What is the basketball's diameter in cm?,A3SC,DS,24.0,fuse-primary-only,
2162,captured_0008,What is the maximum rebounce height (with respect to the desk) of the basketball in cm? ,A3SC,DS,2.0,fuse-primary-only,
2163,captured_0008,What is the basketball's velocity at 1.2s in m/s? ,A3SC,DS,9.8,fuse-primary-only,
2164,captured_0008,What is the basketball's  distance from the camera at 1.2s in meters? ,A3SC,DS,1.564,fuse-fused,
2165,captured_0008s,What is the basketball's initial distance from the desk in cm? ,A3SS,DS,32.4,fuse-primary-only,
2166,captured_0008s,What is the basketball's diameter in cm?,A3SS,DS,24.0,fuse-primary-only,
2167,captured_0008s,What is the maximum rebounce height (with respect to the desk) of the basketball in cm? ,A3SS,DS,20.25,fuse-primary-only,
2168,captured_0008s,What is the basketball's velocity at 1.2s in m/s? ,A3SS,DS,1.0,fuse-primary-only,
2169,captured_0008s,What is the basketball's  distance from the camera at 1.2s in meters? ,A3SS,DS,1.564,fuse-fused,
2170,captured_0008x,What is the basketball's initial distance from the desk in cm? ,A3SX,DS,32.4,fuse-primary-only,
2171,captured_0008x,What is the basketball's diameter in cm?,A3SX,DS,24.0,fuse-primary-only,
2172,captured_0008x,What is the maximum rebounce height (with respect to the desk) of the basketball in cm? ,A3SX,DS,20.25,fuse-primary-only,
2173,captured_0008x,What is the basketball's velocity at 1.2s in m/s? ,A3SX,DS,1.2,fuse-primary-only,
2174,captured_0008x,What is the basketball's  distance from the camera at 1.2s in meters? ,A3SX,DS,1.564,fuse-fused,
2175,captured_0009,What is the basketball's initial distance from the floor in cm? ,A3SC,DS,70.75,fuse-primary-only,
2176,captured_0009,What is the basketball's diameter in cm?,A3SC,DS,24.0,fuse-primary-only,
2177,captured_0009,What is the maximum rebounce height of the basketball in cm? ,A3SC,DS,44.9,fuse-primary-only,
2178,captured_0009,What is the basketball's velocity at 1.8s in m/s? ,A3SC,DS,1.0,fuse-primary-only,
2179,captured_0009,What is the basketball's  distance from the camera at 1.8s in meters? ,A3SC,DS,1.5835,fuse-fused,
2180,captured_0009s,What is the basketball's initial distance from the floor in cm? ,A3SS,DS,70.75,fuse-primary-only,
2181,captured_0009s,What is the basketball's diameter in cm?,A3SS,DS,24.0,fuse-primary-only,
2182,captured_0009s,What is the maximum rebounce height of the basketball in cm? ,A3SS,DS,25.85,fuse-primary-only,
2183,captured_0009s,What is the basketball's velocity at 1.8s in m/s? ,A3SS,DS,17.64,fuse-primary-only,
2184,captured_0009s,What is the basketball's  distance from the camera at 1.8s in meters? ,A3SS,DS,1.5835,fuse-fused,
2185,captured_0009x,What is the basketball's initial distance from the floor in cm? ,A3SX,DS,70.75,fuse-primary-only,
2186,captured_0009x,What is the basketball's diameter in cm?,A3SX,DS,24.0,fuse-primary-only,
2187,captured_0009x,What is the maximum rebounce height of the basketball in cm? ,A3SX,DS,0.449,fuse-primary-only,
2188,captured_0009x,What is the basketball's velocity at 1.8s in m/s? ,A3SX,DS,1.321,fuse-primary-only,
2189,captured_0009x,What is the basketball's  distance from the camera at 1.8s in meters? ,A3SX,DS,1.5835,fuse-fused,
2190,captured_0010,What is the length of the string in cm? ,A3SC,DS,1.2,fuse-primary-only,
2191,captured_0010,What is the ball's diameter in cm?,A3SC,DS,,none,neither arm answered
2192,captured_0010,What is the ball's velocity at 0.3s in m/s? ,A3SC,DS,0.3,fuse-primary-only,
2193,captured_0010,What is the ball's velocoty at 0.6s in m/s? ,A3SC,DS,1.22,fuse-primary-only,
2194,captured_0010,What is that ball's acceleration at 0.3s in m/s? ,A3SC,DS,9.8,fuse-primary-only,
2195,captured_0010,What is that ball's acceleration at 0.6s in m/s? ,A3SC,DS,9.8,fuse-primary-only,
2196,captured_0010s,What is the length of the string in cm? ,A3SS,DS,150.0,fuse-primary-only,
2197,captured_0010s,What is the ball's diameter in cm?,A3SS,DS,,none,neither arm answered
2198,captured_0010s,What is the ball's velocity at 0.3s in m/s? ,A3SS,DS,2.94,fuse-primary-only,
2199,captured_0010s,What is the ball's velocoty at 0.6s in m/s? ,A3SS,DS,1.207,fuse-primary-only,
2200,captured_0010s,What is that ball's acceleration at 0.3s in m/s? ,A3SS,DS,9.8,fuse-primary-only,
2201,captured_0010s,What is that ball's acceleration at 0.6s in m/s? ,A3SS,DS,1.344,fuse-primary-only,
2202,captured_0010X,What is the length of the string in cm? ,A3SX,DS,,none,neither arm answered
2203,captured_0010X,What is the ball's diameter in cm?,A3SX,DS,,none,neither arm answered
2204,captured_0010X,What is the ball's velocity at 0.3s in m/s? ,A3SX,DS,2.94,fuse-primary-only,
2205,captured_0010X,What is the ball's velocoty at 0.6s in m/s? ,A3SX,DS,0.6033,fuse-primary-only,
2206,captured_0010X,What is that ball's acceleration at 0.3s in m/s? ,A3SX,DS,9.8,fuse-primary-only,
2207,captured_0010X,What is that ball's acceleration at 0.6s in m/s? ,A3SX,DS,9.8,fuse-primary-only,
2208,captured_0013,What is the height of the cup in cm? ,A3MC,DS,123.28857991873754,fuse-secondary-only,
2209,captured_0013,What is the length of the pen in cm? ,A3MC,DS,14.0,fuse-disagreement,
2210,captured_0013,What is the diameter of the cookie in cm? ,A3MC,DS,10.0,fuse-disagreement,
2211,captured_0013,What is the width of the note book in cm? ,A3MC,DS,8.0,fuse-disagreement,
2212,captured_0013,What is the width of the desk in cm? ,A3MC,DS,17.0,fuse-disagreement,
2213,captured_0013,What is the length of the slope in cm?,A3MC,DS,24.1,fuse-disagreement,
2214,captured_0013,What is the diameter of the ball in cm? ,A3MC,DS,53.08558154636653,fuse-secondary-only,
2215,captured_0013,What is the velolicty of the ball at 1.5s in cm/s? ,A3MC,DD,408.14098465638983,fuse-fused,
2216,captured_0013s,What is the height of the cup in cm? ,A3MS,DS,4.5,fuse-disagreement,
2217,captured_0013s,What is the length of the pen in cm? ,A3MS,DS,15.0,fuse-disagreement,
2218,captured_0013s,What is the diameter of the cookie in cm? ,A3MS,DS,3.3,fuse-disagreement,
2219,captured_0013s,What is the width of the note book in cm? ,A3MS,DS,15.0,fuse-disagreement,
2220,captured_0013s,What is the width of the desk in cm? ,A3MS,DS,1.7,fuse-disagreement,
2221,captured_0013s,What is the length of the slope in cm?,A3MS,DS,24.1,fuse-disagreement,
2222,captured_0013s,What is the diameter of the ball in cm? ,A3MS,DS,6.0,fuse-disagreement,
2223,captured_0013s,What is the velolicty of the ball at 1.5s in cm/s? ,A3MS,DD,403.2066501993576,fuse-fused,
2224,captured_0013x,What is the height of the cup in cm? ,A3MX,DS,121.32829591697832,fuse-secondary-only,
2225,captured_0013x,What is the length of the pen in cm? ,A3MX,DS,14.0,fuse-disagreement,
2226,captured_0013x,What is the diameter of the cookie in cm? ,A3MX,DS,10.0,fuse-disagreement,
2227,captured_0013x,What is the width of the note book in cm? ,A3MX,DS,0.86,fuse-disagreement,
2228,captured_0013x,What is the width of the desk in cm? ,A3MX,DS,1.7,fuse-disagreement,
2229,captured_0013x,What is the length of the slope in cm?,A3MX,DS,24.1,fuse-disagreement,
2230,captured_0013x,What is the diameter of the ball in cm? ,A3MX,DS,52.30178491663935,fuse-secondary-only,
2231,captured_0013x,What is the velolicty of the ball at 1.5s in cm/s? ,A3MX,DD,405.4547722699133,fuse-fused,
2232,captured_0014,What is the diameter of the cookie in cm? ,A3MC,DS,18.02157603002967,fuse-fused,
2233,captured_0014,What is the diameter of the ball in cm? ,A3MC,DS,23.61344391590021,fuse-secondary-only,
2234,captured_0014,What is the height of the cup in cm? ,A3MC,DS,20.77573047018614,fuse-fused,
2235,captured_0014,What is the length of the pen in cm? ,A3MC,DS,24.57174136479024,fuse-fused,
2236,captured_0014,What is the length of the book in cm?,A3MC,DS,20.776176477573575,fuse-fused,
2237,captured_0014,What is the width of the book in cm?,A3MC,DS,20.776176477573575,fuse-fused,
2238,captured_0014,What is the height of the book in cm?,A3MC,DS,1.5,fuse-disagreement,
2239,captured_0014,What is the velocity of the rolling ball at 0.6s in cm/s? ,A3MC,DD,173.16291470627544,fuse-fused,
2240,captured_0014,What is the length of the slope in cm? ,A3MC,DS,15.3,fuse-disagreement,
2241,captured_0014,What is the width of the slope in cm? ,A3MC,DS,179.62931600299038,fuse-fused,
2242,captured_0014,What is the displacement of the rolling object from 0s to 0.6s in cm? ,A3MC,DS,8.92,fuse-disagreement,
2243,captured_0014s,What is the diameter of the cookie in cm? ,A3MS,DS,8.088204402026014,fuse-fused,
2244,captured_0014s,What is the diameter of the ball in cm? ,A3MS,DS,9.788919094993153,fuse-fused,
2245,captured_0014s,What is the height of the cup in cm? ,A3MS,DS,8.950300452716897,fuse-fused,
2246,captured_0014s,What is the length of the pen in cm? ,A3MS,DS,1.818,fuse-disagreement,
2247,captured_0014s,What is the length of the book in cm?,A3MS,DS,17.49108683317316,fuse-fused,
2248,captured_0014s,What is the width of the book in cm?,A3MS,DS,15.267472266678366,fuse-fused,
2249,captured_0014s,What is the height of the book in cm?,A3MS,DS,6.481995623847607,fuse-fused,
2250,captured_0014s,What is the velocity of the rolling ball at 0.6s in cm/s? ,A3MS,DD,276.0,fuse-disagreement,
2251,captured_0014s,What is the length of the slope in cm? ,A3MS,DS,114.68670659986017,fuse-fused,
2252,captured_0014s,What is the width of the slope in cm? ,A3MS,DS,113.70752462027899,fuse-fused,
2253,captured_0014s,What is the displacement of the rolling object from 0s to 0.6s in cm? ,A3MS,DS,8.92,fuse-disagreement,
2254,captured_0014x,What is the diameter of the cookie in cm? ,A3MX,DS,7.616092886980807,fuse-fused,
2255,captured_0014x,What is the diameter of the ball in cm? ,A3MX,DS,11.320994371766464,fuse-fused,
2256,captured_0014x,What is the height of the cup in cm? ,A3MX,DS,22.938851542270505,fuse-secondary-only,
2257,captured_0014x,What is the length of the pen in cm? ,A3MX,DS,17.561492901987975,fuse-fused,
2258,captured_0014x,What is the length of the book in cm?,A3MX,DS,20.103138365826325,fuse-fused,
2259,captured_0014x,What is the width of the book in cm?,A3MX,DS,15.817064681663188,fuse-fused,
2260,captured_0014x,What is the height of the book in cm?,A3MX,DS,2.5,fuse-disagreement,
2261,captured_0014x,What is the velocity of the rolling ball at 0.6s in cm/s? ,A3MX,DD,155.67882640717335,fuse-fused,
2262,captured_0014x,What is the length of the slope in cm? ,A3MX,DS,132.56707171118362,fuse-fused,
2263,captured_0014x,What is the width of the slope in cm? ,A3MX,DS,131.07734581181717,fuse-fused,
2264,captured_0014x,What is the displacement of the rolling object from 0s to 0.6s in cm? ,A3MX,DS,8.92,fuse-disagreement,
2265,captured_0015,What is the height of the person in cm?,A2MC,DS,,none,neither arm answered
2266,captured_0015,What is the velocity of the toy at 0.6s in cm/s?,A2MC,DD,468.0,fuse-primary-only,
2267,captured_0015,What is the height of the toy in cm? ,A2MC,DS,25.0,fuse-primary-only,
2268,captured_0015,What is the shoulder breadth of the person in cm?,A2MC,DS,,none,neither arm answered
2269,captured_0015,What is the velocity of the toy at 2.6s in cm/s?,A2MC,DD,2548.0,fuse-primary-only,
2270,captured_0015s,What is the height of the person in cm?,A2MS,DS,160.0,fuse-primary-only,
2271,captured_0015s,What is the velocity of the toy at 0.6s in cm/s?,A2MS,DS,0.6,fuse-primary-only,
2272,captured_0015s,What is the height of the toy in cm? ,A2MS,DS,17.0,fuse-primary-only,
2273,captured_0015s,What is the shoulder breadth of the person in cm?,A2MS,DS,,none,neither arm answered
2274,captured_0015s,What is the velocity of the toy at 2.6s in cm/s?,A2MS,DD,2548.0,fuse-primary-only,
2275,captured_0015x,What is the height of the person in cm?,A2MX,DS,170.0,fuse-primary-only,
2276,captured_0015x,What is the velocity of the toy at 0.6s in cm/s?,A2MX,DS,0.6,fuse-primary-only,
2277,captured_0015x,What is the height of the toy in cm? ,A2MX,DS,20.0,fuse-primary-only,
2278,captured_0015x,What is the shoulder breadth of the person in cm?,A2MX,DS,,none,neither arm answered
2279,captured_0015x,What is the velocity of the toy at 2.6s in cm/s?,A2MX,DD,2.0,fuse-primary-only,
2280,captured_0016,What is the distance between the two people in cm?,A3SC,DS,152.9,fuse-primary-only,
2281,captured_0016,What is the diameter of the soccer ball in cm?,A3SC,DS,22.0,fuse-primary-only,
2282,captured_0016,What is the velocity of the soccer ball at 1.5s in m/s?,A3SC,DD,,none,neither arm answered
2283,captured_0016,What is the displacement of the soccer ball between 1.0s and 1.5s in cm?,A3SC,DS,1.0,fuse-primary-only,
2284,captured_0016s,What is the distance between the two people in cm?,A3SS,DS,152.9,fuse-primary-only,
2285,captured_0016s,What is the diameter of the soccer ball in cm?,A3SS,DS,22.0,fuse-primary-only,
2286,captured_0016s,What is the velocity of the soccer ball at 1.5s in m/s?,A3SS,DD,,none,neither arm answered
2287,captured_0016s,What is the displacement of the soccer ball between 1.0s and 1.5s in cm?,A3SS,DS,1.0,fuse-primary-only,
2288,captured_0016x,What is the distance between the two people in cm?,A3SX,DS,152.9,fuse-primary-only,
2289,captured_0016x,What is the diameter of the soccer ball in cm?,A3SX,DS,21.0,fuse-primary-only,
2290,captured_0016x,What is the velocity of the soccer ball at 1.5s in m/s?,A3SX,DD,,none,neither arm answered
2291,captured_0016x,What is the displacement of the soccer ball between 1.0s and 1.5s in cm?,A3SX,DS,55.9,fuse-primary-only,
2292,captured_0018,What is the height of the left person in cm?,A3MC,DS,160.0,fuse-primary-only,
2293,captured_0018,What is the height of the right person in cm?,A3MC,DS,170.0,fuse-primary-only,
2294,captured_0018,What is the distance between the two people in cm?,A3MC,DS,112.8,fuse-primary-only,
2295,captured_0018,What is the length of the box in cm?,A3MC,DS,20.0,fuse-primary-only,
2296,captured_0018,What is the width of the box in cm?,A3MC,DS,11.0,fuse-primary-only,
2297,captured_0018,What is the diameter of the soccer ball in cm?,A3MC,DS,1.0,fuse-primary-only,
2298,captured_0018,What is the diameter of the tennis ball in cm?,A3MC,DS,6.7,fuse-primary-only,
2299,captured_0018,What is the height of the yellow toy in cm?,A3MC,DS,40.0,fuse-primary-only,
2300,captured_0018,What is the shoe length of the left person in cm?,A3MC,DS,,none,neither arm answered
2301,captured_0018,What is the velocity of the box at 3.4s in cm/s?,A3MC,DD,,none,neither arm answered
2302,captured_0018,What is the velocity of the soccer ball at 3.4s?,A3MC,DD,33.32,fuse-primary-only,
2303,captured_0018,What is the velocity of the tennis ball at 3.4s?,A3MC,DD,3.4,fuse-primary-only,
2304,captured_0018,What is the velocity of the pineapple toy at 3.4s?,A3MC,DD,33.32,fuse-primary-only,
2305,captured_0018,What is the distance between the box and the soccer ball in cm at 3.0s?,A3MC,DS,,none,neither arm answered
2306,captured_0018,What is the distance between the box and the pineapple toy in cm at 3.0s?,A3MC,DS,3.0,fuse-primary-only,
2307,captured_0018,What is the distance between the box and the tennis ball in cm at 3.0s?,A3MC,DS,3.0,fuse-primary-only,
2308,captured_0018,What is the distance between the tennis ball and the soccer ball in cm at 3.0s?,A3MC,DS,,none,neither arm answered
2309,captured_0018,What is the distance between the pineapple toy and the soccer ball in cm at 3.0s?,A3MC,DS,3.0,fuse-primary-only,
2310,captured_0018,What is the distance between the pineapple toy and the tennis ball in cm at 3.0s?,A3MC,DS,15.0,fuse-primary-only,
2311,captured_0018s,What is the height of the left person in cm?,A3MS,DS,1.7,fuse-primary-only,
2312,captured_0018s,What is the height of the right person in cm?,A3MS,DS,170.0,fuse-primary-only,
2313,captured_0018s,What is the distance between the two people in cm?,A3MS,DS,226.0,fuse-primary-only,
2314,captured_0018s,What is the length of the box in cm?,A3MS,DS,,none,neither arm answered
2315,captured_0018s,What is the width of the box in cm?,A3MS,DS,,none,neither arm answered
2316,captured_0018s,What is the diameter of the soccer ball in cm?,A3MS,DS,22.0,fuse-primary-only,
2317,captured_0018s,What is the diameter of the tennis ball in cm?,A3MS,DS,6.7,fuse-primary-only,
2318,captured_0018s,What is the height of the yellow toy in cm?,A3MS,DS,20.0,fuse-primary-only,
2319,captured_0018s,What is the shoe length of the left person in cm?,A3MS,DS,,none,neither arm answered
2320,captured_0018s,What is the velocity of the box at 3.4s in cm/s?,A3MS,DD,,none,neither arm answered
2321,captured_0018s,What is the velocity of the soccer ball at 3.4s?,A3MS,DD,33.32,fuse-primary-only,
2322,captured_0018s,What is the velocity of the tennis ball at 3.4s?,A3MS,DD,33.32,fuse-primary-only,
2323,captured_0018s,What is the velocity of the pineapple toy at 3.4s?,A3MS,DD,33.32,fuse-primary-only,
2324,captured_0018s,What is the distance between the box and the soccer ball in cm at 3.0s?,A3MS,DS,100.0,fuse-primary-only,
2325,captured_0018s,What is the distance between the box and the pineapple toy in cm at 3.0s?,A3MS,DS,112.0,fuse-primary-only,
2326,captured_0018s,What is the distance between the box and the tennis ball in cm at 3.0s?,A3MS,DS,2.002,fuse-primary-only,
2327,captured_0018s,What is the distance between the tennis ball and the soccer ball in cm at 3.0s?,A3MS,DS,,none,neither arm answered
2328,captured_0018s,What is the distance between the pineapple toy and the soccer ball in cm at 3.0s?,A3MS,DS,,none,neither arm answered
2329,captured_0018s,What is the distance between the pineapple toy and the tennis ball in cm at 3.0s?,A3MS,DS,,none,neither arm answered
2330,captured_0018x,What is the height of the left person in cm?,A3MX,DS,22.0,fuse-primary-only,
2331,captured_0018x,What is the height of the right person in cm?,A3MX,DS,150.0,fuse-primary-only,
2332,captured_0018x,What is the distance between the two people in cm?,A3MX,DS,112.8,fuse-primary-only,
2333,captured_0018x,What is the length of the box in cm?,A3MX,DS,,none,neither arm answered
2334,captured_0018x,What is the width of the box in cm?,A3MX,DS,,none,neither arm answered
2335,captured_0018x,What is the diameter of the soccer ball in cm?,A3MX,DS,22.0,fuse-primary-only,
2336,captured_0018x,What is the diameter of the tennis ball in cm?,A3MX,DS,6.7,fuse-primary-only,
2337,captured_0018x,What is the height of the yellow toy in cm?,A3MX,DS,20.0,fuse-primary-only,
2338,captured_0018x,What is the shoe length of the left person in cm?,A3MX,DS,,none,neither arm answered
2339,captured_0018x,What is the velocity of the box at 3.4s in cm/s?,A3MX,DD,,none,neither arm answered
2340,captured_0018x,What is the velocity of the soccer ball at 3.4s?,A3MX,DD,33.32,fuse-primary-only,
2341,captured_0018x,What is the velocity of the tennis ball at 3.4s?,A3MX,DD,33.32,fuse-primary-only,
2342,captured_0018x,What is the velocity of the pineapple toy at 3.4s?,A3MX,DD,33.32,fuse-primary-only,
2343,captured_0018x,What is the distance between the box and the soccer ball in cm at 3.0s?,A3MX,DS,,none,neither arm answered
2344,captured_0018x,What is the distance between the box and the pineapple toy in cm at 3.0s?,A3MX,DS,1128.0,fuse-primary-only,
2345,captured_0018x,What is the distance between the box and the tennis ball in cm at 3.0s?,A3MX,DS,44.1,fuse-primary-only,
2346,captured_0018x,What is the distance between the tennis ball and the soccer ball in cm at 3.0s?,A3MX,DS,3.0,fuse-primary-only,
2347,captured_0018x,What is the distance between the pineapple toy and the soccer ball in cm at 3.0s?,A3MX,DS,,none,neither arm answered
2348,captured_0018x,What is the distance between the pineapple toy and the tennis ball in cm at 3.0s?,A3MX,DS,,none,neither arm answered
2349,captured_0020,What is the height of the yellow toy in cm?,A3MC,DS,0.8,fuse-primary-only,
2350,captured_0020,What is the height of the white jar in cm?,A3MC,DS,15.0,fuse-primary-only,
2351,captured_0020,What is the diameter of the white jar in cm?,A3MC,DS,10.0,fuse-primary-only,
2352,captured_0020,What is the distance between two people in cm?,A3MC,DS,165.7,fuse-primary-only,
2353,captured_0020,What is the velocity of the yellow toy at 0.60s cm/s?,A3MC,DD,0.6,fuse-primary-only,
2354,captured_0020,What is the velocity of the white jar at 0.60s cm/s?,A3MC,DD,0.6,fuse-primary-only,
2355,captured_0020,What is the displacement of the yellow toy from 0.60s to 0.80s in cm?,A3MC,DS,60.7,fuse-primary-only,
2356,captured_0020,What is the displacement of the white jar from 0.60s to 0.80s in cm?,A3MC,DS,3.237,fuse-primary-only,
2357,captured_0020s,What is the height of the yellow toy in cm?,A3MS,DS,1.5,fuse-primary-only,
2358,captured_0020s,What is the height of the white jar in cm?,A3MS,DS,45.0,fuse-primary-only,
2359,captured_0020s,What is the diameter of the white jar in cm?,A3MS,DS,10.0,fuse-primary-only,
2360,captured_0020s,What is the distance between two people in cm?,A3MS,DS,165.7,fuse-primary-only,
2361,captured_0020s,What is the velocity of the yellow toy at 0.60s cm/s?,A3MS,DD,1.97,fuse-primary-only,
2362,captured_0020s,What is the velocity of the white jar at 0.60s cm/s?,A3MS,DD,0.6,fuse-primary-only,
2363,captured_0020s,What is the displacement of the yellow toy from 0.60s to 0.80s in cm?,A3MS,DS,6.0,fuse-primary-only,
2364,captured_0020s,What is the displacement of the white jar from 0.60s to 0.80s in cm?,A3MS,DS,19.6,fuse-primary-only,
2365,captured_0020x,What is the height of the yellow toy in cm?,A3MX,DS,158.0,fuse-primary-only,
2366,captured_0020x,What is the height of the white jar in cm?,A3MX,DS,12.0,fuse-primary-only,
2367,captured_0020x,What is the diameter of the white jar in cm?,A3MX,DS,5.0,fuse-primary-only,
2368,captured_0020x,What is the distance between two people in cm?,A3MX,DS,323.7,fuse-primary-only,
2369,captured_0020x,What is the velocity of the yellow toy at 0.60s cm/s?,A3MX,DD,,none,neither arm answered
2370,captured_0020x,What is the velocity of the white jar at 0.60s cm/s?,A3MX,DD,,none,neither arm answered
2371,captured_0020x,What is the displacement of the yellow toy from 0.60s to 0.80s in cm?,A3MX,DS,2.0,fuse-primary-only,
2372,captured_0020x,What is the displacement of the white jar from 0.60s to 0.80s in cm?,A3MX,DS,126.35,fuse-primary-only,
2373,captured_0021,What is the velocity of the ping pong ball at 1.2s in cm/s?,S3SC,SD,1.0,fuse-secondary-only,
2374,captured_0021,What is the velocity of the ping pong ball at 1.4s in cm/s?,S3SC,SD,120.25,fuse-secondary-only,
2375,captured_0021,What is the displacement of the ping pong ball between 1.0s and 1.4s in cm?,S3SC,SS,48.1,fuse-secondary-only,
2376,captured_0021,What is the width of the table in cm?,S3SC,SS,80.0,fuse-secondary-only,
2377,captured_0021,What is the length of the table in cm?,S3SC,SS,48.1,fuse-secondary-only,
2378,captured_0021s,What is the velocity of the ping pong ball at 1.2s in cm/s?,S3SS,SD,120.2,fuse-secondary-only,
2379,captured_0021s,What is the velocity of the ping pong ball at 1.4s in cm/s?,S3SS,SD,120.25,fuse-secondary-only,
2380,captured_0021s,What is the displacement of the ping pong ball between 1.0s and 1.4s in cm?,S3SS,SS,48.1,fuse-secondary-only,
2381,captured_0021s,What is the width of the table in cm?,S3SS,SS,1.0,fuse-secondary-only,
2382,captured_0021s,What is the length of the table in cm?,S3SS,SS,100.0,fuse-secondary-only,
2383,captured_0021x,What is the velocity of the ping pong ball at 1.2s in cm/s?,S3SX,SD,120.25,fuse-secondary-only,
2384,captured_0021x,What is the velocity of the ping pong ball at 1.4s in cm/s?,S3SX,SD,120.25,fuse-secondary-only,
2385,captured_0021x,What is the displacement of the ping pong ball between 1.0s and 1.4s in cm?,S3SX,SS,48.1,fuse-secondary-only,
2386,captured_0021x,What is the width of the table in cm?,S3SX,SS,3.5,fuse-secondary-only,
2387,captured_0021x,What is the length of the table in cm?,S3SX,SS,1.03,fuse-secondary-only,
2388,captured_0022,What is the velocity of the ping pong ball at 0.8s in cm/s?,S3SC,SD,320.0,fuse-secondary-only,
2389,captured_0022,What is the velocity of the ping pong ball at 1.2s in cm/s?,S3SC,SD,402.5,fuse-secondary-only,
2390,captured_0022,What is the acceleration of the ping pong ball at 1.2s in cm/s^2?,S3SC,SD,133.3,fuse-secondary-only,
2391,captured_0022,What is the displacement of the ping pong ball between 0.6s and 1.6s in cm?,S3SC,SS,0.6,fuse-secondary-only,
2392,captured_0022,What is the width of the table in cm?,S3SC,SS,60.0,fuse-secondary-only,
2393,captured_0022,What is the length of the table in cm?,S3SC,SS,120.0,fuse-secondary-only,
2394,captured_0022s,What is the velocity of the ping pong ball at 0.8s in cm/s?,S3SS,SD,320.0,fuse-secondary-only,
2395,captured_0022s,What is the velocity of the ping pong ball at 1.2s in cm/s?,S3SS,SD,402.5,fuse-secondary-only,
2396,captured_0022s,What is the acceleration of the ping pong ball at 1.2s in cm/s^2?,S3SS,SD,125.0,fuse-secondary-only,
2397,captured_0022s,What is the displacement of the ping pong ball between 0.6s and 1.6s in cm?,S3SS,SS,0.6,fuse-secondary-only,
2398,captured_0022s,What is the width of the table in cm?,S3SS,SS,14.0,fuse-secondary-only,
2399,captured_0022s,What is the length of the table in cm?,S3SS,SS,60.0,fuse-secondary-only,
2400,captured_0022x,What is the velocity of the ping pong ball at 0.8s in cm/s?,S3SX,SD,32.0,fuse-secondary-only,
2401,captured_0022x,What is the velocity of the ping pong ball at 1.2s in cm/s?,S3SX,SD,402.5,fuse-secondary-only,
2402,captured_0022x,What is the acceleration of the ping pong ball at 1.2s in cm/s^2?,S3SX,SD,100.0,fuse-secondary-only,
2403,captured_0022x,What is the displacement of the ping pong ball between 0.6s and 1.6s in cm?,S3SX,SS,32.5,fuse-secondary-only,
2404,captured_0022x,What is the width of the table in cm?,S3SX,SS,140.0,fuse-secondary-only,
2405,captured_0022x,What is the length of the table in cm?,S3SX,SS,0.6,fuse-secondary-only,
2406,captured_0023,What is the velocity of the book at 1.2s in cm/s?,A3SC,DD,336.0,fuse-disagreement,
2407,captured_0023,What is the velocity of the book at 1.4s in cm/s?,A3SC,DD,196.64942360597098,fuse-fused,
2408,captured_0023,What is the length of the book in cm?,A3SC,DS,632.1217436724856,fuse-secondary-only,
2409,captured_0023,What is the width of the book in cm?,A3SC,DS,15.0,fuse-disagreement,
2410,captured_0023,What is the height of the book in cm?,A3SC,DS,449.0194398386137,fuse-secondary-only,
2411,captured_0023,What is the length of the slope in cm?,A3SC,DS,16.9,fuse-disagreement,
2412,captured_0023,What is the width of the slope in cm?,A3SC,DS,34.4,fuse-disagreement,
2413,captured_0023,What is the width of the table in cm?,A3SC,DS,60.0,fuse-disagreement,
2414,captured_0023,What is the displacement of the book between 1.0s and 1.6s in cm?,A3SC,DS,169.0,fuse-disagreement,
2415,captured_0023s,What is the velocity of the book at 1.2s in cm/s?,A3SS,DD,219.07828056365668,fuse-fused,
2416,captured_0023s,What is the velocity of the book at 1.4s in cm/s?,A3SS,DD,392.0,fuse-disagreement,
2417,captured_0023s,What is the length of the book in cm?,A3SS,DS,0.851,fuse-disagreement,
2418,captured_0023s,What is the width of the book in cm?,A3SS,DS,15.0,fuse-disagreement,
2419,captured_0023s,What is the height of the book in cm?,A3SS,DS,343.0789878296782,fuse-secondary-only,
2420,captured_0023s,What is the length of the slope in cm?,A3SS,DS,16.9,fuse-disagreement,
2421,captured_0023s,What is the width of the slope in cm?,A3SS,DS,25.0,fuse-disagreement,
2422,captured_0023s,What is the width of the table in cm?,A3SS,DS,2.1,fuse-disagreement,
2423,captured_0023s,What is the displacement of the book between 1.0s and 1.6s in cm?,A3SS,DS,1.4,fuse-disagreement,
2424,captured_0023x,What is the velocity of the book at 1.2s in cm/s?,A3SX,DD,336.0,fuse-disagreement,
2425,captured_0023x,What is the velocity of the book at 1.4s in cm/s?,A3SX,DD,392.0,fuse-disagreement,
2426,captured_0023x,What is the length of the book in cm?,A3SX,DS,74.09758944430746,fuse-secondary-only,
2427,captured_0023x,What is the width of the book in cm?,A3SX,DS,34.75328341239446,fuse-fused,
2428,captured_0023x,What is the height of the book in cm?,A3SX,DS,1.4,fuse-disagreement,
2429,captured_0023x,What is the length of the slope in cm?,A3SX,DS,0.163,fuse-disagreement,
2430,captured_0023x,What is the width of the slope in cm?,A3SX,DS,20.0,fuse-disagreement,
2431,captured_0023x,What is the width of the table in cm?,A3SX,DS,2.1,fuse-disagreement,
2432,captured_0023x,What is the displacement of the book between 1.0s and 1.6s in cm?,A3SX,DS,0.5,fuse-disagreement,
2433,captured_0024,What is the velocity of the book at 1.0s in cm/s?,A3SC,DD,156.91869157548393,fuse-fused,
2434,captured_0024,What is the velocity of the book at 1.2s in cm/s?,A3SC,DD,142.04286275530401,fuse-fused,
2435,captured_0024,What is the length of the book in cm?,A3SC,DS,20.0,fuse-disagreement,
2436,captured_0024,What is the width of the book in cm?,A3SC,DS,15.0,fuse-disagreement,
2437,captured_0024,What is the height of the book in cm?,A3SC,DS,2.5,fuse-disagreement,
2438,captured_0024,What is the length of the slope in cm?,A3SC,DS,25.3,fuse-disagreement,
2439,captured_0024,What is the width of the slope in cm?,A3SC,DS,25.3,fuse-disagreement,
2440,captured_0024,What is the length of the table in cm?,A3SC,DS,46.2,fuse-disagreement,
2441,captured_0024,What is the width of the table in cm?,A3SC,DS,46.2,fuse-disagreement,
2442,captured_0024,What is the distance travelled by the book in cm?,A3SC,DS,5.6,fuse-disagreement,
2443,captured_0024s,What is the velocity of the book at 1.0s in cm/s?,A3SS,DD,273.3343530975967,fuse-fused,
2444,captured_0024s,What is the velocity of the book at 1.2s in cm/s?,A3SS,DD,408.8325532908181,fuse-fused,
2445,captured_0024s,What is the length of the book in cm?,A3SS,DS,20.0,fuse-disagreement,
2446,captured_0024s,What is the width of the book in cm?,A3SS,DS,20.0,fuse-disagreement,
2447,captured_0024s,What is the height of the book in cm?,A3SS,DS,64.42265721888896,fuse-secondary-only,
2448,captured_0024s,What is the length of the slope in cm?,A3SS,DS,25.3,fuse-disagreement,
2449,captured_0024s,What is the width of the slope in cm?,A3SS,DS,46.2,fuse-disagreement,
2450,captured_0024s,What is the length of the table in cm?,A3SS,DS,46.2,fuse-disagreement,
2451,captured_0024s,What is the width of the table in cm?,A3SS,DS,46.2,fuse-disagreement,
2452,captured_0024s,What is the distance travelled by the book in cm?,A3SS,DS,5.6,fuse-disagreement,
2453,captured_0024x,What is the velocity of the book at 1.0s in cm/s?,A3SX,DD,147.6373668123689,fuse-fused,
2454,captured_0024x,What is the velocity of the book at 1.2s in cm/s?,A3SX,DD,88.59824329776701,fuse-fused,
2455,captured_0024x,What is the length of the book in cm?,A3SX,DS,40.399294227473035,fuse-fused,
2456,captured_0024x,What is the width of the book in cm?,A3SX,DS,35.810146920807334,fuse-fused,
2457,captured_0024x,What is the height of the book in cm?,A3SX,DS,18.20371138050245,fuse-secondary-only,
2458,captured_0024x,What is the length of the slope in cm?,A3SX,DS,25.3,fuse-disagreement,
2459,captured_0024x,What is the width of the slope in cm?,A3SX,DS,46.2,fuse-disagreement,
2460,captured_0024x,What is the length of the table in cm?,A3SX,DS,46.2,fuse-disagreement,
2461,captured_0024x,What is the width of the table in cm?,A3SX,DS,293.74219585077105,fuse-secondary-only,
2462,captured_0024x,What is the distance travelled by the book in cm?,A3SX,DS,5.6,fuse-disagreement,
2463,captured_0027,What is the velocity of the red ball at 0.2s in cm/s?,S3SC,SD,5.2714370561078425,fuse-primary-only,
2464,captured_0027,What is the velocity of the red ball at 0.6s in cm/s?,S3SC,SD,14.450925097101896,fuse-primary-only,
2465,captured_0027,What is the acceleration of the red ball at 0.2s in cm/s^2?,S3SC,SD,180.3616920221031,fuse-primary-only,
2466,captured_0027,What is the shoulder breadth of the person in cm?,S3SC,SS,91.5083435493776,fuse-disagreement,
2467,captured_0027s,What is the velocity of the red ball at 0.2s in cm/s?,S3SS,SD,4.788098442247332,fuse-primary-only,
2468,captured_0027s,What is the velocity of the red ball at 0.6s in cm/s?,S3SS,SD,14.463308362817514,fuse-primary-only,
2469,captured_0027s,What is the acceleration of the red ball at 0.2s in cm/s^2?,S3SS,SD,188.60469879281143,fuse-primary-only,
2470,captured_0027x,What is the velocity of the red ball at 0.2s in cm/s?,S3SX,SD,4.808077713075164,fuse-primary-only,
2471,captured_0027x,What is the velocity of the red ball at 0.6s in cm/s?,S3SX,SD,14.45162287381373,fuse-disagreement,
2472,captured_0027x,What is the acceleration of the red ball at 0.2s in cm/s^2?,S3SX,SD,189.10200326195732,fuse-primary-only,
2473,captured_0028,What is the velocity of the ping pong ball at 1.0s in cm/s?,S3SC,SD,249.3538550603306,fuse-disagreement,
2474,captured_0028,What is the velocity of the ping pong ball at 1.3s in cm/s?,S3SC,SD,248.0011034571729,fuse-primary-only,
2475,captured_0028,What is the acceleration of the ping pong ball at 1.0s in cm/s^2?,S3SC,SD,143.21322203235192,fuse-disagreement,
2476,captured_0028,What is the acceleration of the ping pong ball at 1.3s in cm/s^2?,S3SC,SD,2.137199233398989,fuse-disagreement,
2477,captured_0028,What is the distance travelled by the ping pong ball between 1.1s and 1.3s in cm?,S3SC,SS,0.4992187883249225,fuse-disagreement,
2478,captured_0028,What is the maximum height reached by the ping pong ball in cm?,S3SC,SS,2.394519572447958,fuse-fused,
2479,captured_0028s,What is the velocity of the ping pong ball at 1.0s in cm/s?,S3SS,SD,248.0,fuse-secondary-only,
2480,captured_0028s,What is the velocity of the ping pong ball at 1.3s in cm/s?,S3SS,SD,,none,neither arm answered
2481,captured_0028s,What is the acceleration of the ping pong ball at 1.0s in cm/s^2?,S3SS,SD,980.0,fuse-secondary-only,
2482,captured_0028s,What is the acceleration of the ping pong ball at 1.3s in cm/s^2?,S3SS,SD,980.0,fuse-secondary-only,
2483,captured_0028s,What is the distance travelled by the ping pong ball between 1.1s and 1.3s in cm?,S3SS,SS,145.5,fuse-secondary-only,
2484,captured_0028s,What is the maximum height reached by the ping pong ball in cm?,S3SS,SS,1.4115,fuse-secondary-only,
2485,captured_0028x,What is the velocity of the ping pong ball at 1.0s in cm/s?,S3SX,SD,248.0,fuse-secondary-only,
2486,captured_0028x,What is the velocity of the ping pong ball at 1.3s in cm/s?,S3SX,SD,,none,neither arm answered
2487,captured_0028x,What is the acceleration of the ping pong ball at 1.0s in cm/s^2?,S3SX,SD,980.0,fuse-secondary-only,
2488,captured_0028x,What is the acceleration of the ping pong ball at 1.3s in cm/s^2?,S3SX,SD,980.0,fuse-secondary-only,
2489,captured_0028x,What is the distance travelled by the ping pong ball between 1.1s and 1.3s in cm?,S3SX,SS,145.5,fuse-secondary-only,
2490,captured_0028x,What is the maximum height reached by the ping pong ball in cm?,S3SX,SS,141.15,fuse-secondary-only,
2491,captured_0029,What is the long of the table in cm?,S3SC,SS,100.28088642227982,fuse-fused,
2492,captured_0029,What is the width of the table in cm?,S3SC,SS,100.5625618163819,fuse-disagreement,
2493,captured_0029,What is the velocity of the tennis ball at 1.0s in cm/s??,S3SC,SD,89.8385805304903,fuse-disagreement,
2494,captured_0029,What is the velocity of the tennis ball when it hits the whiteboard in cm/s?,S3SC,SD,98.29866177510043,fuse-fused,
2495,captured_0029,What is the velocity of the tennis ball at 1.6s in cm/s??,S3SC,SD,34.48881505153218,fuse-fused,
2496,captured_0029,What is the distance travelled by the tennis ball when it hits the whiteboard in cm?,S3SC,SS,12.764198598505237,fuse-fused,
2497,captured_0029s,What is the length of the table in cm?,S3SS,SS,101.22378811667836,fuse-disagreement,
2498,captured_0029s,What is the width of the table in cm?,S3SS,SS,55.2439789634839,fuse-fused,
2499,captured_0029s,What is the velocity of the tennis ball at 1.0s in cm/s??,S3SS,SD,88.80947321600763,fuse-disagreement,
2500,captured_0029s,What is the velocity of the tennis ball at 1.6s in cm/s??,S3SS,SD,34.5424298244427,fuse-fused,
2501,captured_0029s,What is the distance travelled by the tennis ball when it hits the whiteboard in cm?,S3SS,SS,6.969337427442692,fuse-disagreement,
2502,captured_0029x,What is the length of the table in cm?,S3SX,SS,97.46454001105252,fuse-disagreement,
2503,captured_0029x,What is the width of the table in cm?,S3SX,SS,97.46454001105252,fuse-disagreement,
2504,captured_0029x,What is the velocity of the tennis ball at 1.0s in cm/s??,S3SX,SD,85.45699479784639,fuse-disagreement,
2505,captured_0029x,What is the velocity of the tennis ball at 1.6s in cm/s??,S3SX,SD,34.078634811896094,fuse-fused,
2506,captured_0029x,What is the distance travelled by the tennis ball when it hits the whiteboard in cm?,S3SX,SS,6.96608559279855,fuse-disagreement,
2507,captured_0030,What is the velocity of the red ball at 0.2s in cm/s?,S3SC,SD,135.34489700469032,fuse-disagreement,
2508,captured_0030,What is the velocity of the red ball at 0.4s in cm/s?,S3SC,SD,111.06088427633449,fuse-fused,
2509,captured_0030,What is the velocity of the red ball at 0.6s in cm/s?,S3SC,SD,117.95729349907269,fuse-fused,
2510,captured_0030,What is the velocity of the red ball at 0.8s in cm/s?,S3SC,SD,179.82424094976645,fuse-fused,
2511,captured_0030s,What is the velocity of the red ball at 0.2s in cm/s?,S3SS,SD,136.9761371386887,fuse-fused,
2512,captured_0030s,What is the velocity of the red ball at 0.4s in cm/s?,S3SS,SD,110.2256226411783,fuse-fused,
2513,captured_0030s,What is the velocity of the red ball at 0.6s in cm/s?,S3SS,SD,113.95907771083685,fuse-fused,
2514,captured_0030s,What is the velocity of the red ball at 0.8s in cm/s?,S3SS,SD,175.42424002513312,fuse-fused,
2515,captured_0030x,What is the velocity of the red ball at 0.2s in cm/s?,S3SX,SD,123.57314096319992,fuse-primary-only,
2516,captured_0030x,What is the velocity of the red ball at 0.4s in cm/s?,S3SX,SD,109.74648697819178,fuse-fused,
2517,captured_0030x,What is the velocity of the red ball at 0.6s in cm/s?,S3SX,SD,110.76032915951976,fuse-fused,
2518,captured_0030x,What is the velocity of the red ball at 0.8s in cm/s?,S3SX,SD,77.47059738124203,fuse-fused,
2519,captured_0031,What is the diameter of the white ball in cm?,S3MC,SS,5.80116456041964,fuse-fused,
2520,captured_0031,What is the width of the table in cm?,S3MC,SS,108.9240928441161,fuse-disagreement,
2521,captured_0031,What is the length of the table in cm?,S3MC,SS,113.85063481794833,fuse-fused,
2522,captured_0031,What is the velocity of the tennis ball at 1.6s in cm/s?,S3MC,SD,24.07636800163174,fuse-primary-only,
2523,captured_0031,What is the velocity of the white ball at 1.6s in cm/s?,S3MC,SD,22.376342641007003,fuse-primary-only,
2524,captured_0031,What is the distance between the ping pong ball and the tennis ball at 1.6s in cm?,S3MC,SS,11.641201886254638,fuse-fused,
2525,captured_0031s,What is the diameter of the white ball in cm?,S3MS,SS,5.66347581826542,fuse-disagreement,
2526,captured_0031s,What is the width of the table in cm?,S3MS,SS,84.745606140938,fuse-disagreement,
2527,captured_0031s,What is the length of the table in cm?,S3MS,SS,92.05737675001285,fuse-fused,
2528,captured_0031s,What is the velocity of the tennis ball at 1.6s in cm/s?,S3MS,SD,61.2733010441361,fuse-fused,
2529,captured_0031s,What is the velocity of the white ball at 1.6s in cm/s?,S3MS,SD,11.037528486405469,fuse-primary-only,
2530,captured_0031s,What is the distance between the white ball and the tennis ball at 1.6s in cm?,S3MS,SS,2.4179511658348694,fuse-disagreement,
2531,captured_0031x,What is the diameter of the white ball in cm?,S3MX,SS,5.786926409190557,fuse-disagreement,
2532,captured_0031x,What is the width of the table in cm?,S3MX,SS,96.95593320837418,fuse-fused,
2533,captured_0031x,What is the velocity of the tennis ball at 1.6s in cm/s?,S3MX,SD,14.799625749801567,fuse-disagreement,
2534,captured_0031x,What is the velocity of the white ball at 1.6s in cm/s?,S3MX,SD,27.90789140520585,fuse-primary-only,
2535,captured_0031x,What is the distance between the white ball and the tennis ball at 1.6s in cm?,S3MX,SS,9.234066830269231,fuse-fused,
2536,captured_0032,What is the velocity of the white ball at 1.6s in cm/s?,S3MC,SS,23.53221051089054,fuse-primary-only,
2537,captured_0032,What is the width of the table in cm?,S3MC,SS,101.72363175582565,fuse-fused,
2538,captured_0032,What is the length of the table in cm?,S3MC,SS,101.72363175582565,fuse-fused,
2539,captured_0032,What is the velocity of the tennis ball at 1.5s in cm/s?,S3MC,SD,90.22282700920093,fuse-disagreement,
2540,captured_0032,What is the velocity of the white ball at 1.5s in cm/s?,S3MC,SD,90.30697180338268,fuse-primary-only,
2541,captured_0032,What is the distance between the white ball and the tennis ball at 1.5s in cm?,S3MC,SS,17.58990837643609,fuse-fused,
2542,captured_0032s,What is the diameter of the white ball in cm?,S3MS,SS,5.36306335900891,fuse-fused,
2543,captured_0032s,What is the width of the table in cm?,S3MS,SS,98.9117710083533,fuse-disagreement,
2544,captured_0032s,What is the length of the table in cm?,S3MS,SS,98.9117710083533,fuse-disagreement,
2545,captured_0032s,What is the velocity of the tennis ball at 1.5s in cm/s?,S3MS,SD,86.97126263258717,fuse-primary-only,
2546,captured_0032s,What is the velocity of the white ball at 1.5s in cm/s?,S3MS,SD,86.9656928493281,fuse-primary-only,
2547,captured_0032s,What is the distance between the white ball and the tennis ball at 1.5s in cm?,S3MS,SS,0.6835250403219938,fuse-disagreement,
2548,captured_0032x,What is the diameter of the white ball in cm?,S3MX,SS,4.002012021653422,fuse-fused,
2549,captured_0032x,What is the width of the table in cm?,S3MX,SS,100.79144776346547,fuse-fused,
2550,captured_0032x,What is the length of the table in cm?,S3MX,SS,101.58915942255386,fuse-disagreement,
2551,captured_0032x,What is the velocity of the tennis ball at 1.5s in cm/s?,S3MX,SD,87.84473344952603,fuse-primary-only,
2552,captured_0032x,What is the velocity of the white ball at 1.5s in cm/s?,S3MX,SD,87.43278683561576,fuse-primary-only,
2553,captured_0032x,What is the distance between the white ball and the tennis ball at 1.5s in cm?,S3MX,SS,3.055924996358471,fuse-fused,
2554,captured_0033,What is the velocity of the ping pong ball at 0.5s in cm/s?,S3SC,SD,145.06347479295172,fuse-disagreement,
2555,captured_0033,What is the velocity of the ping pong ball at 1.4s in cm/s?,S3SC,SD,153.41543298764435,fuse-fused,
2556,captured_0033,What is the velocity of the ping pong ball at 1.5s in cm/s?,S3SC,SD,158.25053730891835,fuse-fused,
2557,captured_0033s,What is the velocity of the ping pong ball at 0.5s in cm/s?,S3SS,SD,148.07632849863344,fuse-disagreement,
2558,captured_0033s,What is the velocity of the ping pong ball at 1.4s in cm/s?,S3SS,SD,146.47647196119155,fuse-fused,
2559,captured_0033s,What is the velocity of the ping pong ball at 1.5s in cm/s?,S3SS,SD,144.88767572974442,fuse-fused,
2560,captured_0033x,What is the velocity of the ping pong ball at 0.5s in cm/s?,S3SX,SD,147.44983199439625,fuse-primary-only,
2561,captured_0033x,What is the velocity of the ping pong ball at 1.4s in cm/s?,S3SX,SD,146.0935382432208,fuse-fused,
2562,captured_0033x,What is the velocity of the ping pong ball at 1.5s in cm/s?,S3SX,SD,145.6401717005346,fuse-disagreement,
2563,captured_0034a,What is the velocity of the left tennis ball at 1.2s in cm/s?,S3MC,SD,65.56571961168112,fuse-fused,
2564,captured_0034a,What is the velocity of the right tennis ball at 1.2s in cm/s?,S3MC,SD,58.44825626167943,fuse-disagreement,
2565,captured_0034a,What is the height of the pencil bag in cm?,S3MC,SS,8.189815318739075,fuse-fused,
2566,captured_0034a,What is the length of the pencil bag in cm?,S3MC,SS,10.907086123183062,fuse-fused,
2567,captured_0034a,What is the diameter of the soccer ball in cm?,S3MC,SS,16.426007279902194,fuse-fused,
2568,captured_0034a,What is the velocity of the left tennis ball at 1.3s in cm/s?,S3MC,SD,120.05684459640104,fuse-fused,
2569,captured_0034a,What is the velocity of the right tennis ball at 1.3s in cm/s?,S3MC,SD,63.1076025193794,fuse-fused,
2570,captured_0034a,What is the total distance traveled by the left tennis ball in cm?,S3MC,SS,7.121884480144916,fuse-primary-only,
2571,captured_0034a,What is the total distance traveled by the right tennis ball in cm?,S3MC,SS,7.121884480144916,fuse-primary-only,
2572,captured_0034as,What is the velocity of the left tennis ball at 1.2s in cm/s?,S3MS,SD,48.55767700279142,fuse-primary-only,
2573,captured_0034as,What is the velocity of the right tennis ball at 1.2s in cm/s?,S3MS,SD,58.38178011283105,fuse-primary-only,
2574,captured_0034as,What is the height of the pencil bag in cm?,S3MS,SS,6.63070931778621,fuse-fused,
2575,captured_0034as,What is the length of the pencil bag in cm?,S3MS,SS,17.59506745912534,fuse-primary-only,
2576,captured_0034as,What is the diameter of the soccer ball in cm?,S3MS,SS,15.931121294047973,fuse-disagreement,
2577,captured_0034as,What is the velocity of the left tennis ball at 1.3s in cm/s?,S3MS,SD,54.77603877990029,fuse-disagreement,
2578,captured_0034as,What is the velocity of the right tennis ball at 1.3s in cm/s?,S3MS,SD,62.58622025069457,fuse-fused,
2579,captured_0034as,What is the total distance traveled by the left tennis ball in cm?,S3MS,SS,7.015580226946666,fuse-disagreement,
2580,captured_0034as,What is the total distance traveled by the right tennis ball in cm?,S3MS,SS,7.015580226946666,fuse-disagreement,
2581,captured_0034ax,What is the velocity of the left tennis ball at 1.2s in cm/s?,S3MX,SD,28.862255083868057,fuse-fused,
2582,captured_0034ax,What is the velocity of the right tennis ball at 1.2s in cm/s?,S3MX,SD,127.17386463884604,fuse-fused,
2583,captured_0034ax,What is the height of the pencil bag in cm?,S3MX,SS,10.452335438475004,fuse-fused,
2584,captured_0034ax,What is the length of the pencil bag in cm?,S3MX,SS,11.172394176102713,fuse-fused,
2585,captured_0034ax,What is the diameter of the soccer ball in cm?,S3MX,SS,16.390662057390358,fuse-fused,
2586,captured_0034ax,What is the velocity of the left tennis ball at 1.3s in cm/s?,S3MX,SD,54.80360056530046,fuse-disagreement,
2587,captured_0034ax,What is the velocity of the right tennis ball at 1.3s in cm/s?,S3MX,SD,61.43967095300545,fuse-fused,
2588,captured_0034ax,What is the total distance traveled by the left tennis ball in cm?,S3MX,SS,7.070668324907108,fuse-disagreement,
2589,captured_0034ax,What is the total distance traveled by the right tennis ball in cm?,S3MX,SS,7.070668324907108,fuse-disagreement,
2590,captured_0034b,What is the velocity of the left tennis ball at 1.2s in cm/s?,S3MC,SD,1.2684441051500015,fuse-primary-only,
2591,captured_0034b,What is the velocity of the right tennis ball at 1.2s in cm/s?,S3MC,SD,54.48065171295781,fuse-primary-only,
2592,captured_0034b,What is the height of the pencil bag in cm?,S3MC,SS,,none,neither arm answered
2593,captured_0034b,What is the length of the pencil bag in cm?,S3MC,SS,9.8,fuse-secondary-only,
2594,captured_0034b,What is the diameter of the soccer ball in cm?,S3MC,SS,21.71263686328316,fuse-fused,
2595,captured_0034b,What is the total distance traveled by the left tennis ball in cm?,S3MC,SS,14.340494959712693,fuse-fused,
2596,captured_0034b,What is the total distance traveled by the right tennis ball in cm?,S3MC,SS,8.279488625302594,fuse-fused,
2597,captured_0034bs,What is the velocity of the left tennis ball at 1.2s in cm/s?,S3MS,SD,18.278657117593497,fuse-primary-only,
2598,captured_0034bs,What is the velocity of the right tennis ball at 1.2s in cm/s?,S3MS,SD,54.58880200915825,fuse-primary-only,
2599,captured_0034bs,What is the height of the pencil bag in cm?,S3MS,SS,17.872150431148327,fuse-primary-only,
2600,captured_0034bs,What is the length of the pencil bag in cm?,S3MS,SS,18.264533097136244,fuse-fused,
2601,captured_0034bs,What is the diameter of the soccer ball in cm?,S3MS,SS,22.70576334976398,fuse-fused,
2602,captured_0034bs,What is the total distance traveled by the left tennis ball in cm?,S3MS,SS,6.795214057792968,fuse-primary-only,
2603,captured_0034bs,What is the total distance traveled by the right tennis ball in cm?,S3MS,SS,6.795214057792968,fuse-disagreement,
2604,captured_0034bx,What is the velocity of the left tennis ball at 1.2s in cm/s?,S3MX,SD,0.045041468361834,fuse-disagreement,
2605,captured_0034bx,What is the velocity of the right tennis ball at 1.2s in cm/s?,S3MX,SD,54.32171221383369,fuse-primary-only,
2606,captured_0034bx,What is the height of the pencil bag in cm?,S3MX,SS,17.75704029576684,fuse-primary-only,
2607,captured_0034bx,What is the length of the pencil bag in cm?,S3MX,SS,15.980762109911817,fuse-fused,
2608,captured_0034bx,What is the diameter of the soccer ball in cm?,S3MX,SS,19.744013415751354,fuse-fused,
2609,captured_0034bx,What is the total distance traveled by the left tennis ball in cm?,S3MX,SS,6.804891078767939,fuse-primary-only,
2610,captured_0034bx,What is the total distance traveled by the right tennis ball in cm?,S3MX,SS,8.960899214334557,fuse-fused,
2611,captured_0035a,What is the velocity of the soccor ball at 0.6s in cm/s?,S3MC,SD,54.689040052090775,fuse-disagreement,
2612,captured_0035a,What is the velocity of the baskteball at 0.6s in cm/s?,S3MC,SD,91.24511396838524,fuse-primary-only,
2613,captured_0035a,What is the displacement of the soccor ball ball between 0.5s and 0.6s in cm?,S3MC,SS,18.841646859698724,fuse-fused,
2614,captured_0035a,What is the displacement of the baskteball between 0.5s and 0.6s in cm?,S3MC,SS,8.583892889463682,fuse-primary-only,
2615,captured_0035a,What is the diameter of the soccer ball in cm?,S3MC,SS,20.236083475575523,fuse-fused,
2616,captured_0035a,What is the velocity of the soccor ball at 1.5s in cm/s?,S3MC,SS,139.89934397681918,fuse-fused,
2617,captured_0035a,What is the velocity of the baskteball at 1.5s in cm/s?,S3MC,SS,60.80817232197947,fuse-primary-only,
2618,captured_0035a,What is the velocity of the soccer ball at 1.6s in cm/s?,S3MC,SD,132.4046588465161,fuse-fused,
2619,captured_0035a,What is the velocity of the basketball at 1.6s in cm/s?,S3MC,SD,27.45253341809865,fuse-fused,
2620,captured_0035as,What is the velocity of the soccor ball at 0.6s in cm/s?,S3MS,SD,89.01571414042628,fuse-disagreement,
2621,captured_0035as,What is the velocity of the baskteball at 0.6s in cm/s?,S3MS,SD,14453.73872312326,fuse-primary-only,
2622,captured_0035as,What is the displacement of the soccor ball ball between 0.5s and 0.6s in cm?,S3MS,SS,11.961828933047633,fuse-disagreement,
2623,captured_0035as,What is the displacement of the baskteball between 0.5s and 0.6s in cm?,S3MS,SS,9.813871722615746,fuse-primary-only,
2624,captured_0035as,What is the diameter of the soccer ball in cm?,S3MS,SS,20.835987485917652,fuse-fused,
2625,captured_0035as,What is the velocity of the soccor ball at 1.5s in cm/s?,S3MS,SS,139.11368446276728,fuse-fused,
2626,captured_0035as,What is the velocity of the baskteball at 1.5s in cm/s?,S3MS,SS,92.5873626712212,fuse-fused,
2627,captured_0035as,What is the velocity of the soccer ball at 1.6s in cm/s?,S3MS,SD,132.31384427495007,fuse-fused,
2628,captured_0035as,What is the velocity of the basketball at 1.6s in cm/s?,S3MS,SD,86.41089254980756,fuse-fused,
2629,captured_0035ax,What is the velocity of the soccor ball at 0.6s in cm/s?,S3MX,SD,172.02583240211823,fuse-disagreement,
2630,captured_0035ax,What is the velocity of the baskteball at 0.6s in cm/s?,S3MX,SD,162.64245215641472,fuse-primary-only,
2631,captured_0035ax,What is the displacement of the soccor ball ball between 0.5s and 0.6s in cm?,S3MX,SS,18.170844083931417,fuse-fused,
2632,captured_0035ax,What is the displacement of the baskteball between 0.5s and 0.6s in cm?,S3MX,SS,28.004539628357623,fuse-primary-only,
2633,captured_0035ax,What is the diameter of the soccer ball in cm?,S3MX,SS,20.698893752800767,fuse-fused,
2634,captured_0035ax,What is the velocity of the soccor ball at 1.5s in cm/s?,S3MX,SS,49.78887408547048,fuse-disagreement,
2635,captured_0035ax,What is the velocity of the baskteball at 1.5s in cm/s?,S3MX,SS,110.76602896161168,fuse-primary-only,
2636,captured_0035ax,What is the velocity of the soccer ball at 1.6s in cm/s?,S3MX,SD,42.034431622952866,fuse-fused,
2637,captured_0035ax,What is the velocity of the basketball at 1.6s in cm/s?,S3MX,SD,27.46429325966963,fuse-fused,
2638,captured_0035b,What is the velocity of the soccor ball at 0.9s in cm/s?,S3MC,SD,89.5401819696449,fuse-primary-only,
2639,captured_0035b,What is the velocity of the baskteball at 0.9s in cm/s?,S3MC,SD,,none,neither arm answered
2640,captured_0035b,What is the velocity of the soccor ball at 1.4s in cm/s?,S3MC,SD,52.165074380076895,fuse-fused,
2641,captured_0035b,What is the velocity of the baskteball at 1.4s in cm/s?,S3MC,SD,,none,neither arm answered
2642,captured_0035b,What is the displacement of the soccor ball ball between 0.4s and 0.9s in cm?,S3MC,SS,51.48721653239026,fuse-disagreement,
2643,captured_0035b,What is the displacement of the baskteball between 0.4s and 0.9s in cm?,S3MC,SS,0.4,fuse-secondary-only,
2644,captured_0035b,What is the diameter of the soccer ball in cm?,S3MC,SS,21.809151089108248,fuse-fused,
2645,captured_0035b,What is the velocity of the soccor ball at 1.3s in cm/s?,S3MC,SS,59.888465892104094,fuse-disagreement,
2646,captured_0035b,What is the velocity of the baskteball at 1.3s in cm/s?,S3MC,SS,,none,neither arm answered
2647,captured_0035bs,What is the velocity of the soccor ball at 0.9s in cm/s?,S3MS,SD,71.75752090714464,fuse-disagreement,
2648,captured_0035bs,What is the velocity of the baskteball at 0.9s in cm/s?,S3MS,SD,28.820465852210923,fuse-disagreement,
2649,captured_0035bs,What is the velocity of the soccor ball at 1.4s in cm/s?,S3MS,SD,66.29116076739643,fuse-fused,
2650,captured_0035bs,What is the velocity of the baskteball at 1.4s in cm/s?,S3MS,SD,25.723008572627776,fuse-disagreement,
2651,captured_0035bs,What is the displacement of the soccor ball ball between 0.4s and 0.9s in cm?,S3MS,SS,33.611789583755204,fuse-fused,
2652,captured_0035bs,What is the displacement of the baskteball between 0.4s and 0.9s in cm?,S3MS,SS,24.880532076939605,fuse-fused,
2653,captured_0035bs,What is the diameter of the soccer ball in cm?,S3MS,SS,21.705623735718984,fuse-fused,
2654,captured_0035bs,What is the velocity of the soccor ball at 1.3s in cm/s?,S3MS,SS,112.64086040289735,fuse-fused,
2655,captured_0035bs,What is the velocity of the baskteball at 1.3s in cm/s?,S3MS,SS,24.213580255732307,fuse-disagreement,
2656,captured_0035bx,What is the velocity of the soccor ball at 0.9s in cm/s?,S3MX,SD,34.57563765103199,fuse-primary-only,
2657,captured_0035bx,What is the velocity of the baskteball at 0.9s in cm/s?,S3MX,SD,27.30144680684162,fuse-primary-only,
2658,captured_0035bx,What is the velocity of the soccor ball at 1.4s in cm/s?,S3MX,SD,45.11044540093374,fuse-fused,
2659,captured_0035bx,What is the velocity of the baskteball at 1.4s in cm/s?,S3MX,SD,65.53378085845617,fuse-fused,
2660,captured_0035bx,What is the displacement of the soccor ball ball between 0.4s and 0.9s in cm?,S3MX,SS,45.76066090986959,fuse-disagreement,
2661,captured_0035bx,What is the displacement of the baskteball between 0.4s and 0.9s in cm?,S3MX,SS,2.1885407758288524,fuse-primary-only,
2662,captured_0035bx,What is the diameter of the soccer ball in cm?,S3MX,SS,21.658084462423002,fuse-fused,
2663,captured_0035bx,What is the velocity of the soccor ball at 1.3s in cm/s?,S3MX,SS,117.1009683983973,fuse-disagreement,
2664,captured_0035bx,What is the velocity of the baskteball at 1.3s in cm/s?,S3MX,SS,24.20736711940487,fuse-primary-only,
2665,captured_0036,What is the ping pong ball's velocity at 0.9s in cm/s? ,S3SC,SD,72.88780084168927,fuse-disagreement,
2666,captured_0036,What is the ping pong ball's velocity at 1.4s in cm/s? ,S3SC,SD,69.98427709891432,fuse-fused,
2667,captured_0036,What is the ping pong ball's displacement between 0.9s and 1.4s in cm/s?,S3SC,SS,1.0021054680705266,fuse-disagreement,
2668,captured_0036,What is the width of the table in the video in meters? ,S3SC,SS,0.504045764260362,fuse-fused,
2669,captured_0036,What is the length of the table in the video in meters? ,S3SC,SS,0.4157299395423009,fuse-fused,
2670,captured_0036s,What is the ping pong ball's velocity at 0.9s in cm/s? ,S3SS,SD,71.81879154411105,fuse-disagreement,
2671,captured_0036s,What is the ping pong ball's velocity at 1.4s in cm/s? ,S3SS,SD,80.06181925234597,fuse-fused,
2672,captured_0036s,What is the ping pong ball's displacement between 0.9s and 1.4s in cm/s?,S3SS,SS,2.7736865987056,fuse-disagreement,
2673,captured_0036s,What is the width of the table in the video in meters? ,S3SS,SS,0.820401259982879,fuse-fused,
2674,captured_0036s,What is the length of the table in the video in meters? ,S3SS,SS,0.4948736197930026,fuse-fused,
2675,captured_0036x,What is the ping pong ball's velocity at 0.9s in cm/s? ,S3SX,SD,84.95832161797998,fuse-fused,
2676,captured_0036x,What is the ping pong ball's velocity at 1.4s in cm/s? ,S3SX,SD,79.59559384392234,fuse-fused,
2677,captured_0036x,What is the ping pong ball's displacement between 0.9s and 1.4s in cm/s?,S3SX,SS,0.6485607236275513,fuse-disagreement,
2678,captured_0036x,What is the width of the table in the video in meters? ,S3SX,SS,0.49090407852574774,fuse-fused,
2679,captured_0036x,What is the length of the table in the video in meters? ,S3SX,SS,0.9917760081076847,fuse-fused,
2680,captured_0037,What is the height of the white cup in cm? ,S3MC,SS,6.795774249358062,fuse-fused,
2681,captured_0037,What is the height of the poker tower in cm? ,S3MC,SS,3.6366991220512372,fuse-fused,
2682,captured_0037,What is the height of the glass jar in cm? ,S3MC,SS,5.745093930046768,fuse-fused,
2683,captured_0037,What is the width of the tape in cm? ,S3MC,SS,5.243461053526891,fuse-fused,
2684,captured_0037,What is the velocity of the ping pong ball at 1.0s in cm/s? ,S3MC,SD,10.979125615727444,fuse-primary-only,
2685,captured_0037,What is the velocity of the ping pong ball at 1.4s in cm/s? ,S3MC,SD,36.56345128500485,fuse-fused,
2686,captured_0037s,What is the height of the white cup in cm? ,S3MS,SS,10.543833620489135,fuse-fused,
2687,captured_0037s,What is the height of the poker tower in cm? ,S3MS,SS,10.409906514461705,fuse-disagreement,
2688,captured_0037s,What is the height of the glass jar in cm? ,S3MS,SS,8.90473600082457,fuse-fused,
2689,captured_0037s,What is the width of the tape in cm? ,S3MS,SS,8.21884383511034,fuse-fused,
2690,captured_0037s,What is the velocity of the ping pong ball at 1.0s in cm/s? ,S3MS,SD,34.06025670375279,fuse-primary-only,
2691,captured_0037s,What is the velocity of the ping pong ball at 1.4s in cm/s? ,S3MS,SD,42.59709191278681,fuse-disagreement,
2692,captured_0037x,What is the height of the white cup in cm? ,S3MX,SS,10.203235047252189,fuse-fused,
2693,captured_0037x,What is the height of the poker tower in cm? ,S3MX,SS,5.81429542139459,fuse-fused,
2694,captured_0037x,What is the height of the glass jar in cm? ,S3MX,SS,8.625479820144474,fuse-fused,
2695,captured_0037x,What is the width of the tape in cm? ,S3MX,SS,5.454215141448274,fuse-fused,
2696,captured_0037x,What is the velocity of the ping pong ball at 1.0s in cm/s? ,S3MX,SD,32.96687369953406,fuse-primary-only,
2697,captured_0037x,What is the velocity of the ping pong ball at 1.4s in cm/s? ,S3MX,SD,40.22389698731983,fuse-disagreement,
2698,captured_0038,What is the height of the poker tower in cm? ,S3MC,SS,11.830364950787331,fuse-fused,
2699,captured_0038,What is the velocity of the white ball at 1.4s in cm/s? ,S3MC,SD,37.347708658379815,fuse-primary-only,
2700,captured_0038,What is the diameter of the rim of the white cup in cm? ,S3MC,SS,12.04184641255428,fuse-fused,
2701,captured_0038,What is the diameter of the white ball in cm?,S3MC,SS,5.835885992358458,fuse-fused,
2702,captured_0038,What is the displacement of the white ball between 0.9s and 1.4s in cm?,S3MC,SS,22.69633213444861,fuse-fused,
2703,captured_0038,What is the distance between the white cup and the pink bottle in cm?,S3MC,SS,15.099568770040573,fuse-fused,
2704,captured_0038,What is the height of the pink bottle in cm? ,S3MC,SS,15.488260341501475,fuse-fused,
2705,captured_0038s,What is the height of the poker tower in cm? ,S3MS,SS,14.981516209874501,fuse-fused,
2706,captured_0038s,What is the velocity of the white ball at 1.4s in cm/s? ,S3MS,SD,46.384404652017686,fuse-primary-only,
2707,captured_0038s,What is the diameter of the rim of the white cup in cm? ,S3MS,SS,13.305699323967737,fuse-fused,
2708,captured_0038s,What is the diameter of the white ball in cm?,S3MS,SS,6.713505514175546,fuse-fused,
2709,captured_0038s,What is the displacement of the white ball between 0.9s and 1.4s in cm?,S3MS,SS,25.250116847991883,fuse-fused,
2710,captured_0038s,What is the distance between the white cup and the pink bottle in cm?,S3MS,SS,12.90689046351234,fuse-disagreement,
2711,captured_0038s,What is the height of the pink bottle in cm? ,S3MS,SS,21.87564219595634,fuse-fused,
2712,captured_0038x,What is the height of the poker tower in cm? ,S3MX,SS,11.647998314810525,fuse-fused,
2713,captured_0038x,What is the velocity of the white ball at 1.4s in cm/s? ,S3MX,SD,36.77665617544946,fuse-disagreement,
2714,captured_0038x,What is the diameter of the rim of the white cup in cm? ,S3MX,SS,11.862859134602894,fuse-fused,
2715,captured_0038x,What is the diameter of the white ball in cm?,S3MX,SS,6.063392334331412,fuse-fused,
2716,captured_0038x,What is the displacement of the white ball between 0.9s and 1.4s in cm?,S3MX,SS,22.537183367404886,fuse-fused,
2717,captured_0038x,What is the distance between the white cup and the pink bottle in cm?,S3MX,SS,11.355813038648655,fuse-fused,
2718,captured_0038x,What is the height of the pink bottle in cm? ,S3MX,SS,14.612402140925653,fuse-fused,
2719,captured_0039,What is the height of the poker tower in cm? ,S3MC,SS,13.144815130384218,fuse-fused,
2720,captured_0039,What is the velocity of the white ball at 1.0s in cm/s? ,S3MC,SD,56.47606648099909,fuse-fused,
2721,captured_0039,What is the diameter of the rim of the white cup in cm? ,S3MC,SS,13.43273825183914,fuse-fused,
2722,captured_0039,What is the diameter of the white ball in cm?,S3MC,SS,4.844591611393527,fuse-fused,
2723,captured_0039,What is the displacement of the white ball between 1.0s and 1.5s in cm?,S3MC,SS,13.726543232991606,fuse-fused,
2724,captured_0039,What is the distance between the white cup and the pink bottle in cm?,S3MC,SS,6.213126928081147,fuse-fused,
2725,captured_0039,What is the height of the pink bottle in cm? ,S3MC,SS,17.176043656478836,fuse-fused,
2726,captured_0039s,What is the height of the poker tower in cm? ,S3MS,SS,41.21903235200116,fuse-fused,
2727,captured_0039s,What is the velocity of the white ball at 1.0s in cm/s? ,S3MS,SD,57.57257622878637,fuse-disagreement,
2728,captured_0039s,What is the diameter of the rim of the white cup in cm? ,S3MS,SS,13.27974226334407,fuse-fused,
2729,captured_0039s,What is the diameter of the white ball in cm?,S3MS,SS,5.1445869814411695,fuse-disagreement,
2730,captured_0039s,What is the displacement of the white ball between 1.0s and 1.5s in cm?,S3MS,SS,15.518324027303319,fuse-fused,
2731,captured_0039s,What is the distance between the white cup and the pink bottle in cm?,S3MS,SS,12.431914499060513,fuse-fused,
2732,captured_0039s,What is the height of the pink bottle in cm? ,S3MS,SS,17.920289768790823,fuse-fused,
2733,captured_0039x,What is the height of the poker tower in cm? ,S3MX,SS,13.08435305146528,fuse-fused,
2734,captured_0039x,What is the velocity of the white ball at 1.0s in cm/s? ,S3MX,SD,56.318279734169394,fuse-disagreement,
2735,captured_0039x,What is the diameter of the rim of the white cup in cm? ,S3MX,SS,13.315228337028726,fuse-fused,
2736,captured_0039x,What is the diameter of the white ball in cm?,S3MX,SS,6.847552325509455,fuse-fused,
2737,captured_0039x,What is the displacement of the white ball between 1.0s and 1.5s in cm?,S3MX,SS,16.631163173408282,fuse-fused,
2738,captured_0039x,What is the distance between the white cup and the pink bottle in cm?,S3MX,SS,12.47649494939117,fuse-fused,
2739,captured_0039x,What is the height of the pink bottle in cm? ,S3MX,SS,17.07489377347701,fuse-fused,
2740,captured_0040,What is the height of the poker tower in cm? ,S3MC,SS,11.12500822848533,fuse-fused,
2741,captured_0040,What is the velocity of the white ball at 1.5s in cm/s? ,S3MC,SD,94.21367827081711,fuse-fused,
2742,captured_0040,What is the diameter of the rim of the white cup in cm? ,S3MC,SS,21.4,fuse-secondary-only,
2743,captured_0040,What is the diameter of the white ball in cm?,S3MC,SS,6.368757522911766,fuse-fused,
2744,captured_0040,What is the distance travelled by the white ball between 1.5s and 1.9s in cm?,S3MC,SS,2.796834899544153,fuse-disagreement,
2745,captured_0040,What is the diameter of the tape in cm? ,S3MC,SS,8.005227846283056,fuse-fused,
2746,captured_0040,What is the height of the white cup in cm? ,S3MC,SS,15.0,fuse-secondary-only,
2747,captured_0040,What is the velocity of the white ball at 1.4s in cm/s? ,S3MC,SD,56.99891144090863,fuse-disagreement,
2748,captured_0040s,What is the height of the poker tower in cm? ,S3MS,SS,12.121133064366097,fuse-fused,
2749,captured_0040s,What is the velocity of the white ball at 1.5s in cm/s? ,S3MS,SD,100.47158925441568,fuse-disagreement,
2750,captured_0040s,What is the diameter of the rim of the white cup in cm? ,S3MS,SS,,none,neither arm answered
2751,captured_0040s,What is the diameter of the white ball in cm?,S3MS,SS,6.810806935272272,fuse-fused,
2752,captured_0040s,What is the distance travelled by the white ball between 1.5s and 1.9s in cm?,S3MS,SS,48.0629814724043,fuse-disagreement,
2753,captured_0040s,What is the diameter of the tape in cm? ,S3MS,SS,8.86649504531119,fuse-fused,
2754,captured_0040s,What is the height of the white cup in cm? ,S3MS,SS,8420.0,fuse-secondary-only,
2755,captured_0040s,What is the velocity of the white ball at 1.4s in cm/s? ,S3MS,SD,129.84954024614726,fuse-fused,
2756,captured_0040x,What is the height of the poker tower in cm? ,S3MX,SS,12.118541143828274,fuse-fused,
2757,captured_0040x,What is the velocity of the white ball at 1.5s in cm/s? ,S3MX,SD,96.66829693087966,fuse-disagreement,
2758,captured_0040x,What is the diameter of the rim of the white cup in cm? ,S3MX,SS,85.0,fuse-secondary-only,
2759,captured_0040x,What is the diameter of the white ball in cm?,S3MX,SS,6.86380433729509,fuse-fused,
2760,captured_0040x,What is the distance travelled by the white ball between 1.5s and 1.9s in cm?,S3MX,SS,19.42225983195878,fuse-disagreement,
2761,captured_0040x,What is the diameter of the tape in cm? ,S3MX,SS,8.86630698865813,fuse-fused,
2762,captured_0040x,What is the height of the white cup in cm? ,S3MX,SS,17.0,fuse-secondary-only,
2763,captured_0040x,What is the velocity of the white ball at 1.4s in cm/s? ,S3MX,SD,85.29379387001997,fuse-disagreement,
2764,captured_0041,What is the soccer ball's diameter in cm? ,V3SC,DS,19.56147797181827,fuse-fused,
2765,captured_0041,What is the soccer ball's displacement between 1.5s and 1.6s in meters? ,V3SC,DS,0.2168207011886261,fuse-fused,
2766,captured_0041,What is the distance from the soccer ball to the person at 1.5s in meters? ,V3SC,DS,0.2830238052184581,fuse-secondary-only,
2767,captured_0041s,What is the soccer ball's diameter in cm? ,V3SS,DS,2.0,fuse-disagreement,
2768,captured_0041s,What is the soccer ball's displacement between 1.5s and 1.6s in meters? ,V3SS,DS,0.25647393685801895,fuse-fused,
2769,captured_0041s,What is the distance from the soccer ball to the person at 1.5s in meters? ,V3SS,DS,0.549596965305023,fuse-secondary-only,
2770,captured_0041x,What is the soccer ball's diameter in cm? ,V3SX,DS,23.841890457312278,fuse-fused,
2771,captured_0041x,What is the soccer ball's displacement between 1.5s and 1.6s in meters? ,V3SX,DS,0.26276026592235235,fuse-fused,
2772,captured_0041x,What is the distance from the soccer ball to the person at 1.5s in meters? ,V3SX,DS,0.6201794891248472,fuse-secondary-only,
2773,captured_0047,What is the yoga ball's diameter in cm? ,V3SC,DS,58.55534162283465,fuse-fused,
2774,captured_0047,What is the yoga ball's displacement between 1.0s and 1.5s in meters? ,V3SC,DS,1.0013,fuse-disagreement,
2775,captured_0047,What is the distance from the yoga ball to the person at 1.5s in meters? ,V3SC,DS,1.4558855194947302,fuse-fused,
2776,captured_0047s,What is the yoga ball's diameter in cm? ,V3SS,DS,49.327674755867555,fuse-fused,
2777,captured_0047s,What is the yoga ball's displacement between 1.0s and 1.5s in meters? ,V3SS,DS,1.0732,fuse-disagreement,
2778,captured_0047s,What is the distance from the yoga ball to the person at 1.5s in meters? ,V3SS,DS,1.1837549152690314,fuse-fused,
2779,captured_0047x,What is the yoga ball's diameter in cm? ,V3SX,DS,2.4985,fuse-disagreement,
2780,captured_0047x,What is the yoga ball's displacement between 1.0s and 1.5s in meters? ,V3SX,DS,1.0013,fuse-disagreement,
2781,captured_0047x,What is the distance from the yoga ball to the person at 1.5s in meters? ,V3SX,DS,1.4546586013263445,fuse-fused,
2782,captured_0052,What is the initial distance between the yoga ball and the shoe in meters? ,V3MC,DS,0.381,fuse-primary-only,
2783,captured_0052,What is the height of the trashbin in cm?,V3MC,DS,36.0,fuse-primary-only,
2784,captured_0052,What is the length of the shoe in cm?,V3MC,DS,22.0,fuse-primary-only,
2785,captured_0052,What is the diameter of the yoga ball in cm?,V3MC,DS,65.0,fuse-primary-only,
2786,captured_0052,What is the diameter of the basketball in cm?,V3MC,DS,24.0,fuse-primary-only,
2787,captured_0052,What is the distance between the basketball and the shoe in meters? ,V3MC,DS,0.2945,fuse-primary-only,
2788,captured_0052,What is the distance between the trashbin and the shoe in meters? ,V3MC,DS,3.0,fuse-primary-only,
2789,captured_0052,What is the distance between the trashbin and the basketball in meters? ,V3MC,DS,1.0405,fuse-primary-only,
2790,captured_0052s,What is the initial distance between the yoga ball and the shoe in meters? ,V3MS,DS,0.381,fuse-primary-only,
2791,captured_0052s,What is the height of the trashbin in cm?,V3MS,DS,20.0,fuse-primary-only,
2792,captured_0052s,What is the length of the shoe in cm?,V3MS,DS,23.0,fuse-primary-only,
2793,captured_0052s,What is the diameter of the yoga ball in cm?,V3MS,DS,,none,neither arm answered
2794,captured_0052s,What is the diameter of the basketball in cm?,V3MS,DS,1.9365,fuse-primary-only,
2795,captured_0052s,What is the distance between the basketball and the shoe in meters? ,V3MS,DS,0.2945,fuse-primary-only,
2796,captured_0052s,What is the distance between the trashbin and the shoe in meters? ,V3MS,DS,0.746,fuse-primary-only,
2797,captured_0052s,What is the distance between the trashbin and the basketball in meters? ,V3MS,DS,1.0405,fuse-primary-only,
2798,captured_0052x,What is the initial distance between the yoga ball and the shoe in meters? ,V3MX,DS,0.381,fuse-primary-only,
2799,captured_0052x,What is the height of the trashbin in cm?,V3MX,DS,65.0,fuse-primary-only,
2800,captured_0052x,What is the length of the shoe in cm?,V3MX,DS,23.1,fuse-primary-only,
2801,captured_0052x,What is the diameter of the yoga ball in cm?,V3MX,DS,60.0,fuse-primary-only,
2802,captured_0052x,What is the diameter of the basketball in cm?,V3MX,DS,24.0,fuse-primary-only,
2803,captured_0052x,What is the distance between the basketball and the shoe in meters? ,V3MX,DS,0.2945,fuse-primary-only,
2804,captured_0052x,What is the distance between the trashbin and the shoe in meters? ,V3MX,DS,0.746,fuse-primary-only,
2805,captured_0052x,What is the distance between the trashbin and the basketball in meters? ,V3MX,DS,1.0405,fuse-primary-only,
2806,captured_0053,What is the width of the book in cm?,V3MC,DS,0.4,fuse-primary-only,
2807,captured_0053,What is the length of the book in cm?,V3MC,DS,2.73,fuse-primary-only,
2808,captured_0053,What is the diameter of the rim of the white cup in cm? ,V3MC,DS,8.0,fuse-primary-only,
2809,captured_0053,What is the diameter of the basketball in cm?,V3MC,DS,24.0,fuse-primary-only,
2810,captured_0053,What is the height of the trashbin in cm?,V3MC,DS,,none,neither arm answered
2811,captured_0053,What is the diatance between the white cup and the basketball in meters?,V3MC,DS,0.409,fuse-primary-only,
2812,captured_0053,What is the diatance between the white cup and the book in meters?,V3MC,DS,0.434,fuse-primary-only,
2813,captured_0053,What is the displacement of the trashbin between 0.4s and 1.4s in meters?,V3MC,DS,0.9962,fuse-primary-only,
2814,captured_0053s,What is the width of the book in cm?,V3MS,DS,20.0,fuse-primary-only,
2815,captured_0053s,What is the length of the book in cm?,V3MS,DS,25.0,fuse-primary-only,
2816,captured_0053s,What is the diameter of the rim of the white cup in cm? ,V3MS,DS,8.0,fuse-primary-only,
2817,captured_0053s,What is the diameter of the basketball in cm?,V3MS,DS,24.0,fuse-primary-only,
2818,captured_0053s,What is the height of the trashbin in cm?,V3MS,DS,,none,neither arm answered
2819,captured_0053s,What is the diatance between the white cup and the basketball in meters?,V3MS,DS,0.409,fuse-primary-only,
2820,captured_0053s,What is the diatance between the white cup and the book in meters?,V3MS,DS,0.434,fuse-primary-only,
2821,captured_0053s,What is the displacement of the trashbin between 0.4s and 1.4s in meters?,V3MS,DS,0.9962,fuse-primary-only,
2822,captured_0053x,What is the width of the book in cm?,V3MX,DS,22.7,fuse-primary-only,
2823,captured_0053x,What is the length of the book in cm?,V3MX,DS,20.0,fuse-primary-only,
2824,captured_0053x,What is the diameter of the rim of the white cup in cm? ,V3MX,DS,8.0,fuse-primary-only,
2825,captured_0053x,What is the diameter of the basketball in cm?,V3MX,DS,24.0,fuse-primary-only,
2826,captured_0053x,What is the height of the trashbin in cm?,V3MX,DS,,none,neither arm answered
2827,captured_0053x,What is the diatance between the white cup and the basketball in meters?,V3MX,DS,0.409,fuse-primary-only,
2828,captured_0053x,What is the diatance between the white cup and the book in meters?,V3MX,DS,0.434,fuse-primary-only,
2829,captured_0053x,What is the displacement of the trashbin between 0.4s and 1.4s in meters?,V3MX,DS,0.9962,fuse-primary-only,
2830,captured_0054a,What is the orange ball's displacement between 0.5s and 1.0s in meters? ,V3MC,DS,0.2963926888092008,fuse-fused,
2831,captured_0054a,What is the soccer ball's displacement between 1.0s and 1.4s in meters? ,V3MC,DS,0.061051134916472,fuse-secondary-only,
2832,captured_0054a,What is the soccer ball's diameter in cm? ,V3MC,DS,28.428206348658737,fuse-fused,
2833,captured_0054a,What is the orange ball's diameter in cm? ,V3MC,DS,36.73467800917821,fuse-secondary-only,
2834,captured_0054a,What is the white ball's diameter in cm? ,V3MC,DS,28.428206348658737,fuse-fused,
2835,captured_0054a,What is the soccer ball's velocity at 0.5s in m/s? ,V3MC,DD,2.21,fuse-secondary-only,
2836,captured_0054a,What is the velocity of the green ball at 1.0s in m/s? ,V3MC,DD,3.871803915163401,fuse-secondary-only,
2837,captured_0054a,What is the velocity of the white ball at 1.0s in m/s? ,V3MC,DD,1.6618474331104032,fuse-secondary-only,
2838,captured_0054a,What is the velocity of the green ball at 1.5s in m/s? ,V3MC,DD,2.683333236419028,fuse-secondary-only,
2839,captured_0054a,What is the velocity of the pink ball at 1.5s in m/s? ,V3MC,DD,2.688337504108424,fuse-secondary-only,
2840,captured_0054a,What is the distance between the orange ball and the soccer ball at 1.0s in meters? ,V3MC,DS,1.335622443901399,fuse-fused,
2841,captured_0054a,What is the distance between the green ball and the pink ball at 1.0s in meters? ,V3MC,DS,1.936015124926638,fuse-fused,
2842,captured_0054as,What is the orange ball's displacement between 0.5s and 1.0s in meters? ,V3MS,DS,0.3229992508320664,fuse-fused,
2843,captured_0054as,What is the soccer ball's displacement between 1.0s and 1.4s in meters? ,V3MS,DS,0.0466720110076922,fuse-secondary-only,
2844,captured_0054as,What is the soccer ball's diameter in cm? ,V3MS,DS,24.086782377858604,fuse-fused,
2845,captured_0054as,What is the orange ball's diameter in cm? ,V3MS,DS,1.105,fuse-disagreement,
2846,captured_0054as,What is the white ball's diameter in cm? ,V3MS,DS,25.262430481846998,fuse-fused,
2847,captured_0054as,What is the soccer ball's velocity at 0.5s in m/s? ,V3MS,DD,2.21,fuse-secondary-only,
2848,captured_0054as,What is the velocity of the green ball at 1.0s in m/s? ,V3MS,DD,3.57370376361943,fuse-secondary-only,
2849,captured_0054as,What is the velocity of the white ball at 1.0s in m/s? ,V3MS,DD,4.05648247698996,fuse-secondary-only,
2850,captured_0054as,What is the velocity of the green ball at 1.5s in m/s? ,V3MS,DD,3.513602610215332,fuse-secondary-only,
2851,captured_0054as,What is the velocity of the white ball at 1.5s in m/s? ,V3MS,DD,3.0895060381582566,fuse-secondary-only,
2852,captured_0054as,What is the distance between the orange ball and the soccer ball at 1.0s in meters? ,V3MS,DS,1.2214481808604176,fuse-fused,
2853,captured_0054as,What is the distance between the green ball and the white ball at 1.0s in meters? ,V3MS,DS,0.034,fuse-disagreement,
2854,captured_0054ax,What is the orange ball's displacement between 0.5s and 1.0s in meters? ,V3MX,DS,0.45498106442852204,fuse-fused,
2855,captured_0054ax,What is the soccer ball's displacement between 1.0s and 1.4s in meters? ,V3MX,DS,0.0463108009150871,fuse-secondary-only,
2856,captured_0054ax,What is the white ball's diameter in cm? ,V3MX,DS,0.5,fuse-disagreement,
2857,captured_0054ax,What is the orange ball's diameter in cm? ,V3MX,DS,25.961395471132175,fuse-fused,
2858,captured_0054ax,What is the soccer ball's velocity at 0.5s in m/s? ,V3MX,DD,2.21,fuse-secondary-only,
2859,captured_0054ax,What is the velocity of the green ball at 1.0s in m/s? ,V3MX,DD,3.5110198230371106,fuse-secondary-only,
2860,captured_0054ax,What is the velocity of the white ball at 1.0s in m/s? ,V3MX,DD,3.463247098975137,fuse-secondary-only,
2861,captured_0054ax,What is the velocity of the green ball at 1.5s in m/s? ,V3MX,DD,1.3925281249223471,fuse-secondary-only,
2862,captured_0054ax,What is the velocity of the pink ball at 1.5s in m/s? ,V3MX,DD,1.88390815433507,fuse-secondary-only,
2863,captured_0054ax,What is the distance between the orange ball and the soccer ball at 1.0s in meters? ,V3MX,DS,1.179872995789643,fuse-fused,
2864,captured_0054ax,What is the distance between the green ball and the white ball at 1.0s in meters? ,V3MX,DS,0.0345,fuse-disagreement,
2865,captured_0054b,What is the orange ball's displacement between 0.5s and 1.0s in meters? ,V3MC,DS,0.5647375839677317,fuse-fused,
2866,captured_0054b,What is the soccer ball's displacement between 1.0s and 1.4s in meters? ,V3MC,DS,0.0001112015519622,fuse-secondary-only,
2867,captured_0054b,What is the soccer ball's diameter in cm? ,V3MC,DS,20.674186802651374,fuse-fused,
2868,captured_0054b,What is the orange ball's diameter in cm? ,V3MC,DS,20.353428569091623,fuse-secondary-only,
2869,captured_0054b,What is the white ball's diameter in cm? ,V3MC,DS,19.140577688347054,fuse-fused,
2870,captured_0054b,What is the soccer ball's velocity at 0.5s in m/s? ,V3MC,DD,2.21,fuse-secondary-only,
2871,captured_0054b,What is the velocity of the green ball at 1.0s in m/s? ,V3MC,DD,0.9810419536132818,fuse-secondary-only,
2872,captured_0054b,What is the velocity of the white ball at 1.0s in m/s? ,V3MC,DD,1.0821549349749615,fuse-fused,
2873,captured_0054b,What is the velocity of the green ball at 1.5s in m/s? ,V3MC,DD,0.7207937200153562,fuse-secondary-only,
2874,captured_0054b,What is the velocity of the white ball at 1.5s in m/s? ,V3MC,DD,0.096,fuse-disagreement,
2875,captured_0054b,What is the distance between the orange ball and the soccer ball at 1.0s in meters? ,V3MC,DS,1.016348419956699,fuse-fused,
2876,captured_0054b,What is the distance between the green ball and the white ball at 1.0s in meters? ,V3MC,DS,0.16910039194826676,fuse-fused,
2877,captured_0054bs,What is the orange ball's displacement between 0.5s and 1.0s in meters? ,V3MS,DS,0.5710557058632558,fuse-fused,
2878,captured_0054bs,What is the soccer ball's displacement between 1.0s and 1.4s in meters? ,V3MS,DS,0.27020338844792113,fuse-fused,
2879,captured_0054bs,What is the soccer ball's diameter in cm? ,V3MS,DS,1.81,fuse-disagreement,
2880,captured_0054bs,What is the orange ball's diameter in cm? ,V3MS,DS,21.58788095954277,fuse-fused,
2881,captured_0054bs,What is the white ball's diameter in cm? ,V3MS,DS,1.0,fuse-disagreement,
2882,captured_0054bs,What is the soccer ball's velocity at 0.5s in m/s? ,V3MS,DD,2.21,fuse-secondary-only,
2883,captured_0054bs,What is the velocity of the green ball at 1.0s in m/s? ,V3MS,DD,1.1938505442595624,fuse-fused,
2884,captured_0054bs,What is the velocity of the white ball at 1.0s in m/s? ,V3MS,DD,0.8530035623359264,fuse-fused,
2885,captured_0054bs,What is the velocity of the green ball at 1.5s in m/s? ,V3MS,DD,0.6685957692018083,fuse-fused,
2886,captured_0054bs,What is the velocity of the white ball at 1.5s in m/s? ,V3MS,DD,0.6795206302787145,fuse-fused,
2887,captured_0054bs,What is the distance between the orange ball and the soccer ball at 1.0s in meters? ,V3MS,DS,0.7190643199272699,fuse-fused,
2888,captured_0054bs,What is the distance between the green ball and the white ball at 1.0s in meters? ,V3MS,DS,0.06634888080518847,fuse-fused,
2889,captured_0054bx,What is the orange ball's displacement between 0.5s and 1.0s in meters? ,V3MX,DS,0.5102592037688174,fuse-fused,
2890,captured_0054bx,What is the soccer ball's displacement between 1.0s and 1.4s in meters? ,V3MX,DS,0.2564437129190915,fuse-fused,
2891,captured_0054bx,What is the soccer ball's diameter in cm? ,V3MX,DS,19.95860238962378,fuse-secondary-only,
2892,captured_0054bx,What is the orange ball's diameter in cm? ,V3MX,DS,20.954456627928185,fuse-fused,
2893,captured_0054bx,What is the white ball's diameter in cm? ,V3MX,DS,1.81,fuse-disagreement,
2894,captured_0054bx,What is the soccer ball's velocity at 0.5s in m/s? ,V3MX,DD,2.21,fuse-secondary-only,
2895,captured_0054bx,What is the velocity of the green ball at 1.0s in m/s? ,V3MX,DD,1.4986083170269018,fuse-fused,
2896,captured_0054bx,What is the velocity of the white ball at 1.0s in m/s? ,V3MX,DD,1.3273356550550712,fuse-fused,
2897,captured_0054bx,What is the velocity of the green ball at 1.5s in m/s? ,V3MX,DD,1.205331284705364,fuse-fused,
2898,captured_0054bx,What is the velocity of the white ball at 1.5s in m/s? ,V3MX,DD,1.9422919710659632,fuse-fused,
2899,captured_0054bx,What is the distance between the orange ball and the soccer ball at 1.0s in meters? ,V3MX,DS,0.8763863840016493,fuse-fused,
2900,captured_0054bx,What is the distance between the green ball and the white ball at 1.0s in meters? ,V3MX,DS,0.0456942252345634,fuse-fused,
2901,captured_0061,What is the diameter of the yoga ball in cm? ,V3MC,DS,56.473892207763846,fuse-fused,
2902,captured_0061,What is the diameter of the soccer ball in cm? ,V3MC,DS,0.6,fuse-disagreement,
2903,captured_0061,What is the distance between the basketball and the yoga ball at 2.0s in meters?,V3MC,DS,0.1151679103462244,fuse-secondary-only,
2904,captured_0061,What is the velocity of the soccer ball at 0.6s in m/s?,V3MC,DD,2.491481990647041,fuse-fused,
2905,captured_0061,What is the velocity of the soccer ball at 0.9s in m/s?,V3MC,DD,1.9512771227966144,fuse-fused,
2906,captured_0061,What is the velocity of the basketball at 1.1s in m/s?,V3MC,DD,0.6,fuse-disagreement,
2907,captured_0061,What is the velocity of the basketball at 1.6s in m/s?,V3MC,DD,1.0408865426552418,fuse-fused,
2908,captured_0061s,What is the diameter of the yoga ball in cm? ,V3MS,DS,2.133,fuse-disagreement,
2909,captured_0061s,What is the diameter of the soccer ball in cm? ,V3MS,DS,43.07355647488276,fuse-fused,
2910,captured_0061s,What is the distance between the basketball and the yoga ball at 2.0s in meters?,V3MS,DS,2.0,fuse-disagreement,
2911,captured_0061s,What is the velocity of the soccer ball at 0.6s in m/s?,V3MS,DD,1.6338456071570842,fuse-fused,
2912,captured_0061s,What is the velocity of the soccer ball at 0.9s in m/s?,V3MS,DD,1.189519297447082,fuse-fused,
2913,captured_0061s,What is the velocity of the basketball at 1.1s in m/s?,V3MS,DD,2.0,fuse-disagreement,
2914,captured_0061s,What is the velocity of the basketball at 1.6s in m/s?,V3MS,DD,1.3946946235031241,fuse-fused,
2915,captured_0061x,What is the diameter of the yoga ball in cm? ,V3MX,DS,2.133,fuse-disagreement,
2916,captured_0061x,What is the diameter of the soccer ball in cm? ,V3MX,DS,1.1733,fuse-disagreement,
2917,captured_0061x,What is the distance between the basketball and the yoga ball at 2.0s in meters?,V3MX,DS,0.802547582372187,fuse-secondary-only,
2918,captured_0061x,What is the velocity of the soccer ball at 0.6s in m/s?,V3MX,DD,3.058756985951458,fuse-fused,
2919,captured_0061x,What is the velocity of the soccer ball at 0.9s in m/s?,V3MX,DD,1.1733,fuse-disagreement,
2920,captured_0061x,What is the velocity of the basketball at 1.1s in m/s?,V3MX,DD,2.0,fuse-disagreement,
2921,captured_0061x,What is the velocity of the basketball at 1.6s in m/s?,V3MX,DD,1.3959378799387714,fuse-fused,
2922,captured_0062,What is the length of the whiteboard in cm? ,V3MC,DS,122.89212295103256,fuse-fused,
2923,captured_0062,What is the width of the whiteboard in cm? ,V3MC,DS,2.815,fuse-disagreement,
2924,captured_0062,What is the length of the blue shoppingbag in cm? ,V3MC,DS,3.0,fuse-disagreement,
2925,captured_0062,What is the width of the blue shoppingbag in cm? ,V3MC,DS,3.307,fuse-disagreement,
2926,captured_0062,What is the length of the white box in cm? ,V3MC,DS,1.9339,fuse-disagreement,
2927,captured_0062,What is the width of the white box in cm? ,V3MC,DS,84.06861459957949,fuse-fused,
2928,captured_0062,What is the height of the mario toy in cm? ,V3MC,DS,10.0,fuse-disagreement,
2929,captured_0062,What is the height of the trashbin in cm? ,V3MC,DS,67.47559442505084,fuse-secondary-only,
2930,captured_0062s,What is the length of the whiteboard in cm? ,V3MS,DS,124.59602437960598,fuse-fused,
2931,captured_0062s,What is the width of the whiteboard in cm? ,V3MS,DS,124.59602437960598,fuse-fused,
2932,captured_0062s,What is the length of the blue shoppingbag in cm? ,V3MS,DS,68.19283092353979,fuse-fused,
2933,captured_0062s,What is the width of the blue shoppingbag in cm? ,V3MS,DS,38.895620987880825,fuse-fused,
2934,captured_0062s,What is the length of the white box in cm? ,V3MS,DS,44.13063382878489,fuse-fused,
2935,captured_0062s,What is the width of the white box in cm? ,V3MS,DS,97.37564210651462,fuse-secondary-only,
2936,captured_0062s,What is the height of the mario toy in cm? ,V3MS,DS,28.87090436377262,fuse-secondary-only,
2937,captured_0062s,What is the height of the trashbin in cm? ,V3MS,DS,33.767881469885985,fuse-fused,
2938,captured_0062x,What is the length of the whiteboard in cm? ,V3MX,DS,188.30241271363246,fuse-fused,
2939,captured_0062x,What is the width of the whiteboard in cm? ,V3MX,DS,2.815,fuse-disagreement,
2940,captured_0062x,What is the length of the blue shoppingbag in cm? ,V3MX,DS,3.0,fuse-disagreement,
2941,captured_0062x,What is the width of the blue shoppingbag in cm? ,V3MX,DS,51.56215807242309,fuse-secondary-only,
2942,captured_0062x,What is the length of the white box in cm? ,V3MX,DS,12.0,fuse-disagreement,
2943,captured_0062x,What is the width of the white box in cm? ,V3MX,DS,15.0,fuse-disagreement,
2944,captured_0062x,What is the height of the mario toy in cm? ,V3MX,DS,16.9971350675616,fuse-fused,
2945,captured_0062x,What is the height of the trashbin in cm? ,V3MX,DS,3.0,fuse-disagreement,
2946,internet_0001_segmented,What is the length of the black car in meters? ,S2SC,SS,5.797459347411426,fuse-fused,
2947,internet_0001_segmented,What is the width of the black car in meters? ,S2SC,SS,2.5927026395207036,fuse-fused,
2948,internet_0001_segmented,What is the speed of the black car in m/s? ,S2SC,SD,27.45,fuse-disagreement,
2949,internet_0002_segmented,What is the length of the red car in meters? ,S2SC,SS,4.392,fuse-disagreement,
2950,internet_0002_segmented,What is the width of the red car in meters? ,S2SC,SS,5.49,fuse-disagreement,
2951,internet_0002_segmented,What is the speed of the red car in m/s? ,S2SC,SD,2.4897637582143446,fuse-fused,
2952,internet_0003_segmented,What is the diameter of the pizza in cm? ,S2MC,SS,17.157686329665072,fuse-fused,
2953,internet_0003_segmented,What is the diameter of the wine glass in cm? ,S2MC,SS,7.307905087881646,fuse-fused,
2954,internet_0003_segmented,What is the velocity of the pizza cutter in cm/s at 0.2s? ,S2MC,SD,0.9427144803375846,fuse-fused,
2955,internet_0003_segmented,What is the diameter of a pepperoni on the pizza in cm? ,S2MC,SS,1.5,fuse-disagreement,
2956,internet_0005_segmented,What is the distance between the two black road signs in meters? ,V2MC,DS,7.0,fuse-primary-only,
2957,internet_0005_segmented,What is the height of the woman in yellow in meters? ,V2MC,DS,1.673118798647973,fuse-fused,
2958,internet_0005_segmented,What is the length of the light right above the woman's head in meters? ,V2MC,DS,5.466816354834558,fuse-fused,
2959,internet_0005_segmented,What is the side length of the floor tiles in meters? ,V2MC,DS,0.5,fuse-disagreement,
2960,internet_0008_segmented,What is the average speed of the sailboat in m/s? ,S2MC,SD,3.312684509078474,fuse-secondary-only,
2961,internet_0008_segmented,What is the average speed of the speedboat in m/s? ,S2MC,SD,3.308296922005926,fuse-secondary-only,
2962,internet_0008_segmented,What is the length of the speedboat in meters? ,S2MC,SS,2.0,fuse-disagreement,
2963,internet_0010_segmented,How tall is the shooter in cm? ,S2MC,SS,60.0,fuse-primary-only,
2964,internet_0010_segmented,What is the velocity of the ball at 2.00s in cm/s? ,S2MC,SD,2.0,fuse-primary-only,
2965,internet_0017_segmented,What is the diameter of the round container in cm? ,S2MS,SS,3.1477854893263455,fuse-fused,
2966,internet_0017_segmented,What is the length of the keyboard in cm? ,S2MS,SS,8.496074544818786,fuse-fused,
2967,internet_0017_segmented,What is the width of the keyboard in cm? ,S2MS,SS,8.496074544818786,fuse-fused,
2968,internet_0017_segmented,What is the length of the pen in cm? ,S2MS,SS,3.163146028616723,fuse-fused,
2969,internet_0017_segmented,What is moving speed of the user's (middle) fingertip at 0.4s in cm/s? ,S2MS,SD,0.5,fuse-disagreement,
2970,internet_0019_segmented,What is the size of the ball in cm? ,A2MC,DS,,none,neither arm answered
2971,internet_0019_segmented,What is the height of the person standing in the middle in cm? ,A2MC,DS,,none,neither arm answered
2972,internet_0019_segmented,What is the height of the person on the left (the passer) in cm? ,A2MC,DS,,none,neither arm answered
2973,internet_0019_segmented,What is the height of the person on the right (the receiver) in cm? ,A2MC,DS,,none,neither arm answered
2974,internet_0019_segmented,What is the initial distance between the passer and the receiver in meters?,A2MC,DS,,none,neither arm answered
2975,internet_0019_segmented,What is the velocity of the ball at 1.00s in m/s? ,A2MC,DD,9.8,fuse-primary-only,
2976,internet_0019_segmented,What is the (average) horizontal velocity of the ball in m/s? ,A2MC,DD,,none,neither arm answered
2977,internet_0021_segmented,What is the average speed of the airplane in m/s? ,S2SS,SD,4.0,fuse-disagreement,
2978,internet_0021_segmented,What is the distance between the airplane and the roof top at 0s in meters?,S2SS,SS,70.20450319286773,fuse-fused,
2979,internet_0021_segmented,What is the the displacement of the airplane from 0s to 2.00s in meters? ,S2SS,SS,63.245553203367585,fuse-fused,
2980,internet_0025_segmented,What is the length of the canoe in meters? ,S2SC,SS,7.897205948654532,fuse-fused,
2981,internet_0025_segmented,What is the average speed of the canoe in m/s?,S2SC,SD,0.658220946734859,fuse-secondary-only,
2982,internet_0025_segmented,What is the displacement of the canoe in the first 5 seconds in meters?,S2SC,SS,10.223911769748282,fuse-secondary-only,
2983,internet_0026_segmented,What is the sitting height of the baby in cm?,S2MC,SS,55.93083216649024,fuse-fused,
2984,internet_0026_segmented,What is the distance between the baby and the man in meters? ,S2MC,SS,2.285348254932304,fuse-fused,
2985,internet_0026_segmented,What is the length of the toy truck in cm?,S2MC,SS,99.26096647626693,fuse-fused,
2986,internet_0026_segmented,What is the height of the toy truck in cm?,S2MC,SS,52.16598838761407,fuse-fused,
2987,internet_0026_segmented,What is the speed of the toy truck at 0.50s in cm/s? ,S2MC,SD,118.34538357937096,fuse-secondary-only,
2988,internet_0026_segmented,What is the average speed of the toy truck in cm/s? ,S2MC,SD,109.82375908337303,fuse-secondary-only,
2989,internet_0027_segmented,What is the initial distance between the black ball and the purple ball in cm? ,S2MS,SS,14.3,fuse-disagreement,
2990,internet_0027_segmented,What is the white ball's average velocity in 1.00s to 2.00s in cm/s? ,S2MS,SD,31.09613599859663,fuse-secondary-only,
2991,internet_0027_segmented,What is the velocity of the orange ball at 1.00s in cm/s? ,S2MS,SD,14.188012953631741,fuse-fused,
2992,internet_0027_segmented,What is the final distance between the purple ball and the black ball in cm? ,S2MS,SS,0.5,fuse-disagreement,
2993,internet_0027_segmented,What is the acceleration of the yellow balloon the left at 2.00s in cm/s^2? ,S2MS,SD,7.447578302216955,fuse-secondary-only,
2994,internet_0028,What is the length of the blue and grey bag in meters?,V2MC,DS,0.6454540106734178,fuse-fused,
2995,internet_0028,What is the length of the orange suitcase in meters?,V2MC,DS,0.5818754748407897,fuse-fused,
2996,internet_0029,What is the diameter of the ball in cm? ,A2SS,DS,,none,neither arm answered
2997,internet_0029,What is the velocity of the ball at 0.20s in m/s? ,A2SS,DD,1.96,fuse-primary-only,
2998,internet_0029,What is the velocity of the ball at 0.40s in m/s? ,A2SS,DD,3.92,fuse-primary-only,
2999,internet_0029,What is the distance of the ball from the desk at 0.40s in meters? ,A2SS,DS,,none,neither arm answered
3000,internet_0029,What is the distance of the ball from the desk at 0.30s in meters? ,A2SS,DS,0.441,fuse-primary-only,
3001,internet_0029,What is the displacement of the ball from 0.30s to 0.40s in meters? ,A2SS,DS,,none,neither arm answered
3002,internet_0030,What is the boat's moving distance between 0.5s to 1.0s in meters? ,S2SC,SS,2.232599117015655,fuse-fused,
3003,internet_0030,What is the boat's moving distance between 0.5s to 1.37s in meters? ,S2SC,SS,2.728803826595597,fuse-fused,
3004,internet_0030,What is the speed of the boat between 0.5s to 1s in m/s? ,S2SC,SD,3.1913077612557235,fuse-secondary-only,
3005,internet_0030,What is the speed of the boat between 0.5s to 1.37s in m/s? ,S2SC,SD,3.1956509252448573,fuse-fused,
3006,internet_0030,What is the average acceleration of the boat over 0.5 s to 1.37 s in m/s^2?,S2SC,SD,0.2920812060370047,fuse-secondary-only,
3007,internet_0031,What is the distance traveled by the player in white shirt from 0.5 to 5.53 in meters?,S2MS,SS,8.973293709669823,fuse-fused,
3008,internet_0031,What is the distance traveled by the player in black shirt from 0.5s to 5.53s in meters?,S2MS,SS,8.555699854482977,fuse-fused,
3009,internet_0031,What is the speed of the player in white shirt from 0.5 to 5.53 in m/s?,S2MS,SD,0.0074431829988141,fuse-secondary-only,
3010,internet_0031,What is the speed of the player in black shirt from 0.5 to 5.53 in m/s?,S2MS,SD,0.0074431829988141,fuse-secondary-only,
3011,internet_0031,What is the width of football pitch in meters?,S2MS,SD,68.0,fuse-disagreement,
3012,internet_0032,What is the distance traveled by the boat from 0s to 2s in meters?,S2SC,SS,3.5,fuse-secondary-only,
3013,internet_0032,What is the distance traveled by the boat from 2s to 4.5s in meters?,S2SC,SS,5.916079783099617,fuse-fused,
3014,internet_0032,What is the distance traveled by the boat from 4.5s to 7s in meters?,S2SC,SS,3.5,fuse-fused,
3015,internet_0032,What is the average speed of the boat from 0s to 2s in m/s?,S2SC,SD,0.706982918799935,fuse-secondary-only,
3016,internet_0032,What is the average speed of the boat from 2s to 4.5s in m/s?,S2SC,SD,0.706982918799935,fuse-secondary-only,
3017,internet_0032,What is the average speed of the boat from 4.5s to 7s in m/s?,S2SC,SD,0.706982918799935,fuse-secondary-only,
3018,internet_0032,What is the acceleration of the boat from 0s-2s to 2s-4.5s in m/s^2?,S2SC,SD,,none,neither arm answered
3019,internet_0032,What is the acceleration of the boat from 2s-4.5s to 4.5s-7s in m/s^2?,S2SC,SD,,none,neither arm answered
3020,internet_0032,What is the acceleration of the boat over 0-7s in m/s^2?,S2SC,SD,,none,neither arm answered
3021,internet_0033,What is the speed of the plate of tomatoes from 0s to 0.52s in m/s?,S2MC,SD,0.5617704831592993,fuse-secondary-only,
3022,internet_0033,What is the speed of the plate of tomatoes from 1s to 1.6s in m/s?,S2MC,SD,0.5617704831592993,fuse-secondary-only,
3023,internet_0033,What is the size of avocado in cm?,S2MC,SS,11.973291760498268,fuse-fused,
3024,internet_0033,What is the size of baguette in cm?,S2MC,SS,57.276571773566666,fuse-fused,
3025,internet_0034,What is the displacement of toilet paper roll from 0.5s to 1.73s in cm? ,S2SC,SS,10.000000000000002,fuse-fused,
3026,internet_0034,What is the speed of toilet paper roll over 0.5s to 1.73s in cm/s?,S2SC,SD,8.689880427032332,fuse-fused,
3027,internet_0034,What is the width of thumbnail in cm?,S2SC,SS,1.2361801752192827,fuse-fused,
3028,internet_0035,What is the speed of the toilet paper core from 0s to 0.83s in cm/s?,S2SC,SD,11.596072879369748,fuse-fused,
3029,internet_0035,What is the width of thumbnail in cm?,S2SC,SS,1.3048261197634339,fuse-fused,
3030,internet_0035,What is the displacement of toilet paper core from rom start to 0.83s in cm?,S2SC,SS,10.000000000000002,fuse-fused,
3031,internet_0036,What is the length of the US one-dollar bill in mm?,S2SS,SS,99.92387102189339,fuse-fused,
3032,internet_0036,What is the speed of the bottom hand moves between 0s to 1.4s in m/s?,S2SS,SD,0.179,fuse-disagreement,
3033,internet_0036,What is the speed of the bottom hand moves between 1.72s to 2.6s in m/s?,S2SS,SD,0.111,fuse-disagreement,
3034,internet_0036,What is the speed of the top hand moves between 1.4s to 2.2s in m/s?,S2SS,SD,0.082875,fuse-disagreement,
3035,internet_0037,What is the speed of the swimming woman between 0s to 2.07s in m/s?,S2SC,SD,1.0836827159037907,fuse-fused,
3036,internet_0037,What is the speed of the swimming woman between 2.07s to 5.20s in m/s?,S2SC,SD,1.5398625311158352,fuse-fused,
3037,internet_0037,What is the speed of the swimming woman between 0s to 5.20s in m/s?,S2SC,SD,4.81,fuse-disagreement,
3038,internet_0037,What is the acceleration of the swimming woman between 0s to 5.20s in m/s^2?,S2SC,SD,,none,neither arm answered
3039,internet_0037,What is the width of the swimming pool in meters?,S2SC,SS,12.707088529662858,fuse-fused,
3040,internet_0038,What is the length of the Apple Magic Mouse in cm? ,S2MS,SS,9.479638350419055,fuse-fused,
3041,internet_0038,What is the length of the MacBook in cm? ,S2MS,SS,26.623576807956415,fuse-fused,
3042,internet_0038,What is the width of the MacBook in cm? ,S2MS,SS,26.623576807956415,fuse-fused,
3043,internet_0038,What is the length of the spacebar in cm? ,S2MS,SS,5.71,fuse-disagreement,
3044,internet_0038,What is the speed of the right hand moves between 0s to 0.54s in m/s?,S2MS,SD,0.5115116870865573,fuse-fused,
3045,internet_0039,What is the speed of the swimming man between 0s to 1s in m/s?,S2SC,SD,0.3468210243169823,fuse-secondary-only,
3046,internet_0039,What is the speed of the swimming man between 1 to 2.33s in m/s?,S2SC,SD,0.3468210243169823,fuse-secondary-only,
3047,internet_0039,What is the speed of the swimming man between 0s to 2.33s in m/s?,S2SC,SD,0.3468210243169823,fuse-secondary-only,
3048,internet_0039,What is the acceleration of the swimming man between 0s to 2.33s in m/s^2?,S2SC,SD,1.5744567719560931,fuse-secondary-only,
3049,internet_0039,What is the distance between the two lane ropes in meters?,S2SC,SS,2.5,fuse-primary-only,
3050,internet_0040,What's the length of the credit card in cm?,S2SS,SS,6.734181464736452,fuse-fused,
3051,internet_0040,What is the displacement of credit card from rom start to 0.73s in cm?,S2SS,SS,8.398,fuse-secondary-only,
3052,internet_0040,What is the speed of credit card from rom start to 0.73s in cm/s?,S2SS,SD,9.245506865391487,fuse-secondary-only,
3053,internet_0041,What is the displacement of the middle duck in cm?,S2MC,SS,66.0,fuse-secondary-only,
3054,internet_0041,What is the average speed of the middle duck in cm/s?,S2MC,SD,96.12703284318738,fuse-secondary-only,
3055,internet_0041,What is the distance between the pillars of the arches on the ground in cm?,S2MC,SS,186.0321957672638,fuse-fused,
3056,internet_0041,What is the height of the arches on the ground in cm?,S2MC,SS,186.0321957672638,fuse-fused,
3057,internet_0041,What is the distance between the pillars of the arches on the second floor in cm?,S2MC,SS,2.0,fuse-disagreement,
3058,internet_0041,What is the height of the arches on the second floor in cm?,S2MC,SS,186.0321957672638,fuse-fused,
3059,internet_0042,What is the width of the white car in meters?,S2MS,SS,1.9324671836389982,fuse-fused,
3060,internet_0042,What is the width of the black car in meters?,S2MS,SS,3.07810764239729,fuse-fused,
3061,internet_0042,What is the length of the black car in meters?,S2MS,SS,4.605575973160677,fuse-fused,
3062,internet_0042,What is the width of the road in meters?,S2MS,SS,3.0,fuse-disagreement,
3063,internet_0042,What is the width of the bridge in meters?,S2MS,SS,3.0,fuse-disagreement,
3064,internet_0042,What is the average speed of the white car in m/s?,S2MS,SD,8.980646148862977,fuse-secondary-only,
3065,internet_0043,What is the diameter of the white ball in cm? ,V2MS,DS,2.2904428934374845,fuse-secondary-only,
3066,internet_0043,What is the height of the kettle in cm? ,V2MS,DS,12.466409997047384,fuse-fused,
3067,internet_0043,What is the height of the white cylinder in cm? ,V2MS,DS,6.8874643431395945,fuse-fused,
3068,internet_0043,What is the height of the green bottle in cm? ,V2MS,DS,15.609234989006417,fuse-fused,
3069,internet_0043,What is the height of the plastic bottle in cm? ,V2MS,DS,13.55810164673773,fuse-fused,
3070,internet_0043,What is the height of the plate in cm? ,V2MS,DS,4.494544550754294,fuse-fused,
3071,internet_0043,What is the distance between the kettle and the plate in cm? ,V2MS,DS,30.884720206180926,fuse-fused,
3072,internet_0043,What is the distance between the cylinder and the plastic bottle in cm? ,V2MS,DS,16.35096766107755,fuse-secondary-only,
3073,internet_0044,What is the diameter of the white ball in cm? ,V2MS,DS,4.0,fuse-primary-only,
3074,internet_0044,What is the height of the kettle in cm? ,V2MS,DS,15.0,fuse-primary-only,
3075,internet_0044,What is the height of the white cylinder in cm? ,V2MS,DS,10.0,fuse-primary-only,
3076,internet_0044,What is the height of the green bottle in cm? ,V2MS,DS,20.0,fuse-primary-only,
3077,internet_0044,What is the height of the plastic bottle in cm? ,V2MS,DS,14.0,fuse-primary-only,
3078,internet_0044,What is the height of the plate in cm? ,V2MS,DS,7.0,fuse-primary-only,
3079,internet_0044,What is the distance between the kettle and the plate in cm? ,V2MS,DS,35.0,fuse-primary-only,
3080,internet_0044,What is the distance between the cylinder and the plastic bottle in cm? ,V2MS,DS,10.0,fuse-primary-only,
3081,internet_0044,What is the velocity of the white ball at 1.50s in m/s^2? ,V2MS,DS,9.8,fuse-primary-only,
3082,internet_0044,What is the velocity of the white ball at 2.50s in m/s^2? ,V2MS,DS,24.5,fuse-primary-only,
3083,internet_0045,What is the diameter of the rolling cylinder in cm? ,V2MS,DS,10.0,fuse-primary-only,
3084,internet_0045,What is the height of the green bottle in cm? ,V2MS,DS,25.0,fuse-primary-only,
3085,internet_0045,What is the height of the plastic bottle in cm? ,V2MS,DS,22.0,fuse-primary-only,
3086,internet_0045,What is the height of the plate in cm? ,V2MS,DS,10.0,fuse-primary-only,
3087,internet_0045,What is the distance between the two bottles in cm? ,V2MS,DS,28.0,fuse-primary-only,
3088,internet_0045,What is the distance between the kettle and the plate in cm? ,V2MS,DS,35.0,fuse-primary-only,
3089,internet_0046,What is the velocity of the cup at 1.00s in m/s?,S2SS,SD,10.5,fuse-disagreement,
3090,internet_0046,What is the velocity of the cup at 1.10s in m/s?,S2SS,SD,0.40861961559170956,fuse-fused,
3091,internet_0046,What is the velocity of the cup at 1.20s in m/s?,S2SS,SD,0.5472330628588048,fuse-secondary-only,
3092,internet_0046,What is the displacement of the cup between 1.00s and 1.10s in cm? ,S2SS,SS,9.935594415784907,fuse-fused,
3093,internet_0046,What is the displacement of the cup between 1.10s and 1.30s in cm? ,S2SS,SS,16.310192284037363,fuse-fused,
3094,internet_0046,What is the acceleration of the cup at 1.10s in m/s^2?,S2SS,SD,0.0873079617228423,fuse-secondary-only,
3095,internet_0047,What is the diameter of the rolling ball in cm? ,V2SS,DS,26.34441090066939,fuse-fused,
3096,internet_0047,What is distance between the two vertical red lines in meters? ,V2SS,DS,1.47,fuse-primary-only,
3097,internet_0047,What is distance between the ball and the white line in meters? ,V2SS,DS,0.7998515522111282,fuse-fused,
3098,internet_0047,What is displacement of the ball between 0.10s and 0.30sin meters? ,V2SS,DS,0.4112157678015249,fuse-fused,
3099,internet_0047,What is distance between the red vertical line on the left and the white line in meters? ,V2SS,DS,1.47,fuse-disagreement,
3100,internet_0047,What is width of the lines on the floor in cm? ,V2SS,DS,5.0,fuse-disagreement,
3101,internet_0048,What is the diameter of the ball in cm? ,A2SS,DS,24.0,fuse-primary-only,
3102,internet_0048,What is the width of a single piece wall pad in cm? ,A2SS,DS,,none,neither arm answered
3103,internet_0048,What is the height of the height of the wall pads in cm? ,A2SS,DS,150.0,fuse-primary-only,
3104,internet_0048,What is the distance between the ball and the floor at 1.50s in meters?,A2SS,DS,1.5,fuse-primary-only,
3105,internet_0048,What is the displacement of the ball between 1.20s and 1.80s in meters? ,A2SS,DS,5.46,fuse-primary-only,
3106,internet_0048,What is the velocity of the ball at 1.50s in m/s?,A2SS,DD,14.7,fuse-primary-only,
3107,internet_0048,What is the height of the walking person in meters?,A2SS,DS,1.7,fuse-primary-only,
3108,internet_0048,What is the average walking speed of the walking person between 2.50s and 3.50s in m/s?,A2SS,DD,1.0,fuse-primary-only,
3109,internet_0049,What is the height of the person riding scooter in meters?,V2MC,DS,1.627908426863486,fuse-fused,
3110,internet_0049,What is the height of the gray table in meters?,V2MC,DS,0.8977920244158599,fuse-fused,
3111,internet_0049,What is the height of the gray chairs in meters?,V2MC,DS,0.6943972915403348,fuse-fused,
3112,internet_0049,What is the height of the brown table in meters?,V2MC,DS,0.8954035372364745,fuse-fused,
3113,internet_0049,What is the length of the brown table in meters?,V2MC,DS,1.6104831817538556,fuse-fused,
3114,internet_0049,What is the height of the canopy in meters?,V2MC,DS,4.640791525072147,fuse-secondary-only,
3115,internet_0049,What is the distance between the middle brown table and the gray table in meters?,V2MC,DS,4.51775519459726,fuse-fused,
3116,internet_0050,What is the height of the person riding scooter in meters?,V2MC,DS,2.0167369661141814,fuse-secondary-only,
3117,internet_0050,What is the height of the right basketball stand in meters?,V2MC,DS,3.571964173535132,fuse-fused,
3118,internet_0050,What is the height of the left basketball stand in meters?,V2MC,DS,3.5636505355148067,fuse-fused,
3119,internet_0050,What is the distance of the bird to ground in meters?,V2MC,DS,1.598918926414439,fuse-fused,
3120,internet_0050,What is the distance between the two basketball stands in meters?,V2MC,DS,28.0,fuse-primary-only,
3121,internet_0050,What is the width of the left basketball backboard in meters?,V2MC,DS,1.5680718650417935,fuse-fused,
3122,internet_0050,What is the height of the left basketball backboard in meters?,V2MC,DS,1.9117863046915622,fuse-fused,
3123,internet_0051,What is the height of the person riding scooter in meters?,V2MC,DS,1.4592671171885465,fuse-fused,
3124,internet_0051,What is the width of the green car in meters?,V2MC,DS,1.265537246593317,fuse-fused,
3125,internet_0051,What is the height of the green car in meters?,V2MC,DS,1.066935541863427,fuse-fused,
3126,internet_0051,What is the height of the tree in the middle of the video in meters?,V2MC,DS,10.0,fuse-disagreement,
3127,internet_0051,What is the distance between the brown and green car in meters?,V2MC,DS,2.70539798573858,fuse-fused,
3128,internet_0052,What is the height of the person riding scooter in meters?,V2MC,DS,1.7670411106140589,fuse-fused,
3129,internet_0052,What is the distance between the two closest tall trees in meters? ,V2MC,DS,4.37,fuse-primary-only,
3130,internet_0052,What is the height of the no-parking sign in meters?,V2MC,DS,0.7881750794675936,fuse-fused,
3131,internet_0052,What is the width of the no-parking sign in meters?,V2MC,DS,0.2684488432344761,fuse-fused,
3132,internet_0052,What is the height of the scooter in meters?,V2MC,DS,1.1274087820987289,fuse-fused,
3133,internet_0052,What is the wheel-to-wheel width of the scooter in meters?,V2MC,DS,1.0634318947064194,fuse-secondary-only,
3134,internet_0053,What is the height of the person riding scooter in meters?,V2MC,DS,2.163578872444175,fuse-fused,
3135,internet_0053,What is the height of the lamp in meters?,V2MC,DS,4.480748806008406,fuse-secondary-only,
3136,internet_0053,What is the wheel-to-wheel width of the scooter in meters?,V2MC,DS,1.6195782609652123,fuse-secondary-only,
3137,internet_0053,What is the height of the scooter in meters?,V2MC,DS,1.677847401524914,fuse-secondary-only,
3138,internet_0053,What is the height of the sign on the ground in meters?,V2MC,DS,0.508060498785612,fuse-fused,
3139,internet_0053,What is the width of the sign on the ground in meters?,V2MC,DS,0.5659468160965359,fuse-secondary-only,
3140,internet_0053,What is the height of the fire hydrant in meters?,V2MC,DS,1.0048615375686645,fuse-fused,
3141,internet_0053,What is the width of the bench in meters?,V2MC,DS,1.6094707912161705,fuse-fused,
3142,internet_0053,What is the height of the bench in meters?,V2MC,DS,1.1584718292753164,fuse-secondary-only,
3143,internet_0053,What is the height of the trash bin in meters?,V2MC,DS,0.7,fuse-primary-only,
3144,internet_0054,What is the height of the person riding scooter in meters?,V2MC,DS,2.401215616297854,fuse-fused,
3145,internet_0054,What is the length of the brown chairs in meters?,V2MC,DS,1.9743448242958845,fuse-fused,
3146,internet_0054,What is the height of the canopy in meters?,V2MC,DS,5.028090247386172,fuse-fused,
3147,internet_0054,What is the width of the canopy in meters?,V2MC,DS,11.792748593160695,fuse-fused,
3148,internet_0054,What is the height of the scooter in meters?,V2MC,DS,2.023763007670356,fuse-secondary-only,
3149,internet_0054,What is the wheel-to-wheel width of the scooter in meters?,V2MC,DS,1.9228261285647723,fuse-secondary-only,
3150,internet_0055,What is the height of the walking person in meters?,V2MC,DS,1.938003199187551,fuse-fused,
3151,internet_0055,What is the height of the DO NOT ENTER sign in meters?,V2MC,DS,1.1605936470733276,fuse-secondary-only,
3152,internet_0055,What is the width of the DO NOT ENTER sign in meters?,V2MC,DS,0.7769635430514281,fuse-fused,
3153,internet_0055,What is the distance of the DO NOT ENTER sign to the ground in meters?,V2MC,DS,1.554842046814184,fuse-fused,
3154,internet_0055,What is the height of the Bicycle sign in meters?,V2MC,DS,1.3624280794199688,fuse-fused,
3155,internet_0055,What is the width of the Bicycle sign in meters?,V2MC,DS,0.8642561709923051,fuse-fused,
3156,internet_0055,What is the distance of the Bicycle sign to the ground in meters?,V2MC,DS,1.8193121837940212,fuse-fused,
3157,internet_0055,What is the width of the YIELD sign in meters?,V2MC,DS,0.7327278601272019,fuse-fused,
3158,internet_0056,What is the height of the person riding scooter in meters?,V2MC,DS,1.7545595491745767,fuse-fused,
3159,internet_0056,What is the distance between the two closest tall trees in meters? ,V2MC,DS,10.0,fuse-primary-only,
3160,internet_0056,What is the height of the left most tree in meters?,V2MC,DS,6.771836722565326,fuse-fused,
3161,internet_0057,What is the height of the person in meters? ,A2MS,DS,1.8,fuse-primary-only,
3162,internet_0057,What is the distance between the basket and the floor in meters? ,A2MS,DS,3.05,fuse-primary-only,
3163,internet_0057,What is the velocity of the ball at 2.00s in m/s?,A2MS,DD,19.6,fuse-primary-only,
3164,internet_0057,What is the velocity of the ball at 3.00s in m/s?,A2MS,DD,29.4,fuse-primary-only,
3165,internet_0057,What is the distance between the basket and the ball at 3.00s in meters?,A2MS,DS,3.05,fuse-primary-only,
3166,internet_0057,What is the distance between the person and the ball at 3.00s in meters?,A2MS,DS,44.1,fuse-primary-only,
3167,internet_0057,What is the distance between the ball and the floor at 4.00s in meters? ,A2MS,DS,3.05,fuse-primary-only,
3168,internet_0057,What is the person's average walking speed from 3.50s to 5.00s in m/s? ,A2MS,DD,4.0,fuse-primary-only,
3169,internet_0057,What is the displacement of the ball between 2.00s and 4.00s in meters? ,A2MS,DS,4.0,fuse-primary-only,
3170,internet_0058,What is the height of the person in meters? ,A2MS,DS,1.2,fuse-primary-only,
3171,internet_0058,What is the distance between the basket and the floor in meters? ,A2MS,DS,3.05,fuse-primary-only,
3172,internet_0058,What is the velocity of the ball at 1.00s in m/s?,A2MS,DD,9.8,fuse-primary-only,
3173,internet_0058,What is the distance between the ball and the floor at 1.00s in meters? ,A2MS,DS,4.5,fuse-primary-only,
3174,internet_0058,What is the distance between the ball and the basket at 1.00s in meters? ,A2MS,DS,1.0,fuse-primary-only,
3175,internet_0058,What is the velocity of the ball at 2.00s in m/s?,A2MS,DD,19.6,fuse-primary-only,
3176,internet_0058,What is the distance between the ball and the floor at 2.00s in meters? ,A2MS,DS,,none,neither arm answered
3177,internet_0058,What is the distance between the ball and the floor at 1.40s in meters? ,A2MS,DS,,none,neither arm answered
3178,internet_0058, What is the average speed of the ball between 1.40s and 2.00s in m/s?,A2MS,DD,,none,neither arm answered
3179,internet_0059,What is the diameter of the ball in cm? ,A2SS,DS,24.0,fuse-primary-only,
3180,internet_0059,What is the length of the billboard in the middle in cm?,A2SS,DS,60.0,fuse-primary-only,
3181,internet_0059,What is the height of the billboard on the left in cm?,A2SS,DS,60.0,fuse-primary-only,
3182,internet_0059,What is the height of the billboard on the right in cm?,A2SS,DS,30.0,fuse-primary-only,
3183,internet_0059,What is distance between the left edge of the left billboard and the right edge of the right bill board in cm? ,A2SS,DS,120.0,fuse-primary-only,
3184,internet_0059,What is velocity of the ball at 2.50s in m/s?,A2SS,DD,24.5,fuse-primary-only,
3185,internet_0059,What is velocity of the ball at 3.00s in m/s? ,A2SS,DD,29.4,fuse-primary-only,
3186,internet_0059,What is the average velocity of the ball between 2.50s and 3.20s in m/s? ,A2SS,DD,27.93,fuse-primary-only,
3187,internet_0059,What is the displacement of the ball between 2.50s and 3.00s in meters?,A2SS,DS,13.475,fuse-primary-only,
3188,internet_0060,What is the length of the pink box in cm?,A2SS,DS,10.0,fuse-primary-only,
3189,internet_0060,What is the width of the pink box in cm?,A2SS,DS,10.0,fuse-primary-only,
3190,internet_0060,What is the distance between the pink box and the floor at 0.00s in meters?,A2SS,DS,,none,neither arm answered
3191,internet_0060,What is the velocity of the box at 2.00s in m/s?,A2SS,DD,19.6,fuse-primary-only,
3192,internet_0060,What is the displacement of the box between 0.00s and 2.00s in meters?,A2SS,DS,1.5,fuse-primary-only,
3193,internet_0060,What is displacement of the box between 2.20s and 3.00s in meters?,A2SS,DS,1.0,fuse-primary-only,
3194,internet_0061,What is the width of the acorn in cm? ,A2SS,DS,5.0,fuse-primary-only,
3195,internet_0061,What is the height of the acorn in cm? ,A2SS,DS,5.0,fuse-primary-only,
3196,internet_0061,What is the velocity of the acorn at 1.40s in m/s? ,A2SS,DD,13.72,fuse-primary-only,
3197,internet_0061,What is the distance between the bottom of the acorn and the chair surface at 1.40s in cm?,A2SS,DS,1.4,fuse-primary-only,
3198,internet_0061,What is the distance between the bottom of the acorn and the chair surface at 1.80s in cm? ,A2SS,DS,882.0,fuse-primary-only,
3199,internet_0061,What is the displacement of the acorn between 1.30s and 1.40s in cm? ,A2SS,DS,15.0,fuse-primary-only,
3200,internet_0062,What is the length of the longer side of the wallet in cm? ,A2SS,DS,14.0,fuse-primary-only,
3201,internet_0062,What is the length of the shorter side of the wallet in cm? ,A2SS,DS,10.0,fuse-primary-only,
3202,internet_0062,What is the velocity of the wallet at 2.50s in m/s? ,A2SS,DD,24.5,fuse-primary-only,
3203,internet_0062,What is the distance between the bottom corner of the wallet and the floor at 2.50s in m/s? ,A2SS,DS,24.5,fuse-primary-only,
3204,internet_0062,What is the displacement of the wallet between 2.20s and 2.50s in meters?,A2SS,DS,,none,neither arm answered
3205,internet_0062,What is the velocity of the wallet at 2.60s in m/s? ,A2SS,DD,25.48,fuse-primary-only,
3206,internet_0063,What is the height of the water bottle in cm?,A2SS,DS,25.0,fuse-primary-only,
3207,internet_0063,What is the diameter of the water bottle in cm? ,A2SS,DS,6.5,fuse-primary-only,
3208,internet_0063,What is the velocity of the water bottle at 1.50s in m/s?,A2SS,DD,14.7,fuse-primary-only,
3209,internet_0063,What is the velocity of the water bottle at 1.70s in m/s?,A2SS,DD,16.66,fuse-primary-only,
3210,internet_0063,What is the displacement of the water bottle between 1.50s and 1.70s in meters?,A2SS,DS,1.2,fuse-primary-only,
3211,internet_0063,What is the distance between the bottom of the water bottle and the floor at 1.50s in meters?,A2SS,DS,11.025,fuse-primary-only,
3212,internet_0064,What is the height of the person in meters? ,A2MS,DS,,none,neither arm answered
3213,internet_0064,What is the velocity of the ball at 3.0s in m/s? ,A2MS,DD,29.4,fuse-primary-only,
3214,internet_0064,What is the velocity of the ball at 3.6s in m/s? ,A2MS,DD,35.28,fuse-primary-only,
3215,internet_0064,What is the velocity of the person at 4.4s in m/s? ,A2MS,DD,4.4,fuse-primary-only,
3216,internet_0064,What is the distance between the bottom of the ball and the floor at 3.5s in meters?,A2MS,DS,60.025,fuse-primary-only,
3217,internet_0064,What is the displacement of the ball between 3.50s and 3.70s in meters? ,A2MS,DS,3.5,fuse-primary-only,
3218,internet_0064,What is the displacement of the person between 4.00s and 5.00s in meters? ,A2MS,DS,1.5,fuse-primary-only,
3219,internet_0064,What is the diameter of the ball in cm? ,A2MS,DS,24.0,fuse-primary-only,
3220,internet_0065,What is the velocity of the ball at 0.20s in m/s? ,A2SS,DD,,none,neither arm answered
3221,internet_0065,What is the velocity of the ball at 0.30s in m/s? ,A2SS,DD,,none,neither arm answered
3222,internet_0065,What is the velocity of the ball at 0.40s in m/s? ,A2SS,DD,2.5,fuse-primary-only,
3223,internet_0065,What is the velocity of the ball at 0.50s in m/s? ,A2SS,DD,,none,neither arm answered
3224,internet_0065,What is the displacement of the ball between 0.20s and 0.30 in meters?,A2SS,DS,3.6,fuse-primary-only,
3225,internet_0065,What is the displacement of the ball between 0.30s and 0.40s in meters?,A2SS,DS,3.6,fuse-primary-only,
3226,internet_0065,What is the displacement of the ball between 0.40s and 0.50s in meters?,A2SS,DS,4.5,fuse-primary-only,
3227,internet_0065,What is the diameter of the ball in cm? ,A2SS,DS,24.0,fuse-primary-only,
3228,internet_0066,What is the diameter of the ball in cm? ,A2SS,DS,24.0,fuse-primary-only,
3229,internet_0066,What is the velocity of the ball at 1.80s in m/s?,A2SS,DD,,none,neither arm answered
3230,internet_0066,What is the velocity of the ball at 1.90s in m/s?,A2SS,DD,,none,neither arm answered
3231,internet_0066,What is the velocity of the ball at 2.00s in m/s?,A2SS,DD,,none,neither arm answered
3232,internet_0066,What is the velocity of the ball at 2.10s in m/s?,A2SS,DD,,none,neither arm answered
3233,internet_0066,What is the velocity of the ball at 2.20s in m/s?,A2SS,DD,,none,neither arm answered
3234,internet_0066,What is the displacement of the ball between 1.70s and 1.80s in meters?,A2SS,DS,,none,neither arm answered
3235,internet_0066,What is the displacement of the ball between 1.80s and 1.90s in meters?,A2SS,DS,,none,neither arm answered
3236,internet_0066,What is the displacement of the ball between 1.90s and 2.00s in meters?,A2SS,DS,,none,neither arm answered
3237,internet_0066,What is the displacement of the ball between 2.00s and 2.10s in meters?,A2SS,DS,,none,neither arm answered
3238,internet_0067,What is the acceleration of the acorn at 0.17s in m/s^2? ,S2SS,DD,6.593308954412999,fuse-secondary-only,
3239,internet_0067,What is the velocity of the acorn at 0.17s in m/s? ,S2SS,DD,1.3636496884019056,fuse-fused,
3240,internet_0067,What is the velocity of the acorn at 0.20s in m/s? ,S2SS,DD,1.4909298968613358,fuse-fused,
3241,internet_0067,What is the width of the acorn in cm? ,S2SS,DS,12.10051301114204,fuse-fused,
3242,internet_0068,What is the height of the acorn in cm? ,A2SS,DS,3.0,fuse-disagreement,
3243,internet_0068,What is the velocity of the acorn at 2.00s in m/s? ,A2SS,DD,2.0,fuse-disagreement,
3244,internet_0068,What is the velocity of the acorn at 2.10s in m/s? ,A2SS,DD,0.16809639567514006,fuse-fused,
3245,internet_0068,What is the velocity of the acorn at 2.30s in m/s? ,A2SS,DD,0.11482090344417266,fuse-fused,
3246,internet_0068,What is the displacement of the acorn between 2.00s and 2.10s in cm?,A2SS,DS,0.385,fuse-disagreement,
3247,internet_0068,What is the displacement of the acorn between 2.10s and 2.20s in cm?,A2SS,DS,0.385,fuse-disagreement,
3248,internet_0068,What is the displacement of the acorn between 2.20s and 2.30s in cm?,A2SS,DS,0.0114703605485862,fuse-secondary-only,
3249,internet_0068,What is the displacement of the acorn between 2.30s and 2.40s in cm?,A2SS,DS,0.0134234327983113,fuse-secondary-only,
3250,internet_0069,What is the height of the cup in cm? ,A2SS,DS,1.08615544831014,fuse-secondary-only,
3251,internet_0069,What is the velocity of the cup at 2.00s in m/s?,A2SS,DD,2.0,fuse-disagreement,
3252,internet_0069,What is the velocity of the cup at 2.10s in m/s?,A2SS,DD,0.08226762523338865,fuse-fused,
3253,internet_0069,What is the velocity of the cup at 2.20s in m/s?,A2SS,DD,2.0,fuse-disagreement,
3254,internet_0069,What is the velocity of the cup at 2.30s in m/s?,A2SS,DD,0.096,fuse-disagreement,
3255,internet_0069,What is the displacement of the cup between 2.00s and 2.10s in cm? ,A2SS,DS,1.6,fuse-disagreement,
3256,internet_0069,What is the displacement of the cup between 2.10s and 2.30s in cm? ,A2SS,DS,0.5,fuse-disagreement,
3257,internet_0069,What is the displacement of the cup between 2.30s and 2.50s in cm? ,A2SS,DS,0.12677729561983345,fuse-fused,
3258,internet_0070,What is the length of the speedboat in meters?,V2SC,DS,7.075087368363103,fuse-fused,
3259,internet_0070,What is the height of the speedboat in meters?,V2SC,DS,2.8620137583994953,fuse-fused,
3260,internet_0070,What is the displacement of the speedboat between 1.00s and 4.00s in meters?,V2SC,DS,31.301768065306884,fuse-fused,
3261,internet_0070,What is the displacement of the speedboat between 2.00s and 3.00s in meters?,V2SC,DS,10.433922688435624,fuse-fused,
3262,internet_0070,What is the velocity of the speed boat at 2.00s? ,V2SC,DD,10.50004918778338,fuse-fused,
3263,internet_0071,What is the diameter of the toilet paper roll in cm?,S2SS,SS,10.332670854217055,fuse-fused,
3264,internet_0071,What is the length of the toilet paper holder in cm?,S2SS,SS,11.159743606301394,fuse-fused,
3265,internet_0071,What is the length of a wall tile in cm?,S2SS,SS,10.0,fuse-disagreement,
3266,internet_0071,What is the height of a wall tile in cm? ,S2SS,SS,18.235045648725556,fuse-fused,
3267,internet_0071,What is the moving velocity of the toilet paper at 0.50s in cm/s? ,S2SS,SD,9.423924768901644,fuse-fused,
3268,internet_0071,What is the moving velocity of the toilet paper at 1.00s in cm/s? ,S2SS,SD,8.482411622134507,fuse-fused,
3269,internet_0071,What is the average moving velocity of the toilet paper from 0.50s to 1.50s in cm/s? ,S2SS,SD,8.436605941034431,fuse-fused,
3270,internet_0072,What is the width of the credit card in cm? ,S2SS,SS,5.39,fuse-primary-only,
3271,internet_0072,What is the moving velocity of the credit card at 0.50s in cm/s?,S2SS,SD,,none,neither arm answered
3272,internet_0072,What is the moving velocity of the credit card at 1.00s in cm/s?,S2SS,SD,,none,neither arm answered
3273,internet_0072,What is the acceleration of the credit card at 0.50s in cm/s? ,S2SS,SD,,none,neither arm answered
3274,internet_0073,What is the distance between the blue bag and the yellow bag in meters? ,S2MC,SS,,none,neither arm answered
3275,internet_0073,What is the width of the red package in meters?,S2MC,SS,0.3,fuse-primary-only,
3276,internet_0073,What is the height of the red package in meters?,S2MC,SS,0.1,fuse-primary-only,
3277,internet_0073,What is the width of the package in the middle of the read package and the blue bag in meters?,S2MC,SS,0.3,fuse-primary-only,
3278,internet_0073,What is the height of the package in the middle of the read package and the blue bag in meters?,S2MC,SS,0.25,fuse-primary-only,
3279,internet_0073,What is the distance between the red package and the blue bag in meters?,S2MC,SS,1.5,fuse-primary-only,
3280,internet_0073,What is the displacement of the blue bag between 2.00s and 3.50s in meters? ,S2MC,SS,0.45,fuse-primary-only,
3281,internet_0074,What is the total length of the pickle ball court in meters? ,S2MS,SS,12.107433208814086,fuse-fused,
3282,internet_0074,What is the distance between the two players at 0.00s in meters? ,S2MS,SS,6.1,fuse-primary-only,
3283,internet_0074,What is the velocity of the ball at 1.00s in m/s? ,S2MS,SD,5.447213296825239,fuse-secondary-only,
3284,internet_0074,What is the distance between the ball and the net at 1.00s in meters? ,S2MS,SS,2.8721276902829924,fuse-fused,
3285,internet_0074,What is the distance between the ball and the nearest player at 2.00s in meters? ,S2MS,SS,3.863464444100145,fuse-fused,
3286,internet_0074,What is the velocity of the ball at 3.00s in m/s? ,S2MS,SD,5.181099123370695,fuse-secondary-only,
3287,internet_0074,What is the length of the net in meters?,S2MS,SS,7.79717669123859,fuse-fused,
3288,internet_0074,What is the distance between the two players at 4.50s in meters?,S2MS,SS,6.1,fuse-primary-only,
