row_index,video_id,question,video_type,inference_type,parsed_value,method,reason
0,simulation_0007,What is the width of the wooden pier in meters?,S2MC,SS,3.3364398651573963,fuse-fused,
1,simulation_0007,What is the length of the pier in meters?,S2MC,SS,5.811919694860939,fuse-fused,
2,simulation_0007,"When t=3s, what is the minimum distance from the outer end of the pier to the boat in meters?",S2MC,SS,,none,neither arm answered
3,simulation_0007,What is the speed of the boat at 1.0s in m/s?,S2MC,SD,,none,neither arm answered
4,simulation_0012,What is the total width of the house from eave to eave in meters?,V2MC,DS,8.117675240054188,fuse-fused,
5,simulation_0012,What is the body length of the bird in meters?,V2MC,DS,0.5,fuse-primary-only,
6,simulation_0012,How wide is the bird's wingspan when it spreads its wings in meters?,V2MC,DS,,none,neither arm answered
7,simulation_0020,What is the height of the person in meters?,A2MC,DS,1.8,fuse-primary-only,
8,simulation_0020,What is the velocity of the ball at 0.0s in m/s?,A2MC,DD,,none,neither arm answered
9,simulation_0020,What is the diameter of the ball in meters?,A2MC,DS,0.24,fuse-primary-only,
10,simulation_0041,What is the length of the boat in meters?,S2MC,SS,10.202313922481803,fuse-fused,
11,simulation_0041,What is the width of the boat in meters?,S2MC,SS,2.0,fuse-primary-only,
12,simulation_0041,What is the speed of the boat at 1.0s in m/s?,S2MC,SD,,none,neither arm answered
13,simulation_0041,What is the speed of the person at 1.0s in m/s?,S2MC,SD,,none,neither arm answered
14,simulation_0047,What is the width of the telephone booth in meters?,V2MC,DS,0.3203353309321398,fuse-fused,
15,simulation_0047,What is the length of the planter area between the two staircases in meters?,V2MC,DS,0.3569832030386169,fuse-fused,
16,simulation_0047,What is the length of the moving bicycle in meters?,V2MC,DS,1.05,fuse-primary-only,
17,simulation_0047,What is the speed of the moving bicycle at 1.0s in m/s?,V2MC,DD,1.2239702054157342,fuse-fused,
18,simulation_0053,What is the speed of the green car at 2.0s in m/s?,A2MC,DD,,none,neither arm answered
19,simulation_0053,What is the length of the orange car in meters?,A2MC,DS,5.149423006905987,fuse-fused,
20,simulation_0053,What is the length of the green car in meters?,A2MC,DS,5.206747411189728,fuse-fused,
21,simulation_0053,What is the distance between the two black lamps in meters?,A2MC,DS,1.0,fuse-primary-only,
22,simulation_0053,What is the walking speed of the person at 2.0s in meters?,A2MC,DD,,none,neither arm answered
23,simulation_0054,What is the speed of the green car at 2.0s in m/s?,A2MC,DD,,none,neither arm answered
24,simulation_0054,What is the length of the orange car in meters?,A2MC,DS,4.641389598386264,fuse-fused,
25,simulation_0054,What is the length of the green car in meters?,A2MC,DS,4.64550934212889,fuse-fused,
26,simulation_0054,What is the distance between the two black lamps in meters?,A2MC,DS,1.5,fuse-primary-only,
27,simulation_0054,What is the width of the orange car in meters?,A2MC,DS,,none,neither arm answered
28,simulation_0054,What is the width of the green car in meters?,A2MC,DS,1.936066010517898,fuse-fused,
29,simulation_0057,What is the length of the orange car in meters?,A2MC,DS,,none,neither arm answered
30,simulation_0057,What is the distance between the two black lamps in meters?,A2MC,DS,3.5,fuse-primary-only,
31,simulation_0057,What is the width of the orange car in meters?,A2MC,DS,,none,neither arm answered
32,simulation_0068,What is the speed of the yellow car at 2.5s in m/s？,A2MS,DD,,none,neither arm answered
33,simulation_0068,What is the length of the turning yellow car in meters?,A2MS,DS,,none,neither arm answered
34,simulation_0068,What is the width of the turning yellow car in meters?,A2MS,DS,,none,neither arm answered
35,simulation_0068,What is the width of the white car in meters?,A2MS,DS,,none,neither arm answered
36,simulation_0068,What is the length of the white car in meters？,A2MS,DS,,none,neither arm answered
37,simulation_0069,What is the speed of the walking pedestrian at 1.0s in m/s?,A2MS,DD,,none,neither arm answered
38,simulation_0069,What is the width of the white car in meters?,A2MS,DS,,none,neither arm answered
39,simulation_0069,What is the length of the white car in meters？,A2MS,DS,6.258600792738214,fuse-fused,
40,simulation_0070,What is the speed of the turing yellow car at 2.5s in m/s?,S2MS,SD,3.468180317429388,fuse-fused,
41,simulation_0070,What is the width of the turning yellow car in meters?,S2MS,SS,,none,neither arm answered
42,simulation_0070,What is the speed of the bicycle at 1.0s in m/s?,S2MS,SD,,none,neither arm answered
43,simulation_0071,What is the speed of the turing yellow car at 2.5s in m/s?,S2MS,SD,3.621003727116462,fuse-fused,
44,simulation_0071,What is the width of the turning yellow car in meters?,S2MS,SS,5.489733460005581,fuse-fused,
45,simulation_0071,What is the speed of the walking pedestrian at 1.0s in m/s?,S2MS,SD,,none,neither arm answered
46,simulation_0072,What is the speed of the walking pedestrian at 1.0s in m/s?,V2MS,DD,,none,neither arm answered
47,simulation_0073,What is the width of the white car in meters?,V2MS,DS,1.5,fuse-primary-only,
48,simulation_0073,What is the length of the white car in meters？,V2MS,DS,4.5,fuse-primary-only,
49,simulation_0073,What is the distance between the white car and the bicycle at 1.0s in meters?,V2MS,DS,5.33,fuse-primary-only,
50,simulation_0073,What is the  distance between the white car and the bicycle at 2.0s in meters?,V2MS,DS,2.0,fuse-primary-only,
51,simulation_0073,What is the acceleration of the white car at 1.0s in m/s^2?,V2MS,DD,,none,neither arm answered
52,simulation_0073,What is the side length of the square earthen platform in meters?,V2MS,DS,1.5,fuse-primary-only,
53,simulation_0073,What is the speed of the white car at 1.0s in m/s?,V2MS,DD,,none,neither arm answered
54,simulation_0075,What is the length of the turning yellow car in meters?,S2MS,SS,5.112883627426491,fuse-fused,
55,simulation_0075,What is the speed of the walking pedestrian at 1.0s in m/s?,S2MS,SD,3.7266166039826643,fuse-fused,
56,simulation_0075,What is the speed of the turing yellow car at 2.5s in m/s?,S2MS,SD,1.5,fuse-primary-only,
57,simulation_0075,What is the width of the turning yellow car in meters?,S2MS,SS,5.112883627426491,fuse-fused,
58,simulation_0075,What is the width of the purple car in meters?,S2MS,SS,5.156852301003139,fuse-fused,
59,simulation_0075,What is the length of the purple car in meters?,S2MS,SS,5.156852301003139,fuse-fused,
60,simulation_0075,What is the speed of the bicycle at 1.0s in m/s?,S2MS,SD,3.0,fuse-primary-only,
61,simulation_0075,What is the side length of the square earthen platform in meters?,S2MS,SS,3.0,fuse-primary-only,
62,simulation_0075,What is the width of the white car in meters?,S2MS,SS,3.0998443359129624,fuse-fused,
63,simulation_0075,What is the acceleration of the white car at 1.0s in m/s^2?,S2MS,SD,,none,neither arm answered
64,simulation_0075,What is the width of the green car in meters?,S2MS,SS,3.5315875791634492,fuse-fused,
65,simulation_0075,What is the length of the green car in meters?,S2MS,SS,5.067964969200664,fuse-fused,
66,simulation_0076,What is the speed of the person in the white shirt at 1.0s in m/s?,V2MX,DD,1.0,fuse-fused,
67,simulation_0076,What is the distance between the person in the black shirt and the person in the white shirt at 1.0s in meters?,V2MX,DS,,none,neither arm answered
68,simulation_0076,What is the distance between the person in the black shirt and the person in the white shirt at 2.0s in meters?,V2MX,DS,1.5358524704858032,fuse-fused,
69,simulation_0077,What is the speed of the person in the white shirt at 1.0s in m/s?,V2MX,DD,1.0,fuse-fused,
70,simulation_0077,What is the distance between the person in the black shirt and the person in the white shirt at 1.0s in meters?,V2MX,DS,1.1960469901778021,fuse-fused,
71,simulation_0077,What is the distance between the person in the black shirt and the person in the white shirt at 2.0s in meters?,V2MX,DS,4.0,fuse-primary-only,
72,simulation_0078,What is the speed of the person in the black shirt at 1.0s in m/s?,V2MX,DD,1.2999999999999998,fuse-fused,
73,simulation_0078,What is the distance between the person in the black shirt and the person in the white shirt at 1.0s in meters?,V2MX,DS,3.788897769005056,fuse-fused,
74,simulation_0078,What is the distance between the person in the black shirt and the person in the white shirt at 2.0s in meters?,V2MX,DS,8.28329572612273,fuse-fused,
75,simulation_0079,What is the speed of the walking person at 1.0s in m/s?,S2MX,SD,1.7,fuse-primary-only,
76,simulation_0079,What is the speed of the bike at 1.0s in m/s?,S2MX,SD,7.236949497659034,fuse-fused,
77,simulation_0079,What is the distance between the walking person and the bike at 1.0s in meters?,S2MX,SS,3.4267256844565925,fuse-fused,
78,simulation_0079,What is the distance between the walking person and the bike at 0.5s in meters?,S2MX,SS,2.4196042859368583,fuse-fused,
79,simulation_0080,What is the speed of the walking person at 0.5s in m/s?,S2MX,SD,1.0,fuse-primary-only,
80,simulation_0080,What is the speed of the bike at 0.5s in m/s?,S2MX,SD,0.588,fuse-primary-only,
81,simulation_0080,What is the distance between the walking person and the bike at 0.5 s in meters?,S2MX,SS,1.4112917330362384,fuse-fused,
82,simulation_0080,What is the distance between the walking person and the bike at 1.0s in meters?,S2MX,SS,1.1120186226972015,fuse-fused,
83,simulation_0081,What is the speed of the walking person at 0.5s in m/s?,S2MX,SD,0.975495198448888,fuse-fused,
84,simulation_0081,What is the speed of the bike at 0.5s in m/s?,S2MX,SD,3.6425990569739097,fuse-fused,
85,simulation_0081,What is the distance between the walking person and the bike at 0.5 s in meters?,S2MX,SS,,none,neither arm answered
86,simulation_0081,What is the distance between the walking person and the bike at 1.0 s in meters?,S2MX,SS,0.9493855135845787,fuse-fused,
87,simulation_0082,What is the width of the yellow car in meters?,S2MX,SS,4.14779362644817,fuse-fused,
88,simulation_0082,What is the length of the black and white car in meters?,S2MX,SS,5.694106079246843,fuse-fused,
89,simulation_0082,What is the width of the black and white car in meters?,S2MX,SS,5.694106079246843,fuse-fused,
90,simulation_0082,What is the distance between the yellow car and the black and white car at 1.0s in meters?,S2MX,SS,3.788761526569508,fuse-fused,
91,simulation_0082,What is the distance between the yellow car and the black and white car at 2.0s in meters?,S2MX,SS,3.4898041606241685,fuse-fused,
92,simulation_0082,What is the speed of the yellow car at 1.0s in m/s？,S2MX,SD,,none,neither arm answered
93,simulation_0082,What is the speed of the black and white car at 1.0s in m/s?,S2MX,SD,,none,neither arm answered
94,simulation_0083,What is the width of the yellow car in meters?,S2MX,SS,5.670000000000002,fuse-fused,
95,simulation_0083,What is the length of the black and white car in meters?,S2MX,SS,5.733987727157847,fuse-fused,
96,simulation_0083,What is the width of the black and white car in meters?,S2MX,SS,5.733987727157847,fuse-fused,
97,simulation_0083,What is the distance between the yellow car and the black and white car at 1.0s in meters?,S2MX,SS,9.610878841263604,fuse-fused,
98,simulation_0083,What is the distance between the yellow car and the black and white car at 2.0s in meters?,S2MX,SS,20.268506385580444,fuse-fused,
99,simulation_0083,What is the speed of the yellow car at 1.0s in m/s？,S2MX,SD,5.178249065474033,fuse-fused,
100,simulation_0083,What is the speed of the black and white car at 1.0s in m/s?,S2MX,SD,6.486403631467169,fuse-fused,
101,simulation_0084,What is the length of the yellow car in meters?,V2MX,DS,5.396557824439843,fuse-fused,
102,simulation_0084,What is the width of the yellow car in meters?,V2MX,DS,,none,neither arm answered
103,simulation_0084,What is the length of the black and white car in meters?,V2MX,DS,5.388180469595676,fuse-fused,
104,simulation_0084,What is the width of the black and white car in meters?,V2MX,DS,,none,neither arm answered
105,simulation_0084,What is the distance between the yellow car and the black and white car at 1.0s in meters?,V2MX,DS,1.0,fuse-primary-only,
106,simulation_0084,What is the distance between the yellow car and the black and white car at 2.0s in meters?,V2MX,DS,,none,neither arm answered
107,simulation_0084,What is the speed of the black and white car at 1.0s in m/s?,V2MX,DD,,none,neither arm answered
108,simulation_0085,What is the speed of the bike at 1.0s in m/s?,A2MX,DD,1.0,fuse-primary-only,
109,simulation_0085,What is the length of the bike in meters?,A2MX,DS,,none,neither arm answered
110,simulation_0085,What is the length of the car in meters?,A2MX,DS,2.5184815803640106,fuse-fused,
111,simulation_0085,What is the width of the car in meters?,A2MX,DS,,none,neither arm answered
112,simulation_0085,What is the distance between the car and the bike at 1.0s in meters?,A2MX,DS,4.3316566129524,fuse-fused,
113,simulation_0085,What is the distance between the car and the bike at 2.0s in meters?,A2MX,DS,3.5810164321619093,fuse-fused,
114,simulation_0085,What is the speed of the car at 1.5s in m/s?,A2MX,DD,2.1313178324386826,fuse-fused,
115,simulation_0086,What is the speed of the bike at 1.0s in m/s?,A2MX,DD,,none,neither arm answered
116,simulation_0086,What is the length of the bike in meters?,A2MX,DS,3.701059224346821,fuse-fused,
117,simulation_0086,What is the length of the car in meters?,A2MX,DS,,none,neither arm answered
118,simulation_0086,What is the width of the car in meters?,A2MX,DS,,none,neither arm answered
119,simulation_0086,What is the distance between the car and the bike at 1.0s in meters?,A2MX,DS,2.015,fuse-primary-only,
120,simulation_0086,What is the distance between the car and the bike at 2.0s in meters?,A2MX,DS,8.06,fuse-primary-only,
121,simulation_0086,What is the speed of the car at 1.5s in m/s?,A2MX,DD,5.782152828846977,fuse-fused,
122,simulation_0087,What is the acceleration of the car at 1.0s in m/s^2?,V2MX,DD,,none,neither arm answered
123,simulation_0087,What is the length of the bike in meters?,V2MX,DS,,none,neither arm answered
124,simulation_0087,What is the length of the car in meters?,V2MX,DS,,none,neither arm answered
125,simulation_0087,What is the width of the car in meters?,V2MX,DS,,none,neither arm answered
126,simulation_0087,What is the distance between the car and the bike at 0.5 s in meters?,V2MX,DS,0.50375,fuse-primary-only,
127,simulation_0087,What is the distance between the car and the bike at 1.0s in meters?,V2MX,DS,2.015,fuse-primary-only,
128,simulation_0087,What is the speed of the car at 1.0s in m/s?,V2MX,DD,4.35409106356338,fuse-fused,
129,simulation_0088,What is the speed of the small bird at 0.3s in m/s?,V2MX,DD,11.512052263632436,fuse-fused,
130,simulation_0088,What is the distance between the big bird and the small bird at 0.3s in meters?,V2MX,DS,0.3,fuse-primary-only,
131,simulation_0088,What is the body length of the big bird in meters?,V2MX,DS,,none,neither arm answered
132,simulation_0088,What is the width (wingspan) of the big bird in meters?,V2MX,DS,,none,neither arm answered
133,simulation_0088,What is the body length of the small bird in meters?,V2MX,DS,,none,neither arm answered
134,simulation_0088,What is the width (wingspan) of the small bird in meters?,V2MX,DS,0.5,fuse-primary-only,
135,simulation_0089,What is the length of the big bird in meters?,S2MX,SS,1.365,fuse-primary-only,
136,simulation_0089,What is the width of the big bird in meters?,S2MX,SS,5.527880031927309,fuse-fused,
137,simulation_0089,What is the width (wingspan) of the small bird in meters?,S2MX,SS,0.7346727984343095,fuse-fused,
138,simulation_0089,What is the speed of the small bird at 0.3s in m/s?,S2MX,SD,1.0,fuse-primary-only,
139,simulation_0089,What is the speed of the big bird at 0.3s in m/s?,S2MX,SD,,none,neither arm answered
140,simulation_0089,What is the distance between the big bird and the small bird at 0.3s in meters?,S2MX,SS,2.2682242908439902,fuse-fused,
141,simulation_0090,What is the speed of the big bird at 0.2s in m/s?,V2MX,DD,10.99391601973379,fuse-fused,
142,simulation_0090,What is the distance between the big bird and the small bird at 0.3s in meters?,V2MX,DS,11.0,fuse-primary-only,
143,simulation_0090,What is the body length of the big bird in meters?,V2MX,DS,,none,neither arm answered
144,simulation_0090,What is the body length of the small bird in meters?,V2MX,DS,11.0,fuse-primary-only,
145,simulation_0091,What is the speed of the big bird at 0.3s in m/s?,V2MX,DD,3.9821552722698645,fuse-fused,
146,simulation_0091,What is the distance between the big bird and the small bird at 0.3s in meters?,V2MX,DS,3.3,fuse-primary-only,
147,simulation_0091,What is the length of the big bird in meters?,V2MX,DS,1.0,fuse-primary-only,
148,simulation_0091,What is the length of the small bird in meters?,V2MX,DS,0.38698488455908636,fuse-fused,
149,simulation_0092,What is the height of the car in meters?,S2MX,SS,1.7040151057196269,fuse-fused,
150,simulation_0092,What is the length of the plane in meters?,S2MX,SS,25.23753314194644,fuse-fused,
151,simulation_0092,What is the height of the plane in meters?,S2MX,SS,56.7,fuse-primary-only,
152,simulation_0092,What is the speed of the plane at 1.0s in m/s?,S2MX,SD,10.0,fuse-primary-only,
153,simulation_0092,What is the speed of the car at 1.0s in m/s?,S2MX,SD,,none,neither arm answered
154,simulation_0093,What is the height of the car in meters?,S2MX,SS,1.757973286377333,fuse-fused,
155,simulation_0093,What is the length of the plane in meters?,S2MX,SS,42.118164487568144,fuse-fused,
156,simulation_0093,What is the height of the plane in meters?,S2MX,SS,10.34678872959297,fuse-fused,
157,simulation_0093,What is the speed of the plane at 0.5s in m/s?,S2MX,SD,93.88760053403794,fuse-fused,
158,simulation_0093,What is the speed of the car at 1.0s in m/s?,S2MX,SD,1.0,fuse-primary-only,
159,simulation_0094,What is the length of the car in meters?,V2MX,DS,5.51316485673576,fuse-fused,
160,simulation_0094,What is the height of the car in meters?,V2MX,DS,,none,neither arm answered
161,simulation_0094,What is the length of the plane in meters?,V2MX,DS,39.66834861130353,fuse-fused,
162,simulation_0094,What is the height of the plane in meters?,V2MX,DS,,none,neither arm answered
163,simulation_0095,What is the speed of the plane at 0.5s in m/s?,A2MX,DD,,none,neither arm answered
164,simulation_0095,What is the length of the car in meters?,A2MX,DS,,none,neither arm answered
165,simulation_0095,What is the height of the car in meters?,A2MX,DS,,none,neither arm answered
166,simulation_0095,What is the length of the plane in meters?,A2MX,DS,7.654343046496743,fuse-fused,
167,simulation_0095,What is the height of the plane in meters?,A2MX,DS,,none,neither arm answered
168,simulation_0096,What is the speed of the plane at 0.3s in m/s?,A2MX,DD,,none,neither arm answered
169,simulation_0096,What is the length of the car in meters?,A2MX,DS,,none,neither arm answered
170,simulation_0096,What is the height of the car in meters?,A2MX,DS,,none,neither arm answered
171,simulation_0096,What is the length of the plane in meters?,A2MX,DS,,none,neither arm answered
172,simulation_0096,What is the height of the plane in meters?,A2MX,DS,67.0,fuse-primary-only,
173,simulation_0097,What is the speed of the plane at 0.3s in m/s?,A2MX,DD,,none,neither arm answered
174,simulation_0097,What is the length of the car in meters?,A2MX,DS,5.30263884062874,fuse-fused,
175,simulation_0097,What is the height of the car in meters?,A2MX,DS,,none,neither arm answered
176,simulation_0097,What is the length of the plane in meters?,A2MX,DS,,none,neither arm answered
177,simulation_0097,What is the height of the plane in meters?,A2MX,DS,,none,neither arm answered
178,simulation_0098,What is the speed of the boat at 1.0s in m/s?,V2MS,DD,,none,neither arm answered
179,simulation_0098,What is the length of the boat in meters?,V2MS,DS,8.075515294434522,fuse-fused,
180,simulation_0098,What is the length of the shark in meters?,V2MS,DS,,none,neither arm answered
181,simulation_0098,What is the height of the shark in meters?,V2MS,DS,0.804390365321275,fuse-fused,
182,simulation_0099,What is the speed of the boat at 1.0s in m/s?,S2MS,SD,,none,neither arm answered
183,simulation_0099,What is the speed of the shark at 1.0s in m/s?,S2MS,SD,3.099576583085369,fuse-fused,
184,simulation_0099,What is the length of the shark in meters?,S2MS,SS,2.258973825477536,fuse-fused,
185,simulation_0099,What is the height of the shark in meters?,S2MS,SS,1.159636786672019,fuse-fused,
186,simulation_0100,What is the speed of the boat at 1.0s in m/s?,S2MS,SD,,none,neither arm answered
187,simulation_0100,What is the speed of the shark at 1.0s in m/s?,S2MS,SD,,none,neither arm answered
188,simulation_0100,What is the length of the shark in meters?,S2MS,SS,2.29419962318943,fuse-fused,
189,simulation_0100,What is the height of the shark in meters?,S2MS,SS,1.1555658623895986,fuse-fused,
190,simulation_0101,What is the speed of the shark at 0.0s in m/s?,A2MS,DD,,none,neither arm answered
191,simulation_0101,What is the speed of the boat at 1.0s in m/s?,A2MS,DD,2.736680060280654,fuse-fused,
192,simulation_0101,What is the length of the boat in meters?,A2MS,DS,9.742546426942216,fuse-fused,
193,simulation_0101,What is the length of the shark in meters?,A2MS,DS,,none,neither arm answered
194,simulation_0101,What is the height of the shark in meters?,A2MS,DS,0.9180572588933158,fuse-fused,
195,simulation_0102,What is the speed of the shark at 0.0s in m/s?,A2MS,DD,,none,neither arm answered
196,simulation_0102,What is the speed of the boat at 1.0s in m/s?,A2MS,DD,,none,neither arm answered
197,simulation_0102,What is the length of the boat in meters?,A2MS,DS,1.0,fuse-primary-only,
198,simulation_0102,What is the length of the shark in meters?,A2MS,DS,,none,neither arm answered
199,simulation_0102,What is the height of the shark in meters?,A2MS,DS,0.9957084593889587,fuse-fused,
200,simulation_0102,What is the distance between the shark and the boat at 0.5s in meters?,A2MS,DS,0.125,fuse-primary-only,
201,simulation_0103,What is the speed of the shark at 0.0s in m/s?,A2MS,DD,,none,neither arm answered
202,simulation_0103,What is the speed of the boat at 1.0s in m/s?,A2MS,DD,1.0,fuse-primary-only,
203,simulation_0103,What is the length of the boat in meters?,A2MS,DS,9.14659359053326,fuse-fused,
204,simulation_0103,What is the length of the shark in meters?,A2MS,DS,2.924430501555227,fuse-fused,
205,simulation_0103,What is the height of the shark in meters?,A2MS,DS,0.7362728058465443,fuse-fused,
206,simulation_0103,What is the distance between the shark and the boat at 0.5s in meters?,A2MS,DS,0.125,fuse-primary-only,
207,simulation_0104,What is the diagonal length of the phone in meters?,V2MX,DS,,none,neither arm answered
208,simulation_0104,What is the diameter of the gray truncated cone on the charging post in meters?,V2MX,DS,,none,neither arm answered
209,simulation_0104,What is the extension of the charging post at 0.5s in meters?,V2MX,DS,0.26127732178667756,fuse-fused,
210,simulation_0105,What is the height of the ice cube in meters?,A2MX,DS,0.02,fuse-primary-only,
211,simulation_0105,What is the height of the teacup with the plate in meters?,A2MX,DS,,none,neither arm answered
212,simulation_0105,What is the width of the teacup with the plate in meters?,A2MX,DS,,none,neither arm answered
213,simulation_0105,What is the velocity of the ice cube at 1.0s in m/s?,A2MX,DD,9.8,fuse-primary-only,
214,simulation_0106,What is the velocity of the left virus at 1.0s in m/s?,V2MX,DD,2.4824171842492664,fuse-fused,
215,simulation_0106,What is the distance between two viruses at 1.0s in meters?,V2MX,DS,1.5667,fuse-primary-only,
216,simulation_0106,What is the distance between two viruses at 2.0s in meters?,V2MX,DS,3.1334,fuse-primary-only,
217,simulation_0107,What is the velocity of the left virus at 1.0s in m/s?,V2MX,DD,,none,neither arm answered
218,simulation_0107,What is the distance between two viruses at 1.0s in meters?,V2MX,DS,1.7393,fuse-primary-only,
219,simulation_0107,What is the distance between two viruses at 2.0s in meters?,V2MX,DS,3.4786,fuse-primary-only,
220,simulation_0108,What is the velocity of the left virus at 1.0s in m/s?,V2MX,DD,1.7393,fuse-fused,
221,simulation_0108,What is the distance between two viruses at 1.0s in meters?,V2MX,DS,1.7393,fuse-primary-only,
222,simulation_0108,What is the distance between two viruses at 2.0s in meters?,V2MX,DS,3.4786,fuse-primary-only,
223,simulation_0111,What is the length of the boat in meters?,V2MC,DS,5.0,fuse-primary-only,
224,simulation_0111,What is the width of the boat in meters?,V2MC,DS,,none,neither arm answered
225,simulation_0111,What is the width of the bridge in meters?,V2MC,DS,4.591714922965575,fuse-fused,
226,simulation_0112,What is the thickness of the bridge in meters?,V2MC,DS,0.1,fuse-primary-only,
227,simulation_0112,What is the height of the car in meters?,V2MC,DS,1.2660868999650676,fuse-fused,
228,simulation_0112,What is the diameter of the wheel in meters?,V2MC,DS,,none,neither arm answered
229,simulation_0112,What is the length of the car in meters?,V2MC,DS,5.146213373974517,fuse-fused,
230,simulation_0113,What is the speed of the swim ring at 1.0s in m/s?,S2MC,SD,,none,neither arm answered
231,simulation_0113,What is the side length of the pool in meters?,S2MC,SS,8.916499727501872,fuse-fused,
232,simulation_0114,What is the width of the plane in meters?,A2SC,DS,,none,neither arm answered
233,simulation_0114,What is the length of the plane in meters?,A2SC,DS,,none,neither arm answered
234,simulation_0114,What is the speed of the plane at 1.5s in m/s?,A2SC,DD,26.291804313150056,fuse-fused,
235,simulation_0116,What is the length of the football in meters?,A2MC,DS,0.44,fuse-primary-only,
236,simulation_0116,What is the width of the football in meters?,A2MC,DS,0.22,fuse-primary-only,
237,simulation_0116,What is the height of he middle yellow door in meters?,A2MC,DS,2.1,fuse-primary-only,
238,simulation_0116,What is the width of the middle yellow door in meters?,A2MC,DS,0.9,fuse-primary-only,
239,simulation_0116,What is the speed of the football at 0.5s in m/s?,A2MC,DD,,none,neither arm answered
240,simulation_0117,What is the diameter of the ball in meters?,A2MS,DS,,none,neither arm answered
241,simulation_0117,What is the height of the door in meters?,A2MS,DS,2.0,fuse-primary-only,
242,simulation_0117,What is the width of the door in meters?,A2MS,DS,,none,neither arm answered
243,simulation_0117,What is the length of the electronic lock in meters?,A2MS,DS,0.1,fuse-primary-only,
244,simulation_0117,What is the width of the electronic lock in meters?,A2MS,DS,0.05,fuse-primary-only,
245,simulation_0118,What is the total displacement of the toy car in meters?,V2MC,DS,0.05,fuse-primary-only,
246,simulation_0118,What  is the length of the toy car in meters?,V2MC,DS,,none,neither arm answered
247,simulation_0118,What is the diameter of the disc in meters?,V2MC,DS,0.21,fuse-primary-only,
248,simulation_0118,What is the length of the book in meters?,V2MC,DS,,none,neither arm answered
249,simulation_0118,What is the length of the table in meters?,V2MC,DS,1.0,fuse-primary-only,
250,simulation_0118,What is the width of the table in meters?,V2MC,DS,,none,neither arm answered
251,simulation_0119,What is the diameter of the moving chess piece in meters?,V2MC,DS,0.05,fuse-primary-only,
252,simulation_0119,What is the side length of the chessboard in meters?,V2MC,DS,0.3,fuse-primary-only,
253,simulation_0119,What is the length of the dark grey square tray placed next to the chessboard in meters?,V2MC,DS,0.3,fuse-primary-only,
254,simulation_0119,What is the side length of the table in meters?,V2MC,DS,,none,neither arm answered
255,simulation_0119,What is the distance moved by the chess piece in meters?,V2MC,DS,,none,neither arm answered
256,simulation_0120,What is the length of the sofa in meters?,V2MC,DS,2.0,fuse-primary-only,
257,simulation_0120,What is the length of the TV in meters?,V2MC,DS,1.2,fuse-primary-only,
258,simulation_0120,What is the diameter of the robot cleaner in meters?,V2MC,DS,0.3,fuse-primary-only,
259,simulation_0120,What is the side length of the chessboard in meters?,V2MC,DS,1.0,fuse-primary-only,
260,simulation_0120,What is the length of the square tray placed next to the chessboard with two art sculptures on it in meters?,V2MC,DS,0.3,fuse-primary-only,
261,simulation_0121,What is the speed of the left first ball at 0.5s in m/s?,S2MS,SD,0.7862833799765586,fuse-fused,
262,simulation_0121,What is the speed of the left first ball at 1.0s in m/s?,S2MS,SD,,none,neither arm answered
263,simulation_0122,What is the length of the sword in meters?,A2SC,DS,,none,neither arm answered
264,simulation_0123,What is the length of the blue rolling cup in meters?,V2MC,DS,0.338,fuse-primary-only,
265,simulation_0123,What is the diameter of the blue rolling cup in meters?,V2MC,DS,0.05697422773388191,fuse-fused,
266,simulation_0123,What is the length of the green toothbrush lying on the sink in meters?,V2MC,DS,0.1045104043502327,fuse-fused,
267,simulation_0123,What is the diameter of the blue cup with the blue toothbrush in meters?,V2MC,DS,0.06088949805960062,fuse-fused,
268,simulation_0123,What is the length of the largest towel of the three stacked towels on the sink in meters?,V2MC,DS,0.4076006370230146,fuse-fused,
269,simulation_0123,What is the width of the largest towel of the three stacked towels on the sink in meters?,V2MC,DS,0.4076006370230146,fuse-fused,
270,simulation_0124,What is the speed of the grey and red car at 1.0s in m/s?,V2MC,DD,22.778459908636165,fuse-fused,
271,simulation_0124,What is the length of the grey and red car in meters?,V2MC,DS,4.775320511451136,fuse-fused,
272,simulation_0124,What is the width of the grey and red car in meters?,V2MC,DS,3.2965959997793144,fuse-fused,
273,simulation_0124,What is the length of the black car in meters?,V2MC,DS,4.4717571725837875,fuse-fused,
274,simulation_0124,What is the width of the black car in meters?,V2MC,DS,,none,neither arm answered
275,simulation_0124,What is the distance between the two cars at 1.0s in meters?,V2MC,DS,,none,neither arm answered
276,simulation_0124,What is the smallest distance between the two cars in meters?,V2MC,DS,4.5,fuse-primary-only,
277,simulation_0125,What is the height of the potted plant in meters?,V2MC,DS,1.0937552446151355,fuse-fused,
278,simulation_0125,What is the height of the house in meters?,V2MC,DS,6.209319400748855,fuse-fused,
279,simulation_0125,What is the width of the house in meters?,V2MC,DS,5.015054162681932,fuse-fused,
280,simulation_0125,What is the height of the person in meters?,V2MC,DS,1.6754896911461397,fuse-fused,
281,simulation_0126,What is the diameter of the handle in meters?,S2MS,SS,,none,neither arm answered
282,simulation_0126,What is the speed of the puck at 0.5s in m/s?,S2MS,SD,0.5774362096307962,fuse-fused,
283,simulation_0126,What is the speed of the puck at 2.0s in m/s?,S2MS,SD,,none,neither arm answered
284,simulation_0126,What is the horizontal distance between the two handles in meters?,S2MS,SS,0.74,fuse-primary-only,
285,simulation_0126,What is the shortest distance between the puck and the handle on the right in meters?,S2MS,SS,0.5059781229272103,fuse-fused,
286,simulation_0127,What is the speed of the blue car at 1.0s in m/s?,V2MC,DD,,none,neither arm answered
287,simulation_0127,What is the width of the blue car in meters?,V2MC,DS,5.0650690203731195,fuse-fused,
288,simulation_0127,What is the length of the blue car in meters?,V2MC,DS,6.667566722143825,fuse-fused,
289,simulation_0127,What is the length of the bike in meters?,V2MC,DS,3.1230665628577268,fuse-fused,
290,simulation_0127,What is the width of the red car in meters?,V2MC,DS,,none,neither arm answered
291,simulation_0127,What is the length of the red car in meters?,V2MC,DS,6.652052400789978,fuse-fused,
292,simulation_0127,What is the width of the dark green car in meters?,V2MC,DS,5.032772688211059,fuse-fused,
293,simulation_0127,What is the length of the dark green car in meters?,V2MC,DS,6.625052405220423,fuse-fused,
294,simulation_0128,What is the diameter of the ball in meters?,A2MC,DS,,none,neither arm answered
295,simulation_0128,What is the length of the forklift in meters?,A2MC,DS,,none,neither arm answered
296,simulation_0128,What is the height of the forklift in meters?,A2MC,DS,,none,neither arm answered
297,simulation_0129,What is the diameter of the ball in meters?,A2MC,DS,0.24,fuse-primary-only,
298,simulation_0129,What is the length of the forklift in meters?,A2MC,DS,,none,neither arm answered
299,simulation_0129,What is the height of the forklift in meters?,A2MC,DS,,none,neither arm answered
300,simulation_0130,What is the length of the car in meters?,V2MC,DS,,none,neither arm answered
301,simulation_0130,What is the width of the car in meters?,V2MC,DS,,none,neither arm answered
302,simulation_0130,What is the length of the white airplane in meters?,V2MC,DS,0.5349134707972906,fuse-fused,
303,simulation_0130,What is the width of the white airplane in meters?,V2MC,DS,0.5187007225012921,fuse-fused,
304,simulation_0130,What is the length of the helicopter in meters?,V2MC,DS,0.43513947903375105,fuse-fused,
305,simulation_0130,What is the width of the helicopter in meters?,V2MC,DS,3.5,fuse-primary-only,
306,simulation_0130,What is the speed of the white airplane at 1.0s in m/s?,V2MC,DD,,none,neither arm answered
307,simulation_0131,What is the width of the hot air balloon in meters?,V2SX,DS,,none,neither arm answered
308,simulation_0131,What is the height of the hot air balloon in meters?,V2SX,DS,,none,neither arm answered
309,simulation_0263,What is the length of the spacecraft in meters?,A2SS,DS,,none,neither arm answered
310,simulation_0132,What is the diameter of the apple in meters?,A2MC,DS,0.05,fuse-primary-only,
311,simulation_0132,What is the height of the table in meters?,A2MC,DS,1.0,fuse-primary-only,
312,simulation_0132,"What is the horizontal speed of the apple while it is in the air, in m/s?",A2MC,DD,,none,neither arm answered
313,simulation_0132,"What is the horizontal distance of the apple during its parabolic motion, in meters?",A2MC,DS,1.5,fuse-primary-only,
314,simulation_0133,What is the diameter of the apple in meters?,A2MS,DS,0.05,fuse-primary-only,
315,simulation_0133,What is the height of the table in meters?,A2MS,DS,0.5,fuse-primary-only,
316,simulation_0133,"What is the horizontal speed of the apple when it leaves the table, in m/s?",A2MS,DD,,none,neither arm answered
317,simulation_0133,"What is the horizontal displacement of the apple during its parabolic motion, in meters?",A2MS,DS,,none,neither arm answered
318,simulation_0133,"What is the speed of the apple at time 1.2s, in m/s?",A2MS,DD,11.76,fuse-primary-only,
319,simulation_0134,"What is the length of the toast, in meters?",S2MC,SS,0.19933340162091476,fuse-fused,
320,simulation_0134,"What is the length of the toaster, in meters?",S2MC,SS,0.22545637421997258,fuse-fused,
321,simulation_0134,What is the peak vertical displacement of the bread slice (relative to its starting position) in meters?,S2MC,SS,0.10582380686207568,fuse-fused,
322,simulation_0134,"What is the acceleration of the bread slice at time1.75 s, in m/s^2?",S2MC,SD,,none,neither arm answered
323,simulation_0135,What is the length of the toaster in meters?,S2MC,SS,0.18781435966259888,fuse-fused,
324,simulation_0135,What is the height of the power outlet in meters?,S2MC,SS,0.055207326784729865,fuse-fused,
325,simulation_0135,"What is the speed of the cup at time 1s, in m/s?",S2MC,SD,,none,neither arm answered
326,simulation_0135,What is the speed of the cup at time 2.25s in m/s?,S2MC,SD,,none,neither arm answered
327,simulation_0136,What is the length of the toaster in meters?,S2MC,SS,0.17464651524401661,fuse-fused,
328,simulation_0136,"What is the speed of the cup at time 1s, in m/s?",S2MC,SD,,none,neither arm answered
329,simulation_0136,What is the speed of the cup at time 2.25s in m/s?,S2MC,SD,0.2637444130522217,fuse-fused,
330,simulation_0137,What is the total length of the bird’s flight path in meters?,V2MC,DS,,none,neither arm answered
331,simulation_0137,What is the length of the house in meters?,V2MC,DS,7.26705558467424,fuse-fused,
332,simulation_0137,What is the height of the house in meters?,V2MC,DS,,none,neither arm answered
333,simulation_0137,"What is the distance from the bird to the roof at 1s, in meters?",V2MC,DS,4.853547796684488,fuse-fused,
334,simulation_0142,What is the height of the man in meters?,V2MC,DS,1.7402873913275332,fuse-fused,
335,simulation_0142,What is the total distance the man walked in meters?,V2MC,DS,1.486246732446117,fuse-fused,
336,simulation_0142,What is the side length of the floor tile in meters?,V2MC,DS,0.6,fuse-primary-only,
337,simulation_0142,What is the height from the floor to the ceiling in meters?,V2MC,DS,2.641457251711081,fuse-fused,
338,simulation_0145,What is the diameter of the tire in meters?,S2MC,SS,0.6155877538873596,fuse-fused,
339,simulation_0145,What is the average speed of the rocket from beginning to end in m/s?,S2MC,SD,5.850505754224945,fuse-fused,
340,simulation_0145,What is the speed of the rocket at time 1s in m/s?,S2MC,SD,100.0,fuse-primary-only,
341,simulation_0145,What is the acceleration of the rocket at time 1s in m/s^2?,S2MC,SD,,none,neither arm answered
342,simulation_0148,What is the speed of the train at time 1s in m/s?,S2MC,SD,,none,neither arm answered
343,simulation_0148,What is the speed of the train at time 0.5s in m/s?,S2MC,SD,,none,neither arm answered
344,simulation_0148,What is the acceleration of the train at time 0.5s in m/s^2?,S2MC,SD,,none,neither arm answered
345,simulation_0148,What is the length of the door on the train in meters?,S2MC,SS,1.0813042145327794,fuse-fused,
346,simulation_0148,"What is the height, in meters, of the white pillar in the center of the semicircular arch?",S2MC,SS,2.7023597138202002,fuse-fused,
347,simulation_0153,What is the length of the blue car in meters (including the extending wire)?,S2SC,SS,0.4101566073508406,fuse-fused,
348,simulation_0153,What is the speed of the blue car at time 1s in m/s?,S2SC,SD,,none,neither arm answered
349,simulation_0153,What is the acceleration of the blue car at time 1s in m/s^2?,S2SC,SD,,none,neither arm answered
350,simulation_0153,What is the speed of the blue car at time 1.5s in m/s?,S2SC,SD,,none,neither arm answered
351,simulation_0153,What is the acceleration of the blue car at time 1.5s in m/s^2?,S2SC,SD,,none,neither arm answered
352,simulation_0154,What is the length of the shark in meters?,V2SC,DS,,none,neither arm answered
353,simulation_0154,What is the displacement of the shark in meters?,V2SC,DS,2.8260571027171326,fuse-fused,
354,simulation_0155,What is the length of the shark in meters?,V2SS,DS,,none,neither arm answered
355,simulation_0155,What is the displacement of the shark in meters?,V2SS,DS,70.0,fuse-primary-only,
356,simulation_0156,What is the length of the shark in meters?,V2MS,DS,3.949913540832458,fuse-fused,
357,simulation_0156,What is the displacement of the shark in meters?,V2MS,DS,21.0,fuse-primary-only,
358,simulation_0156,What is the speed of the turtle at 1s in m/s?,V2MS,DD,0.5,fuse-primary-only,
359,simulation_0156,What is the length of the turtle in meters?,V2MS,DS,3.5046186919899935,fuse-fused,
360,simulation_0157,What is the length of the turtle in meters?,A2SS,DS,,none,neither arm answered
361,simulation_0157,What is the speed of the turtle at time 1s in m/s?,A2SS,DD,1.364402632534076,fuse-fused,
362,simulation_0157,What is the speed of the turtle at time 1.5s in m/s?,A2SS,DD,1.5408839317816254,fuse-fused,
363,simulation_0158,What is the length of the turtle in meters?,A2MS,DS,,none,neither arm answered
364,simulation_0158,What is the speed of the turtle at time 1s in m/s?,A2MS,DD,1.165470421865908,fuse-fused,
365,simulation_0158,What is the speed of the turtle at time 1.5s in m/s?,A2MS,DD,1.316220449299872,fuse-fused,
366,simulation_0158,How long is the shark in meters?,A2MS,DS,,none,neither arm answered
367,simulation_0158,What is the length of the shark in meters?,A2MS,DS,,none,neither arm answered
368,simulation_0158,What is the acceleration of the shark at 1s in m/s^2?,A2MS,DD,,none,neither arm answered
369,simulation_0158,What is the speed of the shark at time 1s in m/s?,A2MS,DD,,none,neither arm answered
370,simulation_0158,What is the speed of the shark at time 1.5s in m/s?,A2MS,DD,,none,neither arm answered
371,simulation_0160,What is the length of the billiard table in meters?,S2MC,SS,1.8226002596063067,fuse-fused,
372,simulation_0160,What is the width of the billiard table in meters?,S2MC,SS,1.8226002596063067,fuse-fused,
373,simulation_0160,What is the diameter of the pockets on the billiard table in meters?,S2MC,SS,0.0757,fuse-primary-only,
374,simulation_0160,What is the speed of the ball at time 0.5s in m/s?,S2MC,SD,,none,neither arm answered
375,simulation_0160,What is the speed of the ball at time 1s in m/s?,S2MC,SD,,none,neither arm answered
376,simulation_0162,What is the speed of the ball at time 1s in m/s?,S2SC,SD,0.9692846979592696,fuse-fused,
377,simulation_0162,What is the acceleration of the ball at time 1s in m/s^2?,S2SC,SD,,none,neither arm answered
378,simulation_0162,What is the speed of the ball at time 2s in m/s?,S2SC,SD,0.9692846979592696,fuse-fused,
379,simulation_0162,What is the acceleration of the ball at time 2s in m/s^2?,S2SC,SD,,none,neither arm answered
380,simulation_0163,What is the speed of the ball at time 0.5s in m/s?,S2MC,SD,,none,neither arm answered
381,simulation_0163,What is the acceleration of the ball at time 0.5s in m/s^2?,S2MC,SD,,none,neither arm answered
382,simulation_0163,What is the speed of the ball at time 1s in m/s?,S2MC,SD,3.1621675805832528,fuse-fused,
383,simulation_0163,What is the acceleration of the ball at time 1s in m/s^2?,S2MC,SD,9.8,fuse-primary-only,
384,simulation_0163,What is the height of the bowling pin in meters?,S2MC,SS,0.25454189816306677,fuse-fused,
385,simulation_0165,What is the diameter of the bike's wheel in meters?,V2MC,DS,0.492422168068023,fuse-fused,
386,simulation_0165,What is the width of the road that the bike is crossing through in meters?,V2MC,DS,16.183784458858714,fuse-fused,
387,simulation_0165,What is the length of the bike in meters?,V2MC,DS,1.8062559908625566,fuse-fused,
388,simulation_0166,What is the diameter of the bike's wheel in meters?,V2MC,DS,0.7434501301317831,fuse-fused,
389,simulation_0166,What is the width of the road that the bike is crossing through in meters?,V2MC,DS,14.828823530147213,fuse-fused,
390,simulation_0166,What is the length of the bike in meters?,V2MC,DS,1.7080487711887231,fuse-fused,
391,simulation_0166,What is the length of the police car in meters?,V2MC,DS,4.7244545105293,fuse-fused,
392,simulation_0166,What is the diameter of the police car's tire in meters?,V2MC,DS,0.6775775349575022,fuse-fused,
393,simulation_0166,What is the speed of the police car at 1s in m/s?,V2MC,DD,,none,neither arm answered
394,simulation_0167,What is the width of the road that the bike crossed through in meters?,V2MC,DS,10.0,fuse-primary-only,
395,simulation_0167,What is the length of the bike in meters?,V2MC,DS,,none,neither arm answered
396,simulation_0167,What is the length of the police car in meters?,V2MC,DS,,none,neither arm answered
397,simulation_0167,What is the width of the police car in meters?,V2MC,DS,1.5,fuse-primary-only,
398,simulation_0167,What is the speed of the police car at 1s in m/s?,V2MC,DD,5.54128546597708,fuse-fused,
399,simulation_0167,What is the width of the road that the bike and the car are on in meters?,V2MC,DS,3.5,fuse-primary-only,
400,simulation_0169,What is the speed of the astronaut at time 0.5s in m/s?,S2SS,SD,,none,neither arm answered
401,simulation_0169,What is the acceleration of the astronaut at time 0.5s in m/s^2?,S2SS,SD,1.62,fuse-primary-only,
402,simulation_0169,What is the speed of the astronaut at time 1s in m/s?,S2SS,SD,,none,neither arm answered
403,simulation_0169,What is the acceleration of the astronaut at time 1s in m/s^2?,S2SS,SD,9.8,fuse-primary-only,
404,simulation_0169,What is the speed of the astronaut at time 2s in m/s?,S2SS,SD,,none,neither arm answered
405,simulation_0169,What is the acceleration of the astronaut at time 2s in m/s^2?,S2SS,SD,9.8,fuse-primary-only,
406,simulation_0169,What is the speed of the astronaut at time 3s in m/s?,S2SS,SD,,none,neither arm answered
407,simulation_0169,What is the acceleration of the astronaut at time 3s in m/s^2?,S2SS,SD,3.0,fuse-primary-only,
408,simulation_0171,What is the speed of the astronaut at time 0.5s in m/s?,S2SS,SD,1.421835357591604,fuse-fused,
409,simulation_0171,What is the acceleration of the astronaut at time 0.5s in m/s^2?,S2SS,SD,,none,neither arm answered
410,simulation_0171,What is the speed of the astronaut at time 1s in m/s?,S2SS,SD,0.4,fuse-primary-only,
411,simulation_0171,What is the acceleration of the astronaut at time 1s in m/s^2?,S2SS,SD,,none,neither arm answered
412,simulation_0171,What is the speed of the astronaut at time 2s in m/s?,S2SS,SD,1.421835357591604,fuse-fused,
413,simulation_0171,What is the acceleration of the astronaut at time 2s in m/s^2?,S2SS,SD,,none,neither arm answered
414,simulation_0171,What is the speed of the astronaut at time 3s in m/s?,S2SS,SD,1.421835357591604,fuse-fused,
415,simulation_0171,What is the acceleration of the astronaut at time 3s in m/s^2?,S2SS,SD,,none,neither arm answered
416,simulation_0173,What is the length of the airplane in meters?,V2MC,DS,44.60111444158884,fuse-fused,
417,simulation_0173,What is the height of the stone cliff on the beach in meters?,V2MC,DS,29.34522362457151,fuse-fused,
418,simulation_0173,What is the diameter of the rear wheels on an aircraft landing gear in meters?,V2MC,DS,0.3,fuse-primary-only,
419,simulation_0175,What is the length of the airplane in meters?,V2MC,DS,41.55730107708208,fuse-fused,
420,simulation_0175,What is the height of the stone cliff on the beach in meters?,V2MC,DS,3.0,fuse-primary-only,
421,simulation_0175,What is the diameter of the rear wheels on an aircraft landing gear in meters?,V2MC,DS,0.3,fuse-primary-only,
422,simulation_0177,What is the height of the elephant in meters?,V2SC,DS,,none,neither arm answered
423,simulation_0177,What is the displacement of the elephant in meters?,V2SC,DS,0.57,fuse-primary-only,
424,simulation_0178,What is the speed of the small elephant at 1s in m/s?,V2MC,DD,2.398317759975506,fuse-fused,
425,simulation_0178,What is the height of the big elephant in meters?,V2MC,DS,,none,neither arm answered
426,simulation_0178,What is the height of the small elephant in meters?,V2MC,DD,1.9424117875068823,fuse-fused,
427,simulation_0178,What is the displacement of the big elephant in meters?,V2MC,DS,,none,neither arm answered
428,simulation_0178,What is the displacement of the small elephant in meters?,V2MC,DS,3.5084464834508853,fuse-fused,
429,simulation_0179,What is the length of the trolley in meters?,A2MC,DS,0.6140625880423004,fuse-fused,
430,simulation_0179,What is the height of the trolley in meters?,A2MC,DS,0.5813775599695211,fuse-fused,
431,simulation_0179,What is the height of the entrance gate (including the frame) in meters?,A2MC,DS,,none,neither arm answered
432,simulation_0179,What is the length of the side of the orange tiles on the floor in meters?,A2MC,DS,3.560939612998195,fuse-fused,
433,simulation_0179,What is the speed of the trolley at time 1s in m/s?,A2MC,DD,1.4209622677947162,fuse-fused,
434,simulation_0179,What is the speed of the trolley at time 2s in m/s?,A2MC,DD,1.7494097575693877,fuse-fused,
435,simulation_0181,What is the acceleration of the box from 0s to 0.3s in m/s^2?,A2MC,DD,2.3658414321758965,fuse-fused,
436,simulation_0181,What is the speed of the box at time 1s in m/s?,A2MC,DD,,none,neither arm answered
437,simulation_0181,What is the speed of the box at time 1.5s in m/s?,A2MC,DD,2.537208410152322,fuse-fused,
438,simulation_0181,What is the width of the box in meters?,A2MC,DS,,none,neither arm answered
439,simulation_0181,What is the height of the box in meters?,A2MC,DS,0.6952376357458201,fuse-fused,
440,simulation_0183,What is the acceleration of the box from 0s to 0.3s in m/s^2?,A2MC,DD,1.6150153836057204,fuse-fused,
441,simulation_0183,What is the speed of the box at time 1s in m/s?,A2MC,DD,1.822787633424518,fuse-fused,
442,simulation_0183,What is the speed of the box at time 1.5s in m/s?,A2MC,DD,2.0585596277966336,fuse-fused,
443,simulation_0183,What is the length of the box in meters?,A2MC,DS,1.0450955686231238,fuse-fused,
444,simulation_0183,What is the height of the box in meters?,A2MC,DS,,none,neither arm answered
445,simulation_0185,What is the acceleration of the box from 0s to 0.3s in m/s^2?,A2MC,DD,2.9438529936763476,fuse-fused,
446,simulation_0185,What is the speed of the box at time 1s in m/s?,A2MC,DD,2.66484572345598,fuse-fused,
447,simulation_0185,What is the speed of the box at time 1.5s in m/s?,A2MC,DD,3.0095353512503182,fuse-fused,
448,simulation_0185,What is the length of the box in meters?,A2MC,DS,,none,neither arm answered
449,simulation_0185,What is the height of the box in meters?,A2MC,DS,,none,neither arm answered
450,simulation_0187,What is the length of the truck in meters?,A2SS,DS,,none,neither arm answered
451,simulation_0187,What is the height of the truck in meters?,A2SS,DS,,none,neither arm answered
452,simulation_0187,What is the diameter of the truck's tire in meters?,A2SS,DS,,none,neither arm answered
453,simulation_0187,What is the speed of the truck at time 1s in m/s?,A2SS,DD,9.478494193282934,fuse-fused,
454,simulation_0187,What is the speed of the truck at time 1.5s in m/s?,A2SS,DD,10.70450836992968,fuse-fused,
455,simulation_0189,What is the length of the box in meters?,V2MS,DS,,none,neither arm answered
456,simulation_0189,What is the height of the box in meters?,V2MS,DS,,none,neither arm answered
457,simulation_0189,What is the length of the truck in meters?,V2MS,DS,,none,neither arm answered
458,simulation_0189,What is the height of the truck(at time 0s) in meters?,V2MS,DS,,none,neither arm answered
459,simulation_0189,What is the diameter of the truck's tire in meters?,V2MS,DS,0.5,fuse-primary-only,
460,simulation_0190,What is the height of the truck(at time 0s) in meters?,S2MS,DS,3.3818795356647686,fuse-fused,
461,simulation_0190,What is the width of the truck in meters?,S2MS,DS,2.1799700480243103,fuse-fused,
462,simulation_0190,What is the height of the box in meters?,S2MS,DS,0.9848788907191287,fuse-fused,
463,simulation_0190,What is the speed of the box at time 1s in m/s?,S2MS,DD,,none,neither arm answered
464,simulation_0190,What is the speed of the box at time 2s in m/s?,S2MS,DD,,none,neither arm answered
465,simulation_0191,What is the width of the box in meters?,A2MS,DS,,none,neither arm answered
466,simulation_0191,What is the height of the box in meters?,A2MS,DS,0.5,fuse-primary-only,
467,simulation_0191,What is the length of the truck in meters?,A2MS,DS,9.8,fuse-primary-only,
468,simulation_0191,What is the height of the truck in meters?,A2MS,DS,1.764,fuse-primary-only,
469,simulation_0191,What is the diameter of the truck's tire in meters?,A2MS,DS,0.6,fuse-primary-only,
470,simulation_0191,What is the speed of the box at time 0.2s in m/s?,A2MS,DD,1.96,fuse-primary-only,
471,simulation_0191,What is the speed of the box at time 0.4s in m/s?,A2MS,DD,3.92,fuse-primary-only,
472,simulation_0192,What is the height of the box in meters?,A2MS,DS,1.764,fuse-primary-only,
473,simulation_0192,What is the width of the truck in meters?,A2MS,DS,2.5,fuse-primary-only,
474,simulation_0192,What is the width of the box in meters?,A2MS,DS,0.8,fuse-primary-only,
475,simulation_0192,What is the speed of the box at time 0.2s in m/s?,A2MS,DD,1.96,fuse-primary-only,
476,simulation_0192,What is the speed of the box at time 0.4s in m/s?,A2MS,DD,3.92,fuse-primary-only,
477,simulation_0193,What is the diameter of the model of Callisto(the outermost planet) in meters?,V2MC,DS,,none,neither arm answered
478,simulation_0193,What is the diameter of the model of Jupiter (the one at the center) in meters?,V2MC,DS,,none,neither arm answered
479,simulation_0193,What is the speed of the model of Io at 1s in m/s?,V2MC,DD,,none,neither arm answered
480,simulation_0193,What is the speed of the model of Europa at 1s in m/s?,V2MC,DD,0.941,fuse-primary-only,
481,simulation_0193,What is the speed of the model of Ganymede at 1s in m/s?,V2MC,DD,1.881,fuse-primary-only,
482,simulation_0193,What is the diameter of the model of Io in meters?,V2MC,DS,3642.0,fuse-primary-only,
483,simulation_0193,What is the diameter of the model of Europa in meters?,V2MC,DS,3000.0,fuse-primary-only,
484,simulation_0193,What is the diameter of the model of Ganymede in meters?,V2MC,DS,,none,neither arm answered
485,simulation_0193,What is the orbital diameter of the Io model in meters?,V2MC,DS,,none,neither arm answered
486,simulation_0193,What is the orbital diameter of the Europa model in meters?,V2MC,DS,1.5675,fuse-primary-only,
487,simulation_0193,What is the orbital diameter of the Ganymede model in meters?,V2MC,DS,2.5,fuse-primary-only,
488,simulation_0193,What is the orbital diameter of the Callisto model in meters?,V2MC,DS,,none,neither arm answered
489,simulation_0194,What is the orbital diameter of the Callisto model in meters?,V2MS,DS,,none,neither arm answered
490,simulation_0194,What is the diameter of the model of Callisto in meters?,V2MS,DS,4821000.0,fuse-primary-only,
491,simulation_0194,What is the diameter of the model of Jupiter (the one at the center) in meters?,V2MS,DS,6.897,fuse-primary-only,
492,simulation_0196,What is the diameter of the plunge tube in meters?,V2MS,DS,0.002,fuse-primary-only,
493,simulation_0196,What is the horizontal length of the droplet in meters?,V2MS,DS,0.0015,fuse-primary-only,
494,simulation_0196,What is the horizontal length of the “skynova” text on the bottle in meters?,V2MS,DS,0.00144,fuse-primary-only,
495,simulation_0196,What is the vertical height of the “skynova” lettering on the bottle in meters?,V2MS,DS,0.00144,fuse-primary-only,
496,simulation_0197,What is the diameter of the plunge tube in meters?,S2MS,SS,0.0032319773428008693,fuse-fused,
497,simulation_0197,What is the width of the droplet in meters?,S2MS,SS,0.0014883951805248537,fuse-fused,
498,simulation_0197,What is the vertical height of the “skynova” lettering on the bottle in meters?,S2MS,SS,0.0012615608563560504,fuse-fused,
499,simulation_0197,What is the diameter of the bottle's neck in meters?,S2MS,SS,0.0024755602441228664,fuse-fused,
500,simulation_0197,What is the diameter of the bottle's body in meters?,S2MS,SS,0.0035002971307393597,fuse-fused,
501,simulation_0197,What is the speed of the bubble at time 0.5s in m/s?,S2MS,SD,,none,neither arm answered
502,simulation_0197,What is the speed of the bubble at time 0.8s in m/s?,S2MS,SD,,none,neither arm answered
503,simulation_0197,What is the speed of the bubble at time 1s in m/s?,S2MS,SD,,none,neither arm answered
504,simulation_0198,What is the height of the droplet in meters?,A2MC,DS,9.7,fuse-primary-only,
505,simulation_0198,What is the horizontal length of the droplet in meters?,A2MC,DS,,none,neither arm answered
506,simulation_0198,What is the diameter of the bottle's neck in meters?,A2MC,DS,0.032910441324274196,fuse-fused,
507,simulation_0198,What is the diameter of the bottle's body in meters?,A2MC,DS,10.0,fuse-primary-only,
508,simulation_0198,What is the horizontal length of the “skynova” text on the bottle in meters?,A2MC,DS,3.0,fuse-primary-only,
509,simulation_0198,What is the vertical height of the “skynova” lettering on the bottle in meters?,A2MC,DS,0.06637159858344131,fuse-fused,
510,simulation_0198,What is the speed of the droplet at time 0.2s in m/s?,A2MC,DD,1.94,fuse-primary-only,
511,simulation_0198,What is the speed of the droplet at time 0.05s in m/s?,A2MC,DD,0.485,fuse-primary-only,
512,simulation_0198,What is the speed of the droplet at time 0.1s in m/s?,A2MC,DD,0.97,fuse-primary-only,
513,simulation_0199,What is the height of the droplet in meters?,A2MS,DS,,none,neither arm answered
514,simulation_0199,What is the horizontal length of the droplet in meters?,A2MS,DS,,none,neither arm answered
515,simulation_0199,What is the diameter of the bottle's neck in meters?,A2MS,DS,0.020727522289578512,fuse-fused,
516,simulation_0199,What is the diameter of the bottle's body in meters?,A2MS,DS,0.025502473776205934,fuse-fused,
517,simulation_0199,What is the horizontal width of the “skynova” text on the bottle in meters?,A2MS,DS,9.7,fuse-primary-only,
518,simulation_0199,What is the vertical height of the “skynova” lettering on the bottle in meters?,A2MS,DS,,none,neither arm answered
519,simulation_0199,What is the speed of the droplet at time 0.2s in m/s?,A2MS,DD,1.94,fuse-primary-only,
520,simulation_0199,What is the speed of the droplet at time 0.05s in m/s?,A2MS,DD,0.21253186922037573,fuse-fused,
521,simulation_0199,What is the speed of the droplet at time 0.1s in m/s?,A2MS,DD,0.97,fuse-primary-only,
522,simulation_0200,What is the height of the droplet in meters?,A2MS,DS,0.05,fuse-primary-only,
523,simulation_0200,What is the horizontal length of the droplet in meters?,A2MS,DS,,none,neither arm answered
524,simulation_0200,What is the diameter of the bottle's neck in meters?,A2MS,DS,0.005,fuse-primary-only,
525,simulation_0200,What is the diameter of the bottle's body in meters?,A2MS,DS,0.03007208522068095,fuse-fused,
526,simulation_0200,What is the vertical height of the “skynova” lettering on the bottle in meters?,A2MS,DS,,none,neither arm answered
527,simulation_0200,What is the speed of the droplet at time 0.2s in m/s?,A2MS,DD,1.94,fuse-primary-only,
528,simulation_0200,What is the speed of the droplet at time 0.05s in m/s?,A2MS,DD,0.2604545735159916,fuse-fused,
529,simulation_0200,What is the speed of the droplet at time 0.1s in m/s?,A2MS,DD,0.32065719311434576,fuse-fused,
530,simulation_0203,What is the length of the table in meters?,A2MC,DS,4.0,fuse-primary-only,
531,simulation_0203,What is the length of the typewriter in meters?,A2MC,DS,0.15,fuse-primary-only,
532,simulation_0203,What is the height of the typewriter in meters?,A2MC,DS,3.0343147011730647,fuse-fused,
533,simulation_0203,What is the width of the paper next to the magnifying glass in meters?,A2MC,DS,0.05,fuse-primary-only,
534,simulation_0203,What is the length of the letter placed under the gun in meters?,A2MC,DS,0.05,fuse-primary-only,
535,simulation_0203,What is the speed of the magnifying glass at time 0.125s in m/s?,A2MC,DD,1.225,fuse-primary-only,
536,simulation_0203,What is the speed of the magnifying glass at time 0.25s in m/s?,A2MC,DD,2.45,fuse-primary-only,
537,simulation_0203,What is the speed of the magnifying glass at time 0.333s in m/s?,A2MC,DD,3.2634,fuse-primary-only,
538,simulation_0204,What is the length of the table in meters?,A2MS,DS,0.75,fuse-primary-only,
539,simulation_0204,What is the length of the typewriter in meters?,A2MS,DS,0.3,fuse-primary-only,
540,simulation_0204,What is the height of the typewriter in meters?,A2MS,DS,0.5,fuse-primary-only,
541,simulation_0204,What is the length of the letter placed under the gun in meters?,A2MS,DS,,none,neither arm answered
542,simulation_0204,What is the speed of the magnifying glass at time 0.125s in m/s?,A2MS,DD,1.7603497496537752,fuse-fused,
543,simulation_0204,What is the speed of the magnifying glass at time 0.25s in m/s?,A2MS,DD,2.1672447598193667,fuse-fused,
544,simulation_0204,What is the speed of the magnifying glass at time 0.333s in m/s?,A2MS,DD,2.3618876157140747,fuse-fused,
545,simulation_0207,What is the length of the table in meters?,A2MC,DS,1.2,fuse-primary-only,
546,simulation_0207,What is the length of the typewriter in meters?,A2MC,DS,0.3,fuse-primary-only,
547,simulation_0207,What is the height of the typewriter in meters?,A2MC,DS,2.000164253075404,fuse-fused,
548,simulation_0207,What is the width of the paper next to the typewriter in meters?,A2MC,DS,0.1,fuse-primary-only,
549,simulation_0207,What is the length of the letter placed under the gun in meters?,A2MC,DS,,none,neither arm answered
550,simulation_0207,What is the speed of the typewriter at time 0.125s in m/s?,A2MC,DD,1.0291287566585938,fuse-fused,
551,simulation_0207,What is the speed of the typewriter at time 0.25s in m/s?,A2MC,DD,1.2670061193728281,fuse-fused,
552,simulation_0207,What is the speed of the typewriter at time 0.333s in m/s?,A2MC,DD,1.3807974613029166,fuse-fused,
553,simulation_0208,What is the length of the table in meters?,A2MS,DS,0.45,fuse-primary-only,
554,simulation_0208,What is the length of the typewriter in meters?,A2MS,DS,0.6755085111060156,fuse-fused,
555,simulation_0208,What is the height of the typewriter in meters?,A2MS,DS,0.6601070274592504,fuse-fused,
556,simulation_0208,What is the length of the letter placed under the gun in meters?,A2MS,DS,,none,neither arm answered
557,simulation_0208,What is the speed of the typewriter at time 0.125s in m/s?,A2MS,DD,1.0295993492551496,fuse-fused,
558,simulation_0208,What is the speed of the typewriter at time 0.25s in m/s?,A2MS,DD,1.2675854868190388,fuse-fused,
559,simulation_0208,What is the speed of the typewriter at time 0.333s in m/s?,A2MS,DD,1.3814288624356004,fuse-fused,
560,simulation_0210,What is the length of the black cat (including its tail) in meters?,V2MS,DS,0.610768644935108,fuse-fused,
561,simulation_0210,What is the height of the black cat (including its tail) in meters?,V2MS,DS,,none,neither arm answered
562,simulation_0210,What is the length of the wooden bench in meters?,V2MS,DS,1.067715993401444,fuse-fused,
563,simulation_0210,What is the height of the wooden bench in meters?,V2MS,DS,0.548549900703755,fuse-fused,
564,simulation_0210,What is the height of the lampshade of the table lamp in meters?,V2MS,DS,0.28570208538325453,fuse-fused,
565,simulation_0210,What is the diameter of the lampshade of the table lamp in meters?,V2MS,DS,0.4570929708435062,fuse-fused,
566,simulation_0210,What is the height of the table lamp in meters?,V2MS,DS,,none,neither arm answered
567,simulation_0210,What is the height of the vase in meters?,V2MS,DS,0.5375914751800237,fuse-fused,
568,simulation_0210,What is the height of the floor mirror in meters?,V2MS,DS,1.3211335628781191,fuse-fused,
569,simulation_0210,What is the width of the floor mirror in meters?,V2MS,DS,0.579395273766949,fuse-fused,
570,simulation_0213,What is the length of the black cat (including its tail) in meters?,V2MC,DS,0.5655409508234375,fuse-fused,
571,simulation_0213,What is the height of the black cat (including its tail) in meters?,V2MC,DS,0.3929515893275402,fuse-fused,
572,simulation_0213,What is the length of the wooden bench in meters?,V2MC,DS,,none,neither arm answered
573,simulation_0213,What is the height of the wooden bench in meters?,V2MC,DS,0.4173699071967846,fuse-fused,
574,simulation_0213,What is the height of the lampshade of the table lamp in meters?,V2MC,DS,0.3071304449855758,fuse-fused,
575,simulation_0213,What is the diameter of the lampshade of the table lamp in meters?,V2MC,DS,0.3181421395427824,fuse-fused,
576,simulation_0213,What is the height of the table lamp in meters?,V2MC,DS,0.5748069165593647,fuse-fused,
577,simulation_0213,What is the height of the vase in meters?,V2MC,DS,0.527699843178109,fuse-fused,
578,simulation_0213,What is the height of the floor mirror in meters?,V2MC,DS,0.9690334272760036,fuse-fused,
579,simulation_0213,What is the width of the floor mirror in meters?,V2MC,DS,0.530886680611468,fuse-fused,
580,simulation_0213,What is the speed of the dog at time 1s in m/s?,V2MC,DD,1.088023072463525,fuse-fused,
581,simulation_0213,What is the speed of the dog at time 1.5s in m/s?,V2MC,DD,1.088023072463525,fuse-fused,
582,simulation_0213,What is the length of the dog (including its tail) in meters?,V2MC,DS,0.7539947380239881,fuse-fused,
583,simulation_0213,What is the height of the dog (including its tail) in meters?,V2MC,DS,0.5426093802553876,fuse-fused,
584,simulation_0214,What is the length of the black cat (including its tail) in meters?,V2MC,DS,,none,neither arm answered
585,simulation_0214,What is the length of the wooden bench in meters?,V2MC,DS,2.394247130696504,fuse-fused,
586,simulation_0214,What is the width of the wooden bench in meters?,V2MC,DS,0.6,fuse-primary-only,
587,simulation_0214,What is the length of the TV stand in meters?,V2MC,DS,1.3402937223735691,fuse-fused,
588,simulation_0214,What is the width of the TV stand in meters?,V2MC,DS,1.5136566079746518,fuse-fused,
589,simulation_0214,What is the diameter of the lampshade of the table lamp in meters?,V2MC,DS,0.5525154306013319,fuse-fused,
590,simulation_0214,What is the width of the floor mirror in meters?,V2MC,DS,,none,neither arm answered
591,simulation_0214,What is the speed of the dog at time 1s in m/s?,V2MC,DD,,none,neither arm answered
592,simulation_0214,What is the speed of the dog at time 1.5s in m/s?,V2MC,DD,,none,neither arm answered
593,simulation_0214,What is the length of the dog (including its tail) in meters?,V2MC,DS,,none,neither arm answered
594,simulation_0214,What is the diameter of the white fur carpet in meters?,V2MC,DS,1.328328351035025,fuse-fused,
595,simulation_0214,What is the length of the white sofa in meters?,V2MC,DS,2.420272291112225,fuse-fused,
596,simulation_0214,What is the width of the white sofa in meters?,V2MC,DS,0.5,fuse-primary-only,
597,simulation_0215,What is the length of the black cat (including its tail) in meters?,V2MC,DS,0.6771271811361844,fuse-fused,
598,simulation_0215,What is the length of the wooden bench in meters?,V2MC,DS,2.386687502409728,fuse-fused,
599,simulation_0215,What is the width of the wooden bench in meters?,V2MC,DS,2.072810329382608,fuse-fused,
600,simulation_0215,What is the length of the TV stand in meters?,V2MC,DS,1.5114188588306665,fuse-fused,
601,simulation_0215,What is the width of the TV stand in meters?,V2MC,DS,1.5114188588306665,fuse-fused,
602,simulation_0215,What is the diameter of the lampshade of the table lamp in meters?,V2MC,DS,0.6779462186660501,fuse-fused,
603,simulation_0215,What is the diameter of the vase in meters?,V2MC,DS,0.15,fuse-primary-only,
604,simulation_0215,What is the width of the floor mirror in meters?,V2MC,DS,,none,neither arm answered
605,simulation_0215,What is the diameter of the white fur carpet in meters?,V2MC,DS,1.3264164663408111,fuse-fused,
606,simulation_0215,What is the length of the white sofa in meters?,V2MC,DS,2.671124454446019,fuse-fused,
607,simulation_0215,What is the width of the white sofa in meters?,V2MC,DS,2.8609450275686212,fuse-fused,
608,simulation_0216,What is the length of the black cat (including its tail) in meters?,V2MC,DS,0.6119097729011859,fuse-fused,
609,simulation_0216,What is the height of the black cat (including its tail) in meters?,V2MC,DS,,none,neither arm answered
610,simulation_0216,What is the length of the wooden bench in meters?,V2MC,DS,1.0367506256769576,fuse-fused,
611,simulation_0216,What is the height of the wooden bench in meters?,V2MC,DS,0.5015885296106272,fuse-fused,
612,simulation_0216,What is the height of the lampshade of the table lamp in meters?,V2MC,DS,0.3012000500093284,fuse-fused,
613,simulation_0216,What is the diameter of the lampshade of the table lamp in meters?,V2MC,DS,0.35051331807673,fuse-fused,
614,simulation_0216,What is the height of the table lamp in meters?,V2MC,DS,0.565275486944938,fuse-fused,
615,simulation_0216,What is the height of the vase in meters?,V2MC,DS,0.35179639774711036,fuse-fused,
616,simulation_0216,What is the height of the floor mirror in meters?,V2MC,DS,1.4262732420418986,fuse-fused,
617,simulation_0216,What is the length of the floor mirror in meters?,V2MC,DS,1.662483560538941,fuse-fused,
618,simulation_0216,What is the length of the TV in meters?,V2MC,DS,,none,neither arm answered
619,simulation_0216,What is the height of the TV in meters?,V2MC,DS,0.6170282546212678,fuse-fused,
620,simulation_0216,What is the length of the TV stand in meters?,V2MC,DS,,none,neither arm answered
621,simulation_0216,What is the height of the TV stand in meters?,V2MC,DS,0.48245839246851935,fuse-fused,
622,simulation_0217,What is the length of the black cat (including its tail) in meters?,V2MC,DS,,none,neither arm answered
623,simulation_0217,What is the length of the TV in meters?,V2MC,DS,,none,neither arm answered
624,simulation_0217,What is the length of the wooden bench in meters?,V2MC,DS,2.5593579878494803,fuse-fused,
625,simulation_0217,What is the width of the wooden bench in meters?,V2MC,DS,0.5,fuse-primary-only,
626,simulation_0217,What is the width of the TV stand in meters?,V2MC,DS,0.5,fuse-primary-only,
627,simulation_0217,What is the diameter of the lampshade of the table lamp in meters?,V2MC,DS,0.5555091271198656,fuse-fused,
628,simulation_0217,What is the diameter of the vase in meters?,V2MC,DS,0.25,fuse-primary-only,
629,simulation_0217,What is the width of the floor mirror in meters?,V2MC,DS,0.75,fuse-primary-only,
630,simulation_0217,What is the speed of the dog at time 1s in m/s?,V2MC,DD,,none,neither arm answered
631,simulation_0217,What is the speed of the dog at time 1.5s in m/s?,V2MC,DD,,none,neither arm answered
632,simulation_0217,What is the length of the dog (including its tail) in meters?,V2MC,DS,,none,neither arm answered
633,simulation_0217,What is the diameter of the white fur carpet in meters?,V2MC,DS,1.5598097053446587,fuse-fused,
634,simulation_0217,What is the length of the white sofa in meters?,V2MC,DS,2.6924636483616897,fuse-fused,
635,simulation_0217,What is the width of the white sofa in meters?,V2MC,DS,2.4339487972907072,fuse-fused,
636,simulation_0218,What is the length of the big robot in meters?,V2MC,DS,3.126650836047453,fuse-fused,
637,simulation_0218,What is the height of the big robot in meters?,V2MC,DS,2.2678448783313754,fuse-fused,
638,simulation_0218,What is the length in meters of the long side of a marked parking space on the ground?,V2MC,DS,9.042134238025314,fuse-fused,
639,simulation_0218,What is the outer diameter of the robot's tires in meters?,V2MC,DS,5.924,fuse-primary-only,
640,simulation_0219,What is the length of the big robot in meters?,V2MC,DS,2.425522751571697,fuse-fused,
641,simulation_0219,What is the height of the big robot in meters?,V2MC,DS,,none,neither arm answered
642,simulation_0219,What is the length in meters of the long side of a marked parking space on the ground?,V2MC,DS,7.387094116427822,fuse-fused,
643,simulation_0219,What is the outer diameter of the robot's tires in meters?,V2MC,DS,0.31480262209846704,fuse-fused,
644,simulation_0219,What is the speed of the small robot at 1s in m/s?,V2MC,DD,1.617685871209862,fuse-fused,
645,simulation_0219,What is the height of the small robot in meters?,V2MC,DS,1.0777674862259985,fuse-fused,
646,simulation_0220,What is the length in meters of the long side of a marked parking space on the ground?,V2MC,DS,6.193014987721734,fuse-fused,
647,simulation_0220,What is the height of the small robot in meters?,V2MC,DS,,none,neither arm answered
648,simulation_0221,What is the length of the wooden bench in meters?,S2MC,SS,0.657,fuse-primary-only,
649,simulation_0221,What is the width of the wooden bench in meters?,S2MC,SS,0.5,fuse-primary-only,
650,simulation_0221,What is the length of the TV stand in meters?,S2MC,SS,0.57,fuse-primary-only,
651,simulation_0221,What is the width of the TV stand in meters?,S2MC,SS,0.57,fuse-primary-only,
652,simulation_0221,What is the diameter of the lampshade of the table lamp in meters?,S2MC,SS,0.438,fuse-primary-only,
653,simulation_0221,What is the diameter of the vase in meters?,S2MC,SS,0.438,fuse-primary-only,
654,simulation_0221,What is the width of the floor mirror in meters?,S2MC,SS,0.438,fuse-primary-only,
655,simulation_0221,What is the diameter of the white fur carpet in meters?,S2MC,SS,0.876,fuse-primary-only,
656,simulation_0221,What is the length of the white sofa in meters?,S2MC,SS,1.095,fuse-primary-only,
657,simulation_0221,What is the width of the white sofa in meters?,S2MC,SS,1.095,fuse-primary-only,
658,simulation_0221,What is the speed of the vacuum cleaner at time 0.5s in m/s?,S2MC,SD,,none,neither arm answered
659,simulation_0221,What is the acceleration of the vacuum cleaner at time 0.5s in m/s^2?,S2MC,SD,,none,neither arm answered
660,simulation_0221,What is the speed of the vacuum cleaner at time 1s in m/s?,S2MC,SD,,none,neither arm answered
661,simulation_0221,What is the acceleration of the vacuum cleaner at time 1s in m/s^2?,S2MC,SD,,none,neither arm answered
662,simulation_0221,What is the speed of the vacuum cleaner at time 2s in m/s?,S2MC,SD,,none,neither arm answered
663,simulation_0221,What is the acceleration of the vacuum cleaner at time 2s in m/s^2?,S2MC,SD,,none,neither arm answered
664,simulation_0222,What is the length of the wooden bench in meters?,S2MS,SS,1.095,fuse-primary-only,
665,simulation_0222,What is the width of the wooden bench in meters?,S2MS,SS,0.657,fuse-primary-only,
666,simulation_0222,What is the length of the TV stand in meters?,S2MS,SS,1.095,fuse-primary-only,
667,simulation_0222,What is the width of the TV stand in meters?,S2MS,SS,0.57,fuse-primary-only,
668,simulation_0222,What is the diameter of the lampshade of the table lamp in meters?,S2MS,SS,0.438,fuse-primary-only,
669,simulation_0222,What is the diameter of the vase in meters?,S2MS,SS,0.438,fuse-primary-only,
670,simulation_0222,What is the width of the floor mirror in meters?,S2MS,SS,0.438,fuse-primary-only,
671,simulation_0222,What is the diameter of the white fur carpet in meters?,S2MS,SS,0.876,fuse-primary-only,
672,simulation_0222,What is the length of the white sofa in meters?,S2MS,SS,1.533,fuse-primary-only,
673,simulation_0222,What is the width of the white sofa in meters?,S2MS,SS,1.533,fuse-primary-only,
674,simulation_0222,What is the speed of the vacuum cleaner at time 0.5s in m/s?,S2MS,SD,0.5,fuse-primary-only,
675,simulation_0222,What is the acceleration of the vacuum cleaner at time 0.5s in m/s^2?,S2MS,SD,,none,neither arm answered
676,simulation_0222,What is the speed of the vacuum cleaner at time 1s in m/s?,S2MS,SD,0.438,fuse-primary-only,
677,simulation_0222,What is the acceleration of the vacuum cleaner at time 1s in m/s^2?,S2MS,SD,,none,neither arm answered
678,simulation_0222,What is the speed of the vacuum cleaner at time 2s in m/s?,S2MS,SD,0.625,fuse-primary-only,
679,simulation_0222,What is the acceleration of the vacuum cleaner at time 2s in m/s^2?,S2MS,SD,,none,neither arm answered
680,simulation_0223,What is the length(horizontal) of the chinese chess board in meters?,S2MC,SS,0.97,fuse-primary-only,
681,simulation_0223,What is the width(vertical) of the chinese chess board in meters?,S2MC,SS,0.97,fuse-primary-only,
682,simulation_0223,What is the speed of the moving red general chess at time 0.5s in m/s?,S2MC,SD,0.194,fuse-primary-only,
683,simulation_0223,What is the acceleration of the moving red general chess at time 0.5s in m/s^2?,S2MC,SD,,none,neither arm answered
684,simulation_0223,What is the speed of the moving red general chess at time 1s in m/s?,S2MC,SD,0.097,fuse-primary-only,
685,simulation_0223,What is the acceleration of the moving red general chess at time 1s in m/s^2?,S2MC,SD,,none,neither arm answered
686,simulation_0223,What is the speed of the moving red general chess at time 1.5s in m/s?,S2MC,SD,0.0647,fuse-primary-only,
687,simulation_0223,What is the acceleration of the moving red general chess at time 1.5s in m/s^2?,S2MC,SD,,none,neither arm answered
688,simulation_0224,What is the length of the chinese chess board in meters?,S2MC,SS,0.15787151245717704,fuse-fused,
689,simulation_0224,What is the speed of the moving chess at time 0.5s in m/s?,S2MC,SD,,none,neither arm answered
690,simulation_0224,What is the acceleration of the moving chess at time 0.5s in m/s^2?,S2MC,SD,,none,neither arm answered
691,simulation_0224,What is the speed of the moving chess at time 1s in m/s?,S2MC,SD,,none,neither arm answered
692,simulation_0224,What is the acceleration of the moving chess at time 1s in m/s^2?,S2MC,SD,,none,neither arm answered
693,simulation_0224,What is the speed of the moving chess at time 1.5s in m/s?,S2MC,SD,,none,neither arm answered
694,simulation_0224,What is the acceleration of the moving chess at time 1.5s in m/s^2?,S2MC,SD,,none,neither arm answered
695,simulation_0225,What is the length of the black cat (including its tail) in meters?,V2MC,DS,0.7578341491048504,fuse-fused,
696,simulation_0225,What is the height of the black cat (including its tail) in meters?,V2MC,DS,0.5689997704692934,fuse-fused,
697,simulation_0225,What is the width of the beach chair in meters?,V2MC,DS,1.4001292799150518,fuse-fused,
698,simulation_0225,What is the width of the pool tiles (horizontal side) in meters?,V2MC,DS,0.5,fuse-primary-only,
699,simulation_0226,What is the length of the black cat (including its tail) in meters?,V2MC,DS,0.7508617372903557,fuse-fused,
700,simulation_0226,What is the width of the beach chair in meters?,V2MC,DS,1.1623038250225977,fuse-fused,
701,simulation_0226,What is the width of the pool tiles (horizontal side) in meters?,V2MC,DS,0.5,fuse-primary-only,
702,simulation_0227,What is the length of the black cat (including its tail) in meters?,V2MC,DS,0.7376255485890328,fuse-fused,
703,simulation_0227,What is the height of the black cat (including its tail) in meters?,V2MC,DS,0.6630895289022241,fuse-fused,
704,simulation_0227,What is the width of the beach chair in meters?,V2MC,DS,1.337630103049246,fuse-fused,
705,simulation_0227,What is the width of the pool tiles (horizontal side) in meters?,V2MC,DS,0.9,fuse-primary-only,
706,simulation_0227,What is the length of the swimming ring in meters?,V2MC,DS,1.344598698673452,fuse-fused,
707,simulation_0227,What is the height of the swimming ring in meters?,V2MC,DS,0.2,fuse-primary-only,
708,simulation_0227,What is the speed of the swimming ring at time 0.5s in m/s?,V2MC,DD,,none,neither arm answered
709,simulation_0228,What is the length of the black cat (including its tail) in meters?,V2MC,DS,,none,neither arm answered
710,simulation_0228,What is the width of the beach chair in meters?,V2MC,DS,1.3523605614319976,fuse-fused,
711,simulation_0228,What is the width of the paving stones in meters?,V2MC,DS,0.75,fuse-primary-only,
712,simulation_0228,What is the length of the swimming ring in meters?,V2MC,DS,1.120797041123535,fuse-fused,
713,simulation_0228,What is the speed of the swimming ring at time 0.5s in m/s?,V2MC,DD,,none,neither arm answered
714,simulation_0229,What is the diameter of the clock in meters?,S2MC,SS,0.4378343232525719,fuse-fused,
715,simulation_0229,What is the height of the chalkboard in meters?,S2MC,SS,1.4958511066832463,fuse-fused,
716,simulation_0229,What is the width of the orange chair next to the blackboard in meters?,S2MC,SS,0.888456984062561,fuse-fused,
717,simulation_0229,What is the length of the teacher's table in meters?,S2MC,SS,1.0404953970018949,fuse-fused,
718,simulation_0229,What is the ceiling height of the room in meters?,S2MC,SS,,none,neither arm answered
719,simulation_0229,What is the speed of the paper airplane at time 1s in m/s?,S2MC,SD,,none,neither arm answered
720,simulation_0229,What is the acceleration of the paper airplane at time 1s in m/s^2?,S2MC,SD,,none,neither arm answered
721,simulation_0229,What is the speed of the paper airplane at time 1.25s in m/s?,S2MC,SD,5.185744284036754,fuse-fused,
722,simulation_0229,What is the acceleration of the paper airplane at time 1.25s in m/s^2?,S2MC,SD,,none,neither arm answered
723,simulation_0230,What is the diameter of the clock in meters?,S2MC,SS,0.40949269703964974,fuse-fused,
724,simulation_0230,What is the height of the chalkboard in meters?,S2MC,SS,1.4898524398717647,fuse-fused,
725,simulation_0230,What is the width of the orange chair next to the blackboard in meters?,S2MC,SS,1.2754090150890929,fuse-fused,
726,simulation_0230,What is the length of the teacher's table in meters?,S2MC,SS,1.0431051729040768,fuse-fused,
727,simulation_0230,What is the ceiling height of the room in meters?,S2MC,SS,,none,neither arm answered
728,simulation_0230,What is the speed of the paper airplane at time 1s in m/s?,S2MC,SD,,none,neither arm answered
729,simulation_0230,What is the acceleration of the paper airplane at time 1s in m/s^2?,S2MC,SD,,none,neither arm answered
730,simulation_0230,What is the speed of the paper airplane at time 1.25s in m/s?,S2MC,SD,5.367433846103222,fuse-fused,
731,simulation_0230,What is the acceleration of the paper airplane at time 1.25s in m/s^2?,S2MC,SD,,none,neither arm answered
732,simulation_0230,What is the length of the black cat (including its tail) in meters?,S2MC,SS,0.8155542447976291,fuse-fused,
733,simulation_0230,What is the height of the black cat (including its tail) in meters?,S2MC,SS,0.5150368979722038,fuse-fused,
734,simulation_0230,What is the average speed of the black cat from the beginning to the end in m/s?,S2MC,SD,10.0,fuse-primary-only,
735,simulation_0231,What is the height of the chalkboard in meters?,V2MC,DS,,none,neither arm answered
736,simulation_0231,What is the width of the orange chair next to the blackboard in meters?,V2MC,DS,0.7739377174991265,fuse-fused,
737,simulation_0231,What is the length of the teacher's table in meters?,V2MC,DS,2.4343137681172613,fuse-fused,
738,simulation_0231,What is the ceiling height of the room in meters?,V2MC,DS,,none,neither arm answered
739,simulation_0231,What is the speed of the paper airplane at time 1s in m/s?,V2MC,DD,2.746779448052543,fuse-fused,
740,simulation_0231,What is the acceleration of the paper airplane at time 1s in m/s^2?,V2MC,DD,,none,neither arm answered
741,simulation_0231,What is the speed of the paper airplane at time 1.25s in m/s?,V2MC,DD,,none,neither arm answered
742,simulation_0231,What is the acceleration of the paper airplane at time 1.25s in m/s^2?,V2MC,DD,,none,neither arm answered
743,simulation_0231,What is the length of the black cat (including its tail) in meters?,V2MC,DS,0.5579594528786164,fuse-fused,
744,simulation_0231,What is the height of the black cat (including its tail) in meters?,V2MC,DS,0.4199759267853292,fuse-fused,
745,simulation_0231,What is the length of the chalkboard in meters?,V2MC,DS,0.3,fuse-primary-only,
746,simulation_0231,What is the diameter of the clock in meters?,V2MC,DS,0.4093243824360544,fuse-fused,
747,simulation_0232,What is the width of the chair next to the blackboard in meters?,V2MS,DS,0.7617862224609203,fuse-fused,
748,simulation_0232,What is the length of the teacher's table in meters?,V2MS,DS,,none,neither arm answered
749,simulation_0232,What is the ceiling height of the room in meters?,V2MS,DS,,none,neither arm answered
750,simulation_0232,What is the speed of the paper airplane at time 1s in m/s?,V2MS,DD,0.707831587317804,fuse-fused,
751,simulation_0232,What is the acceleration of the paper airplane at time 1s in m/s^2?,V2MS,DD,,none,neither arm answered
752,simulation_0232,What is the speed of the paper airplane at time 1.25s in m/s?,V2MS,DD,,none,neither arm answered
753,simulation_0232,What is the acceleration of the paper airplane at time 1.25s in m/s^2?,V2MS,DD,,none,neither arm answered
754,simulation_0232,What is the length of the black cat (including its tail) in meters?,V2MS,DS,0.614984730648175,fuse-fused,
755,simulation_0232,What is the height of the black cat (including its tail) in meters?,V2MS,DS,0.4201843969940977,fuse-fused,
756,simulation_0232,What is the diameter of the clock in meters?,V2MS,DS,0.3500057171115384,fuse-fused,
757,simulation_0233,What is the length of the black cat (including its tail) in meters?,V2MC,DS,,none,neither arm answered
758,simulation_0233,What is the width of the chair in meters?,V2MC,DS,0.6635120657026876,fuse-fused,
759,simulation_0233,What is the length of the chair in meters?,V2MC,DS,0.7008146930955597,fuse-fused,
760,simulation_0234,What is the length of the white basketball backboard in meters?,S2MC,SS,1.1852236075784084,fuse-fused,
761,simulation_0234,What is the height of the white basketball backboard in meters?,S2MC,SS,0.8724279301259346,fuse-fused,
762,simulation_0234,What is the height of the green section on the wall in meters?,S2MC,SS,1.5240360332959126,fuse-fused,
763,simulation_0234,What is the speed of the basketball at time 0.5s in m/s?,S2MC,SD,,none,neither arm answered
764,simulation_0234,What is the acceleration of the basketball at time 0.5s in m/s^2?,S2MC,SD,9.484378010811549,fuse-fused,
765,simulation_0234,What is the speed of the basketball at time 1.5s in m/s?,S2MC,SD,,none,neither arm answered
766,simulation_0234,What is the acceleration of the basketball at time 1.5s in m/s^2?,S2MC,SD,9.487280355512642,fuse-fused,
767,simulation_0235,What is the height of the trophy next to the basketball in meters?,S2MS,SS,0.8481316454379598,fuse-fused,
768,simulation_0235,What is the length of each small pane of the window in meters?,S2MS,SS,0.5638234042617731,fuse-fused,
769,simulation_0235,What is the height of each small pane of the window in meters?,S2MS,SS,0.49402999398535946,fuse-fused,
770,simulation_0235,What is the height of the green section on the wall in meters?,S2MS,SS,1.1607855466743597,fuse-fused,
771,simulation_0235,What is the speed of the basketball at time 0.5s in m/s?,S2MS,SD,,none,neither arm answered
772,simulation_0235,What is the acceleration of the basketball at time 0.5s in m/s^2?,S2MS,SD,9.448475266876176,fuse-fused,
773,simulation_0235,What is the speed of the basketball at time 1.5s in m/s?,S2MS,SD,,none,neither arm answered
774,simulation_0235,What is the acceleration of the basketball at time 1.5s in m/s^2?,S2MS,SD,9.448475266876176,fuse-fused,
775,simulation_0236,What is the height of the brown horse in meters?,V2MC,DS,2.0858300905976788,fuse-fused,
776,simulation_0236,What is the length of the brown horse in meters?,V2MC,DS,1.9942010204513818,fuse-fused,
777,simulation_0236,What is the height of the house in meters?,V2MC,DS,9.878412820727423,fuse-fused,
778,simulation_0236,What is the width of the house in meters?,V2MC,DS,7.1080265182450315,fuse-fused,
779,simulation_0236,What is the height of each glass window in meters?,V2MC,DS,1.2831224978757232,fuse-fused,
780,simulation_0236,What is the width of each glass window in meters?,V2MC,DS,0.9786875327794469,fuse-fused,
781,simulation_0237,What is the length of the brown horse in meters?,V2MC,DS,2.5,fuse-primary-only,
782,simulation_0237,What is the width of the house in meters?,V2MC,DS,2.396550398578732,fuse-fused,
783,simulation_0237,What is the length of the house in meters?,V2MC,DS,,none,neither arm answered
784,simulation_0238,What is the height of the brown horse in meters?,V2MC,DS,0.8998670964457809,fuse-fused,
785,simulation_0238,What is the length of the brown horse in meters?,V2MC,DS,1.125825523577398,fuse-fused,
786,simulation_0238,What is the height of the house in meters?,V2MC,DS,3.7630570114720725,fuse-fused,
787,simulation_0238,What is the width of the house in meters?,V2MC,DS,4.2947721523911095,fuse-fused,
788,simulation_0238,What is the height of each glass window in meters?,V2MC,DS,0.579641638772189,fuse-fused,
789,simulation_0238,What is the width of each glass window in meters?,V2MC,DS,,none,neither arm answered
790,simulation_0238,What is the speed of the horse in the front in m/s?,V2MC,DD,0.9611969336128992,fuse-fused,
791,simulation_0238,What is the height of the horse in the front in meters?,V2MC,DS,0.9264266014838072,fuse-fused,
792,simulation_0238,What is the length of the horse in the front in meters?,V2MC,DS,1.3050747714580881,fuse-fused,
793,simulation_0239,What is the length of the horse at the back in meters?,V2MC,DS,0.9619055383301255,fuse-fused,
794,simulation_0239,What is the width of the house in meters?,V2MC,DS,4.41170367929135,fuse-fused,
795,simulation_0239,What is the length of the house in meters?,V2MC,DS,4.238466455951933,fuse-fused,
796,simulation_0239,What is the speed of the horse in the front at 1s in m/s?,V2MC,DD,,none,neither arm answered
797,simulation_0239,What is the length of the horse in the front in meters?,V2MC,DS,,none,neither arm answered
798,simulation_0240,What is the height of the horse at the back in meters?,V2MC,DS,0.5732199569419941,fuse-fused,
799,simulation_0240,What is the length of the horse at the back in meters?,V2MC,DS,1.0031595986944715,fuse-fused,
800,simulation_0240,What is the height of the house in meters?,V2MC,DS,2.7283614610997633,fuse-fused,
801,simulation_0240,What is the width of the house in meters?,V2MC,DS,2.5467391673879844,fuse-fused,
802,simulation_0240,What is the height of each glass window in meters?,V2MC,DS,0.4934243471980057,fuse-fused,
803,simulation_0240,What is the width of each glass window in meters?,V2MC,DS,0.3057136506012457,fuse-fused,
804,simulation_0240,What is the speed of the horse in the front at 1s in m/s?,V2MC,DD,0.874,fuse-fused,
805,simulation_0240,What is the height of the horse in the front in meters?,V2MC,DS,0.6740548689220137,fuse-fused,
806,simulation_0240,What is the length of the horse in the front in meters?,V2MC,DS,0.9497639020939999,fuse-fused,
807,simulation_0240,What is the speed of the rabbit at 1s in m/s?,V2MC,DD,,none,neither arm answered
808,simulation_0240,What is the length of the rabbit in meters?,V2MC,DS,,none,neither arm answered
809,simulation_0241,What is the length of the brown horse in meters?,V2MC,DS,3.0,fuse-primary-only,
810,simulation_0241,What is the width of the house in meters?,V2MC,DS,2.7353041193972967,fuse-fused,
811,simulation_0241,What is the length of the house in meters?,V2MC,DS,2.3466644524765297,fuse-fused,
812,simulation_0241,What is the speed of the white horse at 1s in m/s?,V2MC,DD,,none,neither arm answered
813,simulation_0241,What is the length of the white horse in meters?,V2MC,DS,2.5,fuse-primary-only,
814,simulation_0241,What is the length of the rabbit in meters?,V2MC,DS,,none,neither arm answered
815,simulation_0241,What is the speed of the rabbit at 1s in m/s?,V2MC,DD,,none,neither arm answered
816,simulation_0243,What is the height of the antelope in meters？,V2MC,DS,1.9695221021408043,fuse-fused,
817,simulation_0243,What is the length of the antelope in meters?,V2MC,DS,2.578410603037308,fuse-fused,
818,simulation_0243,What is the height of the tree on the left in meters?,V2MC,DS,5.63747757708964,fuse-fused,
819,simulation_0244,What is the height of the antelope in meters？,V2MC,DS,1.9574572660606377,fuse-fused,
820,simulation_0244,What is the length of the antelope in meters?,V2MC,DS,2.7053235838101677,fuse-fused,
821,simulation_0244,What is the height of the tree on the left in meters?,V2MC,DS,6.294403983735917,fuse-fused,
822,simulation_0244,What is the speed of the rabbit in m/s?,V2MC,DD,0.128,fuse-primary-only,
823,simulation_0244,What is the height of the rabbit in meters?,V2MC,DS,0.15,fuse-primary-only,
824,simulation_0244,What is the length of the rabbit in meters?,V2MC,DS,0.2,fuse-primary-only,
825,simulation_0245,What is the height of the antelope in meters？,V2MS,DS,1.908207588800894,fuse-fused,
826,simulation_0245,What is the length of the antelope in meters?,V2MS,DS,,none,neither arm answered
827,simulation_0245,What is the speed of the rabbit at 1s in m/s?,V2MS,DD,,none,neither arm answered
828,simulation_0245,What is the height of the rabbit in meters?,V2MS,DS,0.12,fuse-primary-only,
829,simulation_0245,What is the length of the rabbit in meters?,V2MS,DS,4.029248909201987,fuse-fused,
830,simulation_0246,What is the length of the antelope in meters?,V2MS,DS,2.795058445846849,fuse-fused,
831,simulation_0246,What is the speed of the rabbit at 1s in m/s?,V2MS,DD,1.2751674306537277,fuse-fused,
832,simulation_0246,What is the length of the rabbit in meters?,V2MS,DS,,none,neither arm answered
833,simulation_0248,What is the height of the horse at the back in meters?,V2MS,DS,,none,neither arm answered
834,simulation_0248,What is the length of the horse at the back in meters?,V2MS,DS,1.3993231043428225,fuse-fused,
835,simulation_0248,What is the speed of the horse in the front at 1s in m/s?,V2MS,DD,0.874,fuse-fused,
836,simulation_0248,What is the height of the horse in the front in meters?,V2MS,DS,,none,neither arm answered
837,simulation_0248,What is the length of horse in the front in meters?,V2MS,DS,1.9179910561948517,fuse-fused,
838,simulation_0248,What is the speed of the rabbit at 1s in m/s?,V2MS,DD,1.1490677868312134,fuse-fused,
839,simulation_0248,What is the length of the rabbit in meters?,V2MS,DS,0.3030595749297012,fuse-fused,
840,simulation_0248,What is the height of the rabbit in meters?,V2MS,DS,0.267881514599023,fuse-fused,
841,simulation_0249,What is the length of the horse at the back in meters?,V2MS,DS,0.5307693310560657,fuse-fused,
842,simulation_0249,What is the speed of the horse in the front at 1s in m/s?,V2MS,DD,0.874,fuse-fused,
843,simulation_0249,What is the length of horse in the front in meters?,V2MS,DS,0.6803954322957178,fuse-fused,
844,simulation_0249,What is the length of the rabbit in meters?,V2MS,DS,0.36804063514554125,fuse-fused,
845,simulation_0249,What is the speed of the rabbit at 1s in m/s?,V2MS,DD,,none,neither arm answered
846,simulation_0251,What is the speed of the soccer ball at time 0.5s in m/s?,S2SS,SD,,none,neither arm answered
847,simulation_0251,What is the speed of the soccer ball at time 2s in m/s?,S2SS,SD,0.86,fuse-primary-only,
848,simulation_0251,What is the speed of the soccer ball at time 1s in m/s?,S2SS,SD,0.344,fuse-primary-only,
849,simulation_0251,What is the speed of the soccer ball at time 1.5s in m/s?,S2SS,SD,0.573,fuse-primary-only,
850,simulation_0252,What is the speed of the soccer ball at time 0.5s in m/s?,S2SS,SD,,none,neither arm answered
851,simulation_0252,What is the speed of the soccer ball at time 1s in m/s?,S2SS,SD,0.516,fuse-primary-only,
852,simulation_0252,What is the speed of the soccer ball at time 1.5s in m/s?,S2SS,SD,0.344,fuse-primary-only,
853,simulation_0252,What is the speed of the soccer ball at time 2s in m/s?,S2SS,SD,0.688,fuse-primary-only,
854,simulation_0253,What is the speed of the box at time 0.5s in m/s?,S2SS,SD,0.3,fuse-primary-only,
855,simulation_0253,What is the speed of the box at time 1s in m/s?,S2SS,SD,0.611,fuse-primary-only,
856,simulation_0253,What is the speed of the box at time 1.5s in m/s?,S2SS,SD,2.808629154979756,fuse-fused,
857,simulation_0253,What is the speed of the box at time 1.75s in m/s?,S2SS,SD,0.86,fuse-primary-only,
858,simulation_0253,What is the acceleration of the box at time 0.5s in m/s^2?,S2SS,SD,0.611,fuse-primary-only,
859,simulation_0253,What is the acceleration of the box at time 1s in m/s^2?,S2SS,SD,0.611,fuse-primary-only,
860,simulation_0253,What is the acceleration of the box at time 1.5s in m/s^2?,S2SS,SD,0.611,fuse-primary-only,
861,simulation_0253,What is the acceleration of the box at time 1.75s in m/s^2?,S2SS,SD,0.611,fuse-primary-only,
862,simulation_0254,What is the speed of the tennis ball at time 0.5s in m/s?,S2SS,SD,1.0,fuse-primary-only,
863,simulation_0254,What is the speed of the tennis ball at time 1s in m/s?,S2SS,SD,0.595,fuse-primary-only,
864,simulation_0254,What is the speed of the tennis ball at time 1.5s in m/s?,S2SS,SD,0.4,fuse-primary-only,
865,simulation_0254,What is the speed of the tennis ball at time 1.75s in m/s?,S2SS,SD,0.34,fuse-primary-only,
866,simulation_0254,What is the acceleration of the tennis ball at time 0.5s in m/s^2?,S2SS,SD,,none,neither arm answered
867,simulation_0254,What is the acceleration of the tennis ball at time 1s in m/s^2?,S2SS,SD,18.0,fuse-primary-only,
868,simulation_0254,What is the acceleration of the tennis ball at time 1.5s in m/s^2?,S2SS,SD,,none,neither arm answered
869,simulation_0254,What is the acceleration of the tennis ball at time 1.75s in m/s^2?,S2SS,SD,,none,neither arm answered
870,simulation_0255,What is the speed of the tennis ball at time 0.5s in m/s?,S2SS,SD,12.0,fuse-primary-only,
871,simulation_0255,What is the speed of the tennis ball at time 1s in m/s?,S2SS,SD,1.0,fuse-primary-only,
872,simulation_0255,What is the speed of the tennis ball at time 1.5s in m/s?,S2SS,SD,12.0,fuse-primary-only,
873,simulation_0255,What is the acceleration of the tennis ball at time 0.5s in m/s^2?,S2SS,SD,,none,neither arm answered
874,simulation_0255,What is the acceleration of the tennis ball at time 1s in m/s^2?,S2SS,SD,,none,neither arm answered
875,simulation_0255,What is the acceleration of the tennis ball at time 1.5s in m/s^2?,S2SS,SD,,none,neither arm answered
876,simulation_0256,What is the speed of the tennis ball at time 0.5s in m/s?,S2SS,SD,,none,neither arm answered
877,simulation_0256,What is the speed of the tennis ball at time 1s in m/s?,S2SS,SD,4.321600630152688,fuse-fused,
878,simulation_0256,What is the speed of the tennis ball at time 1.5s in m/s?,S2SS,SD,0.17,fuse-primary-only,
879,simulation_0256,What is the acceleration of the tennis ball at time 0.5s in m/s^2?,S2SS,SD,,none,neither arm answered
880,simulation_0256,What is the acceleration of the tennis ball at time 1s in m/s^2?,S2SS,SD,,none,neither arm answered
881,simulation_0256,What is the acceleration of the tennis ball at time 1.5s in m/s^2?,S2SS,SD,,none,neither arm answered
882,simulation_0257,What is the height of the plant in meters?,A2MC,DS,1.225,fuse-primary-only,
883,simulation_0257,What is the diameter (width) of the plant in meters?,A2MC,DS,0.10714069906862816,fuse-fused,
884,simulation_0257,What is the width (longer side) of the table in meters?,A2MC,DS,,none,neither arm answered
885,simulation_0257,What is the width (longer side) of the AC in meters?,A2MC,DS,1.2192894447142235,fuse-fused,
886,simulation_0257,"What is the width of the phone placed to the right of the plant, in meters?",A2MC,DS,,none,neither arm answered
887,simulation_0257,What is the speed of the plant at time 0.2s in m/s?,A2MC,DD,0.920934534711746,fuse-fused,
888,simulation_0257,What is the speed of the plant at time 0.4s in m/s?,A2MC,DD,3.92,fuse-primary-only,
889,simulation_0258,What is the height of the plant in meters?,A2MC,DS,0.1,fuse-primary-only,
890,simulation_0258,What is the diameter (width) of the plant in meters?,A2MC,DS,0.05,fuse-primary-only,
891,simulation_0258,What is the width (longer side) of the table in meters?,A2MC,DS,0.72,fuse-primary-only,
892,simulation_0258,What is the width (longer side) of the AC in meters?,A2MC,DS,0.6,fuse-primary-only,
893,simulation_0258,"What is the width of the phone placed to the right of the plant, in meters?",A2MC,DS,0.07,fuse-primary-only,
894,simulation_0258,What is the speed of the pen at time 0.2s in m/s?,A2MC,DD,1.96,fuse-primary-only,
895,simulation_0258,What is the speed of the pen at time 0.4s in m/s?,A2MC,DD,3.92,fuse-primary-only,
896,simulation_0259,What is the height of the red cup in meters?,A2MC,DS,1.225,fuse-primary-only,
897,simulation_0259,What is the height of the plant in meters?,A2MC,DS,1.0,fuse-primary-only,
898,simulation_0259,What is the diameter（width) of the plant in meters?,A2MC,DS,0.08030427900620368,fuse-fused,
899,simulation_0259,What is the width(long side) of the table in meters?,A2MC,DS,,none,neither arm answered
900,simulation_0259,What is the width(long side) of the AC in meters?,A2MC,DS,0.9076486644938637,fuse-fused,
901,simulation_0259,"What is the width of the iPhone placed to the right of the plant, in meters?",A2MC,DS,0.12456881444283364,fuse-fused,
902,simulation_0259,What is the speed of the red cup at time 0.2s in m/s?,A2MC,DD,1.1507425304218213,fuse-fused,
903,simulation_0259,What is the speed of the red cup at time 0.4s in m/s?,A2MC,DD,1.4167302375272177,fuse-fused,
904,simulation_0259,What is the height of the mug in meters?,A2MC,DS,0.8,fuse-primary-only,
905,simulation_0259,What is the long side of the bag in meters?,A2MC,DS,0.4258423288642961,fuse-fused,
906,simulation_0260,What is the height of the red cup in meters?,A2MC,DS,,none,neither arm answered
907,simulation_0260,What is the height of the plant in meters?,A2MC,DS,0.05512249879449477,fuse-fused,
908,simulation_0260,What is the diameter (width) of the plant in meters?,A2MC,DS,0.05143499587303809,fuse-fused,
909,simulation_0260,What is the width (longer side) of the table in meters?,A2MC,DS,9.8,fuse-primary-only,
910,simulation_0260,What is the width (longer side) of the AC in meters?,A2MC,DS,0.5790969735725976,fuse-fused,
911,simulation_0260,"What is the width of the iphone placed to the right of the plant, in meters?",A2MC,DS,0.09759860876161007,fuse-fused,
912,simulation_0260,What is the speed of the mug at time 0.2s in m/s?,A2MC,DD,1.2067247811903443,fuse-fused,
913,simulation_0260,What is the speed of the mug at time 0.4s in m/s?,A2MC,DD,1.485652472807359,fuse-fused,
914,simulation_0260,What is the height of the mug in meters?,A2MC,DS,,none,neither arm answered
915,simulation_0260,What is the long side of the bag in meters?,A2MC,DS,0.33513779436867663,fuse-fused,
916,simulation_0261,What is the height of the mug in meters?,A2SS,DS,4.9,fuse-primary-only,
917,simulation_0261,What is the speed of the mug at time 0.2s in m/s?,A2SS,DD,1.0124895912589051,fuse-fused,
918,simulation_0261,What is the speed of the mug at time 0.4s in m/s?,A2SS,DD,3.92,fuse-primary-only,
919,simulation_0261,What is the speed of the mug at time 0.625s in m/s?,A2SS,DD,6.125,fuse-primary-only,
920,simulation_0262,What is the height of the red cup in meters?,A2SS,DS,2.75625,fuse-primary-only,
921,simulation_0262,What is the speed of the red cup at time 0.25s in m/s?,A2SS,DD,3.720938493134421,fuse-fused,
922,simulation_0262,What is the speed of the red cup at time 0.5s in m/s?,A2SS,DD,4.581012638222494,fuse-fused,
923,simulation_0262,What is the speed of the red cup at time 0.625s in m/s?,A2SS,DD,4.898177215784406,fuse-fused,
924,simulation_0263,What is the length of the spacecraft in meters?,A2SS,DS,,none,neither arm answered
925,simulation_0263,What is the width of the spacecraft in meters?,A2SS,DS,,none,neither arm answered
926,simulation_0263,What is the speed of the spacecraft at 0.5s in m/s?,A2SS,DD,1.9076203644514529,fuse-fused,
927,simulation_0263,What is the speed of the spacecraft at 1.0s in m/s?,A2SS,DD,3.824895314908467,fuse-fused,
928,simulation_0264,What is the length of the spacecraft in meters?,A2SS,DS,5.2399980540573425,fuse-fused,
929,simulation_0264,What is the height of the spacecraft in meters?,A2SS,DS,,none,neither arm answered
930,simulation_0264,What is the speed of the spacecraft at 0.5s in m/s?,A2SS,DD,1.732065202974893,fuse-fused,
931,simulation_0264,What is the speed of the spacecraft at 1.0s in m/s?,A2SS,DD,3.6798506922839147,fuse-fused,
932,simulation_0265,What is the length of the spacecraft in meters?,A2SS,DS,,none,neither arm answered
933,simulation_0265,What is the width of the spacecraft in meters?,A2SS,DS,,none,neither arm answered
934,simulation_0265,What is the speed of the spacecraft at 0.5s in m/s?,A2SS,DD,1.9749189780586507,fuse-fused,
935,simulation_0265,What is the speed of the spacecraft at 1.0s in m/s?,A2SS,DD,3.9825161572701795,fuse-fused,
936,simulation_0266,What is the length of the spacecraft in meters?,A2SC,DS,,none,neither arm answered
937,simulation_0266,What is the width of the spacecraft in meters?,A2SC,DS,4.383085180330045,fuse-fused,
938,simulation_0266,What is the speed of the spacecraft at 0.5s in m/s?,A2SC,DD,1.8556958949309115,fuse-fused,
939,simulation_0266,What is the speed of the spacecraft at 1.0s in m/s?,A2SC,DD,3.7005158194060264,fuse-fused,
940,simulation_0267,What is the length of the spacecraft in meters?,A2SC,DS,,none,neither arm answered
941,simulation_0267,What is the height of the spacecraft in meters?,A2SC,DS,,none,neither arm answered
942,simulation_0267,What is the speed of the spacecraft at 0.5s in m/s?,A2SC,DD,1.837049954041593,fuse-fused,
943,simulation_0267,What is the speed of the spacecraft at 1.0s in m/s?,A2SC,DD,3.920966853616355,fuse-fused,
944,simulation_0268,What is the length of the spacecraft in meters?,A2SC,DS,5.579357268229967,fuse-fused,
945,simulation_0268,What is the width of the spacecraft in meters?,A2SC,DS,3.8879489001882437,fuse-fused,
946,simulation_0268,What is the speed of the spacecraft at 0.5s in m/s?,A2SC,DD,1.9555440040379133,fuse-fused,
947,simulation_0268,What is the speed of the spacecraft at 1.0s in m/s?,A2SC,DD,3.949417355621032,fuse-fused,
948,simulation_0269,What is the body length of the phoenix in meters?,A2SS,DS,,none,neither arm answered
949,simulation_0269,What is the width (wing span) of the phoenix in meters?,A2SS,DS,,none,neither arm answered
950,simulation_0269,What is the speed of the phoenix at 0.5s in m/s?,A2SS,DD,0.4772666854844626,fuse-fused,
951,simulation_0269,What is the speed of the phoenix at 1.0s in m/s?,A2SS,DD,0.9018144019943649,fuse-fused,
952,simulation_0270,What is the length of the phoenix in meters?,A2SS,DS,,none,neither arm answered
953,simulation_0270,What is the height of the phoenix in meters?,A2SS,DS,,none,neither arm answered
954,simulation_0270,What is the speed of the phoenix at 0.5s in m/s?,A2SS,DD,0.40814631125488116,fuse-fused,
955,simulation_0270,What is the speed of the phoenix at 1.0s in m/s?,A2SS,DD,2.0,fuse-primary-only,
956,simulation_0271,What is the body length of the phoenix in meters?,A2SS,DS,,none,neither arm answered
957,simulation_0271,What is the width (wing span) of the phoenix in meters?,A2SS,DS,,none,neither arm answered
958,simulation_0271,What is the speed of the phoenix at 0.5s in m/s?,A2SS,DD,0.7359375845719203,fuse-fused,
959,simulation_0271,What is the speed of the phoenix at 1.0s in m/s?,A2SS,DD,1.0629870952392964,fuse-fused,
960,simulation_0272,What is the body length of the phoenix in meters?,A2SC,DS,,none,neither arm answered
961,simulation_0272,What is the width (wing span) of the phoenix in meters?,A2SC,DS,,none,neither arm answered
962,simulation_0272,What is the speed of the phoenix at 0.5s in m/s?,A2SC,DD,0.4689625714832061,fuse-fused,
963,simulation_0272,What is the speed of the phoenix at 1.0s in m/s?,A2SC,DD,0.9006286632462411,fuse-fused,
964,simulation_0273,What is the body length of the phoenix in meters?,A2SC,DS,,none,neither arm answered
965,simulation_0273,What is the speed of the phoenix at 0.5s in m/s?,A2SC,DD,0.4021083239372938,fuse-fused,
966,simulation_0273,What is the speed of the phoenix at 1.0s in m/s?,A2SC,DD,2.0,fuse-primary-only,
967,simulation_0274,What is the width of the raccoon in meters?,S2SS,SS,1.5100000000000007,fuse-fused,
968,simulation_0274,What is the speed of the raccoon at 1.0s in m/s?,S2SS,SD,,none,neither arm answered
969,simulation_0274,"What is the displacement of the raccoon from 0.5 s to 1.0 s, in meters?",S2SS,SS,1.334393331961731,fuse-fused,
970,simulation_0275,What is the height of the raccoon in meters?,S2SS,SS,0.5661410078313687,fuse-fused,
971,simulation_0275,What is the speed of the raccoon at 1.0s in m/s?,S2SS,SD,2.419392090377028,fuse-fused,
972,simulation_0275,"What is the displacement of the raccoon from 0.5 s to 1.0 s, in meters?",S2SS,SS,1.6428308958493933,fuse-fused,
973,simulation_0276,What is the width of the raccoon in meters?,S2SC,SS,0.3,fuse-primary-only,
974,simulation_0276,What is the speed of the raccoon at 1.0s in m/s?,S2SC,SD,0.5,fuse-primary-only,
975,simulation_0276,"What is the displacement of the raccoon from 0.5 s to 1.0 s, in meters?",S2SC,SS,1.5069930201450432,fuse-fused,
976,simulation_0277,What is the height of the raccoon in meters?,S2SC,SS,0.6527223102389915,fuse-fused,
977,simulation_0277,What is the speed of the raccoon at 1.0s in m/s?,S2SC,SD,3.143325719557382,fuse-fused,
978,simulation_0277,"What is the displacement of the raccoon from 0.5 s to 1.0 s, in meters?",S2SC,SS,1.7565716357766914,fuse-fused,
979,simulation_0278,What is the length of the whale in meters?,V2SS,DS,,none,neither arm answered
980,simulation_0278,What is the width of the whale in meters?,V2SS,DS,,none,neither arm answered
981,simulation_0278,"What is the displacement of the whale from 0.5 s to 1.0 s, in meters?",V2SS,DS,0.835,fuse-primary-only,
982,simulation_0279,What is the length of the whale in meters?,V2SS,DS,1.67,fuse-primary-only,
983,simulation_0279,What is the height of the whale in meters?,V2SS,DS,,none,neither arm answered
984,simulation_0279,"What is the displacement of the whale from 0.5 s to 1.0 s, in meters?",V2SS,DS,0.835,fuse-primary-only,
985,simulation_0280,What is the speed of the whale at 1.0s in m/s?,S2SC,DS,,none,neither arm answered
986,simulation_0280,What is the height of the whale in meters?,S2SC,DS,5.240223360082127,fuse-fused,
987,simulation_0280,"What is the displacement of the whale from 0.5 s to 1.0 s, in meters?",S2SC,DS,13.793976164552431,fuse-fused,
988,simulation_0281,What is the speed of the whale at 1.0s in m/s?,S2SC,DS,,none,neither arm answered
989,simulation_0281,What is the width of the whale in meters?,S2SC,DS,13.357827550396735,fuse-fused,
990,simulation_0281,"What is the displacement of the whale from 0.5 s to 1.0 s, in meters?",S2SC,DS,1.0,fuse-primary-only,
991,simulation_0282,What is the body length of the dragon in meters?,V2SS,DS,,none,neither arm answered
992,simulation_0282,What is the width (wing span) of the dragon in meters?,V2SS,DS,,none,neither arm answered
993,simulation_0282,"What is the displacement of the dragon from 0.5 s to 1.0 s, in meters?",V2SS,DS,1.292328225350107,fuse-fused,
994,simulation_0283,What is the speed of the dragon at 1.0s in m/s?,S2SC,SD,,none,neither arm answered
995,simulation_0283,"What is the displacement of the dragon from 0.5s to 1.0s, in meters?",S2SC,SS,0.8470102015926416,fuse-fused,
996,simulation_0284,What is the length of the plane in meters?,V2SS,DS,1.5,fuse-primary-only,
997,simulation_0284,What is the width of the plane in meters?,V2SS,DS,10.044116906825293,fuse-fused,
998,simulation_0284,"What is the displacement of the plane from 0.5s to 1.0s, in meters?",V2SS,DS,16.168145358742496,fuse-fused,
999,simulation_0285,What is the length of the plane in meters?,V2SS,DS,18.401292389314506,fuse-fused,
1000,simulation_0285,What is the height of the plane in meters?,V2SS,DS,160.0,fuse-primary-only,
1001,simulation_0285,"What is the displacement of the plane from 0.5 s to 1.0 s, in meters?",V2SS,DS,13.64815285635149,fuse-fused,
1002,simulation_0286,What is the length of the plane in meters?,V2SC,DS,,none,neither arm answered
1003,simulation_0286,What is the width of the plane in meters?,V2SC,DS,,none,neither arm answered
1004,simulation_0286,"What is the displacement of the plane from 0.5 s to 1.0 s, in meters?",V2SC,DS,15.956182244820557,fuse-fused,
1005,simulation_0287,What is the length of the plane in meters?,V2SC,DS,12.800659141053645,fuse-fused,
1006,simulation_0287,What is the height of the plane in meters?,V2SC,DS,6.741809325528777,fuse-fused,
1007,simulation_0287,"What is the displacement of the plane from 0.5 s to 1.0 s, in meters?",V2SC,DS,13.624529341225886,fuse-fused,
1008,simulation_0288,What is the length of the fish in meters?,V2SS,DS,,none,neither arm answered
1009,simulation_0288,What is the width of the fish in meters?,V2SS,DS,,none,neither arm answered
1010,simulation_0288,"What is the displacement of the fish from 0.5 s to 1.0 s, in meters?",V2SS,DS,0.6088102580821672,fuse-fused,
1011,simulation_0289,What is the length of the fish in meters?,V2SS,DS,,none,neither arm answered
1012,simulation_0289,"What is the displacement of the fish from 0.5 s to 1.0 s, in meters?",V2SS,DS,0.5988399567961193,fuse-fused,
1013,simulation_0290,What is the length of the fish in meters?,V2SC,DS,,none,neither arm answered
1014,simulation_0290,What is the width of the fish in meters?,V2SC,DS,0.6999169434595569,fuse-fused,
1015,simulation_0290,"What is the displacement of the fish from 0.5 s to 1.0 s, in meters?",V2SC,DS,0.6206817097328342,fuse-fused,
1016,simulation_0291,What is the length of the fish in meters?,V2SC,DS,0.5854896792936158,fuse-fused,
1017,simulation_0291,What is the height of the fish in meters?,V2SC,DS,0.345370765718334,fuse-fused,
1018,simulation_0291,"What is the displacement of the fish from 0.5 s to 1.0 s, in meters?",V2SC,DS,0.6051963633348894,fuse-fused,
1019,simulation_0292,What is the length of the column below the drone in meters?,V2SS,DS,1.2394684532759643,fuse-fused,
1020,simulation_0292,What is the height of the column below the drone in meters?,V2SS,DS,1.2394684532759643,fuse-fused,
1021,simulation_0292,"What is the displacement of the column below the drone from 0.5 s to 1.0 s, in meters?",V2SS,DS,1.0067612213813588,fuse-fused,
1022,simulation_0293,What is the length of the column below the drone in meters?,V2SC,DS,0.96,fuse-primary-only,
1023,simulation_0293,What is the height of the column below the drone in meters?,V2SC,DS,,none,neither arm answered
1024,simulation_0293,"What is the displacement of the column below the drone from 0.5 s to 1.0 s, in meters?",V2SC,DS,0.48,fuse-primary-only,
1025,simulation_0294,What is the length of the butterfly's wings in meters?,V2SS,DS,0.1280388254806442,fuse-fused,
1026,simulation_0294,"What is the displacement of the butterfly from 0.5 s to 1.0 s, in meters?",V2SS,DS,0.16369992659326352,fuse-fused,
1027,simulation_0295,What is the length of the butterfly's wings in meters?,V2SC,DS,0.11993103354085738,fuse-fused,
1028,simulation_0295,"What is the displacement of the butterfly from 0.5 s to 1.0 s, in meters?",V2SC,DS,0.16818454327045157,fuse-fused,
1029,simulation_0296,What is the width (wing span) of the butterfly in meters?,V2SC,DS,0.11214795556984258,fuse-fused,
1030,simulation_0296,What is the length of the butterfly's wings in meters?,V2SC,DS,0.03,fuse-primary-only,
1031,simulation_0296,"What is the displacement of the butterfly from 0.5 s to 1.0 s, in meters?",V2SC,DS,0.18879706835527071,fuse-fused,
1032,simulation_0297,"What is the displacement of the jellyfish from 0.5 s to 1.0 s, in meters?",V2SC,DS,1.9331815652716349,fuse-fused,
1033,simulation_0298,What is the length of the fire truck in meters?,V2SX,DS,,none,neither arm answered
1034,simulation_0298,What is the width of the fire truck in meters?,V2SX,DS,,none,neither arm answered
1035,simulation_0298,"What is the displacement of the fire truck from 0.5 s to 1.0 s, in meters?",V2SX,DS,8.119189963294339,fuse-fused,
1036,simulation_0008,What is the width of the wooden pier in meters?,S3MC,SS,1.5194963878755443,fuse-fused,
1037,simulation_0008,What is the length of the pier from the shore-side edge to the water-side edge in meters?,S3MC,SS,1.5171326971607968,fuse-fused,
1038,simulation_0008,"When t=3s, what is the minimum distance from the outer end of the pier to the boat in meters?",S3MC,SS,1.1616572508175422,fuse-fused,
1039,simulation_0008,What is the width of the wooden stairs in meters?,S3MC,SS,0.4,fuse-secondary-only,
1040,simulation_0008,What is the height of the pier deck above the water surface in meters?,S3MC,SS,1.607775788850328,fuse-fused,
1041,simulation_0008,What is the height of the cabin floor above the ground in meters?,S3MC,SS,0.954063614603308,fuse-fused,
1042,simulation_0008,What is the average speed of the boat from 1.0s to 2.0s in m/s?,S3MC,SD,0.8544573561581248,fuse-fused,
1043,simulation_0009,What is the length of the boat in meters?,V3MC,DS,2.796285060090275,fuse-fused,
1044,simulation_0009,What is the width of the boat in meters?,V3MC,DS,1.8936513125969625,fuse-fused,
1045,simulation_0009,What is the height of the boat in meters?,V3MC,DS,,none,neither arm answered
1046,simulation_0009,What is the width (shorter side) of the wooden pier in meters?,V3MC,DS,4.947479520213209,fuse-fused,
1047,simulation_0009,What is the length of the pier from the shore-side edge to the water-side edge in meters?,V3MC,DS,5.213462899615927,fuse-fused,
1048,simulation_0009,"When t=3s, what is the minimum distance from the outer end of the pier to the boat in meters?",V3MC,DS,4.096540218420076,fuse-fused,
1049,simulation_0009,What is the width of the wooden steps in meters?,V3MC,DS,1.559746100744948,fuse-fused,
1050,simulation_0009,What is the height of the pier deck above the water surface in meters?,V3MC,DS,23.125,fuse-primary-only,
1051,simulation_0009,What is the height of the cabin floor above the ground in meters?,V3MC,DS,,none,neither arm answered
1052,simulation_0010,What is the width between the two widest eaves of the small house in meters?,V3MC,SS,11.983474775647952,fuse-fused,
1053,simulation_0010,What is the height of the house’s door in meters?,V3MC,SS,2.270954755826711,fuse-fused,
1054,simulation_0010,What is the maximum height of the cart from the ground in meters?,V3MC,SS,2.6495593460506828,fuse-fused,
1055,simulation_0010,What is the diameter of the cart’s wheels in meters?,V3MC,SS,2.1839839507263714,fuse-fused,
1056,simulation_0010,What is the average speed of the bird from 0.5s to 1.0s in m/s?,V3MC,SD,1.845853692514698,fuse-fused,
1057,simulation_0011,What is the average speed of the bird from 0.5s to 1.0s in m/s?,A3MC,DD,,none,neither arm answered
1058,simulation_0011,What is the height of the house’s door in meters?,A3MC,DS,,none,neither arm answered
1059,simulation_0011,What is the diameter of the cart’s wheels in meters?,A3MC,DS,,none,neither arm answered
1060,simulation_0011,What is the width between the two widest eaves of the house in meters?,A3MC,DS,,none,neither arm answered
1061,simulation_0011,What is the body length of the bird in meters?,A3MC,DS,,none,neither arm answered
1062,simulation_0011,How wide is the bird's wingspan when it spreads its wings in meters?,A3MC,DS,,none,neither arm answered
1063,simulation_0013,What is the flight speed of the bird at 1.0s in m/s?,A3MC,DD,1.883,fuse-primary-only,
1064,simulation_0013,What is the body length of the bird in meters?,A3MC,DS,,none,neither arm answered
1065,simulation_0013,What is the diameter of the cart’s wheels in meters?,A3MC,DS,0.05,fuse-primary-only,
1066,simulation_0014,What is the height of the house’s door in meters?,A3MC,DS,,none,neither arm answered
1067,simulation_0014,What is the diameter of the cart’s wheels in meters?,A3MC,DS,,none,neither arm answered
1068,simulation_0014,What is the width between the two widest eaves of the house in meters?,A3MC,DS,10.0,fuse-primary-only,
1069,simulation_0014,What is the maximum height of the cart from the ground in meters?,A3MC,DS,,none,neither arm answered
1070,simulation_0014,What is the height of the rectangular cargo box on the cart in meters?,A3MC,DS,,none,neither arm answered
1071,simulation_0014,What is the length of rectangular cargo box on the cart in meters?,A3MC,DS,1.5,fuse-primary-only,
1072,simulation_0015,What is the height of the central sculpture itself (excluding the pedestal) in meters?,S3MC,SS,9.46,fuse-secondary-only,
1073,simulation_0015,What is the width of the pedestal (square base) of the central sculpture in meters?,S3MC,SS,1.097104454732132,fuse-fused,
1074,simulation_0015,What is the height of the pedestal (square base) of the central sculpture in meters?,S3MC,SS,,none,neither arm answered
1075,simulation_0015,What is the height of the freestanding art display panel in meters?,S3MC,SS,2.081478292084817,fuse-fused,
1076,simulation_0015,What is the height of the bench seat in the atrium in meters?,S3MC,SS,0.5784693613685021,fuse-fused,
1077,simulation_0015,What is the width of the bench seat in the atrium in meters?,S3MC,SS,1.3333618918229004,fuse-fused,
1078,simulation_0015,What is the length of the bench seat in the atrium in meters?,S3MC,SS,1.8189061482137843,fuse-fused,
1079,simulation_0015,What is the clear height from the floor to the underside of the open roof frame (lattice) in meters?,S3MC,SS,6.615628913062482,fuse-fused,
1080,simulation_0015,What is the vertical depth (thickness) of the open roof frame (top edge to bottom edge) in meters?,S3MC,SS,7.530749274834812,fuse-fused,
1081,simulation_0015,What is the speed of the human at 1.0s in m/s?,S3MC,SD,1.2913745234698235,fuse-fused,
1082,simulation_0017,What is the height of the person in meters?,V3MC,DS,,none,neither arm answered
1083,simulation_0017,What is the width of the pedestal (square base) of the central sculpture in meters?,V3MC,DS,2.315074485439189,fuse-fused,
1084,simulation_0017,What is the height of the pedestal (square base) of the central sculpture in meters?,V3MC,DS,,none,neither arm answered
1085,simulation_0017,What is the height of the bench seat in the atrium in meters?,V3MC,DS,,none,neither arm answered
1086,simulation_0017,What is the length of the bench seat in the atrium in meters?,V3MC,DS,1.4665281997495707,fuse-fused,
1087,simulation_0017,What is the height of the central sculpture itself (excluding the pedestal) in meters?,V3MC,DS,,none,neither arm answered
1088,simulation_0017,What is the height of the freestanding art display panel in meters?,V3MC,DS,3.9624866268612933,fuse-fused,
1089,simulation_0019,What is the walking speed of the person at 0.5s in m/s?,S3MC,SD,0.35,fuse-secondary-only,
1090,simulation_0019,What is the width of the pedestal (square base) of the central sculpture in meters?,S3MC,SS,1.2,fuse-secondary-only,
1091,simulation_0019,What is the height of the pedestal (square base) of the central sculpture in meters?,S3MC,SS,2.7304189187250123,fuse-fused,
1092,simulation_0019,What is the height of the central sculpture itself (excluding the pedestal) in meters?,S3MC,SS,3.564637982072032,fuse-fused,
1093,simulation_0019,What is the width of the freestanding art display panel in meters?,S3MC,SS,1.2,fuse-secondary-only,
1094,simulation_0019,What is the height of the freestanding art display panel in meters?,S3MC,SS,2.8,fuse-secondary-only,
1095,simulation_0021,What is the walking speed of the person at 1.0s in m/s?,S3MC,SD,0.17043058436648373,fuse-fused,
1096,simulation_0021,What is the height of the fire hydrant in meters?,S3MC,SS,1.0581545541255546,fuse-fused,
1097,simulation_0021,What is the height of the streetlight in meters?,S3MC,SS,4.726011052054787,fuse-fused,
1098,simulation_0022,What is the speed of the boat at 1.0s in m/s?,S2SS,SD,,none,neither arm answered
1099,simulation_0022,What is the height of the boat in meters?,S2SS,SS,6.968453019359494,fuse-fused,
1100,simulation_0023,What is the speed of the boat at 1.0s in m/s?,V3MC,DD,3.72754225858739,fuse-fused,
1101,simulation_0023,What is the height of the boat in meters?,V3MC,DS,,none,neither arm answered
1102,simulation_0023,What is the length of the boat in meters?,V3MC,DS,,none,neither arm answered
1103,simulation_0023,What is the length of the eagle in meters?,V3MC,DS,,none,neither arm answered
1104,simulation_0023,What is the eagle’s wingspan (the distance from the tip of one wing to the tip of the other when fully spread) in meters?,V3MC,DS,,none,neither arm answered
1105,simulation_0024,What is the height of the boat in meters?,V3MS,DS,,none,neither arm answered
1106,simulation_0024,What is the length of the boat in meters?,V3MS,DS,0.3257,fuse-primary-only,
1107,simulation_0024,What is the width of the boat in meters?,V3MS,DS,,none,neither arm answered
1108,simulation_0025,What is the speed of the eagle at 1.0s in m/s?,V3MC,DD,7.7719,fuse-primary-only,
1109,simulation_0025,What is the length of the eagle in meters?,V3MC,DS,,none,neither arm answered
1110,simulation_0025,What is the eagle’s wingspan (the distance from the tip of one wing to the tip of the other when fully spread) in meters?,V3MC,DS,,none,neither arm answered
1111,simulation_0025,What is the height of the person in meters?,V3MC,DS,114.8356,fuse-primary-only,
1112,simulation_0026,What is the height of the boat in meters?,S3MC,SS,4.834565422374082,fuse-fused,
1113,simulation_0026,What is the length of the boat in meters?,S3MC,SS,5.651899758965345,fuse-fused,
1114,simulation_0026,What is the speed of the person at 1.0s in m/s?,S3MC,SD,,none,neither arm answered
1115,simulation_0027,What is the speed of the person from 1.0s to 2.0s in m/s?,S3MS,SD,0.0358,fuse-secondary-only,
1116,simulation_0028,What is the eagle’s wingspan (the distance from the tip of one wing to the tip of the other when fully spread) in meters?,S3MC,SS,1.2,fuse-secondary-only,
1117,simulation_0028,What is the speed of the eagle at 1.0s in m/s?,S3MC,SD,0.6748881316856281,fuse-fused,
1118,simulation_0029,What is the length of the eagle in meters?,V3MC,DS,0.4820858925197835,fuse-fused,
1119,simulation_0029,What is the height of the boat in meters?,V3MC,DS,,none,neither arm answered
1120,simulation_0029,What is the length of the boat in meters?,V3MC,DS,,none,neither arm answered
1121,simulation_0029,What is the speed of the boat at 1.0s in m/s?,V3MC,DD,3.540250509186323,fuse-fused,
1122,simulation_0031,What is the height of the person in meters?,V3MC,DS,2.022686220924354,fuse-fused,
1123,simulation_0031,What is the height of the boat in meters?,V3MC,DS,,none,neither arm answered
1124,simulation_0031,What is the length of the boat in meters?,V3MC,DS,,none,neither arm answered
1125,simulation_0031,What is the width of the boat in meters?,V3MC,DS,1.0,fuse-primary-only,
1126,simulation_0031,What is the speed of the boat at 1.0s in m/s?,V3MC,DD,3.394,fuse-primary-only,
1127,simulation_0031,What is the length of the eagle in meters?,V3MC,DS,,none,neither arm answered
1128,simulation_0031,What is the speed of the eagle at 1.0s in m/s?,V3MC,DD,9.51,fuse-primary-only,
1129,simulation_0031,What is the eagle’s wingspan (the distance from the tip of one wing to the tip of the other when fully spread) in meters?,V3MC,DS,,none,neither arm answered
1130,simulation_0033,What is the walking speed of the person at 1.0s in meters?,A3MC,DD,0.129,fuse-primary-only,
1131,simulation_0033,What is the height of the fire hydrant in meters?,A3MC,DS,1.04185083229291,fuse-fused,
1132,simulation_0033,What is the height of the streetlight in meters?,A3MC,DS,4.157586738142986,fuse-fused,
1133,simulation_0033,What is the height of the person in meters?,A3MC,DS,1.55334374448755,fuse-fused,
1134,simulation_0033,What is the speed of the green car at 1.0s in m/s?,A3MC,DD,1.0,fuse-primary-only,
1135,simulation_0033,What is the length of the orange car in meters?,A3MC,DS,4.487884341591329,fuse-fused,
1136,simulation_0033,What is the height of the orange car in meters?,A3MC,DS,1.5584140400566149,fuse-fused,
1137,simulation_0033,What is the height of the curb along the road in meters?,A3MC,DS,0.6230510733051579,fuse-fused,
1138,simulation_0034,What is the average speed of the boat from the beginning to the end in m/s?,S3MC,SD,4.050512407719348,fuse-fused,
1139,simulation_0034,What is the height of the boat in meters?,S3MC,SS,5.614192072902547,fuse-fused,
1140,simulation_0034,What is the width of the boat in meters?,S3MC,SS,4.376475212710922,fuse-fused,
1141,simulation_0034,What is the average speed of the person from the beginning to the end in m/s?,S3MC,SD,,none,neither arm answered
1142,simulation_0034,What is the eagle’s wingspan (the distance from the tip of one wing to the tip of the other when fully spread) in meters?,S3MC,SS,2.6,fuse-secondary-only,
1143,simulation_0034,What is the average speed of the eagle from the beginning to the end in m/s?,S3MC,SD,11.764682296223235,fuse-fused,
1144,simulation_0035,What is the average speed of the person from the beginning to the end in m/s?,S3MC,SD,,none,neither arm answered
1145,simulation_0035,What is the eagle’s wingspan (the distance from the tip of one wing to the tip of the other when fully spread) in meters?,S3MC,SS,1.75,fuse-secondary-only,
1146,simulation_0035,What is the speed of the eagle from the beginning to the end in m/s?,S3MC,SD,8.476983100811,fuse-fused,
1147,simulation_0035,What is the body length of the eagle in meters?,S3MC,SS,0.6214875407747676,fuse-fused,
1148,simulation_0036,What is the height of the boat in meters?,S3MC,SS,3.7892914162759954,fuse-fused,
1149,simulation_0036,What is the height of the person in meters?,S3MC,SS,1.1779428554560158,fuse-fused,
1150,simulation_0036,What is the speed of the boat from the beginning to the end in m/s?,S3MC,SD,3.0785586193528287,fuse-fused,
1151,simulation_0036,What is the average speed of the person from the beginning to the end in m/s?,S3MC,SD,,none,neither arm answered
1152,simulation_0037,What is the height of the person in meters?,V3MS,DS,,none,neither arm answered
1153,simulation_0039,What is the speed of the person at 1.0s in m/s?,V3MC,DD,,none,neither arm answered
1154,simulation_0039,What is the length of the boat in meters?,V3MC,DS,1.5,fuse-primary-only,
1155,simulation_0039,What is the width of the boat in meters?,V3MC,DS,1.0,fuse-primary-only,
1156,simulation_0039,What is the length of the eagle in meters?,V3MC,DS,,none,neither arm answered
1157,simulation_0039,What is the eagle’s wingspan (the distance from the tip of one wing to the tip of the other when fully spread) in meters?,V3MC,DS,1.0,fuse-primary-only,
1158,simulation_0039,What is the speed of the eagle at 1.0s in m/s?,V3MC,DD,6.4821174670739765,fuse-fused,
1159,simulation_0040,What is the eagle’s wingspan (the distance from the tip of one wing to the tip of the other when fully spread) in meters?,S3MC,SS,2.1452866928594863,fuse-fused,
1160,simulation_0040,What is the speed of the eagle at 1.0s in m/s?,S3MC,SD,2.626975489132573,fuse-fused,
1161,simulation_0040,What is the average of the person at 1.0s in m/s?,S3MC,SD,0.0918,fuse-secondary-only,
1162,simulation_0042,What is the length of the boat in meters?,V3MC,DS,,none,neither arm answered
1163,simulation_0042,What is the width of the boat in meters?,V3MC,DS,6.152167226775193,fuse-fused,
1164,simulation_0042,What is the speed of the boat at 1.0s in m/s?,V3MC,DD,,none,neither arm answered
1165,simulation_0042,What is the length of the eagle in meters?,V3MC,DS,1.130378122651404,fuse-fused,
1166,simulation_0042,What is the eagle’s wingspan (the distance from the tip of one wing to the tip of the other when fully spread) in meters?,V3MC,DS,,none,neither arm answered
1167,simulation_0043,What is the width of the boat in meters?,S3MC,SS,6.155722066724582,fuse-fused,
1168,simulation_0043,What is the speed of the boat at 1.0s in m/s?,S3MC,SD,0.8422,fuse-secondary-only,
1169,simulation_0043,What is the width of the rock in meters?,S3MC,SS,64.85066230091007,fuse-fused,
1170,simulation_0044,What is the width of the rock in meters?,S3MC,SS,8.4,fuse-secondary-only,
1171,simulation_0044,What is the speed of the eagle at 1.0s in m/s?,S3MC,SD,2.3355004077568373,fuse-fused,
1172,simulation_0044,What is the eagle’s wingspan (the distance from the tip of one wing to the tip of the other when fully spread) in meters?,S3MC,SS,1.2,fuse-secondary-only,
1173,simulation_0045,What is the speed of the walking person from the beginning to the end in m/s?,V3MC,DD,1.2077,fuse-primary-only,
1174,simulation_0045,What is the height of the walking person in meters?,V3MC,DS,,none,neither arm answered
1175,simulation_0045,What is the height of the telephone booth in meters?,V3MC,DS,,none,neither arm answered
1176,simulation_0045,What is the distance between the left pillar of the near door and the right pillar of the far door in meters?,V3MC,DS,12.1,fuse-primary-only,
1177,simulation_0045,"What is the height of the moving bicycle (from the handlebar to the ground, including below the wheel) in meters?",V3MC,DS,,none,neither arm answered
1178,simulation_0045,What is the length of the moving bicycle in meters?,V3MC,DS,2.855233309684814,fuse-fused,
1179,simulation_0045,What is the diameter of the wheel of the moving bicycle in meters?,V3MC,DS,4.7789,fuse-primary-only,
1180,simulation_0045,What is the height of the first step in front of the door of the nearer house in meters?,V3MC,DS,0.15,fuse-primary-only,
1181,simulation_0046,What is the speed of the walking person at 1.0s in m/s?,S3MC,SD,0.45171224362610984,fuse-fused,
1182,simulation_0046,What is the height of the walking person in meters?,S3MC,SS,1.1107223980226795,fuse-fused,
1183,simulation_0046,What is the height of the telephone booth in meters?,S3MC,SS,2.2911376494802864,fuse-fused,
1184,simulation_0046,What is the width of the telephone booth in meters?,S3MC,SS,1.0885918405330623,fuse-fused,
1185,simulation_0046,What is the distance between the left pillar of the near door and the right pillar of the far door in meters?,S3MC,SS,0.7768635960914754,fuse-fused,
1186,simulation_0046,"What is the height of the moving bicycle (from the handlebar to the ground, including below the wheel) in meters?",S3MC,SS,,none,neither arm answered
1187,simulation_0046,What is the length of the moving bicycle in meters?,S3MC,SS,0.9250356955633225,fuse-fused,
1188,simulation_0046,What is the height of the first step in front of the door of the nearer house in meters?,S3MC,SS,0.3452443050397226,fuse-fused,
1189,simulation_0046,What is the speed of the moving bicycle from 1.0s to 2.0s in m/s?,S3MC,SD,0.584,fuse-secondary-only,
1190,simulation_0048,What is the speed of the walking person at 1.0s in m/s?,S3MC,SD,0.7016630824227864,fuse-fused,
1191,simulation_0048,What is the width of the telephone booth in meters?,S3MC,SS,0.5,fuse-secondary-only,
1192,simulation_0048,What is the distance between the left pillar of the near door and the right pillar of the far door in meters?,S3MC,SS,8.509566366039461,fuse-fused,
1193,simulation_0048,"What is the height of the moving bicycle (from the handlebar to the ground, including below the wheel) in meters?",S3MC,SS,,none,neither arm answered
1194,simulation_0048,What is the speed of the moving bicycle at 1.0s in m/s?,S3MC,SD,3.2067171830685477,fuse-fused,
1195,simulation_0048,What is the diameter of the wheel of the moving bicycle in meters?,S3MC,SS,0.6355894154804917,fuse-fused,
1196,simulation_0049,What is the speed of the walking person from 1.0s to 2.0s in m/s?,V3MC,DD,1.23,fuse-primary-only,
1197,simulation_0049,What is the height of the walking person in meters?,V3MC,DS,,none,neither arm answered
1198,simulation_0049,What is the height of the telephone booth in meters?,V3MC,DS,,none,neither arm answered
1199,simulation_0049,What is the distance between the left pillar of the near door and the right pillar of the far door in meters?,V3MC,DS,9.237528911452971,fuse-fused,
1200,simulation_0049,What is the diameter of the wheel of the moving bicycle in meters?,V3MC,DS,4.8409,fuse-primary-only,
1201,simulation_0050,What is the height of the walking person in meters?,V3MC,DS,,none,neither arm answered
1202,simulation_0050,What is the height of the telephone booth in meters?,V3MC,DS,2.0732734863113653,fuse-fused,
1203,simulation_0050,What is the width of the telephone booth in meters?,V3MC,DS,1.1264796998909263,fuse-fused,
1204,simulation_0050,What is the distance between the left pillar of the near door and the right pillar of the far door in meters?,V3MC,DS,10.0,fuse-primary-only,
1205,simulation_0050,What is the length of the moving bicycle in meters?,V3MC,DS,1.9908227380058285,fuse-fused,
1206,simulation_0050,What is the average speed of the moving bicycle from 1.0s to 2.0s in m/s?,V3MC,DD,3.621067970721091,fuse-fused,
1207,simulation_0050,"What is the height of the moving bicycle (from the handlebar to the ground, including below the wheel) in meters?",V3MC,DS,,none,neither arm answered
1208,simulation_0050,What is the diameter of the wheel of the moving bicycle in meters?,V3MC,DS,1.8044074419164025,fuse-fused,
1209,simulation_0050,What is the height of the first step in front of the door of the nearer house in meters?,V3MC,DS,0.5095967798584805,fuse-fused,
1210,simulation_0052,What is the height of the fire hydrant in meters?,A3MC,DS,1.2,fuse-primary-only,
1211,simulation_0052,What is the height of the streetlight in meters?,A3MC,DS,,none,neither arm answered
1212,simulation_0052,What is the speed of the green car at 1.0s in m/s?,A3MC,DD,1.770244529777275,fuse-fused,
1213,simulation_0052,What is the length of the orange car in meters?,A3MC,DS,,none,neither arm answered
1214,simulation_0052,What is the height of the orange car in meters?,A3MC,DS,,none,neither arm answered
1215,simulation_0052,What is the height of the curb along the road in meters?,A3MC,DS,0.2809541895421299,fuse-fused,
1216,simulation_0052,What is the height of the green car in meters?,A3MC,DS,,none,neither arm answered
1217,simulation_0052,What is the length of the green car in meters?,A3MC,DS,0.8533820462660415,fuse-fused,
1218,simulation_0052,What is the distance between the right streetlight and the left streetlight in meters?,A3MC,DS,0.112,fuse-primary-only,
1219,simulation_0055,What is the height of the fire hydrant in meters?,A3MC,DS,,none,neither arm answered
1220,simulation_0055,What is the height of the streetlight in meters?,A3MC,DS,,none,neither arm answered
1221,simulation_0055,What is the length of the orange car in meters?,A3MC,DS,6.504842630414406,fuse-fused,
1222,simulation_0055,What is the height of the orange car in meters?,A3MC,DS,,none,neither arm answered
1223,simulation_0055,What is the height of the curb along the road in meters?,A3MC,DS,,none,neither arm answered
1224,simulation_0055,What is the average walking speed of the person from 1.0s to 2.0s in meters?,A3MC,DD,4.1436316049321205,fuse-fused,
1225,simulation_0055,What is the height of the person in meters?,A3MC,DS,3.5548928261750365,fuse-fused,
1226,simulation_0056,What is the height of the fire hydrant in meters?,A3MC,DS,1.0,fuse-primary-only,
1227,simulation_0056,What is the height of the streetlight in meters?,A3MC,DS,2.9850134913358257,fuse-fused,
1228,simulation_0056,What is the average speed of the green car from 0.0s to 1.0s in m/s?,A3MC,DD,12.61429440265222,fuse-fused,
1229,simulation_0056,What is the width of the orange car in meters?,A3MC,DS,,none,neither arm answered
1230,simulation_0056,What is the width of the green car in meters?,A3MC,DS,,none,neither arm answered
1231,simulation_0056,What is the distance between the right streetlight and the left streetlight in meters?,A3MC,DS,7.973,fuse-primary-only,
1232,simulation_0058,What is the speed of the yellow car at 2.5s in m/s？,A3MC,DD,4.276237493575825,fuse-fused,
1233,simulation_0058,What is the width of the lane in meters?,A3MC,DS,3.5,fuse-primary-only,
1234,simulation_0058,What is the length of the white car in meters？,A3MC,DS,1.15,fuse-primary-only,
1235,simulation_0058,What is the length of the turning yellow car in meters?,A3MC,DS,3.4125,fuse-primary-only,
1236,simulation_0058,What is the height of the turning yellow car in meters?,A3MC,DS,,none,neither arm answered
1237,simulation_0058,What is the diameter of the bicycle wheel in meters?,A3MC,DS,,none,neither arm answered
1238,simulation_0058,What is the height of the streetlight in meters?,A3MC,DS,10.0,fuse-primary-only,
1239,simulation_0058,What is the speed of the walking pedestrian from 0.0s to 1.0s in m/s?,A3MC,DD,1.0323,fuse-primary-only,
1240,simulation_0058,What is the height of the walking pedestrian in meters?,A3MC,DS,1.7,fuse-primary-only,
1241,simulation_0058,What is the speed of the bicycle from the beginning to the end in m/s?,A3MC,DD,0.6,fuse-primary-only,
1242,simulation_0058,What is the width of the green car in meters?,A3MC,DS,0.83,fuse-primary-only,
1243,simulation_0058,What is the width of the purple car in meters?,A3MC,DS,,none,neither arm answered
1244,simulation_0059,What is the speed of the yellow car at 2.5s in m/s？,A3MC,DD,3.826878762675766,fuse-fused,
1245,simulation_0059,What is the width of the lane in meters?,A3MC,DS,10.0,fuse-primary-only,
1246,simulation_0059,What is the length of the white car in meters？,A3MC,DS,43.0028,fuse-primary-only,
1247,simulation_0059,What is the length of the turning yellow car in meters?,A3MC,DS,1.0,fuse-primary-only,
1248,simulation_0059,What is the height of the turning yellow car in meters?,A3MC,DS,,none,neither arm answered
1249,simulation_0059,What is the diameter of the bicycle wheel in meters?,A3MC,DS,0.053621576190377426,fuse-fused,
1250,simulation_0059,What is the height of the traffic light in meters?,A3MC,DS,4.0,fuse-primary-only,
1251,simulation_0059,What is the height of the streetlight in meters?,A3MC,DS,0.518966939638259,fuse-fused,
1252,simulation_0059,What is the speed of the walking pedestrian from the beginning to the end in m/s?,A3MC,DD,1.15,fuse-primary-only,
1253,simulation_0059,What is the height of the walking pedestrian in meters?,A3MC,DS,,none,neither arm answered
1254,simulation_0059,What is the speed of the bicycle from the beginning to the end in m/s?,A3MC,DD,0.1818896118847746,fuse-fused,
1255,simulation_0059,What is the width of the green car in meters?,A3MC,DS,,none,neither arm answered
1256,simulation_0059,What is the width of the purple car in meters?,A3MC,DS,,none,neither arm answered
1257,simulation_0060,What is the speed of the yellow car at 2.5s in m/s？,A3MC,DD,3.68106352287471,fuse-fused,
1258,simulation_0060,What is the width of the lane in meters?,A3MC,DS,8.611352824962598,fuse-fused,
1259,simulation_0060,What is the length of the white car in meters？,A3MC,DS,2.970514668586661,fuse-fused,
1260,simulation_0060,What is the length of the turning yellow car in meters?,A3MC,DS,2.5955281818704514,fuse-fused,
1261,simulation_0060,What is the height of the turning yellow car in meters?,A3MC,DS,,none,neither arm answered
1262,simulation_0060,What is the diameter of the bicycle wheel in meters?,A3MC,DS,,none,neither arm answered
1263,simulation_0060,What is the speed of the walking pedestrian from the beginning to the end in m/s?,A3MC,DD,,none,neither arm answered
1264,simulation_0060,What is the height of the walking pedestrian in meters?,A3MC,DS,,none,neither arm answered
1265,simulation_0060,What is the average speed of the bicycle from the beginning to the end in m/s?,A3MC,DD,0.3272,fuse-primary-only,
1266,simulation_0060,What is the width of the green car in meters?,A3MC,DS,3.1133822629046075,fuse-fused,
1267,simulation_0060,What is the width of the purple car in meters?,A3MC,DS,,none,neither arm answered
1268,simulation_0061,What is the speed of the yellow car at 2.5s in m/s？,A3MC,DD,3.6547353685113455,fuse-fused,
1269,simulation_0061,What is the width of the lane in meters?,A3MC,DS,1.5,fuse-primary-only,
1270,simulation_0061,What is the length of the white car in meters？,A3MC,DS,3.167610449444697,fuse-fused,
1271,simulation_0061,What is the length of the turning yellow car in meters?,A3MC,DS,3.8598652216834486,fuse-fused,
1272,simulation_0061,What is the height of the turning yellow car in meters?,A3MC,DS,,none,neither arm answered
1273,simulation_0061,What is the diameter of the bicycle wheel in meters?,A3MC,DS,,none,neither arm answered
1274,simulation_0061,What is the height of the traffic light in meters?,A3MC,DS,2.204397482554176,fuse-fused,
1275,simulation_0061,What is the height of the streetlight in meters?,A3MC,DS,5.049192711313931,fuse-fused,
1276,simulation_0061,What is the average speed of the walking pedestrian from the beginning to the end in m/s?,A3MC,DD,1.113142371866089,fuse-fused,
1277,simulation_0061,What is the height of the walking pedestrian in meters?,A3MC,DS,,none,neither arm answered
1278,simulation_0061,What is the average speed of the bicycle from the beginning to the end in m/s?,A3MC,DD,3.6797675984524414,fuse-fused,
1279,simulation_0062,What is the average speed of the yellow car at 2.5s in m/s？,A3MC,DD,4.40177659653085,fuse-fused,
1280,simulation_0062,What is the width of the lane in meters?,A3MC,DS,3.5,fuse-primary-only,
1281,simulation_0062,What is the height of the white car in meters？,A3MC,DS,,none,neither arm answered
1282,simulation_0062,What is the length of the white car in meters？,A3MC,DS,0.76,fuse-primary-only,
1283,simulation_0062,What is the length of the turning yellow car in meters?,A3MC,DS,4.827990471653447,fuse-fused,
1284,simulation_0062,What is the height of the turning yellow car in meters?,A3MC,DS,,none,neither arm answered
1285,simulation_0062,What is the width of the turning yellow car in meters?,A3MC,DS,,none,neither arm answered
1286,simulation_0062,What is the diameter of the bicycle wheel in meters?,A3MC,DS,,none,neither arm answered
1287,simulation_0062,What is the height of the traffic light in meters?,A3MC,DS,3.401183975415711,fuse-fused,
1288,simulation_0062,What is the height of the streetlight in meters?,A3MC,DS,7.511349966854929,fuse-fused,
1289,simulation_0062,What is the average speed of the walking pedestrian from the beginning to the end in m/s?,A3MC,DD,1.4311307589215116,fuse-fused,
1290,simulation_0062,What is the height of the walking pedestrian in meters?,A3MC,DS,,none,neither arm answered
1291,simulation_0062,What is the average speed of the bicycle from the beginning to the end in m/s?,A3MC,DD,0.1,fuse-primary-only,
1292,simulation_0063,What is the speed of the yellow car at 2.5s in m/s？,A3MC,DD,1.8884,fuse-primary-only,
1293,simulation_0063,What is the width of the lane in meters?,A3MC,DS,1.5708433791501255,fuse-fused,
1294,simulation_0063,What is the height of the white car in meters？,A3MC,DS,,none,neither arm answered
1295,simulation_0063,What is the length of the white car in meters？,A3MC,DS,4.5,fuse-primary-only,
1296,simulation_0063,What is the length of the turning yellow car in meters?,A3MC,DS,1.89,fuse-primary-only,
1297,simulation_0063,What is the height of the turning yellow car in meters?,A3MC,DS,1.5,fuse-primary-only,
1298,simulation_0063,What is the width of the turning yellow car in meters?,A3MC,DS,2.5,fuse-primary-only,
1299,simulation_0063,What is the diameter of the bicycle wheel in meters?,A3MC,DS,0.527,fuse-primary-only,
1300,simulation_0063,What is the height of the traffic light in meters?,A3MC,DS,3.5,fuse-primary-only,
1301,simulation_0063,What is the height of the streetlight in meters?,A3MC,DS,4.5,fuse-primary-only,
1302,simulation_0063,What is the average speed of the walking pedestrian from the beginning to the end in m/s?,A3MC,DD,1.17,fuse-primary-only,
1303,simulation_0063,What is the height of the walking pedestrian in meters?,A3MC,DS,1.7,fuse-primary-only,
1304,simulation_0063,What is the average speed of the bicycle from the beginning to the end in m/s?,A3MC,DD,1.658,fuse-primary-only,
1305,simulation_0064,What is the speed of the yellow car at 2.5s in m/s？,A3MC,DD,0.58,fuse-primary-only,
1306,simulation_0064,What is the width of the lane in meters?,A3MC,DS,3.294627852940151,fuse-fused,
1307,simulation_0064,What is the height of the white car in meters？,A3MC,DS,,none,neither arm answered
1308,simulation_0064,What is the width of the white car in meters？,A3MC,DS,1.8,fuse-primary-only,
1309,simulation_0064,What is the length of the turning yellow car in meters?,A3MC,DS,0.5608066766166105,fuse-fused,
1310,simulation_0064,What is the height of the turning yellow car in meters?,A3MC,DS,,none,neither arm answered
1311,simulation_0064,What is the width of the turning yellow car in meters?,A3MC,DS,1.8,fuse-primary-only,
1312,simulation_0064,What is the diameter of the bicycle wheel in meters?,A3MC,DS,5.3169,fuse-primary-only,
1313,simulation_0064,What is the height of the traffic light in meters?,A3MC,DS,4.0,fuse-primary-only,
1314,simulation_0064,What is the average speed of the walking pedestrian from 1.0s to the end in m/s?,A3MC,DD,1.7268594756453741,fuse-fused,
1315,simulation_0064,What is the height of the walking pedestrian in meters?,A3MC,DS,,none,neither arm answered
1316,simulation_0064,What is the average speed of the bicycle from the beginning to the end in m/s?,A3MC,DD,5.3169,fuse-primary-only,
1317,simulation_0065,What is the average speed of the yellow car from the beginning to the end in m/s？,A3MC,DD,3.26,fuse-primary-only,
1318,simulation_0065,What is the width of the lane in meters?,A3MC,DS,2.3792,fuse-primary-only,
1319,simulation_0065,What is the height of the white car in meters？,A3MC,DS,1.5,fuse-primary-only,
1320,simulation_0065,What is the width of the white car in meters？,A3MC,DS,1.8,fuse-primary-only,
1321,simulation_0065,What is the length of the turning yellow car in meters?,A3MC,DS,4.0,fuse-primary-only,
1322,simulation_0065,What is the height of the turning yellow car in meters?,A3MC,DS,,none,neither arm answered
1323,simulation_0065,What is the width of the turning yellow car in meters?,A3MC,DS,1.8,fuse-primary-only,
1324,simulation_0065,What is the diameter of the bicycle wheel in meters?,A3MC,DS,5.0984,fuse-primary-only,
1325,simulation_0065,What is the height of the traffic light in meters?,A3MC,DS,4.0,fuse-primary-only,
1326,simulation_0065,What is the average speed of the walking pedestrian from 1.0s to 2.0s in m/s?,A3MC,DD,2.0,fuse-primary-only,
1327,simulation_0065,What is the height of the walking pedestrian in meters?,A3MC,DS,,none,neither arm answered
1328,simulation_0065,What is the average speed of the bicycle from the beginning to the end in m/s?,A3MC,DD,5.0984,fuse-primary-only,
1329,simulation_0066,What is the speed of the yellow car at 2.5s in m/s？,A3MC,DD,1.0004877963525505,fuse-fused,
1330,simulation_0066,What is the width of the lane in meters?,A3MC,DS,7.348647025385187,fuse-fused,
1331,simulation_0066,What is the width of the white car in meters?,A3MC,DS,4.338541455191346,fuse-fused,
1332,simulation_0066,What is the length of the white car in meters？,A3MC,DS,3.8416374268871345,fuse-fused,
1333,simulation_0066,What is the height of the white car in meters？,A3MC,DS,3.6270013864038373,fuse-fused,
1334,simulation_0066,What is the length of the turning yellow car in meters?,A3MC,DS,3.3622047363067344,fuse-fused,
1335,simulation_0066,What is the height of the turning yellow car in meters?,A3MC,DS,,none,neither arm answered
1336,simulation_0066,What is the width of the turning yellow car in meters?,A3MC,DS,3.7599269006417035,fuse-fused,
1337,simulation_0066,What is the diameter of the bicycle wheel in meters?,A3MC,DS,4.4135,fuse-primary-only,
1338,simulation_0066,What is the average speed of the walking pedestrian from the beginning to the end in m/s?,A3MC,DD,0.7885134638205296,fuse-fused,
1339,simulation_0066,What is the height of the walking pedestrian in meters?,A3MC,DS,,none,neither arm answered
1340,simulation_0066,What is the average speed of the bicycle from the beginning to the end in m/s?,A3MC,DD,3.1213095381316958,fuse-fused,
1341,simulation_0066,What is the width of the green car in meters?,A3MC,DS,,none,neither arm answered
1342,simulation_0066,What is the length of the green car in meters?,A3MC,DS,2.7696319361952857,fuse-fused,
1343,simulation_0066,What is the height of the green car in meters?,A3MC,DS,,none,neither arm answered
1344,simulation_0066,What is the width of the purple car in meters?,A3MC,DS,,none,neither arm answered
1345,simulation_0066,What is the height of the purple car in meters?,A3MC,DS,,none,neither arm answered
1346,simulation_0067,What is the speed of the yellow car at 2.5s in m/s？,A3MC,DD,3.7441146107411534,fuse-fused,
1347,simulation_0067,What is the width of the lane in meters?,A3MC,DS,5.57,fuse-primary-only,
1348,simulation_0067,What is the width of the white car in meters?,A3MC,DS,0.58,fuse-primary-only,
1349,simulation_0067,What is the length of the white car in meters？,A3MC,DS,2.1857,fuse-primary-only,
1350,simulation_0067,What is the height of the white car in meters？,A3MC,DS,2.0,fuse-primary-only,
1351,simulation_0067,What is the length of the turning yellow car in meters?,A3MC,DS,1.0,fuse-primary-only,
1352,simulation_0067,What is the height of the turning yellow car in meters?,A3MC,DS,,none,neither arm answered
1353,simulation_0067,What is the width of the turning yellow car in meters?,A3MC,DS,4.5,fuse-primary-only,
1354,simulation_0067,What is the diameter of the bicycle wheel in meters?,A3MC,DS,2.9274801483075668,fuse-fused,
1355,simulation_0067,What is the average speed of the walking pedestrian from the beginning to the end in m/s?,A3MC,DD,2.477988402503176,fuse-fused,
1356,simulation_0067,What is the height of the walking pedestrian in meters?,A3MC,DS,,none,neither arm answered
1357,simulation_0067,What is the average speed of the bicycle from the beginning to the end in m/s?,A3MC,DD,3.681,fuse-primary-only,
1358,simulation_0067,What is the width of the purple car in meters?,A3MC,DS,2.0,fuse-primary-only,
1359,simulation_0067,What is the height of the purple car in meters?,A3MC,DS,,none,neither arm answered
1360,simulation_0067,What is the length of the purple car in meters?,A3MC,DS,14.481232747616541,fuse-fused,
1361,simulation_0074,What is the length of the turning yellow car in meters?,S3MS,SS,5.871841525057238,fuse-fused,
1362,simulation_0074,What is the average speed of the walking pedestrian from the beginning to the end in m/s?,S3MS,SD,0.8117486887283778,fuse-fused,
1363,simulation_0074,What is the height of the walking pedestrian in meters?,S3MS,SS,0.2,fuse-secondary-only,
1364,simulation_0074,What is the average speed of the turing yellow car from the beginning to the end in m/s?,S3MS,SD,0.6228,fuse-secondary-only,
1365,simulation_0074,What is the width of the turning yellow car in meters?,S3MS,SS,5.871841525057238,fuse-fused,
1366,simulation_0074,What is the height of the turning yellow car in meters?,S3MS,SS,2.4845235790664537,fuse-fused,
1367,simulation_0074,What is the width of the purple car in meters?,S3MS,SS,2.4421337978969975,fuse-fused,
1368,simulation_0074,What is the height of the purple car in meters?,S3MS,SS,1.787713340057194,fuse-fused,
1369,simulation_0074,What is the length of the purple car in meters?,S3MS,SS,5.672631545878396,fuse-fused,
1370,simulation_0074,What is the average speed of the bicycle from the beginning to the end in m/s?,S3MS,SD,4.371513945764787,fuse-fused,
1371,simulation_0074,What is the side length of the square earthen platform in meters?,S3MS,SS,7.535253042479812,fuse-fused,
1372,simulation_0074,What is the diameter of the bicycle wheel in meters?,S3MS,SS,0.6697411008443949,fuse-fused,
1373,simulation_0074,What is the width of the white car in meters?,S3MS,SS,2.5830697214996055,fuse-fused,
1374,simulation_0074,What is the acceleration of the white car at 2.0s in m/s^2?,S3MS,SD,4.506662172282324,fuse-fused,
1375,simulation_0074,What is the height of the white car in meters？,S3MS,SD,2.5850044443211866,fuse-fused,
1376,simulation_0109,What is the distance between two cells at 1s in meters?,V3MX,DS,4.7833,fuse-primary-only,
1377,simulation_0109,What is the diameter of the red blood cell in meters？,V3MX,DS,1.2323077061644434,fuse-fused,
1378,simulation_0110,What is the distance between two cells at 1s in meters?,V3MX,DS,4.7593,fuse-primary-only,
1379,simulation_0110,What is the thickness of the red blood cell in meters？,V3MX,DS,,none,neither arm answered
1380,simulation_0110,What is the diameter of the red blood cell in meters？,V3MX,DS,0.33374743176699817,fuse-fused,
1381,simulation_0143,What is the side length of the floor tile in meters?,S3MC,SS,0.6,fuse-secondary-only,
1382,simulation_0143,What is the speed of the man at time 1s in m/s?,S3MC,SD,1.4652298633248413,fuse-fused,
1383,simulation_0143,What is the speed of the man at time 2s in m/s?,S3MC,SD,9.01,fuse-secondary-only,
1384,simulation_0143,What is the acceleration of the man at time 2.5s in m/s?,S3MC,SD,,none,neither arm answered
1385,simulation_0164,What is the speed of the ball at time 0.5s in m/s?,S3MC,SD,,none,neither arm answered
1386,simulation_0164,What is the acceleration of the ball at time 0.5s in m/s^2?,S3MC,SD,,none,neither arm answered
1387,simulation_0164,What is the speed of the ball at time 1s in m/s?,S3MC,SD,18.782,fuse-secondary-only,
1388,simulation_0164,What is the acceleration of the ball at time 1s in m/s^2?,S3MC,SD,1.804525302323552,fuse-fused,
1389,simulation_0164,What is the height of the bowling pin in meters?,S3MC,SS,0.29113051990867245,fuse-fused,
1390,simulation_0168,What is the width of the road that the bike crossed through in meters?,V3MC,DS,7.028904228510446,fuse-fused,
1391,simulation_0168,What is the length of the bike in meters?,V3MC,DS,,none,neither arm answered
1392,simulation_0168,What is the length of the police car in meters?,V3MC,DS,2.423207632678342,fuse-fused,
1393,simulation_0168,What is the width of the police car in meters?,V3MC,DS,1.3866162521834506,fuse-fused,
1394,simulation_0168,What is the average speed of the police car in m/s?,V3MC,DD,5.52,fuse-primary-only,
1395,simulation_0168,What is the width of the road that the bike and the car are on in meters?,V3MC,DS,10.454106910099902,fuse-fused,
1396,simulation_0168,What is the diameter of the police car's tire in meters?,V3MC,DS,0.42450539476321064,fuse-fused,
1397,simulation_0168,What is the diameter of the bike's wheel in meters?,V3MC,DS,2.665,fuse-primary-only,
1398,simulation_0170,What is the speed of the astronaut at time 0.5s in m/s?,S3SS,SD,6.812061561135553,fuse-fused,
1399,simulation_0170,What is the acceleration of the astronaut at time 0.5s in m/s^2?,S3SS,SD,,none,neither arm answered
1400,simulation_0170,What is the speed of the astronaut at time 1s in m/s?,S3SS,SD,23.137,fuse-secondary-only,
1401,simulation_0170,What is the acceleration of the astronaut at time 1s in m/s^2?,S3SS,SD,,none,neither arm answered
1402,simulation_0170,What is the speed of the astronaut at time 2s in m/s?,S3SS,SD,1.3910284411741252,fuse-fused,
1403,simulation_0170,What is the acceleration of the astronaut at time 2s in m/s^2?,S3SS,SD,,none,neither arm answered
1404,simulation_0170,What is the speed of the astronaut at time 3s in m/s?,S3SS,SD,2.2034339241910565,fuse-fused,
1405,simulation_0170,What is the acceleration of the astronaut at time 3s in m/s^2?,S3SS,SD,,none,neither arm answered
1406,simulation_0172,What is the speed of the astronaut at time 0.5s in m/s?,S3SS,SD,18.0,fuse-secondary-only,
1407,simulation_0172,What is the acceleration of the astronaut at time 0.5s in m/s^2?,S3SS,SD,,none,neither arm answered
1408,simulation_0172,What is the speed of the astronaut at time 1s in m/s?,S3SS,SD,18.147,fuse-secondary-only,
1409,simulation_0172,What is the acceleration of the astronaut at time 1s in m/s^2?,S3SS,SD,1.852584619961948,fuse-fused,
1410,simulation_0172,What is the speed of the astronaut at time 2s in m/s?,S3SS,SD,2.113305642232802,fuse-fused,
1411,simulation_0172,What is the acceleration of the astronaut at time 2s in m/s^2?,S3SS,SD,,none,neither arm answered
1412,simulation_0172,What is the speed of the astronaut at time 3s in m/s?,S3SS,SD,2.0109481752361797,fuse-fused,
1413,simulation_0172,What is the acceleration of the astronaut at time 3s in m/s^2?,S3SS,SD,1.852584619961948,fuse-fused,
1414,simulation_0176,What is the length of the airplane in meters?,V3MC,DS,45.36103098577803,fuse-fused,
1415,simulation_0176,What is the height of the stone cliff on the beach in meters?,V3MC,DS,,none,neither arm answered
1416,simulation_0176,What is the diameter of the rear wheels on an aircraft landing gear in meters?,V3MC,DS,1.4611413723185078,fuse-fused,
1417,simulation_0180,What is the length of the trolley in meters?,A3MC,DS,,none,neither arm answered
1418,simulation_0180,What is the height of the trolley in meters?,A3MC,DS,0.9162783707597839,fuse-fused,
1419,simulation_0180,What is the height of the entrance gate (including the frame) in meters?,A3MC,DS,,none,neither arm answered
1420,simulation_0180,What is the length of the side of the orange tiles on the floor in meters?,A3MC,DS,0.5,fuse-primary-only,
1421,simulation_0180,What is the speed of the trolley at time 1s in m/s?,A3MC,DD,1.577566474789743,fuse-fused,
1422,simulation_0180,What is the speed of the trolley at time 2s in m/s?,A3MC,DD,1.942212152117626,fuse-fused,
1423,simulation_0182,What is the acceleration of the box at 0.2s in m/s^2?,A3SC,DD,3.1217044578334856,fuse-fused,
1424,simulation_0182,What is the speed of the box at time 1s in m/s?,A3SC,DD,2.14182178168223,fuse-fused,
1425,simulation_0182,What is the speed of the box at time 1.5s in m/s?,A3SC,DD,2.4188598654375686,fuse-fused,
1426,simulation_0182,What is the length of the box in meters?,A3SC,DS,,none,neither arm answered
1427,simulation_0182,What is the height of the box in meters?,A3SC,DS,0.7377463759495978,fuse-fused,
1428,simulation_0184,What is the acceleration of the box at 0.2s in m/s^2?,A3SC,DD,1.58,fuse-primary-only,
1429,simulation_0184,What is the speed of the box at time 1s in m/s?,A3SC,DD,1.58,fuse-primary-only,
1430,simulation_0184,What is the speed of the box at time 1.5s in m/s?,A3SC,DD,2.37,fuse-primary-only,
1431,simulation_0184,What is the length of the box in meters?,A3SC,DS,0.9941127764672796,fuse-fused,
1432,simulation_0184,What is the height of the box in meters?,A3SC,DS,0.9297424311516597,fuse-fused,
1433,simulation_0186,What is the acceleration of the box at 0.2s in m/s^2?,A3SC,DD,3.18,fuse-primary-only,
1434,simulation_0186,What is the speed of the box at time 1s in m/s?,A3SC,DD,3.18,fuse-primary-only,
1435,simulation_0186,What is the speed of the box at time 1.5s in m/s?,A3SC,DD,4.77,fuse-primary-only,
1436,simulation_0186,What is the length of the box in meters?,A3SC,DS,,none,neither arm answered
1437,simulation_0186,What is the height of the box in meters?,A3SC,DS,0.5,fuse-primary-only,
1438,simulation_0188,What is the length of the truck in meters?,A3SS,DS,3.088583687287073,fuse-fused,
1439,simulation_0188,What is the height of the truck in meters?,A3SS,DS,,none,neither arm answered
1440,simulation_0188,What is the diameter of the truck's tire in meters?,A3SS,DS,,none,neither arm answered
1441,simulation_0188,What is the speed of the truck at time 1s in m/s?,A3SS,DD,4.707067646110612,fuse-fused,
1442,simulation_0188,What is the speed of the truck at time 1.5s in m/s?,A3SS,DD,24.056,fuse-primary-only,
1443,simulation_0188,What is the width of the truck in meters?,A3SS,DS,,none,neither arm answered
1444,simulation_0201,What is the speed of the droplet at time 0.2s in m/s?,A3SS,DD,1.94,fuse-primary-only,
1445,simulation_0201,What is the speed of the droplet at time 0.05s in m/s?,A3SS,DD,9.7,fuse-primary-only,
1446,simulation_0201,What is the speed of the droplet at time 0.1s in m/s?,A3SS,DD,0.4468741163051903,fuse-fused,
1447,simulation_0299,"What is the speed of the forklift at 1.0s, in m/s?",A3SX,DD,2.6972540381155796,fuse-fused,
1448,simulation_0299,"What is the speed of the forklift at 2.0s, in m/s?",A3SX,DD,4.0,fuse-primary-only,
1449,simulation_0299,What is the length(from the fork tips to the rear bumper) of the forklift in meters?,A3SX,DS,16.26162501219758,fuse-fused,
1450,simulation_0299,What is the width(from the left wheel to the right wheel) of the forklift in meters?,A3SX,DS,1.2,fuse-primary-only,
1451,simulation_0299,What is the height of the forklift in meters?,A3SX,DS,,none,neither arm answered
1452,simulation_0300,"What is the speed of the car at 1.0s, in m/s?",A3SX,DD,6.208938808002688,fuse-fused,
1453,simulation_0300,"What is the speed of the car at 2.0s, in m/s?",A3SX,DD,17.480686413311613,fuse-fused,
1454,simulation_0300,What is the length ((from the front to the back) of the car in meters?,A3SX,DS,,none,neither arm answered
1455,simulation_0300,What is the width (from the left wheel to the right wheel) of the car in meters?,A3SX,DS,,none,neither arm answered
1456,simulation_0300,What is the height of the car in meters?,A3SX,DS,,none,neither arm answered
1457,simulation_0301,"What is the speed of the forklift at 1.0s, in m/s?",A3MX,DD,2.676097754509797,fuse-fused,
1458,simulation_0301,"What is the speed of the forklift at 2.0s, in m/s?",A3MX,DD,2.7550367469603225,fuse-fused,
1459,simulation_0301,What is the length(from the fork tips to the rear bumper) of the forklift in meters?,A3MX,DS,5.473891519072689,fuse-fused,
1460,simulation_0301,What is the width(from the left wheel to the right wheel) of the forklift in meters?,A3MX,DS,5.127326632136443,fuse-fused,
1461,simulation_0301,What is the height of the forklift in meters?,A3MX,DS,,none,neither arm answered
1462,simulation_0301,"What is the speed of the car at 1.0s, in m/s?",A3MX,DD,1.0,fuse-primary-only,
1463,simulation_0301,"What is the speed of the car at 2.0s, in m/s?",A3MX,DD,5.480320316865353,fuse-fused,
1464,simulation_0301,What is the length ((from the front to the back) of the car in meters?,A3MX,DS,9.849393988925149,fuse-fused,
1465,simulation_0301,What is the width (from the left wheel to the right wheel) of the car in meters?,A3MX,DS,5.278159549697231,fuse-fused,
1466,simulation_0301,What is the height of the car in meters?,A3MX,DS,,none,neither arm answered
1467,simulation_0301,What is the acceleration of the car at 2.0s in m/s^2?,A3MX,DD,3.469520602589149,fuse-fused,
1468,simulation_0302,What is the body length of the dragon in meters?,V3SX,DS,0.960769300388865,fuse-fused,
1469,simulation_0302,"What is the displacement of the dragon from 0.5 s to 1.0 s, in meters?",V3SX,DS,0.7458640142296473,fuse-fused,
1470,simulation_0303,What is the length of the plane in meters?,V3SX,DS,18.44681550285794,fuse-fused,
1471,simulation_0303,What is the width of the plane in meters?,V3SX,DS,1.5,fuse-primary-only,
1472,simulation_0303,"What is the displacement of the plane from 0.5 s to 1.0 s, in meters?",V3SX,DS,15.651814092953236,fuse-fused,
1473,simulation_0304,What is the length of the whale in meters?,V3SX,DS,1.5,fuse-primary-only,
1474,simulation_0304,"What is the displacement of the whale from 0.5 s to 1.0 s, in meters?",V3SX,DS,0.835,fuse-primary-only,
1475,simulation_0305,What is the length of the plane in meters?,V3SS,DS,22.010489302338794,fuse-fused,
1476,simulation_0305,What is the width of the plane in meters?,V3SS,DS,21.971795109542025,fuse-fused,
1477,simulation_0305,"What is the displacement of the plane from 0.5 s to 1.0 s, in meters?",V3SS,DS,15.695812191481204,fuse-fused,
1478,simulation_0306,What is the length of the whale in meters?,V3SS,DS,21.74091390912376,fuse-fused,
1479,simulation_0306,"What is the displacement of the whale from 0.5 s to 1.0 s, in meters?",V3SS,DS,0.835,fuse-primary-only,
1480,simulation_0307,What is the length of the plane in meters?,V3SC,DS,1.0,fuse-primary-only,
1481,simulation_0307,What is the width of the plane in meters?,V3SC,DS,15.089559123749378,fuse-fused,
1482,simulation_0307,"What is the displacement of the plane from 0.5 s to 1.0 s, in meters?",V3SC,DS,19.1578812898597,fuse-fused,
1483,simulation_0308,What is the length of the whale in meters?,V3SC,DS,16.569662464211234,fuse-fused,
1484,simulation_0308,"What is the displacement of the whale from 0.5 s to 1.0 s, in meters?",V3SC,DS,0.835,fuse-primary-only,
1485,simulation_0309,What is the body length of the dragon in meters?,V3SC,DS,1.370416392434516,fuse-fused,
1486,simulation_0309,"What is the displacement of the dragon from 0.5 s to 1.0 s, in meters?",V3SC,DS,0.8250875727771032,fuse-fused,
1487,simulation_0310,"What is the speed of the forklift at 1.0s, in m/s?",S3SC,SD,2.3960747239232836,fuse-fused,
1488,simulation_0310,"What is the speed of the forklift at 2.0s, in m/s?",S3SC,SD,2.501792744389446,fuse-fused,
1489,simulation_0310,What is the length(from the fork tips to the rear bumper) of the forklift in meters?,S3SC,SS,2.0261979457163215,fuse-fused,
1490,simulation_0310,What is the width(from the left wheel to the right wheel) of the forklift in meters?,S3SC,SS,1.630770583896547,fuse-fused,
1491,simulation_0310,What is the acceleration of the forklift at 1.0s in m/s^2?,S3SC,SD,1.68137388739913,fuse-fused,
1492,simulation_0311,"What is the speed of the car at 1.0s, in m/s?",S3SC,SD,5.57437782653939,fuse-fused,
1493,simulation_0311,"What is the speed of the car at 2.0s, in m/s?",S3SC,SD,5.473013797863574,fuse-fused,
1494,simulation_0311,What is the length ((from the front to the back) of the car in meters?,S3SC,SS,3.7673350597488047,fuse-fused,
1495,simulation_0311,What is the width (from the left wheel to the right wheel) of the car in meters?,S3SC,SS,1.8539631175597826,fuse-fused,
1496,simulation_0311,What is the acceleration of the car at 1.0s in m/s^2?,S3SC,SD,1.5653952385114187,fuse-fused,
1497,simulation_0016,What is the width of the pedestal (square base) of the central sculpture in meters?,V3MC,DS,9.14,fuse-primary-only,
1498,simulation_0016,What is the width of the bench seat in the atrium in meters?,V3MC,DS,0.8727553445957048,fuse-fused,
1499,simulation_0016,What is the length of the bench seat in the atrium in meters?,V3MC,DS,10.6,fuse-primary-only,
1500,simulation_0030,What is the length of the eagle in meters?,V3MC,DS,,none,neither arm answered
1501,simulation_0140,What is the height of each window frame in meters?,S3MC,SS,34.5,fuse-secondary-only,
1502,simulation_0140,What is the width of the letter neon sign in meters?,S3MC,SS,10.36,fuse-secondary-only,
1503,simulation_0140,What is the height of the letter neon sign in meters?,S3MC,SS,2.96,fuse-secondary-only,
1504,simulation_0140,What is the distance between the bird’s flight path and the wall with the neon sign?,S3MC,SS,9.5,fuse-secondary-only,
1505,simulation_0140,What is the total length of the bird’s flight path in meters?,S3MC,SS,0.6438511295676068,fuse-fused,
1506,simulation_0140,What is the velocity of the bird at 1.0s in m/s?,S3MC,SD,0.9089357528467976,fuse-fused,
1507,simulation_0141,What is the height of the man in meters?,V3MC,DS,,none,neither arm answered
1508,simulation_0141,What is the total distance the man walked in meters?,V3MC,DS,0.8465,fuse-primary-only,
1509,simulation_0141,What is the side length of the floor tile in meters?,V3MC,DS,0.6,fuse-primary-only,
1510,simulation_0141,What is the distance from the man’s foot to the left wall in meters?,V3MC,DS,12.526876530844392,fuse-fused,
1511,simulation_0141,What is the distance from the man’s foot to the right wall in meters?,V3MC,DS,2.5,fuse-primary-only,
1512,simulation_0144,What is the diameter of the tire in meters?,S3MC,SS,,none,neither arm answered
1513,simulation_0144,What is the width of the vehicle in meters?,S3MC,SS,5.45254448219034,fuse-fused,
1514,simulation_0144,What is the average speed of the rocket in m/s?,S3MC,SD,3.874,fuse-secondary-only,
1515,simulation_0144,What is the speed of the rocket at time 1s in m/s?,S3MC,SD,,none,neither arm answered
1516,simulation_0144,What is the acceleration of the rocket at time 1s in m/s^2?,S3MC,SD,17.611659954772996,fuse-fused,
1517,simulation_0144,"What is the width of the road the vehicle is on, in meters?",S3MC,SD,,none,neither arm answered
1518,simulation_0149,What is the width of the car in meters?,S3MC,SS,2.763632337435519,fuse-fused,
1519,simulation_0149,"What is the height, in meters, of the black-and-white collision warning markings on the pillar?",S3MC,SS,1.1219009468181336,fuse-fused,
1520,simulation_0149,"What is the width of the pillar, in meters, with the collision warning markings on it?",S3MC,SS,1.3766084962770888,fuse-fused,
1521,simulation_0149,What is the speed of the car at time 0.5s in m/s?,S3MC,SD,,none,neither arm answered
1522,simulation_0149,What is the acceleration of the car at time 0.5s in m/s^2?,S3MC,SD,,none,neither arm answered
1523,simulation_0149,What is the speed of the car at time 1s in m/s?,S3MC,SD,5.65935363332233,fuse-fused,
1524,simulation_0149,What is the acceleration of the car at time 1s in m/s?,S3MC,SD,,none,neither arm answered
1525,simulation_0150,What is the width of the car in meters?,S3MC,SS,7.283211820574112,fuse-fused,
1526,simulation_0150,"What is the height, in meters, of the black-and-white collision warning markings on the pillar?",S3MC,SS,0.47635334825560766,fuse-fused,
1527,simulation_0150,"What is the width of the pillar, in meters, with the collision warning markings on it?",S3MC,SS,0.7890793354102112,fuse-fused,
1528,simulation_0150,What is the speed of the car at time 0.5s in m/s?,S3MC,SD,,none,neither arm answered
1529,simulation_0150,What is the acceleration of the car at time 0.5s in m/s^2?,S3MC,SD,,none,neither arm answered
1530,simulation_0150,What is the speed of the car at time 1s in m/s?,S3MC,SD,,none,neither arm answered
1531,simulation_0150,What is the acceleration of the car at time 1s in m/s^2?,S3MC,SD,,none,neither arm answered
1532,simulation_0150,"What is the width, in meters, of the 'B1' lettering on the wall behind the car?",S3MC,SS,0.9472949527767403,fuse-fused,
1533,simulation_0150,"What is the height, in meters, of the 'B1' lettering on the wall behind the car?",S3MC,SS,1.078860482626803,fuse-fused,
1534,simulation_0150,"What is the distance, in meters, between the pillars on one side?",S3MC,SS,1.2396948677055284,fuse-fused,
1535,simulation_0151,"What is the width, in meters, of the blue car?",S3MC,SS,1.660088922361574,fuse-fused,
1536,simulation_0151,What is the speed of the yellow car at time 1s in m/s?,S3MC,SD,7.630203025861368,fuse-fused,
1537,simulation_0151,What is the acceleration of the yellow car at time 1s in m/s^2?,S3MC,SD,,none,neither arm answered
1538,simulation_0151,What is the speed of the blue car at time 1s in m/s?,S3MC,SD,,none,neither arm answered
1539,simulation_0151,What is the acceleration of the blue car at time 1s in m/s^2?,S3MC,SD,,none,neither arm answered
1540,simulation_0152,"What is the width, in meters, of the blue car?",S3MC,SS,1.1924686632310513,fuse-fused,
1541,simulation_0152,What is the speed of the yellow car at time 1s in m/s?,S3MC,SD,,none,neither arm answered
1542,simulation_0152,What is the acceleration of the yellow car at time 1s in m/s^2?,S3MC,SD,,none,neither arm answered
1543,simulation_0152,What is the speed of the blue car at time 1s in m/s?,S3MC,SD,,none,neither arm answered
1544,simulation_0152,What is the acceleration of the blue car at time 1s in m/s^2?,S3MC,SD,,none,neither arm answered
1545,simulation_0159,How long is the turtle in meters?,A3MS,DS,0.6568092107892426,fuse-fused,
1546,simulation_0159,What is the speed of the turtle at time 1s in m/s?,A3MS,DD,1.3174231230446884,fuse-fused,
1547,simulation_0159,What is the speed of the turtle at time 1.5s in m/s?,A3MS,DD,1.212278668850156,fuse-fused,
1548,simulation_0159,How long is the shark in meters?,A3MS,DS,4.5,fuse-primary-only,
1549,simulation_0159,What is the difference in water depth between the centers of the shark’s body and the turtle’s body in meters?,A3MS,DS,,none,neither arm answered
1550,simulation_0159,What is the acceleration of the shark at 0.5s in m/s^2?,A3MS,DD,0.3032042101021407,fuse-fused,
1551,simulation_0159,What is the speed of the shark at time 1s in m/s?,A3MS,DD,1.946730771319478,fuse-fused,
1552,simulation_0159,What is the speed of the shark at time 1.5s in m/s?,A3MS,DD,2.1985344307492127,fuse-fused,
1553,simulation_0195,What is the orbital diameter of the Callisto model in meters?,V3MS,DS,,none,neither arm answered
1554,simulation_0195,What is the diameter of the model of Callisto (orbiting model) in meters?,V3MS,DS,,none,neither arm answered
1555,simulation_0195,What is the diameter of the model of Jupiter (the one at the center) in meters?,V3MS,DS,11.2,fuse-primary-only,
1556,simulation_0202,What is the length of the table in meters?,A3MC,DS,1.416,fuse-primary-only,
1557,simulation_0202,What is the width of the table in meters?,A3MC,DS,3.593,fuse-primary-only,
1558,simulation_0202,What is the length of the typewriter in meters?,A3MC,DS,,none,neither arm answered
1559,simulation_0202,What is the width of the typewriter in meters?,A3MC,DS,0.35,fuse-primary-only,
1560,simulation_0202,What is the height of the typewriter in meters?,A3MC,DS,,none,neither arm answered
1561,simulation_0202,What is the width of the paper next to the magnifying glass in meters?,A3MC,DS,0.1,fuse-primary-only,
1562,simulation_0202,What is the speed of the magnifying glass at time 0.125s in m/s?,A3MC,DD,1.225,fuse-primary-only,
1563,simulation_0202,What is the speed of the magnifying glass at time 0.25s in m/s?,A3MC,DD,2.45,fuse-primary-only,
1564,simulation_0202,What is the speed of the magnifying glass at time 0.333s in m/s?,A3MC,DD,3.2634,fuse-primary-only,
1565,simulation_0205,What is the length of the table in meters?,A3MS,DS,1.416,fuse-primary-only,
1566,simulation_0205,What is the width of the table in meters?,A3MS,DS,22.426517285480507,fuse-fused,
1567,simulation_0205,What is the length of the typewriter in meters?,A3MS,DS,0.12,fuse-primary-only,
1568,simulation_0205,What is the width of the typewriter in meters?,A3MS,DS,0.24,fuse-primary-only,
1569,simulation_0205,What is the height of the typewriter in meters?,A3MS,DS,0.042,fuse-primary-only,
1570,simulation_0205,What is the speed of the magnifying glass at time 0.125s in m/s?,A3MS,DD,2.04298663976684,fuse-fused,
1571,simulation_0205,What is the speed of the magnifying glass at time 0.25s in m/s?,A3MS,DD,2.515211588087248,fuse-fused,
1572,simulation_0205,What is the speed of the magnifying glass at time 0.333s in m/s?,A3MS,DD,2.7411057629221984,fuse-fused,
1573,simulation_0206,What is the length of the table in meters?,A3MC,DS,1.416,fuse-primary-only,
1574,simulation_0206,What is the width of the table in meters?,A3MC,DS,1.416,fuse-primary-only,
1575,simulation_0206,What is the length of the typewriter in meters?,A3MC,DS,0.45,fuse-primary-only,
1576,simulation_0206,What is the width of the typewriter in meters?,A3MC,DS,0.3,fuse-primary-only,
1577,simulation_0206,What is the height of the typewriter in meters?,A3MC,DS,1.3555838235611477,fuse-fused,
1578,simulation_0206,What is the speed of the typewriter at time 0.125s in m/s?,A3MC,DD,1.225,fuse-primary-only,
1579,simulation_0206,What is the speed of the typewriter at time 0.25s in m/s?,A3MC,DD,7.504846035308876,fuse-fused,
1580,simulation_0206,What is the speed of the typewriter at time 0.333s in m/s?,A3MC,DD,8.178865275057484,fuse-fused,
1581,simulation_0206,What is the width of the paper next to the typewriter in meters?,A3MC,DS,0.1,fuse-primary-only,
1582,simulation_0206,What is the length of the letter placed under the gun in meters?,A3MC,DS,0.15,fuse-primary-only,
1583,simulation_0209,What is the length of the table in meters?,A3MS,DS,1.7077330736542353,fuse-fused,
1584,simulation_0209,What is the length of the typewriter in meters?,A3MS,DS,1.3464726606994568,fuse-fused,
1585,simulation_0209,What is the height of the typewriter in meters?,A3MS,DS,4.704,fuse-primary-only,
1586,simulation_0209,What is the length of the letter placed under the gun in meters?,A3MS,DS,4.704,fuse-primary-only,
1587,simulation_0209,What is the speed of the typewriter at time 0.125s in m/s?,A3MS,DD,0.8477284339687464,fuse-fused,
1588,simulation_0209,What is the speed of the typewriter at time 0.25s in m/s?,A3MS,DD,1.043676125514257,fuse-fused,
1589,simulation_0209,What is the speed of the typewriter at time 0.333s in m/s?,A3MS,DD,1.1370542966914432,fuse-fused,
1590,simulation_0209,What is the width of the table in meters?,A3MS,DS,1.928623113309727,fuse-fused,
1591,simulation_0209,What is the width of the typewriter in meters?,A3MS,DS,0.225,fuse-primary-only,
1592,simulation_0211,What is the length of the black cat (including its tail) in meters?,V3MS,DS,,none,neither arm answered
1593,simulation_0211,What is the height of the black cat (including its tail) in meters?,V3MS,DS,5.0,fuse-primary-only,
1594,simulation_0211,What is the length of the wooden bench in meters?,V3MS,DS,1.1583344175378447,fuse-fused,
1595,simulation_0211,What is the height of the wooden bench in meters?,V3MS,DS,0.6161466172582424,fuse-fused,
1596,simulation_0211,What is the height of the lampshade of the table lamp in meters?,V3MS,DS,0.31050612977179187,fuse-fused,
1597,simulation_0211,What is the diameter of the lampshade of the table lamp in meters?,V3MS,DS,0.37569975860287935,fuse-fused,
1598,simulation_0211,What is the height of the table lamp in meters?,V3MS,DS,0.6140059404291562,fuse-fused,
1599,simulation_0211,What is the height of the vase in meters?,V3MS,DS,0.47432328954136527,fuse-fused,
1600,simulation_0211,What is the height of the floor mirror in meters?,V3MS,DS,,none,neither arm answered
1601,simulation_0211,What is the length of the floor mirror in meters?,V3MS,DS,1.1803054223616436,fuse-fused,
1602,simulation_0211,What is the distance in meters between the black cat and the camera at 0.5 s?,V3MS,DS,4.138282263450894,fuse-fused,
1603,simulation_0211,What is the distance in meters between the black cat and the camera at 1.5 s?,V3MS,DS,3.886843146336313,fuse-fused,
1604,simulation_0212,What is the length of the black cat (including its tail) in meters?,V3MC,DS,0.7009739505034324,fuse-fused,
1605,simulation_0212,What is the height of the black cat (including its tail) in meters?,V3MC,DS,0.6085230482811103,fuse-fused,
1606,simulation_0212,What is the length of the wooden bench in meters?,V3MC,DS,1.2735675112655465,fuse-fused,
1607,simulation_0212,What is the height of the wooden bench in meters?,V3MC,DS,0.6767558423659725,fuse-fused,
1608,simulation_0212,What is the height of the lampshade of the table lamp in meters?,V3MC,DS,0.38649870705772343,fuse-fused,
1609,simulation_0212,What is the diameter of the lampshade of the table lamp in meters?,V3MC,DS,2.0,fuse-primary-only,
1610,simulation_0212,What is the height of the table lamp in meters?,V3MC,DS,,none,neither arm answered
1611,simulation_0212,What is the height of the vase in meters?,V3MC,DS,0.5313161824010703,fuse-fused,
1612,simulation_0212,What is the height of the floor mirror in meters?,V3MC,DS,1.9024994938840054,fuse-fused,
1613,simulation_0212,What is the width of the floor mirror in meters?,V3MC,DS,5.69,fuse-primary-only,
1614,simulation_0212,What is the distance in meters between the black cat and the camera at 0.5 s?,V3MC,DS,,none,neither arm answered
1615,simulation_0212,What is the distance in meters between the black cat and the camera at 1.5 s?,V3MC,DS,3.886843146336313,fuse-fused,
1616,simulation_0212,What is the speed of the dog at time 1s in m/s?,V3MC,DD,1.8608765866628463,fuse-fused,
1617,simulation_0212,What is the speed of the dog at time 1.5s in m/s?,V3MC,DD,,none,neither arm answered
1618,simulation_0212,What is the length of the dog (including its tail) in meters?,V3MC,DS,0.915630668901231,fuse-fused,
1619,simulation_0212,What is the height of the dog (including its tail) in meters?,V3MC,DS,0.9379377763304941,fuse-fused,
1620,simulation_0242,What is the length of the brown horse in meters?,V3MC,DS,1.917655458464878,fuse-fused,
1621,simulation_0242,What is the width of the house in meters?,V3MC,DS,10.171548814109125,fuse-fused,
1622,simulation_0242,What is the width of each glass window in meters?,V3MC,DS,0.8219034071316047,fuse-fused,
1623,simulation_0242,What is the average speed of the white horse in m/s?,V3MC,DD,,none,neither arm answered
1624,simulation_0242,What is the length of the white horse in meters?,V3MC,DS,2.8449238887048285,fuse-fused,
1625,simulation_0242,What is the average speed of the rabbit in m/s?,V3MC,DD,0.155,fuse-primary-only,
1626,simulation_0242,What is the length of the rabbit in meters?,V3MC,DS,0.4804426672900307,fuse-fused,
1627,simulation_0247,What is the length of the rabbit in meters?,V2MS,DS,,none,neither arm answered
1628,simulation_0247,What is the length of the deer in meters?,V2MS,DS,0.3,fuse-primary-only,
1629,simulation_0247,What is the average speed of the rabbit in m/s?,V2MS,DD,,none,neither arm answered
1630,simulation_0312,What is the average speed of the star from the beginning to the end in meters?,S3SX,SD,1.793,fuse-secondary-only,
1631,simulation_0312,What is the width of the star in meters?,S3SX,SS,0.2013039772772537,fuse-fused,
1632,simulation_0312,What is the thickness of the star in meters?,S3SX,SS,,none,neither arm answered
1633,simulation_0009_segmented,What is the length of the boat in meters?,V3MX,DS,1.9583505347709553,fuse-fused,
1634,simulation_0009_segmented,What is the width of the boat in meters?,V3MX,DS,,none,neither arm answered
1635,simulation_0009_segmented,What is the height of the boat in meters?,V3MX,DS,,none,neither arm answered
1636,simulation_0009_segmented,What is the width of the wooden pier in meters?,V3MX,DS,,none,neither arm answered
1637,simulation_0009_segmented,What is the length of the pier from the shore-side edge to the water-side edge in meters?,V3MX,DS,7.962635118251651,fuse-fused,
1638,simulation_0009_segmented,"When t=3s, what is the minimum distance from the outer end of the pier to the boat in meters?",V3MX,DS,4.179799346143805,fuse-fused,
1639,simulation_0009_segmented,What is the width of the wooden steps in meters?,V3MX,DS,1.5893080936188344,fuse-fused,
1640,simulation_0009_segmented,What is the height of the pier deck above the water surface in meters?,V3MX,DS,,none,neither arm answered
1641,simulation_0009_segmented,What is the height of the cabin floor above the ground in meters?,V3MX,DS,,none,neither arm answered
1642,simulation_0010_segmented,What is the width between the two widest eaves of the small house in meters?,V3MX,SS,5.895466128324668,fuse-fused,
1643,simulation_0010_segmented,What is the height of the house’s door in meters?,V3MX,SS,,none,neither arm answered
1644,simulation_0010_segmented,What is the maximum height of the cart from the ground in meters?,V3MX,SS,2.0527135990437717,fuse-fused,
1645,simulation_0010_segmented,What is the diameter of the cart’s wheels in meters?,V3MX,SS,1.7539007409448608,fuse-fused,
1646,simulation_0010_segmented,What is the average flight speed of the bird in m/s?,V3MX,SD,0.585,fuse-secondary-only,
1647,simulation_0012_segmented,What is the width between the two widest eaves of the house in meters?,V2MX,DS,10.249494359325293,fuse-fused,
1648,simulation_0012_segmented,What is the length of the bird in meters?,V2MX,DS,0.1,fuse-primary-only,
1649,simulation_0012_segmented,How wide is the bird's wingspan when it spreads its wings in meters?,V2MX,DS,,none,neither arm answered
1650,simulation_0017_segmented,What is the height of the person in meters?,V3MX,DS,1.549743134889274,fuse-fused,
1651,simulation_0017_segmented,What is the width of the pedestal (square base) of the central sculpture in meters?,V3MX,DS,1.0823577419401391,fuse-fused,
1652,simulation_0017_segmented,What is the height of the pedestal (square base) of the central sculpture in meters?,V3MX,DS,,none,neither arm answered
1653,simulation_0017_segmented,What is the height of the bench seat in the atrium in meters?,V3MX,DS,,none,neither arm answered
1654,simulation_0017_segmented,What is the length of the bench seat in the atrium in meters?,V3MX,DS,1.0,fuse-primary-only,
1655,simulation_0017_segmented,What is the height of the central sculpture itself (excluding the pedestal) in meters?,V3MX,DS,,none,neither arm answered
1656,simulation_0017_segmented,What is the width of the freestanding art display panel in meters?,V3MX,DS,5.370481747594604,fuse-fused,
1657,simulation_0017_segmented,What is the height of the freestanding art display panel in meters?,V3MX,DS,1.604970544140985,fuse-fused,
1658,simulation_0019_segmented,What is the average walking speed of the person in m/s?,S3MX,SD,0.35,fuse-secondary-only,
1659,simulation_0019_segmented,What is the width of the pedestal (square base) of the central sculpture in meters?,S3MX,SS,1.9711610043268069,fuse-fused,
1660,simulation_0019_segmented,What is the height of the pedestal (square base) of the central sculpture in meters?,S3MX,SS,1.4733635837469499,fuse-fused,
1661,simulation_0019_segmented,What is the height of the central sculpture itself (excluding the pedestal) in meters?,S3MX,SS,2.2980691454828124,fuse-fused,
1662,simulation_0019_segmented,What is the width of the freestanding art display panel in meters?,S3MX,SS,2.7893246039116852,fuse-fused,
1663,simulation_0019_segmented,What is the height of the freestanding art display panel in meters?,S3MX,SS,4.2510200727809275,fuse-fused,
1664,simulation_0021_segmented,What is the average walking speed of the person in meters?,S3MX,SD,0.114,fuse-secondary-only,
1665,simulation_0021_segmented,What is the height of the fire hydrant in meters?,S3MX,SS,1.6361647989797994,fuse-fused,
1666,simulation_0021_segmented,What is the height of the streetlight in meters?,S3MX,SS,9.327872777209592,fuse-fused,
1667,simulation_0022_segmented,What is the average walking speed of the person in meters?,S3MX,SD,,none,neither arm answered
1668,simulation_0022_segmented,What is the height of the boat in meters?,S3MX,SS,,none,neither arm answered
1669,simulation_0022_segmented,What is the length of the rock in meters?,S3MX,SS,15.912637961186357,fuse-fused,
1670,simulation_0022_segmented,What is the height of the rock in meters?,S3MX,SS,10.514013231933463,fuse-fused,
1671,simulation_0023_segmented,What is the average speed of the boat in m/s?,V3MX,DD,3.501292700405703,fuse-fused,
1672,simulation_0023_segmented,What is the height of the boat in meters?,V3MX,DS,,none,neither arm answered
1673,simulation_0023_segmented,What is the length of the boat in meters?,V3MX,DS,108.275,fuse-primary-only,
1674,simulation_0023_segmented,What is the length of the eagle in meters?,V3MX,DS,0.5,fuse-primary-only,
1675,simulation_0023_segmented,What is the eagle’s wingspan (the distance from the tip of one wing to the tip of the other when fully spread) in meters?,V3MX,DS,,none,neither arm answered
1676,simulation_0024_segmented,What is the height of the boat in meters?,V3MX,DS,,none,neither arm answered
1677,simulation_0024_segmented,What is the length of the boat in meters?,V3MX,DS,1.0,fuse-primary-only,
1678,simulation_0024_segmented,What is the width of the boat in meters?,V3MX,DS,7.24091297986912,fuse-fused,
1679,simulation_0024_segmented,What is the length of the rock in meters?,V3MX,DS,,none,neither arm answered
1680,simulation_0024_segmented,What is the height of the rock in meters?,V3MX,DS,,none,neither arm answered
1681,simulation_0024_segmented,What is the width of the rock in meters?,V3MX,DS,,none,neither arm answered
1682,simulation_0025_segmented,What is the average speed of the eagle in m/s?,V3MX,DD,7.7719,fuse-primary-only,
1683,simulation_0025_segmented,What is the length of the eagle in meters?,V3MX,DS,,none,neither arm answered
1684,simulation_0025_segmented,What is the eagle’s wingspan (the distance from the tip of one wing to the tip of the other when fully spread) in meters?,V3MX,DS,,none,neither arm answered
1685,simulation_0025_segmented,What is the height of the person in meters?,V3MX,DS,,none,neither arm answered
1686,simulation_0026_segmented,What is the height of the boat in meters?,S3MX,SS,4.439596816151548,fuse-fused,
1687,simulation_0026_segmented,What is the length of the boat in meters?,S3MX,SS,2.0,fuse-secondary-only,
1688,simulation_0026_segmented,What is the average speed of the person in m/s?,S3MX,SD,,none,neither arm answered
1689,simulation_0027_segmented,What is the length of the rock in meters?,S3MX,SS,19.176021913904734,fuse-fused,
1690,simulation_0027_segmented,What is the height of the rock in meters?,S3MX,SS,14.266624610917237,fuse-fused,
1691,simulation_0027_segmented,What is the width of the rock in meters?,S3MX,SS,19.176021913904734,fuse-fused,
1692,simulation_0027_segmented,What is the speed of the person in m/s?,S3MX,SD,0.0358,fuse-secondary-only,
1693,simulation_0028_segmented,What is the eagle’s wingspan (the distance from the tip of one wing to the tip of the other when fully spread) in meters?,S3MX,SS,,none,neither arm answered
1694,simulation_0028_segmented,What is the average speed of the eagle in m/s?,S3MX,SD,0.6199740096269781,fuse-fused,
1695,simulation_0028_segmented,What is the length of the rock in meters?,S3MX,SS,8.0,fuse-secondary-only,
1696,simulation_0028_segmented,What is the height of the rock in meters?,S3MX,SS,8.0,fuse-secondary-only,
1697,simulation_0028_segmented,What is the width of the rock in meters?,S3MX,SS,8.0,fuse-secondary-only,
1698,simulation_0029_segmented,What is the length of the eagle in meters?,V3MX,DS,9.14140355445085,fuse-fused,
1699,simulation_0029_segmented,What is the height of the boat in meters?,V3MX,DS,,none,neither arm answered
1700,simulation_0029_segmented,What is the length of the boat in meters?,V3MX,DS,5.672451946639534,fuse-fused,
1701,simulation_0029_segmented,What is the average speed of the boat in m/s?,V3MX,DD,3.650058093814675,fuse-fused,
1702,simulation_0031_segmented,What is the height of the person in meters?,V3MX,DS,3.611466130102043,fuse-fused,
1703,simulation_0031_segmented,What is the height of the boat in meters?,V3MX,DS,,none,neither arm answered
1704,simulation_0031_segmented,What is the length of the boat in meters?,V3MX,DS,133.7433,fuse-primary-only,
1705,simulation_0031_segmented,What is the width of the boat in meters?,V3MX,DS,5.176568292639134,fuse-fused,
1706,simulation_0031_segmented,What is the average speed of the boat in m/s?,V3MX,DD,4.2301941824670495,fuse-fused,
1707,simulation_0031_segmented,What is the length of the eagle in meters?,V3MX,DS,,none,neither arm answered
1708,simulation_0031_segmented,What is the average speed of the eagle in m/s?,V3MX,DD,16.500101586552045,fuse-fused,
1709,simulation_0031_segmented,What is the eagle’s wingspan (the distance from the tip of one wing to the tip of the other when fully spread) in meters?,V3MX,DS,,none,neither arm answered
1710,simulation_0032_segmented,What is the height of the person in meters?,A3MX,DS,,none,neither arm answered
1711,simulation_0032_segmented,What is the initial velocity of the ball in m/s?,A3MX,DD,1.0,fuse-primary-only,
1712,simulation_0032_segmented,What is the diameter of the ball in meters?,A3MX,DS,0.24,fuse-primary-only,
1713,simulation_0032_segmented,What is the acceleration of the orange car at 2s in m/s^2?,A3MX,DD,,none,neither arm answered
1714,simulation_0032_segmented,What is the average speed of the green car in m/s?,A3MX,DD,5.1876,fuse-primary-only,
1715,simulation_0034_segmented,What is the average speed of the boat in m/s?,S3MX,SD,4.050536950470016,fuse-fused,
1716,simulation_0034_segmented,What is the height of the boat in meters?,S3MX,SS,9.923475693664141,fuse-fused,
1717,simulation_0034_segmented,What is the width of the boat in meters?,S3MX,SS,,none,neither arm answered
1718,simulation_0034_segmented,What is the average speed of the person in m/s?,S3MX,SD,,none,neither arm answered
1719,simulation_0034_segmented,What is the eagle’s wingspan (the distance from the tip of one wing to the tip of the other when fully spread) in meters?,S3MX,SS,1.75,fuse-secondary-only,
1720,simulation_0034_segmented,What is the average speed of the eagle in m/s?,S3MX,SD,11.764613421286983,fuse-fused,
1721,simulation_0035_segmented,What is the average speed of the person in m/s?,S3MX,SD,,none,neither arm answered
1722,simulation_0035_segmented,What is the eagle’s wingspan (the distance from the tip of one wing to the tip of the other when fully spread) in meters?,S3MX,SS,1.3070371969089423,fuse-fused,
1723,simulation_0035_segmented,What is the average speed of the eagle in m/s?,S3MX,SD,8.43301044551805,fuse-fused,
1724,simulation_0035_segmented,What is the length of the eagle in meters?,S3MX,SS,1.5042545862233712,fuse-fused,
1725,simulation_0036_segmented,What is the height of the boat in meters?,S3MX,SS,,none,neither arm answered
1726,simulation_0036_segmented,What is the height of the person in meters?,S3MX,SS,1.1953029901250054,fuse-fused,
1727,simulation_0036_segmented,What is the average speed of the boat in m/s?,S3MX,SD,3.0965332443018196,fuse-fused,
1728,simulation_0036_segmented,What is the average speed of the person in m/s?,S3MX,SD,,none,neither arm answered
1729,simulation_0037_segmented,What is the height of the person in meters?,V3MX,DS,,none,neither arm answered
1730,simulation_0037_segmented,What is the length of the rock in meters?,V3MX,DS,122.8569,fuse-primary-only,
1731,simulation_0037_segmented,What is the height of the rock in meters?,V3MX,DS,3.0115153644328414,fuse-fused,
1732,simulation_0038_segmented,What is the length of the rock in meters?,V3MX,DS,170.0,fuse-primary-only,
1733,simulation_0038_segmented,What is the width of the rock in meters?,V3MX,DS,,none,neither arm answered
1734,simulation_0038_segmented,What is the height of the person in meters?,V3MX,DS,,none,neither arm answered
1735,simulation_0039_segmented,What is the height of the person in meters?,V3MX,DS,100.0,fuse-primary-only,
1736,simulation_0039_segmented,What is the average speed of the person in m/s?,V3MX,DD,0.0918,fuse-primary-only,
1737,simulation_0039_segmented,What is the height of the boat in meters?,V3MX,DS,177.0,fuse-primary-only,
1738,simulation_0039_segmented,What is the length of the boat in meters?,V3MX,DS,1.0,fuse-primary-only,
1739,simulation_0039_segmented,What is the width of the boat in meters?,V3MX,DS,177.9,fuse-primary-only,
1740,simulation_0039_segmented,What is the length of the eagle in meters?,V3MX,DS,6.002641116860254,fuse-fused,
1741,simulation_0039_segmented,What is the eagle’s wingspan (the distance from the tip of one wing to the tip of the other when fully spread) in meters?,V3MX,DS,2.5243156500421366,fuse-fused,
1742,simulation_0039_segmented,What is the average speed of the eagle in m/s?,V3MX,DD,3.6390989245440237,fuse-fused,
1743,simulation_0041_segmented,What is the height of the boat in meters?,S2MX,SS,6.692649942352732,fuse-fused,
1744,simulation_0041_segmented,What is the length of the boat in meters?,S2MX,SS,10.097717310937552,fuse-fused,
1745,simulation_0041_segmented,What is the width of the boat in meters?,S2MX,SS,9.18483270586628,fuse-fused,
1746,simulation_0041_segmented,What is the average speed of the boat in m/s?,S2MX,SD,4.574533082946632,fuse-fused,
1747,simulation_0041_segmented,What is the average speed of the person in m/s?,S2MX,SD,,none,neither arm answered
1748,simulation_0043_segmented,What is the height of the boat in meters?,S3MX,SS,4.111997740912899,fuse-fused,
1749,simulation_0043_segmented,What is the width of the boat in meters?,S3MX,SS,4.305116202499344,fuse-fused,
1750,simulation_0043_segmented,What is the average speed of the boat in m/s?,S3MX,SD,0.8422,fuse-secondary-only,
1751,simulation_0043_segmented,What is the width of the rock in meters?,S3MX,SS,64.51764896430453,fuse-fused,
1752,simulation_0048_segmented,What is the average speed of the walking person in m/s?,S3MX,SD,0.7388330251668066,fuse-fused,
1753,simulation_0048_segmented,What is the width of the telephone booth in meters?,S3MX,SS,2.818769365432865,fuse-fused,
1754,simulation_0048_segmented,What is the distance between the left pillar of the near door and the right pillar of the far door in meters?,S3MX,SS,,none,neither arm answered
1755,simulation_0048_segmented,"What is the height of the moving bicycle (from the handlebar to the ground, including below the wheel) in meters?",S3MX,SS,,none,neither arm answered
1756,simulation_0048_segmented,What is the average speed of the moving bicycle in m/s?,S3MX,SD,3.3216199424786903,fuse-fused,
1757,simulation_0048_segmented,What is the diameter of the wheel of the moving bicycle in meters?,S3MX,SS,0.6357667279801075,fuse-fused,
1758,simulation_0057_segmented,What is the length of the orange car in meters?,A2MX,DS,,none,neither arm answered
1759,simulation_0057_segmented,What is the distance between the two streetlights in meters?,A2MX,DS,,none,neither arm answered
1760,simulation_0057_segmented,What is the width of the orange car in meters?,A2MX,DS,,none,neither arm answered
1761,simulation_0066_segmented,What is the average speed of the yellow car in m/s？,A3MX,DD,3.1024,fuse-primary-only,
1762,simulation_0066_segmented,What is the width of the lane in meters?,A3MX,DS,10.0,fuse-primary-only,
1763,simulation_0066_segmented,What is the width of the white car in meters?,A3MX,DS,,none,neither arm answered
1764,simulation_0066_segmented,What is the length of the white car in meters？,A3MX,DS,3.5989,fuse-primary-only,
1765,simulation_0066_segmented,What is the height of the white car in meters？,A3MX,DS,,none,neither arm answered
1766,simulation_0066_segmented,What is the length of the turning yellow car in meters?,A3MX,DS,3.1,fuse-primary-only,
1767,simulation_0066_segmented,What is the height of the turning yellow car in meters?,A3MX,DS,,none,neither arm answered
1768,simulation_0066_segmented,What is the width of the turning yellow car in meters?,A3MX,DS,4.5,fuse-primary-only,
1769,simulation_0066_segmented,What is the diameter of the bicycle wheel in meters?,A3MX,DS,0.7,fuse-primary-only,
1770,simulation_0066_segmented,What is the average speed of the walking pedestrian in m/s?,A3MX,DD,0.10129752714910331,fuse-fused,
1771,simulation_0066_segmented,What is the height of the walking pedestrian in meters?,A3MX,DS,,none,neither arm answered
1772,simulation_0066_segmented,What is the average speed of the bicycle in m/s?,A3MX,DD,4.4135,fuse-primary-only,
1773,simulation_0066_segmented,What is the width of the green car in meters?,A3MX,DS,2.5,fuse-primary-only,
1774,simulation_0066_segmented,What is the length of the green car in meters?,A3MX,DS,4.5,fuse-primary-only,
1775,simulation_0066_segmented,What is the height of the green car in meters?,A3MX,DS,,none,neither arm answered
1776,simulation_0066_segmented,What is the width of the purple car in meters?,A3MX,DS,2.7,fuse-primary-only,
1777,simulation_0066_segmented,What is the height of the purple car in meters?,A3MX,DS,,none,neither arm answered
1778,simulation_0068_segmented,What is the average speed of the yellow car in m/s？,A2MX,DD,,none,neither arm answered
1779,simulation_0068_segmented,What is the length of the turning yellow car in meters?,A2MX,DS,,none,neither arm answered
1780,simulation_0068_segmented,What is the width of the turning yellow car in meters?,A2MX,DS,,none,neither arm answered
1781,simulation_0068_segmented,What is the width of the white car in meters?,A2MX,DS,,none,neither arm answered
1782,simulation_0068_segmented,What is the length of the white car in meters？,A2MX,DS,,none,neither arm answered
1783,simulation_0098_segmented,What is the average speed of the boat in m/s?,V2MX,DD,,none,neither arm answered
1784,simulation_0098_segmented,What is the length of the boat in meters?,V2MX,DS,11.310610383756101,fuse-fused,
1785,simulation_0098_segmented,What is the length of the shark in meters?,V2MX,DS,3.4870090619534198,fuse-fused,
1786,simulation_0098_segmented,What is the height of the shark in meters?,V2MX,DS,1.867494417189215,fuse-fused,
1787,simulation_0099_segmented,What is the average speed of the boat in m/s?,S2MX,SD,8.155302938778574,fuse-fused,
1788,simulation_0099_segmented,What is the average speed of the shark in m/s?,S2MX,SD,25.0,fuse-primary-only,
1789,simulation_0099_segmented,What is the length of the shark in meters?,S2MX,SS,2.262345144617169,fuse-fused,
1790,simulation_0099_segmented,What is the height of the shark in meters?,S2MX,SS,1.1518183420252004,fuse-fused,
1791,simulation_0100_segmented,What is the average speed of the boat in m/s?,S2MX,SD,,none,neither arm answered
1792,simulation_0100_segmented,What is the average speed of the shark in m/s?,S2MX,SD,,none,neither arm answered
1793,simulation_0100_segmented,What is the length of the shark in meters?,S2MX,SS,2.299859745934501,fuse-fused,
1794,simulation_0100_segmented,What is the height of the shark in meters?,S2MX,SS,1.1507946960397935,fuse-fused,
1795,simulation_0101_segmented,What is the initial speed of the shark in m/s?,A2MX,DD,,none,neither arm answered
1796,simulation_0101_segmented,What is the average speed of the boat in m/s?,A2MX,DD,,none,neither arm answered
1797,simulation_0101_segmented,What is the length of the boat in meters?,A2MX,DS,14.55366497721932,fuse-fused,
1798,simulation_0101_segmented,What is the length of the shark in meters?,A2MX,DS,,none,neither arm answered
1799,simulation_0101_segmented,What is the height of the shark in meters?,A2MX,DS,,none,neither arm answered
1800,simulation_0102_segmented,What is the initial speed of the shark in m/s?,A2MX,DD,,none,neither arm answered
1801,simulation_0102_segmented,What is the average speed of the boat in m/s?,A2MX,DD,2.548134594740059,fuse-fused,
1802,simulation_0102_segmented,What is the length of the boat in meters?,A2MX,DS,8.204461200685795,fuse-fused,
1803,simulation_0102_segmented,What is the length of the shark in meters?,A2MX,DS,2.287521896578981,fuse-fused,
1804,simulation_0102_segmented,What is the height of the shark in meters?,A2MX,DS,,none,neither arm answered
1805,simulation_0102_segmented,What is the distance between the shark and the boat at 0.5 s in meters?,A2MX,DS,0.5,fuse-primary-only,
1806,simulation_0103_segmented,What is the initial speed of the shark in m/s?,A2MX,DD,2.1658589341929453,fuse-fused,
1807,simulation_0103_segmented,What is the average speed of the boat in m/s?,A2MX,DD,,none,neither arm answered
1808,simulation_0103_segmented,What is the length of the boat in meters?,A2MX,DS,9.028537344365395,fuse-fused,
1809,simulation_0103_segmented,What is the length of the shark in meters?,A2MX,DS,,none,neither arm answered
1810,simulation_0103_segmented,What is the height of the shark in meters?,A2MX,DS,,none,neither arm answered
1811,simulation_0103_segmented,What is the distance between the shark and the boat at 0.5 s in meters?,A2MX,DS,0.125,fuse-primary-only,
1812,simulation_0112_segmented,What is the height of the car in meters?,V2MX,DS,,none,neither arm answered
1813,simulation_0112_segmented,What is the diameter of the wheel in meters?,V2MX,DS,0.6688076507126713,fuse-fused,
1814,simulation_0112_segmented,What is the length of the car in meters?,V2MX,DS,4.042580929686266,fuse-fused,
1815,simulation_0114_segmented,What is the width of the plane in meters?,A2SX,DS,,none,neither arm answered
1816,simulation_0114_segmented,What is the length of the plane in meters?,A2SX,DS,,none,neither arm answered
1817,simulation_0114_segmented,What is the speed of the plane at 1.5s in m/s?,A2SX,DD,26.1170148616959,fuse-fused,
1818,simulation_0115_segmented,What is the length of the boat in meters?,A2MX,DS,,none,neither arm answered
1819,simulation_0115_segmented,What is the width of the boat in meters?,A2MX,DS,,none,neither arm answered
1820,simulation_0115_segmented,What is the velocity of the boat at 1s in m/s?,A2MX,DD,3.0,fuse-primary-only,
1821,simulation_0115_segmented,What is the length of the wooden dock beside the boat in meters?,A2MX,DS,,none,neither arm answered
1822,simulation_0115_segmented,What is the width of the wooden dock beside the boat in meters?,A2MX,DS,,none,neither arm answered
1823,simulation_0116_segmented,What is the length of the football in meters?,A2MX,DS,0.28,fuse-primary-only,
1824,simulation_0116_segmented,What is the width of the football in meters?,A2MX,DS,0.23,fuse-primary-only,
1825,simulation_0116_segmented,What is the height of each door in meters?,A2MX,DS,,none,neither arm answered
1826,simulation_0116_segmented,What is the width of each door in meters?,A2MX,DS,,none,neither arm answered
1827,simulation_0116_segmented,What is the speed of the football at 0.5s in m/s?,A2MX,DD,4.9,fuse-primary-only,
1828,simulation_0121_segmented,What is the speed of the left first ball at 0.5s in m/s?,S2MX,SD,,none,neither arm answered
1829,simulation_0121_segmented,What is the speed of the left first ball at 1s in m/s?,S2MX,SD,2.124179028872957,fuse-fused,
1830,simulation_0121_segmented,What is the speed of the right last ball at 2s in m/s?,S2MX,SD,,none,neither arm answered
1831,simulation_0123_segmented,What is the length of the rolling cup in meters?,V2MX,DS,,none,neither arm answered
1832,simulation_0123_segmented,What is the diameter of the rolling cup in meters?,V2MX,DS,,none,neither arm answered
1833,simulation_0123_segmented,What is the length of the toothbrush lying on the sink in meters?,V2MX,DS,0.2,fuse-primary-only,
1834,simulation_0123_segmented,What is the diameter of the cup with the toothbrush in meters?,V2MX,DS,0.12,fuse-primary-only,
1835,simulation_0123_segmented,What is the length of the bottom towel of the three stacked towels on the sink in meters?,V2MX,DS,5.0,fuse-primary-only,
1836,simulation_0123_segmented,What is the width of the bottom towel of the three stacked towels on the sink in meters?,V2MX,DS,,none,neither arm answered
1837,simulation_0124_segmented,What is the average speed of the grey and red car in m/s?,V2MX,DD,22.792860247480437,fuse-fused,
1838,simulation_0124_segmented,What is the length of the grey and red car in meters?,V2MX,DS,,none,neither arm answered
1839,simulation_0124_segmented,What is the width of the grey and red car in meters?,V2MX,DS,3.3253275018889736,fuse-fused,
1840,simulation_0124_segmented,What is the length of the black car in meters?,V2MX,DS,,none,neither arm answered
1841,simulation_0124_segmented,What is the width of the black car in meters?,V2MX,DS,,none,neither arm answered
1842,simulation_0124_segmented,What is the horizontal distance between the two cars at 1 s in meters?,V2MX,DS,26.085,fuse-primary-only,
1843,simulation_0124_segmented,What is the smallest horizontal distance between the two cars in meters?,V2MX,DS,,none,neither arm answered
1844,simulation_0128_segmented,What is the diameter of the ball in meters?,A2MX,DS,0.05,fuse-primary-only,
1845,simulation_0129_segmented,What is the diameter of the ball in meters?,A2MX,DS,,none,neither arm answered
1846,simulation_0129_segmented,What is the length of the forklift in meters?,A2MX,DS,,none,neither arm answered
1847,simulation_0129_segmented,What is the height of the forklift in meters?,A2MX,DS,,none,neither arm answered
1848,simulation_0145_segmented,What is the diameter of the tire in meters?,S2MX,SS,0.5892218424466155,fuse-fused,
1849,simulation_0145_segmented,What is the average speed of the rocket in m/s?,S2MX,SD,,none,neither arm answered
1850,simulation_0145_segmented,What is the speed of the rocket at time 1s in m/s?,S2MX,SD,,none,neither arm answered
1851,simulation_0145_segmented,What is the acceleration of the rocket at time 1s in m/s^2?,S2MX,SD,,none,neither arm answered
1852,simulation_0153_segmented,What is the length of the blue car in meters (including the extending wire)?,S2SX,SS,0.41240368851077913,fuse-fused,
1853,simulation_0153_segmented,What is the speed of the blue car at time 1s in m/s?,S2SX,SD,,none,neither arm answered
1854,simulation_0153_segmented,What is the acceleration of the blue car at time 1s in m/s^2?,S2SX,SD,,none,neither arm answered
1855,simulation_0153_segmented,What is the speed of the blue car at time 1.5s in m/s?,S2SX,SD,,none,neither arm answered
1856,simulation_0153_segmented,What is the acceleration of the blue car at time 1.5s in m/s^2?,S2SX,SD,,none,neither arm answered
1857,simulation_0169_segmented,What is the speed of the astronaut at time 0.5s in m/s?,S2SX,SD,,none,neither arm answered
1858,simulation_0169_segmented,What is the acceleration of the astronaut at time 0.5s in m/s^2?,S2SX,SD,,none,neither arm answered
1859,simulation_0169_segmented,What is the speed of the astronaut at time 1s in m/s?,S2SX,SD,,none,neither arm answered
1860,simulation_0169_segmented,What is the acceleration of the astronaut at time 1s in m/s^2?,S2SX,SD,,none,neither arm answered
1861,simulation_0169_segmented,What is the speed of the astronaut at time 2s in m/s?,S2SX,SD,,none,neither arm answered
1862,simulation_0169_segmented,What is the acceleration of the astronaut at time 2s in m/s^2?,S2SX,SD,,none,neither arm answered
1863,simulation_0169_segmented,What is the speed of the astronaut at time 3s in m/s?,S2SX,SD,,none,neither arm answered
1864,simulation_0169_segmented,What is the acceleration of the astronaut at time 3s in m/s^2?,S2SX,SD,,none,neither arm answered
1865,simulation_0170_segmented,What is the speed of the astronaut at time 0.5s in m/s?,S3SX,SD,0.7823019322446166,fuse-fused,
1866,simulation_0170_segmented,What is the acceleration of the astronaut at time 0.5s in m/s^2?,S3SX,SD,,none,neither arm answered
1867,simulation_0170_segmented,What is the speed of the astronaut at time 1s in m/s?,S3SX,SD,1.2708532382796065,fuse-fused,
1868,simulation_0170_segmented,What is the acceleration of the astronaut at time 1s in m/s^2?,S3SX,SD,,none,neither arm answered
1869,simulation_0170_segmented,What is the speed of the astronaut at time 2s in m/s?,S3SX,SD,3.719301343792122,fuse-fused,
1870,simulation_0170_segmented,What is the acceleration of the astronaut at time 2s in m/s^2?,S3SX,SD,,none,neither arm answered
1871,simulation_0170_segmented,What is the speed of the astronaut at time 3s in m/s?,S3SX,SD,3.3947788387704962,fuse-fused,
1872,simulation_0170_segmented,What is the acceleration of the astronaut at time 3s in m/s^2?,S3SX,SD,,none,neither arm answered
1873,simulation_0171_segmented,What is the speed of the astronaut at time 0.5s in m/s?,S2SX,SD,,none,neither arm answered
1874,simulation_0171_segmented,What is the acceleration of the astronaut at time 0.5s in m/s^2?,S2SX,SD,,none,neither arm answered
1875,simulation_0171_segmented,What is the speed of the astronaut at time 1s in m/s?,S2SX,SD,,none,neither arm answered
1876,simulation_0171_segmented,What is the acceleration of the astronaut at time 1s in m/s^2?,S2SX,SD,,none,neither arm answered
1877,simulation_0171_segmented,What is the speed of the astronaut at time 2s in m/s?,S2SX,SD,,none,neither arm answered
1878,simulation_0171_segmented,What is the acceleration of the astronaut at time 2s in m/s^2?,S2SX,SD,,none,neither arm answered
1879,simulation_0171_segmented,What is the speed of the astronaut at time 3s in m/s?,S2SX,SD,,none,neither arm answered
1880,simulation_0171_segmented,What is the acceleration of the astronaut at time 3s in m/s^2?,S2SX,SD,,none,neither arm answered
1881,simulation_0172_segmented,What is the speed of the astronaut at time 0.5s in m/s?,S3SX,SD,18.147,fuse-secondary-only,
1882,simulation_0172_segmented,What is the acceleration of the astronaut at time 0.5s in m/s^2?,S3SX,SD,,none,neither arm answered
1883,simulation_0172_segmented,What is the speed of the astronaut at time 1s in m/s?,S3SX,SD,1.2401554651971027,fuse-fused,
1884,simulation_0172_segmented,What is the acceleration of the astronaut at time 1s in m/s^2?,S3SX,SD,,none,neither arm answered
1885,simulation_0172_segmented,What is the speed of the astronaut at time 2s in m/s?,S3SX,SD,1.9098045558245138,fuse-fused,
1886,simulation_0172_segmented,What is the acceleration of the astronaut at time 2s in m/s^2?,S3SX,SD,,none,neither arm answered
1887,simulation_0172_segmented,What is the speed of the astronaut at time 3s in m/s?,S3SX,SD,2.014638496921257,fuse-fused,
1888,simulation_0172_segmented,What is the acceleration of the astronaut at time 3s in m/s^2?,S3SX,SD,,none,neither arm answered
1889,simulation_0177_segmented,What is the height of the elephant in meters?,V2SX,DS,,none,neither arm answered
1890,simulation_0177_segmented,What is the displacement of the elephant in meters?,V2SX,DS,,none,neither arm answered
1891,simulation_0178_segmented,What is the average speed of the small elephant in m/s?,V2MX,DD,2.3463448812558285,fuse-fused,
1892,simulation_0178_segmented,What is the height of the big elephant in meters?,V2MX,DS,,none,neither arm answered
1893,simulation_0178_segmented,What is the height of the small elephant in meters?,V2MX,DD,,none,neither arm answered
1894,simulation_0178_segmented,What is the displacement of the big elephant in meters?,V2MX,DS,4.815929594826461,fuse-fused,
1895,simulation_0178_segmented,What is the displacement of the small elephant in meters?,V2MX,DS,,none,neither arm answered
1896,simulation_0188_segmented,What is the length of the truck in meters?,A3SX,DS,0.5,fuse-primary-only,
1897,simulation_0188_segmented,What is the height of the truck in meters?,A3SX,DS,,none,neither arm answered
1898,simulation_0188_segmented,What is the diameter of the truck's tire in meters?,A3SX,DS,1.5337177994346174,fuse-fused,
1899,simulation_0188_segmented,What is the speed of the truck at time 1s in m/s?,A3SX,DD,4.612874694649203,fuse-fused,
1900,simulation_0188_segmented,What is the speed of the truck at time 1.5s in m/s?,A3SX,DD,2.2618526385555278,fuse-fused,
1901,simulation_0188_segmented,What is the width of the truck in meters?,A3SX,DS,,none,neither arm answered
1902,simulation_0189_segmented,What is the length of the box in meters?,V2MX,DS,,none,neither arm answered
1903,simulation_0189_segmented,What is the height of the box in meters?,V2MX,DS,0.094,fuse-primary-only,
1904,simulation_0189_segmented,What is the length of the truck in meters?,V2MX,DS,,none,neither arm answered
1905,simulation_0189_segmented,What is the height of the truck(at time 0s) in meters?,V2MX,DS,,none,neither arm answered
1906,simulation_0189_segmented,What is the diameter of the truck's tire in meters?,V2MX,DS,,none,neither arm answered
1907,simulation_0190_segmented,What is the height of the truck(at time 0s) in meters?,S2MX,DS,3.0905689014745557,fuse-fused,
1908,simulation_0190_segmented,What is the width of the truck in meters?,S2MX,DS,2.1724400134145876,fuse-fused,
1909,simulation_0190_segmented,What is the height of the box in meters?,S2MX,DS,0.9840522209964753,fuse-fused,
1910,simulation_0190_segmented,What is the speed of the box at time 1s in m/s?,S2MX,DD,,none,neither arm answered
1911,simulation_0190_segmented,What is the speed of the box at time 2s in m/s?,S2MX,DD,,none,neither arm answered
1912,simulation_0191_segmented,What is the width of the box in meters?,A2MX,DS,0.5,fuse-primary-only,
1913,simulation_0191_segmented,What is the height of the box in meters?,A2MX,DS,1.764,fuse-primary-only,
1914,simulation_0191_segmented,What is the length of the truck in meters?,A2MX,DS,9.8,fuse-primary-only,
1915,simulation_0191_segmented,What is the height of the truck in meters?,A2MX,DS,0.3,fuse-primary-only,
1916,simulation_0191_segmented,What is the diameter of the truck's tire in meters?,A2MX,DS,10.0,fuse-primary-only,
1917,simulation_0191_segmented,What is the speed of the box at time 0.2s in m/s?,A2MX,DD,1.96,fuse-primary-only,
1918,simulation_0191_segmented,What is the speed of the box at time 0.4s in m/s?,A2MX,DD,3.92,fuse-primary-only,
1919,simulation_0192_segmented,What is the height of the box in meters?,A2MX,DS,9.8,fuse-primary-only,
1920,simulation_0192_segmented,What is the width of the truck in meters?,A2MX,DS,,none,neither arm answered
1921,simulation_0192_segmented,What is the width of the box in meters?,A2MX,DS,0.3,fuse-primary-only,
1922,simulation_0192_segmented,What is the speed of the box at time 0.2s in m/s?,A2MX,DD,1.96,fuse-primary-only,
1923,simulation_0192_segmented,What is the speed of the box at time 0.4s in m/s?,A2MX,DD,3.92,fuse-primary-only,
1924,simulation_0216_segmented,What is the length of the black cat (including its tail) in meters?,V2MX,DS,0.5805779574602158,fuse-fused,
1925,simulation_0216_segmented,What is the height of the black cat (including its tail) in meters?,V2MX,DS,0.49763360731425516,fuse-fused,
1926,simulation_0216_segmented,What is the length of the wooden bench in meters?,V2MX,DS,2.0209763239546374,fuse-fused,
1927,simulation_0216_segmented,What is the height of the wooden bench in meters?,V2MX,DS,0.6861820480320612,fuse-fused,
1928,simulation_0216_segmented,What is the height of the lampshade of the table lamp in meters?,V2MX,DS,2.0,fuse-primary-only,
1929,simulation_0216_segmented,What is the diameter of the lampshade of the table lamp in meters?,V2MX,DS,0.34444179534844016,fuse-fused,
1930,simulation_0216_segmented,What is the height of the table lamp in meters?,V2MX,DS,0.5115377050236829,fuse-fused,
1931,simulation_0216_segmented,What is the height of the vase in meters?,V2MX,DS,0.4144353253232296,fuse-fused,
1932,simulation_0216_segmented,What is the height of the floor mirror in meters?,V2MX,DS,1.4561485045154363,fuse-fused,
1933,simulation_0216_segmented,What is the length of the floor mirror in meters?,V2MX,DS,1.3357465081424775,fuse-fused,
1934,simulation_0216_segmented,What is the length of the TV in meters?,V2MX,DS,,none,neither arm answered
1935,simulation_0216_segmented,What is the height of the TV in meters?,V2MX,DS,0.5795851355259888,fuse-fused,
1936,simulation_0216_segmented,What is the length of the TV stand in meters?,V2MX,DS,1.1072344335191564,fuse-fused,
1937,simulation_0216_segmented,What is the height of the TV stand in meters?,V2MX,DS,0.4282207346898879,fuse-fused,
1938,simulation_0218_segmented,What is the length of the big robot in meters?,V2MX,DS,,none,neither arm answered
1939,simulation_0218_segmented,What is the height of the big robot in meters?,V2MX,DS,,none,neither arm answered
1940,simulation_0218_segmented,What is the length in meters of the long side of the box formed by the white lines on the ground?,V2MX,DS,0.6099637762039273,fuse-fused,
1941,simulation_0218_segmented,What is the outer diameter of the robot's tires in meters?,V2MX,DS,,none,neither arm answered
1942,simulation_0224_segmented,What is the length of the chinese chess board in meters?,S2MX,SS,,none,neither arm answered
1943,simulation_0224_segmented,What is the speed of the red general chess at time 0.5s in m/s?,S2MX,SD,,none,neither arm answered
1944,simulation_0224_segmented,What is the acceleration of the red general chess at time 0.5s in m/s^2?,S2MX,SD,,none,neither arm answered
1945,simulation_0224_segmented,What is the speed of the red general chess at time 1s in m/s?,S2MX,SD,,none,neither arm answered
1946,simulation_0224_segmented,What is the acceleration of the red general chess at time 1s in m/s^2?,S2MX,SD,,none,neither arm answered
1947,simulation_0224_segmented,What is the speed of the red general chess at time 1.5s in m/s?,S2MX,SD,,none,neither arm answered
1948,simulation_0224_segmented,What is the acceleration of the red general chess at time 1.5s in m/s^2?,S2MX,SD,,none,neither arm answered
1949,simulation_0225_segmented,What is the length of the black cat (including its tail) in meters?,V2MX,DS,,none,neither arm answered
1950,simulation_0225_segmented,What is the height of the black cat (including its tail) in meters?,V2MX,DS,0.547426025116565,fuse-fused,
1951,simulation_0225_segmented,What is the width of the beach chair in meters?,V2MX,DS,,none,neither arm answered
1952,simulation_0225_segmented,What is the spacing in meters between the markings on the pool wall?,V2MX,DS,,none,neither arm answered
1953,simulation_0227_segmented,What is the length of the black cat (including its tail) in meters?,V2MX,DS,0.7385432459792232,fuse-fused,
1954,simulation_0227_segmented,What is the height of the black cat (including its tail) in meters?,V2MX,DS,0.47763577971395443,fuse-fused,
1955,simulation_0227_segmented,What is the width of the beach chair in meters?,V2MX,DS,1.581143539366071,fuse-fused,
1956,simulation_0227_segmented,What is the spacing in meters between the markings on the pool wall?,V2MX,DS,,none,neither arm answered
1957,simulation_0227_segmented,What is the length of the swimming ring in meters?,V2MX,DS,1.2712944069705072,fuse-fused,
1958,simulation_0227_segmented,What is the height of the swimming ring in meters?,V2MX,DS,0.720900210622852,fuse-fused,
1959,simulation_0227_segmented,What is the speed of the swimming ring at time 0.5s in m/s?,V2MX,DD,,none,neither arm answered
1960,simulation_0227_segmented,What is the acceleration of the red general chess at time 0.5s in m/s^2?,V2MX,DD,,none,neither arm answered
1961,simulation_0227_segmented,What is the speed of the red general chess at time 1s in m/s?,V2MX,DD,,none,neither arm answered
1962,simulation_0227_segmented,What is the acceleration of the red general chess at time 1s in m/s^2?,V2MX,DD,,none,neither arm answered
1963,simulation_0227_segmented,What is the speed of the red general chess at time 1.5s in m/s?,V2MX,DD,,none,neither arm answered
1964,simulation_0227_segmented,What is the acceleration of the red general chess at time 1.5s in m/s^2?,V2MX,DD,,none,neither arm answered
1965,simulation_0233_segmented,What is the length of the black cat (including its tail) in meters?,V2MX,DS,0.7758635680666515,fuse-fused,
1966,simulation_0233_segmented,What is the width(horizontal) of the chair next to the blackboard in meters?,V2MX,DS,0.670495034469415,fuse-fused,
1967,simulation_0233_segmented,What is the length(vertical) of the chair next to the blackboard in meters?,V2MX,DS,,none,neither arm answered
1968,simulation_0237_segmented,What is the length of the brown horse in meters?,V2MX,DS,,none,neither arm answered
1969,simulation_0237_segmented,What is the width of the house in meters?,V2MX,DS,,none,neither arm answered
1970,simulation_0237_segmented,What is the length of the house in meters?,V2MX,DS,,none,neither arm answered
1971,simulation_0239_segmented,What is the length of the brown horse in meters?,V2MX,DS,2.793599039485693,fuse-fused,
1972,simulation_0239_segmented,What is the width of the house in meters?,V2MX,DS,,none,neither arm answered
1973,simulation_0239_segmented,What is the length of the house in meters?,V2MX,DS,,none,neither arm answered
1974,simulation_0239_segmented,What is the average speed of the white horse in m/s?,V2MX,DD,1.769820879586215,fuse-fused,
1975,simulation_0239_segmented,What is the length of the white horse in meters?,V2MX,DS,2.302049100312542,fuse-fused,
1976,simulation_0243_segmented,What is the height of the deer in meters？,V2MX,DS,,none,neither arm answered
1977,simulation_0243_segmented,What is the length of the deer in meters?,V2MX,DS,,none,neither arm answered
1978,simulation_0243_segmented,What is the height of the tree behind the deer in meters?,V2MX,DS,2.626854548008726,fuse-fused,
1979,simulation_0245_segmented,What is the height of the deer in meters？,V2MX,DS,,none,neither arm answered
1980,simulation_0245_segmented,What is the length of the deer in meters?,V2MX,DS,,none,neither arm answered
1981,simulation_0245_segmented,What is the average speed of the rabbit in m/s?,V2MX,DD,1.2525520267133985,fuse-fused,
1982,simulation_0245_segmented,What is the height of the rabbit in meters?,V2MX,DS,,none,neither arm answered
1983,simulation_0245_segmented,What is the length of the rabbit in meters?,V2MX,DS,,none,neither arm answered
1984,simulation_0247_segmented,What is the length of the rabbit in meters?,V3MX,DS,0.2,fuse-primary-only,
1985,simulation_0247_segmented,What is the length of the deer in meters?,V3MX,DS,,none,neither arm answered
1986,simulation_0247_segmented,What is the average speed of the rabbit in m/s?,V3MX,DD,,none,neither arm answered
1987,simulation_0248_segmented,What is the height of the brown horse in meters?,V2MX,DS,,none,neither arm answered
1988,simulation_0248_segmented,What is the length of the brown horse in meters?,V2MX,DS,3.4129089297236925,fuse-fused,
1989,simulation_0248_segmented,What is the average speed of the white horse in m/s?,V2MX,DD,,none,neither arm answered
1990,simulation_0248_segmented,What is the height of the white horse in meters?,V2MX,DS,,none,neither arm answered
1991,simulation_0248_segmented,What is the length of the white horse in meters?,V2MX,DS,,none,neither arm answered
1992,simulation_0248_segmented,What is the average speed of the rabbit in m/s?,V2MX,DD,,none,neither arm answered
1993,simulation_0248_segmented,What is the length of the rabbit in meters?,V2MX,DS,0.1,fuse-primary-only,
1994,simulation_0248_segmented,What is the height of the rabbit in meters?,V2MX,DS,10.0,fuse-primary-only,
1995,simulation_0251_segmented,What is the speed of the soccer ball at time 0.5s in m/s?,S2SX,SD,,none,neither arm answered
1996,simulation_0251_segmented,What is the speed of the soccer ball at time 2s in m/s?,S2SX,SD,0.258,fuse-primary-only,
1997,simulation_0251_segmented,What is the speed of the soccer ball at time 1s in m/s?,S2SX,SD,0.344,fuse-primary-only,
1998,simulation_0251_segmented,What is the speed of the soccer ball at time 1.5s in m/s?,S2SX,SD,,none,neither arm answered
1999,simulation_0255_segmented,What is the speed of the tennis ball at time 0.5s in m/s?,S2SX,SD,0.17,fuse-primary-only,
2000,simulation_0255_segmented,What is the speed of the tennis ball at time 1s in m/s?,S2SX,SD,1.0,fuse-primary-only,
2001,simulation_0255_segmented,What is the speed of the tennis ball at time 1.5s in m/s?,S2SX,SD,,none,neither arm answered
2002,simulation_0255_segmented,What is the acceleration of the tennis ball at time 0.5s in m/s^2?,S2SX,SD,,none,neither arm answered
2003,simulation_0255_segmented,What is the acceleration of the tennis ball at time 1s in m/s^2?,S2SX,SD,,none,neither arm answered
2004,simulation_0255_segmented,What is the acceleration of the tennis ball at time 1.5s in m/s^2?,S2SX,SD,,none,neither arm answered
2005,simulation_0261_segmented,What is the height of the mug in meters?,A2SX,DS,4.9,fuse-primary-only,
2006,simulation_0261_segmented,What is the speed of the mug at time 0.2s in m/s?,A2SX,DD,1.00993394223278,fuse-fused,
2007,simulation_0261_segmented,What is the speed of the mug at time 0.4s in m/s?,A2SX,DD,3.92,fuse-primary-only,
2008,simulation_0261_segmented,What is the speed of the mug at time 0.625s in m/s?,A2SX,DD,6.125,fuse-primary-only,
2009,simulation_0030_segmented,What is the length of the eagle in meters?,V3MX,DS,106.642,fuse-primary-only,
2010,simulation_0151_segmented,"What is the width, in meters, of the blue car?",S3MX,SS,12.0,fuse-secondary-only,
2011,simulation_0151_segmented,What is the speed of the yellow car at time 1s in m/s?,S3MX,SD,22.76,fuse-secondary-only,
2012,simulation_0151_segmented,What is the acceleration of the yellow car at time 1s in m/s^2?,S3MX,SD,,none,neither arm answered
2013,simulation_0151_segmented,What is the speed of the blue car at time 1s in m/s?,S3MX,SD,,none,neither arm answered
2014,simulation_0151_segmented,What is the acceleration of the blue car at time 1s in m/s^2?,S3MX,SD,,none,neither arm answered
2015,internet_0001,What is the length of the black car in meters?,S2SC,SS,0.630857001590774,fuse-fused,
2016,internet_0001,What is the width of the black car in meters?,S2SC,SS,0.6663237623098925,fuse-fused,
2017,internet_0001,What is the average speed of the black car in m/s?,S2SC,SD,2.5564588349779336,fuse-fused,
2018,internet_0002,What is the length of the red car in meters?,S2SC,SS,0.67019714446727,fuse-fused,
2019,internet_0002,What is the width of the red car in meters?,S2SC,SS,0.67019714446727,fuse-fused,
2020,internet_0002,What is the average speed of the red car in m/s?,S2SC,SD,10.98,fuse-primary-only,
2021,internet_0003,What is the diameter of the pizza in cm?,S2MC,SS,26.158541773823334,fuse-fused,
2022,internet_0003,What is the diameter of the wine glass in cm?,S2MC,SS,11.515380406516195,fuse-fused,
2023,internet_0003,What is the velocity of the pizza cutter in cm/s at 0.2s?,S2MC,SD,,none,neither arm answered
2024,internet_0003,What is the diameter of a pepperoni on the pizza in cm?,S2MC,SS,2.5,fuse-primary-only,
2025,internet_0004,What is the length of the wood block in cm?,S2MC,SS,12.0,fuse-primary-only,
2026,internet_0004,What is the thickness of the wood block in cm?,S2MC,SS,1.6791110483527683,fuse-fused,
2027,internet_0004,What is the average velocity of the pencil tip moving on the block in cm/s?,S2MC,SD,,none,neither arm answered
2028,internet_0004,What is the average velocity of the saw cutting the block in cm/s?,S2MC,SD,1.67,fuse-primary-only,
2029,internet_0005,What is the distance between the two black road signs in meters?,V2MC,DS,5.0,fuse-primary-only,
2030,internet_0005,What is the height of the woman in yellow in meters?,V2MC,DS,,none,neither arm answered
2031,internet_0005,What is the length of the light right above the woman's head in meters?,V2MC,DS,1.879995702085359,fuse-fused,
2032,internet_0005,What is the side length of the floor tiles in meters?,V2MC,DS,1.0,fuse-primary-only,
2033,internet_0006,What is the length of the motor cycle in meters?,S2MC,SS,2.4044473367067285,fuse-fused,
2034,internet_0006,What is the average speed of the motorcycle in m/s?,S2MC,SD,12.086732215092868,fuse-fused,
2035,internet_0006,What is the length of the white car in meters?,S2MC,SS,2.4908388651198354,fuse-fused,
2036,internet_0006,What is the average speed of the white car in m/s?,S2MC,SD,10.724397832031094,fuse-fused,
2037,internet_0006,What is the length of the black car in meters?,S2MC,SS,3.5545554970787503,fuse-fused,
2038,internet_0006,What is the average speed of the black car in m/s?,S2MC,SD,7.808865158281412,fuse-fused,
2039,internet_0007,What is the length of the white car in meters?,S2MC,SS,2.238779539712238,fuse-fused,
2040,internet_0007,What is the average speed of the white car in m/s?,S2MC,SD,2.44,fuse-primary-only,
2041,internet_0007,What is the length of the black car in meters?,S2MC,SS,2.333921685949073,fuse-fused,
2042,internet_0007,What is the average speed of the black car in m/s?,S2MC,SD,,none,neither arm answered
2043,internet_0008,What is the average speed of the sailboat in m/s?,S2MC,SD,,none,neither arm answered
2044,internet_0008,What is the average speed of the speedboat in m/s?,S2MC,SD,,none,neither arm answered
2045,internet_0008,What is the length of the speedboat in meters?,S2MC,SS,7.960474702573725,fuse-fused,
2046,internet_0009,What is the distance between the two players in meters at the beginning?,S2MC,SS,8.23,fuse-primary-only,
2047,internet_0009,What is the average velocity of the tennis ball flying across the net in m/s?,S2MC,SD,,none,neither arm answered
2048,internet_0009,What is the total displacement of the player on the right in meters?,S2MC,SS,11.885,fuse-primary-only,
2049,internet_0010,How tall is the shooter in cm?,S2MC,SS,21.563772004460823,fuse-fused,
2050,internet_0010,What is the velocity of the ball at 2.00s in cm/s?,S2MC,SD,,none,neither arm answered
2051,internet_0011,What is the initial distance between the two players in meters?,S2MC,SS,2.44,fuse-primary-only,
2052,internet_0011,What is the displacement of the player in white in meters?,S2MC,SS,2.44,fuse-primary-only,
2053,internet_0011,What is the average moving speed of the player in white in m/s?,S2MC,SD,3.0,fuse-primary-only,
2054,internet_0011,What is the displacement of the player in black in meters?,S2MC,SS,1.5,fuse-primary-only,
2055,internet_0012,What is the length of the truck in meters?,S2MC,SS,11.0,fuse-primary-only,
2056,internet_0012,What is the average velocity of the truck in m/s?,S2MC,SD,,none,neither arm answered
2057,internet_0012,What is the length of the grey car in meters?,S2MC,SS,0.7107202292134107,fuse-fused,
2058,internet_0012,What is the average velocity of the grey car in m/s?,S2MC,SD,3.7533839718004858,fuse-fused,
2059,internet_0012,What is the length of the car on the leftmost lane in meters?,S2MC,SS,4.5,fuse-primary-only,
2060,internet_0012,What is the average velocity of the car on the leftmost lane in m/s?,S2MC,SD,2.5921285582877953,fuse-fused,
2061,internet_0012,What is the length of the white car on the second lane to the left in meters?,S2MC,SS,4.5,fuse-primary-only,
2062,internet_0012,What is the average velocity of the white car on the second lane to the left in m/s?,S2MC,SD,12.2,fuse-primary-only,
2063,internet_0013,What is the width of the straight-through lane in meters?,V2MC,DS,3.5,fuse-primary-only,
2064,internet_0013,What is the width of the roundabout lane in meters?,V2MC,DS,3.5,fuse-primary-only,
2065,internet_0013,What is the diameter of the center island planter in meters?,V2MC,DS,10.0,fuse-primary-only,
2066,internet_0013,What is the speed of the white car in the roundabout at 3.0s in m/s?,V2MC,DD,11.0,fuse-primary-only,
2067,internet_0013,What is the speed of the bicycle on the upper left corner at 3.0s in m/s?,V2MC,DD,,none,neither arm answered
2068,internet_0013,What is the distance between the two black cars in the round about at 1.0s in meters?,V2MC,DS,20.0,fuse-primary-only,
2069,internet_0014,What is the initial distance between the two players in meters?,S2MC,SS,12.0,fuse-primary-only,
2070,internet_0014,What is the distance from the player closest to the goal to the goal at 0s in meters?,S2MC,SS,10.0,fuse-primary-only,
2071,internet_0014,What is he football's velocity at 7.00s in m/s?,S2MC,SD,,none,neither arm answered
2072,internet_0014,What is the average velocity of the player with the ball from 8.0s to 9.0s in m/s?,S2MC,SD,,none,neither arm answered
2073,internet_0014,What is distance between the two players at 9.00s in meters?,S2MC,SS,,none,neither arm answered
2074,internet_0015,What is the average vehicle spacing in meters?,S2MC,SS,5.450049988518079,fuse-fused,
2075,internet_0015,What is the length of the black car in meters?,S2MC,SS,1.22,fuse-primary-only,
2076,internet_0015,What is the length of the motorcycle in meters?,S2MC,SS,0.16124941117402442,fuse-fused,
2077,internet_0015,What is the average speed of the motorcycle in m/s?,S2MC,SS,2.44,fuse-primary-only,
2078,internet_0015,What is the speed of the car before the motorcycle at 1.0s in m/s?,S2MC,SS,3.66,fuse-primary-only,
2079,internet_0016,What is the distance between the two players in meters at the beginning?,S2MC,SS,2.44,fuse-primary-only,
2080,internet_0016,What is the velocity of the basketball at 0s in m/s?,S2MC,SD,,none,neither arm answered
2081,internet_0016,What is the distance between the ball and the player in black at 0.5s in meters?,S2MC,SS,0.4793059959281332,fuse-fused,
2082,internet_0016,What is the distance between the basket and the player in black at 0.5s in meters?,S2MC,SS,4.923538555614589,fuse-fused,
2083,internet_0017,What is the diameter of the round container in cm?,S2MS,SS,5.9221979745196975,fuse-fused,
2084,internet_0017,What is the length of the keyboard in cm?,S2MS,SS,15.56511133302306,fuse-fused,
2085,internet_0017,What is the width of the keyboard in cm?,S2MS,SS,15.56511133302306,fuse-fused,
2086,internet_0017,What is the length of the pen in cm?,S2MS,SS,6.189271402294992,fuse-fused,
2087,internet_0017,What is moving speed of the user's (middle) fingertip at 0.4s in cm/s?,S2MS,SD,,none,neither arm answered
2088,internet_0018,What is the distance between the two players in meters at the beginning?,S2MC,SS,8.23,fuse-primary-only,
2089,internet_0018,What is the distance between the benches and the court in meters?,S2MC,SS,12.35,fuse-primary-only,
2090,internet_0018,What is the tennis ball's velocity at 1.5s in m/s?,S2MC,SS,,none,neither arm answered
2091,internet_0019,What is the size of the ball in cm?,A2MC,DS,22.0,fuse-primary-only,
2092,internet_0019,What is the height of the person standing in the middle in cm?,A2MC,DS,,none,neither arm answered
2093,internet_0019,What is the height of the person on the left (the passer) in cm?,A2MC,DS,120.0,fuse-primary-only,
2094,internet_0019,What is the height of the person on the right (the receiver) in cm?,A2MC,DS,,none,neither arm answered
2095,internet_0019,What is the initial distance between the passer and the receiver in meters?,A2MC,DS,,none,neither arm answered
2096,internet_0019,What is the velocity of the ball at 1.00s in m/s?,A2MC,DD,9.8,fuse-primary-only,
2097,internet_0019,What is the (average) horizontal velocity of the ball in m/s?,A2MC,DD,,none,neither arm answered
2098,internet_0020,What is the height of the sink in cm?,S2MC,SS,15.731215086456626,fuse-fused,
2099,internet_0020,What is the width of the tray in cm?,S2MC,SS,18.49226452684554,fuse-fused,
2100,internet_0020,What is the height of the pump bottle in cm?,S2MC,SS,11.674001263729442,fuse-fused,
2101,internet_0020,What is average moving velocity of the picked bottle in cm/s?,S2MC,SD,10.0,fuse-primary-only,
2102,internet_0020,What is the velocity of the picked bottle at 0.50s in cm/s?,S2MC,SD,10.0,fuse-primary-only,
2103,internet_0021,What is the average speed of the airplane in m/s? ,S2MC,SD,4.0,fuse-primary-only,
2104,internet_0021,What is the distance between the airplane and the roof top at 0s in meters?,S2MC,SS,93.05487011931251,fuse-fused,
2105,internet_0021,What is the the displacement of the airplane from 0s to 2.00s in meters? ,S2MC,SS,57.35846048141039,fuse-fused,
2106,internet_0022,What is the diameter of the tea cup in mm?,S2MC,SS,85.1935727906772,fuse-fused,
2107,internet_0022,What is the diameter of the saucer in mm?,S2MC,SS,86.90601746665835,fuse-fused,
2108,internet_0022,What is the length of the pencil in mm?,S2MC,SS,93.95617525261359,fuse-fused,
2109,internet_0022,What is the shoulder width of the man in cm?,S2MC,SS,48.156750766461684,fuse-fused,
2110,internet_0022,What is the length of the table in meters?,S2MC,SS,1.1420040231242943,fuse-fused,
2111,internet_0022,What is the length of the monitor in cm?,S2MC,SS,39.188328238308124,fuse-fused,
2112,internet_0022,What is the width of the grey notebook in cm?,S2MC,SS,21.747270321482112,fuse-fused,
2113,internet_0022,What is the length of the grey notebook in cm?,S2MC,SS,21.747270321482112,fuse-fused,
2114,internet_0022,What is average velocity of the man's moving hand from 0.40s to 1.00s in cm/s?,S2MC,SD,200.0,fuse-primary-only,
2115,internet_0023,What is the length of the swimming pool in meters (excluding the stair area)?,S2MC,SS,15.995605304923135,fuse-fused,
2116,internet_0023,What is the width of the swimming pool in meters?,S2MC,SS,15.14419891962402,fuse-fused,
2117,internet_0023,What is the length of the deck chair in meters?,S2MC,SS,2.265510042988305,fuse-fused,
2118,internet_0023,What is the average velocity of the swimmer in m/s?,S2MC,SD,1.1758082258980715,fuse-fused,
2119,internet_0023,What is the distance between the two umbrellas on the left in meters?,S2MC,SS,1.8,fuse-primary-only,
2120,internet_0024,What is the length of the earphone case in mm?,S2MC,SS,44.99999999999999,fuse-fused,
2121,internet_0024,What is the length of the pencil in cm?,S2MC,SS,12.46934640303825,fuse-fused,
2122,internet_0024,What is the diameter of the mug in cm?,S2MC,SS,8.313276532069281,fuse-fused,
2123,internet_0024,What is the length of the longest side of the laptop in cm?,S2MC,SS,1.5,fuse-primary-only,
2124,internet_0024,What is the length of the longest side of the wallet in cm?,S2MC,SS,13.716265060606728,fuse-fused,
2125,internet_0024,What is the moving velocity of the mug at 0.50s in cm/s?,S2MC,SS,,none,neither arm answered
2126,internet_0025,What is the length of the canoe in meters?,S2SC,SS,9.305259260203883,fuse-fused,
2127,internet_0025,What is the average speed of the canoe in m/s?,S2SC,SD,,none,neither arm answered
2128,internet_0025,What is the displacement of the canoe in the first 5 seconds in meters?,S2SC,SS,12.173740154796238,fuse-fused,
2129,internet_0026,What is the sitting height of the baby in cm?,S2MC,SS,57.47317527061171,fuse-fused,
2130,internet_0026,What is the distance between the baby and the man in meters?,S2MC,SS,1.8506594664052771,fuse-fused,
2131,internet_0026,What is the length of the toy truck in cm?,S2MC,SS,61.75600716263391,fuse-fused,
2132,internet_0026,What is the height of the toy truck in cm?,S2MC,SS,46.2270889316261,fuse-fused,
2133,internet_0026,What is the speed of the toy truck at 0.50s in cm/s?,S2MC,SD,,none,neither arm answered
2134,internet_0026,What is the average speed of the toy truck in cm/s?,S2MC,SD,,none,neither arm answered
2135,internet_0027,What is the initial distance between the black ball and the purple ball in cm?,S2MC,SS,12.22638133199593,fuse-fused,
2136,internet_0027,What is the white ball's average velocity in 1.00s to 2.00s in cm/s?,S2MC,SD,,none,neither arm answered
2137,internet_0027,What is the velocity of the orange ball at 1.00s in cm/s?,S2MC,SD,,none,neither arm answered
2138,internet_0027,What is the final distance between the purple ball and the black ball in cm?,S2MC,SS,16.094590808843773,fuse-fused,
2139,internet_0027,What is the acceleration of the yellow balloon the left at 2.00s in cm/s^2?,S2MC,SD,,none,neither arm answered
2140,captured_0001,What is the size of the ball in cm? ,A3SS,DS,17.437150399320476,fuse-fused,
2141,captured_0001,What is the length of the slope in cm? ,A3SS,DS,25.2,fuse-primary-only,
2142,captured_0001,What is the displacement of the ball between 0s and 1.5s in cm?,A3SS,DS,337.5,fuse-primary-only,
2143,captured_0001,What is the velocity of the ball at 1.5s in cm/s?,A3SS,DD,224.91182790144015,fuse-fused,
2144,captured_0001,What is the velocity of the ball at the end of the slope in cm/s? ,A3SS,DD,480.0,fuse-primary-only,
2145,captured_0002,What is the size of the ball in mm? ,A3SS,DS,20.0,fuse-primary-only,
2146,captured_0002,What is the length of the slope in cm? ,A3SS,DS,230.0183013001375,fuse-fused,
2147,captured_0002,What is the displacement of the ball between 1.0s and 1.3s in cm?,A3SS,DS,47.437897123028314,fuse-fused,
2148,captured_0002,What is the velocity of the ball at 1.3s in cm/s?,A3SS,DD,238.32623976132706,fuse-fused,
2149,captured_0002,What is the velocity of the ball at the end of the slope in cm/s? ,A3SS,DD,307.1908401675027,fuse-fused,
2150,captured_0006,What is the height of the toy in cm? ,A3SC,DS,1.065,fuse-primary-only,
2151,captured_0006,What is the width of the toy in cm?,A3SC,DS,,none,neither arm answered
2152,captured_0006,What is the velocity of the toy at 1.2s in m/s? ,A3SC,DS,3.2,fuse-primary-only,
2153,captured_0006,What the displacement of the toy between 1s and 1.2s in cm? ,A3SC,DS,33.7,fuse-primary-only,
2154,captured_0006,What is the velocity of the toy when hitting the desk for the first time in m/s? ,A3SC,DS,6.167,fuse-primary-only,
2155,captured_0006s,What is the height of the toy in cm? ,A3SS,DS,5.0,fuse-primary-only,
2156,captured_0006s,What is the width of the toy in cm?,A3SS,DS,10.0,fuse-primary-only,
2157,captured_0006s,What is the velocity of the toy at 1.2s in m/s? ,A3SS,DS,1.685,fuse-primary-only,
2158,captured_0006s,What the displacement of the toy between 1s and 1.2s in cm? ,A3SS,DS,33.7,fuse-primary-only,
2159,captured_0006s,What is the velocity of the toy when hitting the desk for the first time in m/s? ,A3SS,DS,2.56,fuse-primary-only,
2160,captured_0008,What is the basketball's initial distance from the desk in cm? ,A3SC,DS,1.0,fuse-primary-only,
2161,captured_0008,What is the basketball's diameter in cm?,A3SC,DS,24.0,fuse-primary-only,
2162,captured_0008,What is the maximum rebounce height (with respect to the desk) of the basketball in cm? ,A3SC,DS,2.0,fuse-primary-only,
2163,captured_0008,What is the basketball's velocity at 1.2s in m/s? ,A3SC,DS,9.8,fuse-primary-only,
2164,captured_0008,What is the basketball's  distance from the camera at 1.2s in meters? ,A3SC,DS,1.564,fuse-fused,
2165,captured_0008s,What is the basketball's initial distance from the desk in cm? ,A3SS,DS,32.4,fuse-primary-only,
2166,captured_0008s,What is the basketball's diameter in cm?,A3SS,DS,24.0,fuse-primary-only,
2167,captured_0008s,What is the maximum rebounce height (with respect to the desk) of the basketball in cm? ,A3SS,DS,20.25,fuse-primary-only,
2168,captured_0008s,What is the basketball's velocity at 1.2s in m/s? ,A3SS,DS,1.0,fuse-primary-only,
2169,captured_0008s,What is the basketball's  distance from the camera at 1.2s in meters? ,A3SS,DS,1.564,fuse-fused,
2170,captured_0008x,What is the basketball's initial distance from the desk in cm? ,A3SX,DS,32.4,fuse-primary-only,
2171,captured_0008x,What is the basketball's diameter in cm?,A3SX,DS,24.0,fuse-primary-only,
2172,captured_0008x,What is the maximum rebounce height (with respect to the desk) of the basketball in cm? ,A3SX,DS,20.25,fuse-primary-only,
2173,captured_0008x,What is the basketball's velocity at 1.2s in m/s? ,A3SX,DS,1.2,fuse-primary-only,
2174,captured_0008x,What is the basketball's  distance from the camera at 1.2s in meters? ,A3SX,DS,1.564,fuse-fused,
2175,captured_0009,What is the basketball's initial distance from the floor in cm? ,A3SC,DS,70.75,fuse-primary-only,
2176,captured_0009,What is the basketball's diameter in cm?,A3SC,DS,24.0,fuse-primary-only,
2177,captured_0009,What is the maximum rebounce height of the basketball in cm? ,A3SC,DS,44.9,fuse-primary-only,
2178,captured_0009,What is the basketball's velocity at 1.8s in m/s? ,A3SC,DS,1.0,fuse-primary-only,
2179,captured_0009,What is the basketball's  distance from the camera at 1.8s in meters? ,A3SC,DS,1.5835,fuse-fused,
2180,captured_0009s,What is the basketball's initial distance from the floor in cm? ,A3SS,DS,70.75,fuse-primary-only,
2181,captured_0009s,What is the basketball's diameter in cm?,A3SS,DS,24.0,fuse-primary-only,
2182,captured_0009s,What is the maximum rebounce height of the basketball in cm? ,A3SS,DS,25.85,fuse-primary-only,
2183,captured_0009s,What is the basketball's velocity at 1.8s in m/s? ,A3SS,DS,17.64,fuse-primary-only,
2184,captured_0009s,What is the basketball's  distance from the camera at 1.8s in meters? ,A3SS,DS,1.5835,fuse-fused,
2185,captured_0009x,What is the basketball's initial distance from the floor in cm? ,A3SX,DS,70.75,fuse-primary-only,
2186,captured_0009x,What is the basketball's diameter in cm?,A3SX,DS,24.0,fuse-primary-only,
2187,captured_0009x,What is the maximum rebounce height of the basketball in cm? ,A3SX,DS,0.449,fuse-primary-only,
2188,captured_0009x,What is the basketball's velocity at 1.8s in m/s? ,A3SX,DS,1.321,fuse-primary-only,
2189,captured_0009x,What is the basketball's  distance from the camera at 1.8s in meters? ,A3SX,DS,1.5835,fuse-fused,
2190,captured_0010,What is the length of the string in cm? ,A3SC,DS,1.2,fuse-primary-only,
2191,captured_0010,What is the ball's diameter in cm?,A3SC,DS,,none,neither arm answered
2192,captured_0010,What is the ball's velocity at 0.3s in m/s? ,A3SC,DS,0.3,fuse-primary-only,
2193,captured_0010,What is the ball's velocoty at 0.6s in m/s? ,A3SC,DS,1.22,fuse-primary-only,
2194,captured_0010,What is that ball's acceleration at 0.3s in m/s? ,A3SC,DS,9.8,fuse-primary-only,
2195,captured_0010,What is that ball's acceleration at 0.6s in m/s? ,A3SC,DS,9.8,fuse-primary-only,
2196,captured_0010s,What is the length of the string in cm? ,A3SS,DS,150.0,fuse-primary-only,
2197,captured_0010s,What is the ball's diameter in cm?,A3SS,DS,,none,neither arm answered
2198,captured_0010s,What is the ball's velocity at 0.3s in m/s? ,A3SS,DS,2.94,fuse-primary-only,
2199,captured_0010s,What is the ball's velocoty at 0.6s in m/s? ,A3SS,DS,1.207,fuse-primary-only,
2200,captured_0010s,What is that ball's acceleration at 0.3s in m/s? ,A3SS,DS,9.8,fuse-primary-only,
2201,captured_0010s,What is that ball's acceleration at 0.6s in m/s? ,A3SS,DS,1.344,fuse-primary-only,
2202,captured_0010X,What is the length of the string in cm? ,A3SX,DS,,none,neither arm answered
2203,captured_0010X,What is the ball's diameter in cm?,A3SX,DS,,none,neither arm answered
2204,captured_0010X,What is the ball's velocity at 0.3s in m/s? ,A3SX,DS,2.94,fuse-primary-only,
2205,captured_0010X,What is the ball's velocoty at 0.6s in m/s? ,A3SX,DS,0.6033,fuse-primary-only,
2206,captured_0010X,What is that ball's acceleration at 0.3s in m/s? ,A3SX,DS,9.8,fuse-primary-only,
2207,captured_0010X,What is that ball's acceleration at 0.6s in m/s? ,A3SX,DS,9.8,fuse-primary-only,
2208,captured_0013,What is the height of the cup in cm? ,A3MC,DS,,none,neither arm answered
2209,captured_0013,What is the length of the pen in cm? ,A3MC,DS,14.0,fuse-primary-only,
2210,captured_0013,What is the diameter of the cookie in cm? ,A3MC,DS,10.0,fuse-primary-only,
2211,captured_0013,What is the width of the note book in cm? ,A3MC,DS,8.0,fuse-primary-only,
2212,captured_0013,What is the width of the desk in cm? ,A3MC,DS,17.0,fuse-primary-only,
2213,captured_0013,What is the length of the slope in cm?,A3MC,DS,24.1,fuse-primary-only,
2214,captured_0013,What is the diameter of the ball in cm? ,A3MC,DS,,none,neither arm answered
2215,captured_0013,What is the velolicty of the ball at 1.5s in cm/s? ,A3MC,DD,392.50869834892313,fuse-fused,
2216,captured_0013s,What is the height of the cup in cm? ,A3MS,DS,4.5,fuse-primary-only,
2217,captured_0013s,What is the length of the pen in cm? ,A3MS,DS,15.0,fuse-primary-only,
2218,captured_0013s,What is the diameter of the cookie in cm? ,A3MS,DS,3.3,fuse-primary-only,
2219,captured_0013s,What is the width of the note book in cm? ,A3MS,DS,15.0,fuse-primary-only,
2220,captured_0013s,What is the width of the desk in cm? ,A3MS,DS,1.7,fuse-primary-only,
2221,captured_0013s,What is the length of the slope in cm?,A3MS,DS,24.1,fuse-primary-only,
2222,captured_0013s,What is the diameter of the ball in cm? ,A3MS,DS,6.0,fuse-primary-only,
2223,captured_0013s,What is the velolicty of the ball at 1.5s in cm/s? ,A3MS,DD,385.8813200327138,fuse-fused,
2224,captured_0013x,What is the height of the cup in cm? ,A3MX,DS,,none,neither arm answered
2225,captured_0013x,What is the length of the pen in cm? ,A3MX,DS,14.0,fuse-primary-only,
2226,captured_0013x,What is the diameter of the cookie in cm? ,A3MX,DS,10.0,fuse-primary-only,
2227,captured_0013x,What is the width of the note book in cm? ,A3MX,DS,0.86,fuse-primary-only,
2228,captured_0013x,What is the width of the desk in cm? ,A3MX,DS,1.7,fuse-primary-only,
2229,captured_0013x,What is the length of the slope in cm?,A3MX,DS,24.1,fuse-primary-only,
2230,captured_0013x,What is the diameter of the ball in cm? ,A3MX,DS,,none,neither arm answered
2231,captured_0013x,What is the velolicty of the ball at 1.5s in cm/s? ,A3MX,DD,388.8968071474156,fuse-fused,
2232,captured_0014,What is the diameter of the cookie in cm? ,A3MC,DS,19.936947327627344,fuse-fused,
2233,captured_0014,What is the diameter of the ball in cm? ,A3MC,DS,,none,neither arm answered
2234,captured_0014,What is the height of the cup in cm? ,A3MC,DS,27.834205120778904,fuse-fused,
2235,captured_0014,What is the length of the pen in cm? ,A3MC,DS,30.772238891733814,fuse-fused,
2236,captured_0014,What is the length of the book in cm?,A3MC,DS,25.877324832765968,fuse-fused,
2237,captured_0014,What is the width of the book in cm?,A3MC,DS,25.877324832765968,fuse-fused,
2238,captured_0014,What is the height of the book in cm?,A3MC,DS,1.5,fuse-primary-only,
2239,captured_0014,What is the velocity of the rolling ball at 0.6s in cm/s? ,A3MC,DD,143.705440219536,fuse-fused,
2240,captured_0014,What is the length of the slope in cm? ,A3MC,DS,15.3,fuse-primary-only,
2241,captured_0014,What is the width of the slope in cm? ,A3MC,DS,191.5364925703418,fuse-fused,
2242,captured_0014,What is the displacement of the rolling object from 0s to 0.6s in cm? ,A3MC,DS,8.92,fuse-primary-only,
2243,captured_0014s,What is the diameter of the cookie in cm? ,A3MS,DS,8.569465787603743,fuse-fused,
2244,captured_0014s,What is the diameter of the ball in cm? ,A3MS,DS,9.705739588764212,fuse-fused,
2245,captured_0014s,What is the height of the cup in cm? ,A3MS,DS,11.680717685689336,fuse-fused,
2246,captured_0014s,What is the length of the pen in cm? ,A3MS,DS,1.818,fuse-primary-only,
2247,captured_0014s,What is the length of the book in cm?,A3MS,DS,16.257576125196262,fuse-fused,
2248,captured_0014s,What is the width of the book in cm?,A3MS,DS,14.983939216473184,fuse-fused,
2249,captured_0014s,What is the height of the book in cm?,A3MS,DS,8.821526132676071,fuse-fused,
2250,captured_0014s,What is the velocity of the rolling ball at 0.6s in cm/s? ,A3MS,DD,276.0,fuse-primary-only,
2251,captured_0014s,What is the length of the slope in cm? ,A3MS,DS,102.1978458598755,fuse-fused,
2252,captured_0014s,What is the width of the slope in cm? ,A3MS,DS,100.97836044575357,fuse-fused,
2253,captured_0014s,What is the displacement of the rolling object from 0s to 0.6s in cm? ,A3MS,DS,8.92,fuse-primary-only,
2254,captured_0014x,What is the diameter of the cookie in cm? ,A3MX,DS,9.261863427837035,fuse-fused,
2255,captured_0014x,What is the diameter of the ball in cm? ,A3MX,DS,11.897025824041462,fuse-fused,
2256,captured_0014x,What is the height of the cup in cm? ,A3MX,DS,,none,neither arm answered
2257,captured_0014x,What is the length of the pen in cm? ,A3MX,DS,19.228030007801117,fuse-fused,
2258,captured_0014x,What is the length of the book in cm?,A3MX,DS,19.755211729682344,fuse-fused,
2259,captured_0014x,What is the width of the book in cm?,A3MX,DS,17.10798677790896,fuse-fused,
2260,captured_0014x,What is the height of the book in cm?,A3MX,DS,2.5,fuse-primary-only,
2261,captured_0014x,What is the velocity of the rolling ball at 0.6s in cm/s? ,A3MX,DD,123.81057363301788,fuse-fused,
2262,captured_0014x,What is the length of the slope in cm? ,A3MX,DS,125.17954139979201,fuse-fused,
2263,captured_0014x,What is the width of the slope in cm? ,A3MX,DS,123.21458593988292,fuse-fused,
2264,captured_0014x,What is the displacement of the rolling object from 0s to 0.6s in cm? ,A3MX,DS,8.92,fuse-primary-only,
2265,captured_0015,What is the height of the person in cm?,A2MC,DS,,none,neither arm answered
2266,captured_0015,What is the velocity of the toy at 0.6s in cm/s?,A2MC,DD,468.0,fuse-primary-only,
2267,captured_0015,What is the height of the toy in cm? ,A2MC,DS,25.0,fuse-primary-only,
2268,captured_0015,What is the shoulder breadth of the person in cm?,A2MC,DS,,none,neither arm answered
2269,captured_0015,What is the velocity of the toy at 2.6s in cm/s?,A2MC,DD,2548.0,fuse-primary-only,
2270,captured_0015s,What is the height of the person in cm?,A2MS,DS,160.0,fuse-primary-only,
2271,captured_0015s,What is the velocity of the toy at 0.6s in cm/s?,A2MS,DS,0.6,fuse-primary-only,
2272,captured_0015s,What is the height of the toy in cm? ,A2MS,DS,17.0,fuse-primary-only,
2273,captured_0015s,What is the shoulder breadth of the person in cm?,A2MS,DS,,none,neither arm answered
2274,captured_0015s,What is the velocity of the toy at 2.6s in cm/s?,A2MS,DD,2548.0,fuse-primary-only,
2275,captured_0015x,What is the height of the person in cm?,A2MX,DS,170.0,fuse-primary-only,
2276,captured_0015x,What is the velocity of the toy at 0.6s in cm/s?,A2MX,DS,0.6,fuse-primary-only,
2277,captured_0015x,What is the height of the toy in cm? ,A2MX,DS,20.0,fuse-primary-only,
2278,captured_0015x,What is the shoulder breadth of the person in cm?,A2MX,DS,,none,neither arm answered
2279,captured_0015x,What is the velocity of the toy at 2.6s in cm/s?,A2MX,DD,2.0,fuse-primary-only,
2280,captured_0016,What is the distance between the two people in cm?,A3SC,DS,152.9,fuse-primary-only,
2281,captured_0016,What is the diameter of the soccer ball in cm?,A3SC,DS,22.0,fuse-primary-only,
2282,captured_0016,What is the velocity of the soccer ball at 1.5s in m/s?,A3SC,DD,,none,neither arm answered
2283,captured_0016,What is the displacement of the soccer ball between 1.0s and 1.5s in cm?,A3SC,DS,1.0,fuse-primary-only,
2284,captured_0016s,What is the distance between the two people in cm?,A3SS,DS,152.9,fuse-primary-only,
2285,captured_0016s,What is the diameter of the soccer ball in cm?,A3SS,DS,22.0,fuse-primary-only,
2286,captured_0016s,What is the velocity of the soccer ball at 1.5s in m/s?,A3SS,DD,,none,neither arm answered
2287,captured_0016s,What is the displacement of the soccer ball between 1.0s and 1.5s in cm?,A3SS,DS,1.0,fuse-primary-only,
2288,captured_0016x,What is the distance between the two people in cm?,A3SX,DS,152.9,fuse-primary-only,
2289,captured_0016x,What is the diameter of the soccer ball in cm?,A3SX,DS,21.0,fuse-primary-only,
2290,captured_0016x,What is the velocity of the soccer ball at 1.5s in m/s?,A3SX,DD,,none,neither arm answered
2291,captured_0016x,What is the displacement of the soccer ball between 1.0s and 1.5s in cm?,A3SX,DS,55.9,fuse-primary-only,
2292,captured_0018,What is the height of the left person in cm?,A3MC,DS,160.0,fuse-primary-only,
2293,captured_0018,What is the height of the right person in cm?,A3MC,DS,170.0,fuse-primary-only,
2294,captured_0018,What is the distance between the two people in cm?,A3MC,DS,112.8,fuse-primary-only,
2295,captured_0018,What is the length of the box in cm?,A3MC,DS,20.0,fuse-primary-only,
2296,captured_0018,What is the width of the box in cm?,A3MC,DS,11.0,fuse-primary-only,
2297,captured_0018,What is the diameter of the soccer ball in cm?,A3MC,DS,1.0,fuse-primary-only,
2298,captured_0018,What is the diameter of the tennis ball in cm?,A3MC,DS,6.7,fuse-primary-only,
2299,captured_0018,What is the height of the yellow toy in cm?,A3MC,DS,40.0,fuse-primary-only,
2300,captured_0018,What is the shoe length of the left person in cm?,A3MC,DS,,none,neither arm answered
2301,captured_0018,What is the velocity of the box at 3.4s in cm/s?,A3MC,DD,,none,neither arm answered
2302,captured_0018,What is the velocity of the soccer ball at 3.4s?,A3MC,DD,33.32,fuse-primary-only,
2303,captured_0018,What is the velocity of the tennis ball at 3.4s?,A3MC,DD,3.4,fuse-primary-only,
2304,captured_0018,What is the velocity of the pineapple toy at 3.4s?,A3MC,DD,33.32,fuse-primary-only,
2305,captured_0018,What is the distance between the box and the soccer ball in cm at 3.0s?,A3MC,DS,,none,neither arm answered
2306,captured_0018,What is the distance between the box and the pineapple toy in cm at 3.0s?,A3MC,DS,3.0,fuse-primary-only,
2307,captured_0018,What is the distance between the box and the tennis ball in cm at 3.0s?,A3MC,DS,3.0,fuse-primary-only,
2308,captured_0018,What is the distance between the tennis ball and the soccer ball in cm at 3.0s?,A3MC,DS,,none,neither arm answered
2309,captured_0018,What is the distance between the pineapple toy and the soccer ball in cm at 3.0s?,A3MC,DS,3.0,fuse-primary-only,
2310,captured_0018,What is the distance between the pineapple toy and the tennis ball in cm at 3.0s?,A3MC,DS,15.0,fuse-primary-only,
2311,captured_0018s,What is the height of the left person in cm?,A3MS,DS,1.7,fuse-primary-only,
2312,captured_0018s,What is the height of the right person in cm?,A3MS,DS,170.0,fuse-primary-only,
2313,captured_0018s,What is the distance between the two people in cm?,A3MS,DS,226.0,fuse-primary-only,
2314,captured_0018s,What is the length of the box in cm?,A3MS,DS,,none,neither arm answered
2315,captured_0018s,What is the width of the box in cm?,A3MS,DS,,none,neither arm answered
2316,captured_0018s,What is the diameter of the soccer ball in cm?,A3MS,DS,22.0,fuse-primary-only,
2317,captured_0018s,What is the diameter of the tennis ball in cm?,A3MS,DS,6.7,fuse-primary-only,
2318,captured_0018s,What is the height of the yellow toy in cm?,A3MS,DS,20.0,fuse-primary-only,
2319,captured_0018s,What is the shoe length of the left person in cm?,A3MS,DS,,none,neither arm answered
2320,captured_0018s,What is the velocity of the box at 3.4s in cm/s?,A3MS,DD,,none,neither arm answered
2321,captured_0018s,What is the velocity of the soccer ball at 3.4s?,A3MS,DD,33.32,fuse-primary-only,
2322,captured_0018s,What is the velocity of the tennis ball at 3.4s?,A3MS,DD,33.32,fuse-primary-only,
2323,captured_0018s,What is the velocity of the pineapple toy at 3.4s?,A3MS,DD,33.32,fuse-primary-only,
2324,captured_0018s,What is the distance between the box and the soccer ball in cm at 3.0s?,A3MS,DS,100.0,fuse-primary-only,
2325,captured_0018s,What is the distance between the box and the pineapple toy in cm at 3.0s?,A3MS,DS,112.0,fuse-primary-only,
2326,captured_0018s,What is the distance between the box and the tennis ball in cm at 3.0s?,A3MS,DS,2.002,fuse-primary-only,
2327,captured_0018s,What is the distance between the tennis ball and the soccer ball in cm at 3.0s?,A3MS,DS,,none,neither arm answered
2328,captured_0018s,What is the distance between the pineapple toy and the soccer ball in cm at 3.0s?,A3MS,DS,,none,neither arm answered
2329,captured_0018s,What is the distance between the pineapple toy and the tennis ball in cm at 3.0s?,A3MS,DS,,none,neither arm answered
2330,captured_0018x,What is the height of the left person in cm?,A3MX,DS,22.0,fuse-primary-only,
2331,captured_0018x,What is the height of the right person in cm?,A3MX,DS,150.0,fuse-primary-only,
2332,captured_0018x,What is the distance between the two people in cm?,A3MX,DS,112.8,fuse-primary-only,
2333,captured_0018x,What is the length of the box in cm?,A3MX,DS,,none,neither arm answered
2334,captured_0018x,What is the width of the box in cm?,A3MX,DS,,none,neither arm answered
2335,captured_0018x,What is the diameter of the soccer ball in cm?,A3MX,DS,22.0,fuse-primary-only,
2336,captured_0018x,What is the diameter of the tennis ball in cm?,A3MX,DS,6.7,fuse-primary-only,
2337,captured_0018x,What is the height of the yellow toy in cm?,A3MX,DS,20.0,fuse-primary-only,
2338,captured_0018x,What is the shoe length of the left person in cm?,A3MX,DS,,none,neither arm answered
2339,captured_0018x,What is the velocity of the box at 3.4s in cm/s?,A3MX,DD,,none,neither arm answered
2340,captured_0018x,What is the velocity of the soccer ball at 3.4s?,A3MX,DD,33.32,fuse-primary-only,
2341,captured_0018x,What is the velocity of the tennis ball at 3.4s?,A3MX,DD,33.32,fuse-primary-only,
2342,captured_0018x,What is the velocity of the pineapple toy at 3.4s?,A3MX,DD,33.32,fuse-primary-only,
2343,captured_0018x,What is the distance between the box and the soccer ball in cm at 3.0s?,A3MX,DS,,none,neither arm answered
2344,captured_0018x,What is the distance between the box and the pineapple toy in cm at 3.0s?,A3MX,DS,1128.0,fuse-primary-only,
2345,captured_0018x,What is the distance between the box and the tennis ball in cm at 3.0s?,A3MX,DS,44.1,fuse-primary-only,
2346,captured_0018x,What is the distance between the tennis ball and the soccer ball in cm at 3.0s?,A3MX,DS,3.0,fuse-primary-only,
2347,captured_0018x,What is the distance between the pineapple toy and the soccer ball in cm at 3.0s?,A3MX,DS,,none,neither arm answered
2348,captured_0018x,What is the distance between the pineapple toy and the tennis ball in cm at 3.0s?,A3MX,DS,,none,neither arm answered
2349,captured_0020,What is the height of the yellow toy in cm?,A3MC,DS,0.8,fuse-primary-only,
2350,captured_0020,What is the height of the white jar in cm?,A3MC,DS,15.0,fuse-primary-only,
2351,captured_0020,What is the diameter of the white jar in cm?,A3MC,DS,10.0,fuse-primary-only,
2352,captured_0020,What is the distance between two people in cm?,A3MC,DS,165.7,fuse-primary-only,
2353,captured_0020,What is the velocity of the yellow toy at 0.60s cm/s?,A3MC,DD,0.6,fuse-primary-only,
2354,captured_0020,What is the velocity of the white jar at 0.60s cm/s?,A3MC,DD,0.6,fuse-primary-only,
2355,captured_0020,What is the displacement of the yellow toy from 0.60s to 0.80s in cm?,A3MC,DS,60.7,fuse-primary-only,
2356,captured_0020,What is the displacement of the white jar from 0.60s to 0.80s in cm?,A3MC,DS,3.237,fuse-primary-only,
2357,captured_0020s,What is the height of the yellow toy in cm?,A3MS,DS,1.5,fuse-primary-only,
2358,captured_0020s,What is the height of the white jar in cm?,A3MS,DS,45.0,fuse-primary-only,
2359,captured_0020s,What is the diameter of the white jar in cm?,A3MS,DS,10.0,fuse-primary-only,
2360,captured_0020s,What is the distance between two people in cm?,A3MS,DS,165.7,fuse-primary-only,
2361,captured_0020s,What is the velocity of the yellow toy at 0.60s cm/s?,A3MS,DD,1.97,fuse-primary-only,
2362,captured_0020s,What is the velocity of the white jar at 0.60s cm/s?,A3MS,DD,0.6,fuse-primary-only,
2363,captured_0020s,What is the displacement of the yellow toy from 0.60s to 0.80s in cm?,A3MS,DS,6.0,fuse-primary-only,
2364,captured_0020s,What is the displacement of the white jar from 0.60s to 0.80s in cm?,A3MS,DS,19.6,fuse-primary-only,
2365,captured_0020x,What is the height of the yellow toy in cm?,A3MX,DS,158.0,fuse-primary-only,
2366,captured_0020x,What is the height of the white jar in cm?,A3MX,DS,12.0,fuse-primary-only,
2367,captured_0020x,What is the diameter of the white jar in cm?,A3MX,DS,5.0,fuse-primary-only,
2368,captured_0020x,What is the distance between two people in cm?,A3MX,DS,323.7,fuse-primary-only,
2369,captured_0020x,What is the velocity of the yellow toy at 0.60s cm/s?,A3MX,DD,,none,neither arm answered
2370,captured_0020x,What is the velocity of the white jar at 0.60s cm/s?,A3MX,DD,,none,neither arm answered
2371,captured_0020x,What is the displacement of the yellow toy from 0.60s to 0.80s in cm?,A3MX,DS,2.0,fuse-primary-only,
2372,captured_0020x,What is the displacement of the white jar from 0.60s to 0.80s in cm?,A3MX,DS,126.35,fuse-primary-only,
2373,captured_0021,What is the velocity of the ping pong ball at 1.2s in cm/s?,S3SC,SD,1.0,fuse-secondary-only,
2374,captured_0021,What is the velocity of the ping pong ball at 1.4s in cm/s?,S3SC,SD,120.25,fuse-secondary-only,
2375,captured_0021,What is the displacement of the ping pong ball between 1.0s and 1.4s in cm?,S3SC,SS,48.1,fuse-secondary-only,
2376,captured_0021,What is the width of the table in cm?,S3SC,SS,80.0,fuse-secondary-only,
2377,captured_0021,What is the length of the table in cm?,S3SC,SS,48.1,fuse-secondary-only,
2378,captured_0021s,What is the velocity of the ping pong ball at 1.2s in cm/s?,S3SS,SD,120.2,fuse-secondary-only,
2379,captured_0021s,What is the velocity of the ping pong ball at 1.4s in cm/s?,S3SS,SD,120.25,fuse-secondary-only,
2380,captured_0021s,What is the displacement of the ping pong ball between 1.0s and 1.4s in cm?,S3SS,SS,48.1,fuse-secondary-only,
2381,captured_0021s,What is the width of the table in cm?,S3SS,SS,1.0,fuse-secondary-only,
2382,captured_0021s,What is the length of the table in cm?,S3SS,SS,100.0,fuse-secondary-only,
2383,captured_0021x,What is the velocity of the ping pong ball at 1.2s in cm/s?,S3SX,SD,120.25,fuse-secondary-only,
2384,captured_0021x,What is the velocity of the ping pong ball at 1.4s in cm/s?,S3SX,SD,120.25,fuse-secondary-only,
2385,captured_0021x,What is the displacement of the ping pong ball between 1.0s and 1.4s in cm?,S3SX,SS,48.1,fuse-secondary-only,
2386,captured_0021x,What is the width of the table in cm?,S3SX,SS,3.5,fuse-secondary-only,
2387,captured_0021x,What is the length of the table in cm?,S3SX,SS,1.03,fuse-secondary-only,
2388,captured_0022,What is the velocity of the ping pong ball at 0.8s in cm/s?,S3SC,SD,320.0,fuse-secondary-only,
2389,captured_0022,What is the velocity of the ping pong ball at 1.2s in cm/s?,S3SC,SD,402.5,fuse-secondary-only,
2390,captured_0022,What is the acceleration of the ping pong ball at 1.2s in cm/s^2?,S3SC,SD,133.3,fuse-secondary-only,
2391,captured_0022,What is the displacement of the ping pong ball between 0.6s and 1.6s in cm?,S3SC,SS,0.6,fuse-secondary-only,
2392,captured_0022,What is the width of the table in cm?,S3SC,SS,60.0,fuse-secondary-only,
2393,captured_0022,What is the length of the table in cm?,S3SC,SS,120.0,fuse-secondary-only,
2394,captured_0022s,What is the velocity of the ping pong ball at 0.8s in cm/s?,S3SS,SD,320.0,fuse-secondary-only,
2395,captured_0022s,What is the velocity of the ping pong ball at 1.2s in cm/s?,S3SS,SD,402.5,fuse-secondary-only,
2396,captured_0022s,What is the acceleration of the ping pong ball at 1.2s in cm/s^2?,S3SS,SD,125.0,fuse-secondary-only,
2397,captured_0022s,What is the displacement of the ping pong ball between 0.6s and 1.6s in cm?,S3SS,SS,0.6,fuse-secondary-only,
2398,captured_0022s,What is the width of the table in cm?,S3SS,SS,14.0,fuse-secondary-only,
2399,captured_0022s,What is the length of the table in cm?,S3SS,SS,60.0,fuse-secondary-only,
2400,captured_0022x,What is the velocity of the ping pong ball at 0.8s in cm/s?,S3SX,SD,32.0,fuse-secondary-only,
2401,captured_0022x,What is the velocity of the ping pong ball at 1.2s in cm/s?,S3SX,SD,402.5,fuse-secondary-only,
2402,captured_0022x,What is the acceleration of the ping pong ball at 1.2s in cm/s^2?,S3SX,SD,100.0,fuse-secondary-only,
2403,captured_0022x,What is the displacement of the ping pong ball between 0.6s and 1.6s in cm?,S3SX,SS,32.5,fuse-secondary-only,
2404,captured_0022x,What is the width of the table in cm?,S3SX,SS,140.0,fuse-secondary-only,
2405,captured_0022x,What is the length of the table in cm?,S3SX,SS,0.6,fuse-secondary-only,
2406,captured_0023,What is the velocity of the book at 1.2s in cm/s?,A3SC,DD,336.0,fuse-primary-only,
2407,captured_0023,What is the velocity of the book at 1.4s in cm/s?,A3SC,DD,149.22971930933093,fuse-fused,
2408,captured_0023,What is the length of the book in cm?,A3SC,DS,,none,neither arm answered
2409,captured_0023,What is the width of the book in cm?,A3SC,DS,15.0,fuse-primary-only,
2410,captured_0023,What is the height of the book in cm?,A3SC,DS,,none,neither arm answered
2411,captured_0023,What is the length of the slope in cm?,A3SC,DS,16.9,fuse-primary-only,
2412,captured_0023,What is the width of the slope in cm?,A3SC,DS,34.4,fuse-primary-only,
2413,captured_0023,What is the width of the table in cm?,A3SC,DS,60.0,fuse-primary-only,
2414,captured_0023,What is the displacement of the book between 1.0s and 1.6s in cm?,A3SC,DS,169.0,fuse-primary-only,
2415,captured_0023s,What is the velocity of the book at 1.2s in cm/s?,A3SS,DD,184.6304559681627,fuse-fused,
2416,captured_0023s,What is the velocity of the book at 1.4s in cm/s?,A3SS,DD,392.0,fuse-primary-only,
2417,captured_0023s,What is the length of the book in cm?,A3SS,DS,0.851,fuse-primary-only,
2418,captured_0023s,What is the width of the book in cm?,A3SS,DS,15.0,fuse-primary-only,
2419,captured_0023s,What is the height of the book in cm?,A3SS,DS,,none,neither arm answered
2420,captured_0023s,What is the length of the slope in cm?,A3SS,DS,16.9,fuse-primary-only,
2421,captured_0023s,What is the width of the slope in cm?,A3SS,DS,25.0,fuse-primary-only,
2422,captured_0023s,What is the width of the table in cm?,A3SS,DS,2.1,fuse-primary-only,
2423,captured_0023s,What is the displacement of the book between 1.0s and 1.6s in cm?,A3SS,DS,1.4,fuse-primary-only,
2424,captured_0023x,What is the velocity of the book at 1.2s in cm/s?,A3SX,DD,336.0,fuse-primary-only,
2425,captured_0023x,What is the velocity of the book at 1.4s in cm/s?,A3SX,DD,392.0,fuse-primary-only,
2426,captured_0023x,What is the length of the book in cm?,A3SX,DS,,none,neither arm answered
2427,captured_0023x,What is the width of the book in cm?,A3SX,DS,47.045613581118936,fuse-fused,
2428,captured_0023x,What is the height of the book in cm?,A3SX,DS,1.4,fuse-primary-only,
2429,captured_0023x,What is the length of the slope in cm?,A3SX,DS,0.163,fuse-primary-only,
2430,captured_0023x,What is the width of the slope in cm?,A3SX,DS,20.0,fuse-primary-only,
2431,captured_0023x,What is the width of the table in cm?,A3SX,DS,2.1,fuse-primary-only,
2432,captured_0023x,What is the displacement of the book between 1.0s and 1.6s in cm?,A3SX,DS,0.5,fuse-primary-only,
2433,captured_0024,What is the velocity of the book at 1.0s in cm/s?,A3SC,DD,124.47477129050155,fuse-fused,
2434,captured_0024,What is the velocity of the book at 1.2s in cm/s?,A3SC,DD,175.2570385262775,fuse-fused,
2435,captured_0024,What is the length of the book in cm?,A3SC,DS,20.0,fuse-primary-only,
2436,captured_0024,What is the width of the book in cm?,A3SC,DS,15.0,fuse-primary-only,
2437,captured_0024,What is the height of the book in cm?,A3SC,DS,2.5,fuse-primary-only,
2438,captured_0024,What is the length of the slope in cm?,A3SC,DS,25.3,fuse-primary-only,
2439,captured_0024,What is the width of the slope in cm?,A3SC,DS,25.3,fuse-primary-only,
2440,captured_0024,What is the length of the table in cm?,A3SC,DS,46.2,fuse-primary-only,
2441,captured_0024,What is the width of the table in cm?,A3SC,DS,46.2,fuse-primary-only,
2442,captured_0024,What is the distance travelled by the book in cm?,A3SC,DS,5.6,fuse-primary-only,
2443,captured_0024s,What is the velocity of the book at 1.0s in cm/s?,A3SS,DD,270.7127387680552,fuse-fused,
2444,captured_0024s,What is the velocity of the book at 1.2s in cm/s?,A3SS,DD,442.2093753897559,fuse-fused,
2445,captured_0024s,What is the length of the book in cm?,A3SS,DS,20.0,fuse-primary-only,
2446,captured_0024s,What is the width of the book in cm?,A3SS,DS,20.0,fuse-primary-only,
2447,captured_0024s,What is the height of the book in cm?,A3SS,DS,,none,neither arm answered
2448,captured_0024s,What is the length of the slope in cm?,A3SS,DS,25.3,fuse-primary-only,
2449,captured_0024s,What is the width of the slope in cm?,A3SS,DS,46.2,fuse-primary-only,
2450,captured_0024s,What is the length of the table in cm?,A3SS,DS,46.2,fuse-primary-only,
2451,captured_0024s,What is the width of the table in cm?,A3SS,DS,46.2,fuse-primary-only,
2452,captured_0024s,What is the distance travelled by the book in cm?,A3SS,DS,5.6,fuse-primary-only,
2453,captured_0024x,What is the velocity of the book at 1.0s in cm/s?,A3SX,DD,114.29088469476326,fuse-fused,
2454,captured_0024x,What is the velocity of the book at 1.2s in cm/s?,A3SX,DD,106.4436956292519,fuse-fused,
2455,captured_0024x,What is the length of the book in cm?,A3SX,DS,46.7799848456398,fuse-fused,
2456,captured_0024x,What is the width of the book in cm?,A3SX,DS,43.51504847225065,fuse-fused,
2457,captured_0024x,What is the height of the book in cm?,A3SX,DS,,none,neither arm answered
2458,captured_0024x,What is the length of the slope in cm?,A3SX,DS,25.3,fuse-primary-only,
2459,captured_0024x,What is the width of the slope in cm?,A3SX,DS,46.2,fuse-primary-only,
2460,captured_0024x,What is the length of the table in cm?,A3SX,DS,46.2,fuse-primary-only,
2461,captured_0024x,What is the width of the table in cm?,A3SX,DS,,none,neither arm answered
2462,captured_0024x,What is the distance travelled by the book in cm?,A3SX,DS,5.6,fuse-primary-only,
2463,captured_0027,What is the velocity of the red ball at 0.2s in cm/s?,S3SC,SD,,none,neither arm answered
2464,captured_0027,What is the velocity of the red ball at 0.6s in cm/s?,S3SC,SD,,none,neither arm answered
2465,captured_0027,What is the acceleration of the red ball at 0.2s in cm/s^2?,S3SC,SD,,none,neither arm answered
2466,captured_0027,What is the shoulder breadth of the person in cm?,S3SC,SS,17.5,fuse-secondary-only,
2467,captured_0027s,What is the velocity of the red ball at 0.2s in cm/s?,S3SS,SD,,none,neither arm answered
2468,captured_0027s,What is the velocity of the red ball at 0.6s in cm/s?,S3SS,SD,,none,neither arm answered
2469,captured_0027s,What is the acceleration of the red ball at 0.2s in cm/s^2?,S3SS,SD,,none,neither arm answered
2470,captured_0027x,What is the velocity of the red ball at 0.2s in cm/s?,S3SX,SD,,none,neither arm answered
2471,captured_0027x,What is the velocity of the red ball at 0.6s in cm/s?,S3SX,SD,0.6,fuse-secondary-only,
2472,captured_0027x,What is the acceleration of the red ball at 0.2s in cm/s^2?,S3SX,SD,,none,neither arm answered
2473,captured_0028,What is the velocity of the ping pong ball at 1.0s in cm/s?,S3SC,SD,2480.0,fuse-secondary-only,
2474,captured_0028,What is the velocity of the ping pong ball at 1.3s in cm/s?,S3SC,SD,,none,neither arm answered
2475,captured_0028,What is the acceleration of the ping pong ball at 1.0s in cm/s^2?,S3SC,SD,980.0,fuse-secondary-only,
2476,captured_0028,What is the acceleration of the ping pong ball at 1.3s in cm/s^2?,S3SC,SD,980.0,fuse-secondary-only,
2477,captured_0028,What is the distance travelled by the ping pong ball between 1.1s and 1.3s in cm?,S3SC,SS,145.5,fuse-secondary-only,
2478,captured_0028,What is the maximum height reached by the ping pong ball in cm?,S3SC,SS,1.875462460477584,fuse-fused,
2479,captured_0028s,What is the velocity of the ping pong ball at 1.0s in cm/s?,S3SS,SD,248.0,fuse-secondary-only,
2480,captured_0028s,What is the velocity of the ping pong ball at 1.3s in cm/s?,S3SS,SD,,none,neither arm answered
2481,captured_0028s,What is the acceleration of the ping pong ball at 1.0s in cm/s^2?,S3SS,SD,980.0,fuse-secondary-only,
2482,captured_0028s,What is the acceleration of the ping pong ball at 1.3s in cm/s^2?,S3SS,SD,980.0,fuse-secondary-only,
2483,captured_0028s,What is the distance travelled by the ping pong ball between 1.1s and 1.3s in cm?,S3SS,SS,145.5,fuse-secondary-only,
2484,captured_0028s,What is the maximum height reached by the ping pong ball in cm?,S3SS,SS,1.4115,fuse-secondary-only,
2485,captured_0028x,What is the velocity of the ping pong ball at 1.0s in cm/s?,S3SX,SD,248.0,fuse-secondary-only,
2486,captured_0028x,What is the velocity of the ping pong ball at 1.3s in cm/s?,S3SX,SD,,none,neither arm answered
2487,captured_0028x,What is the acceleration of the ping pong ball at 1.0s in cm/s^2?,S3SX,SD,980.0,fuse-secondary-only,
2488,captured_0028x,What is the acceleration of the ping pong ball at 1.3s in cm/s^2?,S3SX,SD,980.0,fuse-secondary-only,
2489,captured_0028x,What is the distance travelled by the ping pong ball between 1.1s and 1.3s in cm?,S3SX,SS,145.5,fuse-secondary-only,
2490,captured_0028x,What is the maximum height reached by the ping pong ball in cm?,S3SX,SS,141.15,fuse-secondary-only,
2491,captured_0029,What is the long of the table in cm?,S3SC,SS,100.1684373006429,fuse-fused,
2492,captured_0029,What is the width of the table in cm?,S3SC,SS,20.1,fuse-secondary-only,
2493,captured_0029,What is the velocity of the tennis ball at 1.0s in cm/s??,S3SC,SD,1.0,fuse-secondary-only,
2494,captured_0029,What is the velocity of the tennis ball when it hits the whiteboard in cm/s?,S3SC,SD,99.46873069705812,fuse-fused,
2495,captured_0029,What is the velocity of the tennis ball at 1.6s in cm/s??,S3SC,SD,33.67908689371819,fuse-fused,
2496,captured_0029,What is the distance travelled by the tennis ball when it hits the whiteboard in cm?,S3SC,SS,16.51348138071461,fuse-fused,
2497,captured_0029s,What is the length of the table in cm?,S3SS,SS,10.0,fuse-secondary-only,
2498,captured_0029s,What is the width of the table in cm?,S3SS,SS,43.35966292030548,fuse-fused,
2499,captured_0029s,What is the velocity of the tennis ball at 1.0s in cm/s??,S3SS,SD,1012.5,fuse-secondary-only,
2500,captured_0029s,What is the velocity of the tennis ball at 1.6s in cm/s??,S3SS,SD,33.71049073734878,fuse-fused,
2501,captured_0029s,What is the distance travelled by the tennis ball when it hits the whiteboard in cm?,S3SS,SS,243.0,fuse-secondary-only,
2502,captured_0029x,What is the length of the table in cm?,S3SX,SS,13.4,fuse-secondary-only,
2503,captured_0029x,What is the width of the table in cm?,S3SX,SS,2.0,fuse-secondary-only,
2504,captured_0029x,What is the velocity of the tennis ball at 1.0s in cm/s??,S3SX,SD,1.0,fuse-secondary-only,
2505,captured_0029x,What is the velocity of the tennis ball at 1.6s in cm/s??,S3SX,SD,33.4381820240018,fuse-fused,
2506,captured_0029x,What is the distance travelled by the tennis ball when it hits the whiteboard in cm?,S3SX,SS,243.0,fuse-secondary-only,
2507,captured_0030,What is the velocity of the red ball at 0.2s in cm/s?,S3SC,SD,0.2,fuse-secondary-only,
2508,captured_0030,What is the velocity of the red ball at 0.4s in cm/s?,S3SC,SD,124.3250943839323,fuse-fused,
2509,captured_0030,What is the velocity of the red ball at 0.6s in cm/s?,S3SC,SD,111.72999244785395,fuse-fused,
2510,captured_0030,What is the velocity of the red ball at 0.8s in cm/s?,S3SC,SD,216.19561717734527,fuse-fused,
2511,captured_0030s,What is the velocity of the red ball at 0.2s in cm/s?,S3SS,SD,140.99673957441226,fuse-fused,
2512,captured_0030s,What is the velocity of the red ball at 0.4s in cm/s?,S3SS,SD,123.7632364624375,fuse-fused,
2513,captured_0030s,What is the velocity of the red ball at 0.6s in cm/s?,S3SS,SD,109.44205654121797,fuse-fused,
2514,captured_0030s,What is the velocity of the red ball at 0.8s in cm/s?,S3SS,SD,213.00593591557376,fuse-fused,
2515,captured_0030x,What is the velocity of the red ball at 0.2s in cm/s?,S3SX,SD,,none,neither arm answered
2516,captured_0030x,What is the velocity of the red ball at 0.4s in cm/s?,S3SX,SD,123.44016617965163,fuse-fused,
2517,captured_0030x,What is the velocity of the red ball at 0.6s in cm/s?,S3SX,SD,107.58839592693742,fuse-fused,
2518,captured_0030x,What is the velocity of the red ball at 0.8s in cm/s?,S3SX,SD,68.52232417781774,fuse-fused,
2519,captured_0031,What is the diameter of the white ball in cm?,S3MC,SS,5.637241170307043,fuse-fused,
2520,captured_0031,What is the width of the table in cm?,S3MC,SS,6.7,fuse-secondary-only,
2521,captured_0031,What is the length of the table in cm?,S3MC,SS,115.88308770882752,fuse-fused,
2522,captured_0031,What is the velocity of the tennis ball at 1.6s in cm/s?,S3MC,SD,,none,neither arm answered
2523,captured_0031,What is the velocity of the white ball at 1.6s in cm/s?,S3MC,SD,,none,neither arm answered
2524,captured_0031,What is the distance between the ping pong ball and the tennis ball at 1.6s in cm?,S3MC,SS,14.338414175562773,fuse-fused,
2525,captured_0031s,What is the diameter of the white ball in cm?,S3MS,SS,0.835,fuse-secondary-only,
2526,captured_0031s,What is the width of the table in cm?,S3MS,SS,8.04,fuse-secondary-only,
2527,captured_0031s,What is the length of the table in cm?,S3MS,SS,95.15577639319815,fuse-fused,
2528,captured_0031s,What is the velocity of the tennis ball at 1.6s in cm/s?,S3MS,SD,83.79241090175645,fuse-fused,
2529,captured_0031s,What is the velocity of the white ball at 1.6s in cm/s?,S3MS,SD,,none,neither arm answered
2530,captured_0031s,What is the distance between the white ball and the tennis ball at 1.6s in cm?,S3MS,SS,19.6,fuse-secondary-only,
2531,captured_0031x,What is the diameter of the white ball in cm?,S3MX,SS,0.835,fuse-secondary-only,
2532,captured_0031x,What is the width of the table in cm?,S3MX,SS,98.16227940646465,fuse-fused,
2533,captured_0031x,What is the velocity of the tennis ball at 1.6s in cm/s?,S3MX,SD,1.6,fuse-secondary-only,
2534,captured_0031x,What is the velocity of the white ball at 1.6s in cm/s?,S3MX,SD,,none,neither arm answered
2535,captured_0031x,What is the distance between the white ball and the tennis ball at 1.6s in cm?,S3MX,SS,12.477806214281651,fuse-fused,
2536,captured_0032,What is the velocity of the white ball at 1.6s in cm/s?,S3MC,SS,,none,neither arm answered
2537,captured_0032,What is the width of the table in cm?,S3MC,SS,101.03064234884167,fuse-fused,
2538,captured_0032,What is the length of the table in cm?,S3MC,SS,101.03064234884167,fuse-fused,
2539,captured_0032,What is the velocity of the tennis ball at 1.5s in cm/s?,S3MC,SD,1.5,fuse-secondary-only,
2540,captured_0032,What is the velocity of the white ball at 1.5s in cm/s?,S3MC,SD,,none,neither arm answered
2541,captured_0032,What is the distance between the white ball and the tennis ball at 1.5s in cm?,S3MC,SS,17.351527581453812,fuse-fused,
2542,captured_0032s,What is the diameter of the white ball in cm?,S3MS,SS,4.7694879201232245,fuse-fused,
2543,captured_0032s,What is the width of the table in cm?,S3MS,SS,6.7,fuse-secondary-only,
2544,captured_0032s,What is the length of the table in cm?,S3MS,SS,0.17,fuse-secondary-only,
2545,captured_0032s,What is the velocity of the tennis ball at 1.5s in cm/s?,S3MS,SD,,none,neither arm answered
2546,captured_0032s,What is the velocity of the white ball at 1.5s in cm/s?,S3MS,SD,,none,neither arm answered
2547,captured_0032s,What is the distance between the white ball and the tennis ball at 1.5s in cm?,S3MS,SS,10.0,fuse-secondary-only,
2548,captured_0032x,What is the diameter of the white ball in cm?,S3MX,SS,3.1501853368021804,fuse-fused,
2549,captured_0032x,What is the width of the table in cm?,S3MX,SS,100.4741197537175,fuse-fused,
2550,captured_0032x,What is the length of the table in cm?,S3MX,SS,17.0,fuse-secondary-only,
2551,captured_0032x,What is the velocity of the tennis ball at 1.5s in cm/s?,S3MX,SD,,none,neither arm answered
2552,captured_0032x,What is the velocity of the white ball at 1.5s in cm/s?,S3MX,SD,,none,neither arm answered
2553,captured_0032x,What is the distance between the white ball and the tennis ball at 1.5s in cm?,S3MX,SS,4.002636161596362,fuse-fused,
2554,captured_0033,What is the velocity of the ping pong ball at 0.5s in cm/s?,S3SC,SD,0.9,fuse-secondary-only,
2555,captured_0033,What is the velocity of the ping pong ball at 1.4s in cm/s?,S3SC,SD,149.4944206615883,fuse-fused,
2556,captured_0033,What is the velocity of the ping pong ball at 1.5s in cm/s?,S3SC,SD,152.303775870688,fuse-fused,
2557,captured_0033s,What is the velocity of the ping pong ball at 0.5s in cm/s?,S3SS,SD,0.9,fuse-secondary-only,
2558,captured_0033s,What is the velocity of the ping pong ball at 1.4s in cm/s?,S3SS,SD,145.3999566391829,fuse-fused,
2559,captured_0033s,What is the velocity of the ping pong ball at 1.5s in cm/s?,S3SS,SD,144.4516216702655,fuse-fused,
2560,captured_0033x,What is the velocity of the ping pong ball at 0.5s in cm/s?,S3SX,SD,,none,neither arm answered
2561,captured_0033x,What is the velocity of the ping pong ball at 1.4s in cm/s?,S3SX,SD,145.1717656146947,fuse-fused,
2562,captured_0033x,What is the velocity of the ping pong ball at 1.5s in cm/s?,S3SX,SD,0.738,fuse-secondary-only,
2563,captured_0034a,What is the velocity of the left tennis ball at 1.2s in cm/s?,S3MC,SD,73.8668180624173,fuse-fused,
2564,captured_0034a,What is the velocity of the right tennis ball at 1.2s in cm/s?,S3MC,SD,1.2,fuse-secondary-only,
2565,captured_0034a,What is the height of the pencil bag in cm?,S3MC,SS,8.870834259890719,fuse-fused,
2566,captured_0034a,What is the length of the pencil bag in cm?,S3MC,SS,8.975427981434889,fuse-fused,
2567,captured_0034a,What is the diameter of the soccer ball in cm?,S3MC,SS,16.55484546668764,fuse-fused,
2568,captured_0034a,What is the velocity of the left tennis ball at 1.3s in cm/s?,S3MC,SD,163.53905883425125,fuse-fused,
2569,captured_0034a,What is the velocity of the right tennis ball at 1.3s in cm/s?,S3MC,SD,65.77914510451497,fuse-fused,
2570,captured_0034a,What is the total distance traveled by the left tennis ball in cm?,S3MC,SS,,none,neither arm answered
2571,captured_0034a,What is the total distance traveled by the right tennis ball in cm?,S3MC,SS,,none,neither arm answered
2572,captured_0034as,What is the velocity of the left tennis ball at 1.2s in cm/s?,S3MS,SD,,none,neither arm answered
2573,captured_0034as,What is the velocity of the right tennis ball at 1.2s in cm/s?,S3MS,SD,,none,neither arm answered
2574,captured_0034as,What is the height of the pencil bag in cm?,S3MS,SS,6.658339181446619,fuse-fused,
2575,captured_0034as,What is the length of the pencil bag in cm?,S3MS,SS,,none,neither arm answered
2576,captured_0034as,What is the diameter of the soccer ball in cm?,S3MS,SS,2.0,fuse-secondary-only,
2577,captured_0034as,What is the velocity of the left tennis ball at 1.3s in cm/s?,S3MS,SD,300.0,fuse-secondary-only,
2578,captured_0034as,What is the velocity of the right tennis ball at 1.3s in cm/s?,S3MS,SD,65.45253181954193,fuse-fused,
2579,captured_0034as,What is the total distance traveled by the left tennis ball in cm?,S3MS,SS,70.6,fuse-secondary-only,
2580,captured_0034as,What is the total distance traveled by the right tennis ball in cm?,S3MS,SS,118.0,fuse-secondary-only,
2581,captured_0034ax,What is the velocity of the left tennis ball at 1.2s in cm/s?,S3MX,SD,23.448025323185274,fuse-fused,
2582,captured_0034ax,What is the velocity of the right tennis ball at 1.2s in cm/s?,S3MX,SD,173.38133966351356,fuse-fused,
2583,captured_0034ax,What is the height of the pencil bag in cm?,S3MX,SS,12.622167171575816,fuse-fused,
2584,captured_0034ax,What is the length of the pencil bag in cm?,S3MX,SS,9.266739739909344,fuse-fused,
2585,captured_0034ax,What is the diameter of the soccer ball in cm?,S3MX,SS,16.533462786529178,fuse-fused,
2586,captured_0034ax,What is the velocity of the left tennis ball at 1.3s in cm/s?,S3MX,SD,300.0,fuse-secondary-only,
2587,captured_0034ax,What is the velocity of the right tennis ball at 1.3s in cm/s?,S3MX,SD,64.73043784865268,fuse-fused,
2588,captured_0034ax,What is the total distance traveled by the left tennis ball in cm?,S3MX,SS,74.1,fuse-secondary-only,
2589,captured_0034ax,What is the total distance traveled by the right tennis ball in cm?,S3MX,SS,118.0,fuse-secondary-only,
2590,captured_0034b,What is the velocity of the left tennis ball at 1.2s in cm/s?,S3MC,SD,,none,neither arm answered
2591,captured_0034b,What is the velocity of the right tennis ball at 1.2s in cm/s?,S3MC,SD,,none,neither arm answered
2592,captured_0034b,What is the height of the pencil bag in cm?,S3MC,SS,,none,neither arm answered
2593,captured_0034b,What is the length of the pencil bag in cm?,S3MC,SS,9.8,fuse-secondary-only,
2594,captured_0034b,What is the diameter of the soccer ball in cm?,S3MC,SS,21.052610927852715,fuse-fused,
2595,captured_0034b,What is the total distance traveled by the left tennis ball in cm?,S3MC,SS,19.265797297437107,fuse-fused,
2596,captured_0034b,What is the total distance traveled by the right tennis ball in cm?,S3MC,SS,8.928985306619357,fuse-fused,
2597,captured_0034bs,What is the velocity of the left tennis ball at 1.2s in cm/s?,S3MS,SD,,none,neither arm answered
2598,captured_0034bs,What is the velocity of the right tennis ball at 1.2s in cm/s?,S3MS,SD,,none,neither arm answered
2599,captured_0034bs,What is the height of the pencil bag in cm?,S3MS,SS,,none,neither arm answered
2600,captured_0034bs,What is the length of the pencil bag in cm?,S3MS,SS,16.13641535338038,fuse-fused,
2601,captured_0034bs,What is the diameter of the soccer ball in cm?,S3MS,SS,22.420780998444975,fuse-fused,
2602,captured_0034bs,What is the total distance traveled by the left tennis ball in cm?,S3MS,SS,,none,neither arm answered
2603,captured_0034bs,What is the total distance traveled by the right tennis ball in cm?,S3MS,SS,70.0,fuse-secondary-only,
2604,captured_0034bx,What is the velocity of the left tennis ball at 1.2s in cm/s?,S3MX,SD,70.6,fuse-secondary-only,
2605,captured_0034bx,What is the velocity of the right tennis ball at 1.2s in cm/s?,S3MX,SD,,none,neither arm answered
2606,captured_0034bx,What is the height of the pencil bag in cm?,S3MX,SS,,none,neither arm answered
2607,captured_0034bx,What is the length of the pencil bag in cm?,S3MX,SS,13.274706162254002,fuse-fused,
2608,captured_0034bx,What is the diameter of the soccer ball in cm?,S3MX,SS,18.48703174706381,fuse-fused,
2609,captured_0034bx,What is the total distance traveled by the left tennis ball in cm?,S3MX,SS,,none,neither arm answered
2610,captured_0034bx,What is the total distance traveled by the right tennis ball in cm?,S3MX,SS,10.003771391100408,fuse-fused,
2611,captured_0035a,What is the velocity of the soccor ball at 0.6s in cm/s?,S3MC,SD,0.6,fuse-secondary-only,
2612,captured_0035a,What is the velocity of the baskteball at 0.6s in cm/s?,S3MC,SD,,none,neither arm answered
2613,captured_0035a,What is the displacement of the soccor ball ball between 0.5s and 0.6s in cm?,S3MC,SS,22.511801362275143,fuse-fused,
2614,captured_0035a,What is the displacement of the baskteball between 0.5s and 0.6s in cm?,S3MC,SS,,none,neither arm answered
2615,captured_0035a,What is the diameter of the soccer ball in cm?,S3MC,SS,20.924011482031627,fuse-fused,
2616,captured_0035a,What is the velocity of the soccor ball at 1.5s in cm/s?,S3MC,SS,188.29046976263558,fuse-fused,
2617,captured_0035a,What is the velocity of the baskteball at 1.5s in cm/s?,S3MC,SS,,none,neither arm answered
2618,captured_0035a,What is the velocity of the soccer ball at 1.6s in cm/s?,S3MC,SD,182.17169204299415,fuse-fused,
2619,captured_0035a,What is the velocity of the basketball at 1.6s in cm/s?,S3MC,SD,21.08942772701478,fuse-fused,
2620,captured_0035as,What is the velocity of the soccor ball at 0.6s in cm/s?,S3MS,SD,0.6,fuse-secondary-only,
2621,captured_0035as,What is the velocity of the baskteball at 0.6s in cm/s?,S3MS,SD,,none,neither arm answered
2622,captured_0035as,What is the displacement of the soccor ball ball between 0.5s and 0.6s in cm?,S3MS,SS,1.6,fuse-secondary-only,
2623,captured_0035as,What is the displacement of the baskteball between 0.5s and 0.6s in cm?,S3MS,SS,,none,neither arm answered
2624,captured_0035as,What is the diameter of the soccer ball in cm?,S3MS,SS,21.751221286008253,fuse-fused,
2625,captured_0035as,What is the velocity of the soccor ball at 1.5s in cm/s?,S3MS,SS,187.65530399594854,fuse-fused,
2626,captured_0035as,What is the velocity of the baskteball at 1.5s in cm/s?,S3MS,SS,109.8617128614401,fuse-fused,
2627,captured_0035as,What is the velocity of the soccer ball at 1.6s in cm/s?,S3MS,SD,182.09671229012832,fuse-fused,
2628,captured_0035as,What is the velocity of the basketball at 1.6s in cm/s?,S3MS,SD,105.40383982972487,fuse-fused,
2629,captured_0035ax,What is the velocity of the soccor ball at 0.6s in cm/s?,S3MX,SD,0.6,fuse-secondary-only,
2630,captured_0035ax,What is the velocity of the baskteball at 0.6s in cm/s?,S3MX,SD,,none,neither arm answered
2631,captured_0035ax,What is the displacement of the soccor ball ball between 0.5s and 0.6s in cm?,S3MX,SS,20.644342927461974,fuse-fused,
2632,captured_0035ax,What is the displacement of the baskteball between 0.5s and 0.6s in cm?,S3MX,SS,,none,neither arm answered
2633,captured_0035ax,What is the diameter of the soccer ball in cm?,S3MX,SS,21.665238542642637,fuse-fused,
2634,captured_0035ax,What is the velocity of the soccor ball at 1.5s in cm/s?,S3MX,SS,294.0,fuse-secondary-only,
2635,captured_0035ax,What is the velocity of the baskteball at 1.5s in cm/s?,S3MX,SS,,none,neither arm answered
2636,captured_0035ax,What is the velocity of the soccer ball at 1.6s in cm/s?,S3MX,SD,36.43359612826548,fuse-fused,
2637,captured_0035ax,What is the velocity of the basketball at 1.6s in cm/s?,S3MX,SD,21.09484770953145,fuse-fused,
2638,captured_0035b,What is the velocity of the soccor ball at 0.9s in cm/s?,S3MC,SD,,none,neither arm answered
2639,captured_0035b,What is the velocity of the baskteball at 0.9s in cm/s?,S3MC,SD,,none,neither arm answered
2640,captured_0035b,What is the velocity of the soccor ball at 1.4s in cm/s?,S3MC,SD,49.51925357779528,fuse-fused,
2641,captured_0035b,What is the velocity of the baskteball at 1.4s in cm/s?,S3MC,SD,,none,neither arm answered
2642,captured_0035b,What is the displacement of the soccor ball ball between 0.4s and 0.9s in cm?,S3MC,SS,2.7777,fuse-secondary-only,
2643,captured_0035b,What is the displacement of the baskteball between 0.4s and 0.9s in cm?,S3MC,SS,0.4,fuse-secondary-only,
2644,captured_0035b,What is the diameter of the soccer ball in cm?,S3MC,SS,22.35519439208689,fuse-fused,
2645,captured_0035b,What is the velocity of the soccor ball at 1.3s in cm/s?,S3MC,SS,2290.0,fuse-secondary-only,
2646,captured_0035b,What is the velocity of the baskteball at 1.3s in cm/s?,S3MC,SS,,none,neither arm answered
2647,captured_0035bs,What is the velocity of the soccor ball at 0.9s in cm/s?,S3MS,SD,0.5,fuse-secondary-only,
2648,captured_0035bs,What is the velocity of the baskteball at 0.9s in cm/s?,S3MS,SD,175.3,fuse-secondary-only,
2649,captured_0035bs,What is the velocity of the soccor ball at 1.4s in cm/s?,S3MS,SD,57.176763102137855,fuse-fused,
2650,captured_0035bs,What is the velocity of the baskteball at 1.4s in cm/s?,S3MS,SD,1.4,fuse-secondary-only,
2651,captured_0035bs,What is the displacement of the soccor ball ball between 0.4s and 0.9s in cm?,S3MS,SS,28.97945246031905,fuse-fused,
2652,captured_0035bs,What is the displacement of the baskteball between 0.4s and 0.9s in cm?,S3MS,SS,26.83917545349777,fuse-fused,
2653,captured_0035bs,What is the diameter of the soccer ball in cm?,S3MS,SS,22.291462166086106,fuse-fused,
2654,captured_0035bs,What is the velocity of the soccor ball at 1.3s in cm/s?,S3MS,SS,149.60694974290502,fuse-fused,
2655,captured_0035bs,What is the velocity of the baskteball at 1.3s in cm/s?,S3MS,SS,0.4047,fuse-secondary-only,
2656,captured_0035bx,What is the velocity of the soccor ball at 0.9s in cm/s?,S3MX,SD,,none,neither arm answered
2657,captured_0035bx,What is the velocity of the baskteball at 0.9s in cm/s?,S3MX,SD,,none,neither arm answered
2658,captured_0035bx,What is the velocity of the soccor ball at 1.4s in cm/s?,S3MX,SD,45.385012593892014,fuse-fused,
2659,captured_0035bx,What is the velocity of the baskteball at 1.4s in cm/s?,S3MX,SD,71.30901126043514,fuse-fused,
2660,captured_0035bx,What is the displacement of the soccor ball ball between 0.4s and 0.9s in cm?,S3MX,SS,247.7,fuse-secondary-only,
2661,captured_0035bx,What is the displacement of the baskteball between 0.4s and 0.9s in cm?,S3MX,SS,,none,neither arm answered
2662,captured_0035bx,What is the diameter of the soccer ball in cm?,S3MX,SS,22.262155901607635,fuse-fused,
2663,captured_0035bx,What is the velocity of the soccor ball at 1.3s in cm/s?,S3MX,SS,2.477,fuse-secondary-only,
2664,captured_0035bx,What is the velocity of the baskteball at 1.3s in cm/s?,S3MX,SS,,none,neither arm answered
2665,captured_0036,What is the ping pong ball's velocity at 0.9s in cm/s? ,S3SC,SD,1.4,fuse-secondary-only,
2666,captured_0036,What is the ping pong ball's velocity at 1.4s in cm/s? ,S3SC,SD,65.27565208386939,fuse-fused,
2667,captured_0036,What is the ping pong ball's displacement between 0.9s and 1.4s in cm/s?,S3SC,SS,58.8,fuse-secondary-only,
2668,captured_0036,What is the width of the table in the video in meters? ,S3SC,SS,0.40627576231692425,fuse-fused,
2669,captured_0036,What is the length of the table in the video in meters? ,S3SC,SS,0.3102407056477258,fuse-fused,
2670,captured_0036s,What is the ping pong ball's velocity at 0.9s in cm/s? ,S3SS,SD,0.9,fuse-secondary-only,
2671,captured_0036s,What is the ping pong ball's velocity at 1.4s in cm/s? ,S3SS,SD,70.76299454313401,fuse-fused,
2672,captured_0036s,What is the ping pong ball's displacement between 0.9s and 1.4s in cm/s?,S3SS,SS,58.8,fuse-secondary-only,
2673,captured_0036s,What is the width of the table in the video in meters? ,S3SS,SS,0.8154180778065049,fuse-fused,
2674,captured_0036s,What is the length of the table in the video in meters? ,S3SS,SS,0.40182366848794643,fuse-fused,
2675,captured_0036x,What is the ping pong ball's velocity at 0.9s in cm/s? ,S3SX,SD,91.04416223976013,fuse-fused,
2676,captured_0036x,What is the ping pong ball's velocity at 1.4s in cm/s? ,S3SX,SD,70.51546056154233,fuse-fused,
2677,captured_0036x,What is the ping pong ball's displacement between 0.9s and 1.4s in cm/s?,S3SX,SS,58.8,fuse-secondary-only,
2678,captured_0036x,What is the width of the table in the video in meters? ,S3SX,SS,0.3998866598214504,fuse-fused,
2679,captured_0036x,What is the length of the table in the video in meters? ,S3SX,SS,1.0703372924983772,fuse-fused,
2680,captured_0037,What is the height of the white cup in cm? ,S3MC,SS,7.931281532916108,fuse-fused,
2681,captured_0037,What is the height of the poker tower in cm? ,S3MC,SS,3.7778822670498977,fuse-fused,
2682,captured_0037,What is the height of the glass jar in cm? ,S3MC,SS,7.1709761846033535,fuse-fused,
2683,captured_0037,What is the width of the tape in cm? ,S3MC,SS,6.379113565182839,fuse-fused,
2684,captured_0037,What is the velocity of the ping pong ball at 1.0s in cm/s? ,S3MC,SD,,none,neither arm answered
2685,captured_0037,What is the velocity of the ping pong ball at 1.4s in cm/s? ,S3MC,SD,36.73744926318421,fuse-fused,
2686,captured_0037s,What is the height of the white cup in cm? ,S3MS,SS,10.322838348961723,fuse-fused,
2687,captured_0037s,What is the height of the poker tower in cm? ,S3MS,SS,1.055,fuse-secondary-only,
2688,captured_0037s,What is the height of the glass jar in cm? ,S3MS,SS,9.32765831850855,fuse-fused,
2689,captured_0037s,What is the width of the tape in cm? ,S3MS,SS,8.353643608369042,fuse-fused,
2690,captured_0037s,What is the velocity of the ping pong ball at 1.0s in cm/s? ,S3MS,SD,,none,neither arm answered
2691,captured_0037s,What is the velocity of the ping pong ball at 1.4s in cm/s? ,S3MS,SD,0.4,fuse-secondary-only,
2692,captured_0037x,What is the height of the white cup in cm? ,S3MX,SS,10.121450018925646,fuse-fused,
2693,captured_0037x,What is the height of the poker tower in cm? ,S3MX,SS,5.006362042955678,fuse-fused,
2694,captured_0037x,What is the height of the glass jar in cm? ,S3MX,SS,9.151029556671118,fuse-fused,
2695,captured_0037x,What is the width of the tape in cm? ,S3MX,SS,4.817961833731185,fuse-fused,
2696,captured_0037x,What is the velocity of the ping pong ball at 1.0s in cm/s? ,S3MX,SD,,none,neither arm answered
2697,captured_0037x,What is the velocity of the ping pong ball at 1.4s in cm/s? ,S3MX,SD,0.4,fuse-secondary-only,
2698,captured_0038,What is the height of the poker tower in cm? ,S3MC,SS,10.394135910180683,fuse-fused,
2699,captured_0038,What is the velocity of the white ball at 1.4s in cm/s? ,S3MC,SD,,none,neither arm answered
2700,captured_0038,What is the diameter of the rim of the white cup in cm? ,S3MC,SS,12.416328411666331,fuse-fused,
2701,captured_0038,What is the diameter of the white ball in cm?,S3MC,SS,6.620641534654927,fuse-fused,
2702,captured_0038,What is the displacement of the white ball between 0.9s and 1.4s in cm?,S3MC,SS,25.375926564079265,fuse-fused,
2703,captured_0038,What is the distance between the white cup and the pink bottle in cm?,S3MC,SS,17.552856363540744,fuse-fused,
2704,captured_0038,What is the height of the pink bottle in cm? ,S3MC,SS,14.440390077312049,fuse-fused,
2705,captured_0038s,What is the height of the poker tower in cm? ,S3MS,SS,13.359631222321966,fuse-fused,
2706,captured_0038s,What is the velocity of the white ball at 1.4s in cm/s? ,S3MS,SD,,none,neither arm answered
2707,captured_0038s,What is the diameter of the rim of the white cup in cm? ,S3MS,SS,13.18256629476093,fuse-fused,
2708,captured_0038s,What is the diameter of the white ball in cm?,S3MS,SS,7.412573121055084,fuse-fused,
2709,captured_0038s,What is the displacement of the white ball between 0.9s and 1.4s in cm?,S3MS,SS,27.052445900830833,fuse-fused,
2710,captured_0038s,What is the distance between the white cup and the pink bottle in cm?,S3MS,SS,125.8,fuse-secondary-only,
2711,captured_0038s,What is the height of the pink bottle in cm? ,S3MS,SS,21.684129692789593,fuse-fused,
2712,captured_0038x,What is the height of the poker tower in cm? ,S3MX,SS,10.297701182165042,fuse-fused,
2713,captured_0038x,What is the velocity of the white ball at 1.4s in cm/s? ,S3MX,SD,1.3,fuse-secondary-only,
2714,captured_0038x,What is the diameter of the rim of the white cup in cm? ,S3MX,SS,12.30526483225999,fuse-fused,
2715,captured_0038x,What is the diameter of the white ball in cm?,S3MX,SS,6.97314639147946,fuse-fused,
2716,captured_0038x,What is the displacement of the white ball between 0.9s and 1.4s in cm?,S3MX,SS,25.269013347980003,fuse-fused,
2717,captured_0038x,What is the distance between the white cup and the pink bottle in cm?,S3MX,SS,11.83050263669362,fuse-fused,
2718,captured_0038x,What is the height of the pink bottle in cm? ,S3MX,SS,13.505338312191961,fuse-fused,
2719,captured_0039,What is the height of the poker tower in cm? ,S3MC,SS,11.07241093064344,fuse-fused,
2720,captured_0039,What is the velocity of the white ball at 1.0s in cm/s? ,S3MC,SD,56.043154233666534,fuse-fused,
2721,captured_0039,What is the diameter of the rim of the white cup in cm? ,S3MC,SS,13.257940702734262,fuse-fused,
2722,captured_0039,What is the diameter of the white ball in cm?,S3MC,SS,4.7036966899686306,fuse-fused,
2723,captured_0039,What is the displacement of the white ball between 1.0s and 1.5s in cm?,S3MC,SS,18.17726827684148,fuse-fused,
2724,captured_0039,What is the distance between the white cup and the pink bottle in cm?,S3MC,SS,4.643384394161463,fuse-fused,
2725,captured_0039,What is the height of the pink bottle in cm? ,S3MC,SS,15.364952503393416,fuse-fused,
2726,captured_0039s,What is the height of the poker tower in cm? ,S3MS,SS,55.213869084056185,fuse-fused,
2727,captured_0039s,What is the velocity of the white ball at 1.0s in cm/s? ,S3MS,SD,1.0,fuse-secondary-only,
2728,captured_0039s,What is the diameter of the rim of the white cup in cm? ,S3MS,SS,13.167130159044714,fuse-fused,
2729,captured_0039s,What is the diameter of the white ball in cm?,S3MS,SS,85.6,fuse-secondary-only,
2730,captured_0039s,What is the displacement of the white ball between 1.0s and 1.5s in cm?,S3MS,SS,19.56585348716229,fuse-fused,
2731,captured_0039s,What is the distance between the white cup and the pink bottle in cm?,S3MS,SS,12.257313871762486,fuse-fused,
2732,captured_0039s,What is the height of the pink bottle in cm? ,S3MS,SS,16.419200778220063,fuse-fused,
2733,captured_0039x,What is the height of the poker tower in cm? ,S3MX,SS,11.04182496202561,fuse-fused,
2734,captured_0039x,What is the velocity of the white ball at 1.0s in cm/s? ,S3MX,SD,1.0,fuse-secondary-only,
2735,captured_0039x,What is the diameter of the rim of the white cup in cm? ,S3MX,SS,13.188229981741708,fuse-fused,
2736,captured_0039x,What is the diameter of the white ball in cm?,S3MX,SS,7.487049796338011,fuse-fused,
2737,captured_0039x,What is the displacement of the white ball between 1.0s and 1.5s in cm?,S3MX,SS,20.39602249902087,fuse-fused,
2738,captured_0039x,What is the distance between the white cup and the pink bottle in cm?,S3MX,SS,12.283667591901322,fuse-fused,
2739,captured_0039x,What is the height of the pink bottle in cm? ,S3MX,SS,15.310597773379545,fuse-fused,
2740,captured_0040,What is the height of the poker tower in cm? ,S3MC,SS,11.766957703631387,fuse-fused,
2741,captured_0040,What is the velocity of the white ball at 1.5s in cm/s? ,S3MC,SD,114.97437438943734,fuse-fused,
2742,captured_0040,What is the diameter of the rim of the white cup in cm? ,S3MC,SS,21.4,fuse-secondary-only,
2743,captured_0040,What is the diameter of the white ball in cm?,S3MC,SS,7.221699656551007,fuse-fused,
2744,captured_0040,What is the distance travelled by the white ball between 1.5s and 1.9s in cm?,S3MC,SS,0.4,fuse-secondary-only,
2745,captured_0040,What is the diameter of the tape in cm? ,S3MC,SS,8.222686343729691,fuse-fused,
2746,captured_0040,What is the height of the white cup in cm? ,S3MC,SS,15.0,fuse-secondary-only,
2747,captured_0040,What is the velocity of the white ball at 1.4s in cm/s? ,S3MC,SD,1.5,fuse-secondary-only,
2748,captured_0040s,What is the height of the poker tower in cm? ,S3MS,SS,10.546671938824078,fuse-fused,
2749,captured_0040s,What is the velocity of the white ball at 1.5s in cm/s? ,S3MS,SD,15.5,fuse-secondary-only,
2750,captured_0040s,What is the diameter of the rim of the white cup in cm? ,S3MS,SS,,none,neither arm answered
2751,captured_0040s,What is the diameter of the white ball in cm?,S3MS,SS,7.52874110309879,fuse-fused,
2752,captured_0040s,What is the distance travelled by the white ball between 1.5s and 1.9s in cm?,S3MS,SS,0.6605,fuse-secondary-only,
2753,captured_0040s,What is the diameter of the tape in cm? ,S3MS,SS,8.742601665289571,fuse-fused,
2754,captured_0040s,What is the height of the white cup in cm? ,S3MS,SS,8420.0,fuse-secondary-only,
2755,captured_0040s,What is the velocity of the white ball at 1.4s in cm/s? ,S3MS,SD,139.37886673742995,fuse-fused,
2756,captured_0040x,What is the height of the poker tower in cm? ,S3MX,SS,10.545318733410406,fuse-fused,
2757,captured_0040x,What is the velocity of the white ball at 1.5s in cm/s? ,S3MX,SD,15.5,fuse-secondary-only,
2758,captured_0040x,What is the diameter of the rim of the white cup in cm? ,S3MX,SS,85.0,fuse-secondary-only,
2759,captured_0040x,What is the diameter of the white ball in cm?,S3MX,SS,7.553452993590574,fuse-fused,
2760,captured_0040x,What is the distance travelled by the white ball between 1.5s and 1.9s in cm?,S3MX,SS,0.4,fuse-secondary-only,
2761,captured_0040x,What is the diameter of the tape in cm? ,S3MX,SS,8.742490407478623,fuse-fused,
2762,captured_0040x,What is the height of the white cup in cm? ,S3MX,SS,17.0,fuse-secondary-only,
2763,captured_0040x,What is the velocity of the white ball at 1.4s in cm/s? ,S3MX,SD,0.1,fuse-secondary-only,
2764,captured_0041,What is the soccer ball's diameter in cm? ,V3SC,DS,18.663507196547013,fuse-fused,
2765,captured_0041,What is the soccer ball's displacement between 1.5s and 1.6s in meters? ,V3SC,DS,0.15911162061851827,fuse-fused,
2766,captured_0041,What is the distance from the soccer ball to the person at 1.5s in meters? ,V3SC,DS,,none,neither arm answered
2767,captured_0041s,What is the soccer ball's diameter in cm? ,V3SS,DS,2.0,fuse-primary-only,
2768,captured_0041s,What is the soccer ball's displacement between 1.5s and 1.6s in meters? ,V3SS,DS,0.20128962480923396,fuse-fused,
2769,captured_0041s,What is the distance from the soccer ball to the person at 1.5s in meters? ,V3SS,DS,,none,neither arm answered
2770,captured_0041x,What is the soccer ball's diameter in cm? ,V3SX,DS,24.621124897824455,fuse-fused,
2771,captured_0041x,What is the soccer ball's displacement between 1.5s and 1.6s in meters? ,V3SX,DS,0.20823054060351517,fuse-fused,
2772,captured_0041x,What is the distance from the soccer ball to the person at 1.5s in meters? ,V3SX,DS,,none,neither arm answered
2773,captured_0047,What is the yoga ball's diameter in cm? ,V3SC,DS,51.68412068478043,fuse-fused,
2774,captured_0047,What is the yoga ball's displacement between 1.0s and 1.5s in meters? ,V3SC,DS,1.0013,fuse-primary-only,
2775,captured_0047,What is the distance from the yoga ball to the person at 1.5s in meters? ,V3SC,DS,1.2056662790604573,fuse-fused,
2776,captured_0047s,What is the yoga ball's diameter in cm? ,V3SS,DS,45.61066468208428,fuse-fused,
2777,captured_0047s,What is the yoga ball's displacement between 1.0s and 1.5s in meters? ,V3SS,DS,1.0732,fuse-primary-only,
2778,captured_0047s,What is the distance from the yoga ball to the person at 1.5s in meters? ,V3SS,DS,0.9024341276263566,fuse-fused,
2779,captured_0047x,What is the yoga ball's diameter in cm? ,V3SX,DS,2.4985,fuse-primary-only,
2780,captured_0047x,What is the yoga ball's displacement between 1.0s and 1.5s in meters? ,V3SX,DS,1.0013,fuse-primary-only,
2781,captured_0047x,What is the distance from the yoga ball to the person at 1.5s in meters? ,V3SX,DS,1.2042440475249794,fuse-fused,
2782,captured_0052,What is the initial distance between the yoga ball and the shoe in meters? ,V3MC,DS,0.381,fuse-primary-only,
2783,captured_0052,What is the height of the trashbin in cm?,V3MC,DS,36.0,fuse-primary-only,
2784,captured_0052,What is the length of the shoe in cm?,V3MC,DS,22.0,fuse-primary-only,
2785,captured_0052,What is the diameter of the yoga ball in cm?,V3MC,DS,65.0,fuse-primary-only,
2786,captured_0052,What is the diameter of the basketball in cm?,V3MC,DS,24.0,fuse-primary-only,
2787,captured_0052,What is the distance between the basketball and the shoe in meters? ,V3MC,DS,0.2945,fuse-primary-only,
2788,captured_0052,What is the distance between the trashbin and the shoe in meters? ,V3MC,DS,3.0,fuse-primary-only,
2789,captured_0052,What is the distance between the trashbin and the basketball in meters? ,V3MC,DS,1.0405,fuse-primary-only,
2790,captured_0052s,What is the initial distance between the yoga ball and the shoe in meters? ,V3MS,DS,0.381,fuse-primary-only,
2791,captured_0052s,What is the height of the trashbin in cm?,V3MS,DS,20.0,fuse-primary-only,
2792,captured_0052s,What is the length of the shoe in cm?,V3MS,DS,23.0,fuse-primary-only,
2793,captured_0052s,What is the diameter of the yoga ball in cm?,V3MS,DS,,none,neither arm answered
2794,captured_0052s,What is the diameter of the basketball in cm?,V3MS,DS,1.9365,fuse-primary-only,
2795,captured_0052s,What is the distance between the basketball and the shoe in meters? ,V3MS,DS,0.2945,fuse-primary-only,
2796,captured_0052s,What is the distance between the trashbin and the shoe in meters? ,V3MS,DS,0.746,fuse-primary-only,
2797,captured_0052s,What is the distance between the trashbin and the basketball in meters? ,V3MS,DS,1.0405,fuse-primary-only,
2798,captured_0052x,What is the initial distance between the yoga ball and the shoe in meters? ,V3MX,DS,0.381,fuse-primary-only,
2799,captured_0052x,What is the height of the trashbin in cm?,V3MX,DS,65.0,fuse-primary-only,
2800,captured_0052x,What is the length of the shoe in cm?,V3MX,DS,23.1,fuse-primary-only,
2801,captured_0052x,What is the diameter of the yoga ball in cm?,V3MX,DS,60.0,fuse-primary-only,
2802,captured_0052x,What is the diameter of the basketball in cm?,V3MX,DS,24.0,fuse-primary-only,
2803,captured_0052x,What is the distance between the basketball and the shoe in meters? ,V3MX,DS,0.2945,fuse-primary-only,
2804,captured_0052x,What is the distance between the trashbin and the shoe in meters? ,V3MX,DS,0.746,fuse-primary-only,
2805,captured_0052x,What is the distance between the trashbin and the basketball in meters? ,V3MX,DS,1.0405,fuse-primary-only,
2806,captured_0053,What is the width of the book in cm?,V3MC,DS,0.4,fuse-primary-only,
2807,captured_0053,What is the length of the book in cm?,V3MC,DS,2.73,fuse-primary-only,
2808,captured_0053,What is the diameter of the rim of the white cup in cm? ,V3MC,DS,8.0,fuse-primary-only,
2809,captured_0053,What is the diameter of the basketball in cm?,V3MC,DS,24.0,fuse-primary-only,
2810,captured_0053,What is the height of the trashbin in cm?,V3MC,DS,,none,neither arm answered
2811,captured_0053,What is the diatance between the white cup and the basketball in meters?,V3MC,DS,0.409,fuse-primary-only,
2812,captured_0053,What is the diatance between the white cup and the book in meters?,V3MC,DS,0.434,fuse-primary-only,
2813,captured_0053,What is the displacement of the trashbin between 0.4s and 1.4s in meters?,V3MC,DS,0.9962,fuse-primary-only,
2814,captured_0053s,What is the width of the book in cm?,V3MS,DS,20.0,fuse-primary-only,
2815,captured_0053s,What is the length of the book in cm?,V3MS,DS,25.0,fuse-primary-only,
2816,captured_0053s,What is the diameter of the rim of the white cup in cm? ,V3MS,DS,8.0,fuse-primary-only,
2817,captured_0053s,What is the diameter of the basketball in cm?,V3MS,DS,24.0,fuse-primary-only,
2818,captured_0053s,What is the height of the trashbin in cm?,V3MS,DS,,none,neither arm answered
2819,captured_0053s,What is the diatance between the white cup and the basketball in meters?,V3MS,DS,0.409,fuse-primary-only,
2820,captured_0053s,What is the diatance between the white cup and the book in meters?,V3MS,DS,0.434,fuse-primary-only,
2821,captured_0053s,What is the displacement of the trashbin between 0.4s and 1.4s in meters?,V3MS,DS,0.9962,fuse-primary-only,
2822,captured_0053x,What is the width of the book in cm?,V3MX,DS,22.7,fuse-primary-only,
2823,captured_0053x,What is the length of the book in cm?,V3MX,DS,20.0,fuse-primary-only,
2824,captured_0053x,What is the diameter of the rim of the white cup in cm? ,V3MX,DS,8.0,fuse-primary-only,
2825,captured_0053x,What is the diameter of the basketball in cm?,V3MX,DS,24.0,fuse-primary-only,
2826,captured_0053x,What is the height of the trashbin in cm?,V3MX,DS,,none,neither arm answered
2827,captured_0053x,What is the diatance between the white cup and the basketball in meters?,V3MX,DS,0.409,fuse-primary-only,
2828,captured_0053x,What is the diatance between the white cup and the book in meters?,V3MX,DS,0.434,fuse-primary-only,
2829,captured_0053x,What is the displacement of the trashbin between 0.4s and 1.4s in meters?,V3MX,DS,0.9962,fuse-primary-only,
2830,captured_0054a,What is the orange ball's displacement between 0.5s and 1.0s in meters? ,V3MC,DS,0.23218432659577015,fuse-fused,
2831,captured_0054a,What is the soccer ball's displacement between 1.0s and 1.4s in meters? ,V3MC,DS,,none,neither arm answered
2832,captured_0054a,What is the soccer ball's diameter in cm? ,V3MC,DS,31.497796331942176,fuse-fused,
2833,captured_0054a,What is the orange ball's diameter in cm? ,V3MC,DS,,none,neither arm answered
2834,captured_0054a,What is the white ball's diameter in cm? ,V3MC,DS,31.497796331942176,fuse-fused,
2835,captured_0054a,What is the soccer ball's velocity at 0.5s in m/s? ,V3MC,DD,,none,neither arm answered
2836,captured_0054a,What is the velocity of the green ball at 1.0s in m/s? ,V3MC,DD,,none,neither arm answered
2837,captured_0054a,What is the velocity of the white ball at 1.0s in m/s? ,V3MC,DD,,none,neither arm answered
2838,captured_0054a,What is the velocity of the green ball at 1.5s in m/s? ,V3MC,DD,,none,neither arm answered
2839,captured_0054a,What is the velocity of the pink ball at 1.5s in m/s? ,V3MC,DD,,none,neither arm answered
2840,captured_0054a,What is the distance between the orange ball and the soccer ball at 1.0s in meters? ,V3MC,DS,1.365611273061141,fuse-fused,
2841,captured_0054a,What is the distance between the green ball and the pink ball at 1.0s in meters? ,V3MC,DS,1.6165158386143474,fuse-fused,
2842,captured_0054as,What is the orange ball's displacement between 0.5s and 1.0s in meters? ,V3MS,DS,0.2618789189853368,fuse-fused,
2843,captured_0054as,What is the soccer ball's displacement between 1.0s and 1.4s in meters? ,V3MS,DS,,none,neither arm answered
2844,captured_0054as,What is the soccer ball's diameter in cm? ,V3MS,DS,25.946471516226676,fuse-fused,
2845,captured_0054as,What is the orange ball's diameter in cm? ,V3MS,DS,1.105,fuse-primary-only,
2846,captured_0054as,What is the white ball's diameter in cm? ,V3MS,DS,26.69906862685268,fuse-fused,
2847,captured_0054as,What is the soccer ball's velocity at 0.5s in m/s? ,V3MS,DD,,none,neither arm answered
2848,captured_0054as,What is the velocity of the green ball at 1.0s in m/s? ,V3MS,DD,,none,neither arm answered
2849,captured_0054as,What is the velocity of the white ball at 1.0s in m/s? ,V3MS,DD,,none,neither arm answered
2850,captured_0054as,What is the velocity of the green ball at 1.5s in m/s? ,V3MS,DD,,none,neither arm answered
2851,captured_0054as,What is the velocity of the white ball at 1.5s in m/s? ,V3MS,DD,,none,neither arm answered
2852,captured_0054as,What is the distance between the orange ball and the soccer ball at 1.0s in meters? ,V3MS,DS,1.2050219763843546,fuse-fused,
2853,captured_0054as,What is the distance between the green ball and the white ball at 1.0s in meters? ,V3MS,DS,0.034,fuse-primary-only,
2854,captured_0054ax,What is the orange ball's displacement between 0.5s and 1.0s in meters? ,V3MX,DS,0.4230669210585384,fuse-fused,
2855,captured_0054ax,What is the soccer ball's displacement between 1.0s and 1.4s in meters? ,V3MX,DS,,none,neither arm answered
2856,captured_0054ax,What is the white ball's diameter in cm? ,V3MX,DS,0.5,fuse-primary-only,
2857,captured_0054ax,What is the orange ball's diameter in cm? ,V3MX,DS,26.790125575324495,fuse-fused,
2858,captured_0054ax,What is the soccer ball's velocity at 0.5s in m/s? ,V3MX,DD,,none,neither arm answered
2859,captured_0054ax,What is the velocity of the green ball at 1.0s in m/s? ,V3MX,DD,,none,neither arm answered
2860,captured_0054ax,What is the velocity of the white ball at 1.0s in m/s? ,V3MX,DD,,none,neither arm answered
2861,captured_0054ax,What is the velocity of the green ball at 1.5s in m/s? ,V3MX,DD,,none,neither arm answered
2862,captured_0054ax,What is the velocity of the pink ball at 1.5s in m/s? ,V3MX,DD,,none,neither arm answered
2863,captured_0054ax,What is the distance between the orange ball and the soccer ball at 1.0s in meters? ,V3MX,DS,1.1479930727153385,fuse-fused,
2864,captured_0054ax,What is the distance between the green ball and the white ball at 1.0s in meters? ,V3MX,DS,0.0345,fuse-primary-only,
2865,captured_0054b,What is the orange ball's displacement between 0.5s and 1.0s in meters? ,V3MC,DS,0.6297932271661626,fuse-fused,
2866,captured_0054b,What is the soccer ball's displacement between 1.0s and 1.4s in meters? ,V3MC,DS,,none,neither arm answered
2867,captured_0054b,What is the soccer ball's diameter in cm? ,V3MC,DS,20.545281332981375,fuse-fused,
2868,captured_0054b,What is the orange ball's diameter in cm? ,V3MC,DS,,none,neither arm answered
2869,captured_0054b,What is the white ball's diameter in cm? ,V3MC,DS,19.61679509262561,fuse-fused,
2870,captured_0054b,What is the soccer ball's velocity at 0.5s in m/s? ,V3MC,DD,,none,neither arm answered
2871,captured_0054b,What is the velocity of the green ball at 1.0s in m/s? ,V3MC,DD,,none,neither arm answered
2872,captured_0054b,What is the velocity of the white ball at 1.0s in m/s? ,V3MC,DD,1.1168766772164334,fuse-fused,
2873,captured_0054b,What is the velocity of the green ball at 1.5s in m/s? ,V3MC,DD,,none,neither arm answered
2874,captured_0054b,What is the velocity of the white ball at 1.5s in m/s? ,V3MC,DD,0.096,fuse-primary-only,
2875,captured_0054b,What is the distance between the orange ball and the soccer ball at 1.0s in meters? ,V3MC,DS,0.8831465680393636,fuse-fused,
2876,captured_0054b,What is the distance between the green ball and the white ball at 1.0s in meters? ,V3MC,DS,0.21207719307260745,fuse-fused,
2877,captured_0054bs,What is the orange ball's displacement between 0.5s and 1.0s in meters? ,V3MS,DS,0.6396795738905794,fuse-fused,
2878,captured_0054bs,What is the soccer ball's displacement between 1.0s and 1.4s in meters? ,V3MS,DS,0.31441149522907397,fuse-fused,
2879,captured_0054bs,What is the soccer ball's diameter in cm? ,V3MS,DS,1.81,fuse-primary-only,
2880,captured_0054bs,What is the orange ball's diameter in cm? ,V3MS,DS,21.271338223027428,fuse-fused,
2881,captured_0054bs,What is the white ball's diameter in cm? ,V3MS,DS,1.0,fuse-primary-only,
2882,captured_0054bs,What is the soccer ball's velocity at 0.5s in m/s? ,V3MS,DD,,none,neither arm answered
2883,captured_0054bs,What is the velocity of the green ball at 1.0s in m/s? ,V3MS,DD,1.1430328824974947,fuse-fused,
2884,captured_0054bs,What is the velocity of the white ball at 1.0s in m/s? ,V3MS,DD,0.8004444225642339,fuse-fused,
2885,captured_0054bs,What is the velocity of the green ball at 1.5s in m/s? ,V3MS,DD,0.7510019626916573,fuse-fused,
2886,captured_0054bs,What is the velocity of the white ball at 1.5s in m/s? ,V3MS,DD,0.7060393724907658,fuse-fused,
2887,captured_0054bs,What is the distance between the orange ball and the soccer ball at 1.0s in meters? ,V3MS,DS,0.5440614542773413,fuse-fused,
2888,captured_0054bs,What is the distance between the green ball and the white ball at 1.0s in meters? ,V3MS,DS,0.05723458640245161,fuse-fused,
2889,captured_0054bx,What is the orange ball's displacement between 0.5s and 1.0s in meters? ,V3MX,DS,0.5464114653819901,fuse-fused,
2890,captured_0054bx,What is the soccer ball's displacement between 1.0s and 1.4s in meters? ,V3MX,DS,0.292226897505397,fuse-fused,
2891,captured_0054bx,What is the soccer ball's diameter in cm? ,V3MX,DS,,none,neither arm answered
2892,captured_0054bx,What is the orange ball's diameter in cm? ,V3MX,DS,20.550287056232126,fuse-fused,
2893,captured_0054bx,What is the white ball's diameter in cm? ,V3MX,DS,1.81,fuse-primary-only,
2894,captured_0054bx,What is the soccer ball's velocity at 0.5s in m/s? ,V3MX,DD,,none,neither arm answered
2895,captured_0054bx,What is the velocity of the green ball at 1.0s in m/s? ,V3MX,DD,1.7618275382458486,fuse-fused,
2896,captured_0054bx,What is the velocity of the white ball at 1.0s in m/s? ,V3MX,DD,1.3661748365235662,fuse-fused,
2897,captured_0054bx,What is the velocity of the green ball at 1.5s in m/s? ,V3MX,DD,1.2988200986536866,fuse-fused,
2898,captured_0054bx,What is the velocity of the white ball at 1.5s in m/s? ,V3MX,DD,1.8345988356369767,fuse-fused,
2899,captured_0054bx,What is the distance between the orange ball and the soccer ball at 1.0s in meters? ,V3MX,DS,0.7177066872925183,fuse-fused,
2900,captured_0054bx,What is the distance between the green ball and the white ball at 1.0s in meters? ,V3MX,DS,0.033954500975659066,fuse-fused,
2901,captured_0061,What is the diameter of the yoga ball in cm? ,V3MC,DS,53.38527277495426,fuse-fused,
2902,captured_0061,What is the diameter of the soccer ball in cm? ,V3MC,DS,0.6,fuse-primary-only,
2903,captured_0061,What is the distance between the basketball and the yoga ball at 2.0s in meters?,V3MC,DS,,none,neither arm answered
2904,captured_0061,What is the velocity of the soccer ball at 0.6s in m/s?,V3MC,DD,3.367264447143931,fuse-fused,
2905,captured_0061,What is the velocity of the soccer ball at 0.9s in m/s?,V3MC,DD,2.3915689465913963,fuse-fused,
2906,captured_0061,What is the velocity of the basketball at 1.1s in m/s?,V3MC,DD,0.6,fuse-primary-only,
2907,captured_0061,What is the velocity of the basketball at 1.6s in m/s?,V3MC,DD,1.042445235218126,fuse-fused,
2908,captured_0061s,What is the diameter of the yoga ball in cm? ,V3MS,DS,2.133,fuse-primary-only,
2909,captured_0061s,What is the diameter of the soccer ball in cm? ,V3MS,DS,58.54408548801273,fuse-fused,
2910,captured_0061s,What is the distance between the basketball and the yoga ball at 2.0s in meters?,V3MS,DS,2.0,fuse-primary-only,
2911,captured_0061s,What is the velocity of the soccer ball at 0.6s in m/s?,V3MS,DD,1.8654182266406354,fuse-fused,
2912,captured_0061s,What is the velocity of the soccer ball at 0.9s in m/s?,V3MS,DD,1.1960696226162444,fuse-fused,
2913,captured_0061s,What is the velocity of the basketball at 1.1s in m/s?,V3MS,DD,2.0,fuse-primary-only,
2914,captured_0061s,What is the velocity of the basketball at 1.6s in m/s?,V3MS,DD,1.5702155534042699,fuse-fused,
2915,captured_0061x,What is the diameter of the yoga ball in cm? ,V3MX,DS,2.133,fuse-primary-only,
2916,captured_0061x,What is the diameter of the soccer ball in cm? ,V3MX,DS,1.1733,fuse-primary-only,
2917,captured_0061x,What is the distance between the basketball and the yoga ball at 2.0s in meters?,V3MX,DS,,none,neither arm answered
2918,captured_0061x,What is the velocity of the soccer ball at 0.6s in m/s?,V3MX,DD,3.533186983325015,fuse-fused,
2919,captured_0061x,What is the velocity of the soccer ball at 0.9s in m/s?,V3MX,DD,1.1733,fuse-primary-only,
2920,captured_0061x,What is the velocity of the basketball at 1.1s in m/s?,V3MX,DD,2.0,fuse-primary-only,
2921,captured_0061x,What is the velocity of the basketball at 1.6s in m/s?,V3MX,DD,1.5721755093363996,fuse-fused,
2922,captured_0062,What is the length of the whiteboard in cm? ,V3MC,DS,163.70922977090618,fuse-fused,
2923,captured_0062,What is the width of the whiteboard in cm? ,V3MC,DS,2.815,fuse-primary-only,
2924,captured_0062,What is the length of the blue shoppingbag in cm? ,V3MC,DS,3.0,fuse-primary-only,
2925,captured_0062,What is the width of the blue shoppingbag in cm? ,V3MC,DS,3.307,fuse-primary-only,
2926,captured_0062,What is the length of the white box in cm? ,V3MC,DS,1.9339,fuse-primary-only,
2927,captured_0062,What is the width of the white box in cm? ,V3MC,DS,113.15231671446823,fuse-fused,
2928,captured_0062,What is the height of the mario toy in cm? ,V3MC,DS,10.0,fuse-primary-only,
2929,captured_0062,What is the height of the trashbin in cm? ,V3MC,DS,,none,neither arm answered
2930,captured_0062s,What is the length of the whiteboard in cm? ,V3MS,DS,126.4833502815115,fuse-fused,
2931,captured_0062s,What is the width of the whiteboard in cm? ,V3MS,DS,126.4833502815115,fuse-fused,
2932,captured_0062s,What is the length of the blue shoppingbag in cm? ,V3MS,DS,62.73681884653086,fuse-fused,
2933,captured_0062s,What is the width of the blue shoppingbag in cm? ,V3MS,DS,43.15314887398126,fuse-fused,
2934,captured_0062s,What is the length of the white box in cm? ,V3MS,DS,60.56535021383578,fuse-fused,
2935,captured_0062s,What is the width of the white box in cm? ,V3MS,DS,,none,neither arm answered
2936,captured_0062s,What is the height of the mario toy in cm? ,V3MS,DS,,none,neither arm answered
2937,captured_0062s,What is the height of the trashbin in cm? ,V3MS,DS,35.40436738596861,fuse-fused,
2938,captured_0062x,What is the length of the whiteboard in cm? ,V3MX,DS,162.78355254199246,fuse-fused,
2939,captured_0062x,What is the width of the whiteboard in cm? ,V3MX,DS,2.815,fuse-primary-only,
2940,captured_0062x,What is the length of the blue shoppingbag in cm? ,V3MX,DS,3.0,fuse-primary-only,
2941,captured_0062x,What is the width of the blue shoppingbag in cm? ,V3MX,DS,,none,neither arm answered
2942,captured_0062x,What is the length of the white box in cm? ,V3MX,DS,12.0,fuse-primary-only,
2943,captured_0062x,What is the width of the white box in cm? ,V3MX,DS,15.0,fuse-primary-only,
2944,captured_0062x,What is the height of the mario toy in cm? ,V3MX,DS,21.01483651504487,fuse-fused,
2945,captured_0062x,What is the height of the trashbin in cm? ,V3MX,DS,3.0,fuse-primary-only,
2946,internet_0001_segmented,What is the length of the black car in meters? ,S2SC,SS,4.830191609260415,fuse-fused,
2947,internet_0001_segmented,What is the width of the black car in meters? ,S2SC,SS,2.980391786339734,fuse-fused,
2948,internet_0001_segmented,What is the speed of the black car in m/s? ,S2SC,SD,27.45,fuse-primary-only,
2949,internet_0002_segmented,What is the length of the red car in meters? ,S2SC,SS,4.392,fuse-primary-only,
2950,internet_0002_segmented,What is the width of the red car in meters? ,S2SC,SS,5.49,fuse-primary-only,
2951,internet_0002_segmented,What is the speed of the red car in m/s? ,S2SC,SD,2.3108560636154163,fuse-fused,
2952,internet_0003_segmented,What is the diameter of the pizza in cm? ,S2MC,SS,16.559289724551054,fuse-fused,
2953,internet_0003_segmented,What is the diameter of the wine glass in cm? ,S2MC,SS,7.232451870192692,fuse-fused,
2954,internet_0003_segmented,What is the velocity of the pizza cutter in cm/s at 0.2s? ,S2MC,SD,0.9207299051923097,fuse-fused,
2955,internet_0003_segmented,What is the diameter of a pepperoni on the pizza in cm? ,S2MC,SS,1.5,fuse-primary-only,
2956,internet_0005_segmented,What is the distance between the two black road signs in meters? ,V2MC,DS,7.0,fuse-primary-only,
2957,internet_0005_segmented,What is the height of the woman in yellow in meters? ,V2MC,DS,1.7032935322226956,fuse-fused,
2958,internet_0005_segmented,What is the length of the light right above the woman's head in meters? ,V2MC,DS,7.14438856151096,fuse-fused,
2959,internet_0005_segmented,What is the side length of the floor tiles in meters? ,V2MC,DS,0.5,fuse-primary-only,
2960,internet_0008_segmented,What is the average speed of the sailboat in m/s? ,S2MC,SD,,none,neither arm answered
2961,internet_0008_segmented,What is the average speed of the speedboat in m/s? ,S2MC,SD,,none,neither arm answered
2962,internet_0008_segmented,What is the length of the speedboat in meters? ,S2MC,SS,2.0,fuse-primary-only,
2963,internet_0010_segmented,How tall is the shooter in cm? ,S2MC,SS,60.0,fuse-primary-only,
2964,internet_0010_segmented,What is the velocity of the ball at 2.00s in cm/s? ,S2MC,SD,2.0,fuse-primary-only,
2965,internet_0017_segmented,What is the diameter of the round container in cm? ,S2MS,SS,2.5365864997426852,fuse-fused,
2966,internet_0017_segmented,What is the length of the keyboard in cm? ,S2MS,SS,7.059470578543704,fuse-fused,
2967,internet_0017_segmented,What is the width of the keyboard in cm? ,S2MS,SS,7.059470578543704,fuse-fused,
2968,internet_0017_segmented,What is the length of the pen in cm? ,S2MS,SS,2.6337766123646698,fuse-fused,
2969,internet_0017_segmented,What is moving speed of the user's (middle) fingertip at 0.4s in cm/s? ,S2MS,SD,0.5,fuse-primary-only,
2970,internet_0019_segmented,What is the size of the ball in cm? ,A2MC,DS,,none,neither arm answered
2971,internet_0019_segmented,What is the height of the person standing in the middle in cm? ,A2MC,DS,,none,neither arm answered
2972,internet_0019_segmented,What is the height of the person on the left (the passer) in cm? ,A2MC,DS,,none,neither arm answered
2973,internet_0019_segmented,What is the height of the person on the right (the receiver) in cm? ,A2MC,DS,,none,neither arm answered
2974,internet_0019_segmented,What is the initial distance between the passer and the receiver in meters?,A2MC,DS,,none,neither arm answered
2975,internet_0019_segmented,What is the velocity of the ball at 1.00s in m/s? ,A2MC,DD,9.8,fuse-primary-only,
2976,internet_0019_segmented,What is the (average) horizontal velocity of the ball in m/s? ,A2MC,DD,,none,neither arm answered
2977,internet_0021_segmented,What is the average speed of the airplane in m/s? ,S2SS,SD,4.0,fuse-primary-only,
2978,internet_0021_segmented,What is the distance between the airplane and the roof top at 0s in meters?,S2SS,SS,87.91985476404702,fuse-fused,
2979,internet_0021_segmented,What is the the displacement of the airplane from 0s to 2.00s in meters? ,S2SS,SS,52.655288173369506,fuse-fused,
2980,internet_0025_segmented,What is the length of the canoe in meters? ,S2SC,SS,8.756507330403178,fuse-fused,
2981,internet_0025_segmented,What is the average speed of the canoe in m/s?,S2SC,SD,,none,neither arm answered
2982,internet_0025_segmented,What is the displacement of the canoe in the first 5 seconds in meters?,S2SC,SS,,none,neither arm answered
2983,internet_0026_segmented,What is the sitting height of the baby in cm?,S2MC,SS,71.75683774974905,fuse-fused,
2984,internet_0026_segmented,What is the distance between the baby and the man in meters? ,S2MC,SS,2.704561379536941,fuse-fused,
2985,internet_0026_segmented,What is the length of the toy truck in cm?,S2MC,SS,103.22690243296795,fuse-fused,
2986,internet_0026_segmented,What is the height of the toy truck in cm?,S2MC,SS,65.08694907235174,fuse-fused,
2987,internet_0026_segmented,What is the speed of the toy truck at 0.50s in cm/s? ,S2MC,SD,,none,neither arm answered
2988,internet_0026_segmented,What is the average speed of the toy truck in cm/s? ,S2MC,SD,,none,neither arm answered
2989,internet_0027_segmented,What is the initial distance between the black ball and the purple ball in cm? ,S2MS,SS,14.3,fuse-primary-only,
2990,internet_0027_segmented,What is the white ball's average velocity in 1.00s to 2.00s in cm/s? ,S2MS,SD,,none,neither arm answered
2991,internet_0027_segmented,What is the velocity of the orange ball at 1.00s in cm/s? ,S2MS,SD,17.349832713517312,fuse-fused,
2992,internet_0027_segmented,What is the final distance between the purple ball and the black ball in cm? ,S2MS,SS,0.5,fuse-primary-only,
2993,internet_0027_segmented,What is the acceleration of the yellow balloon the left at 2.00s in cm/s^2? ,S2MS,SD,,none,neither arm answered
2994,internet_0028,What is the length of the blue and grey bag in meters?,V2MC,DS,0.6645855971895857,fuse-fused,
2995,internet_0028,What is the length of the orange suitcase in meters?,V2MC,DS,0.5747799015647398,fuse-fused,
2996,internet_0029,What is the diameter of the ball in cm? ,A2SS,DS,,none,neither arm answered
2997,internet_0029,What is the velocity of the ball at 0.20s in m/s? ,A2SS,DD,1.96,fuse-primary-only,
2998,internet_0029,What is the velocity of the ball at 0.40s in m/s? ,A2SS,DD,3.92,fuse-primary-only,
2999,internet_0029,What is the distance of the ball from the desk at 0.40s in meters? ,A2SS,DS,,none,neither arm answered
3000,internet_0029,What is the distance of the ball from the desk at 0.30s in meters? ,A2SS,DS,0.441,fuse-primary-only,
3001,internet_0029,What is the displacement of the ball from 0.30s to 0.40s in meters? ,A2SS,DS,,none,neither arm answered
3002,internet_0030,What is the boat's moving distance between 0.5s to 1.0s in meters? ,S2SC,SS,1.9331923005288814,fuse-fused,
3003,internet_0030,What is the boat's moving distance between 0.5s to 1.37s in meters? ,S2SC,SS,2.1770316685520315,fuse-fused,
3004,internet_0030,What is the speed of the boat between 0.5s to 1s in m/s? ,S2SC,SD,,none,neither arm answered
3005,internet_0030,What is the speed of the boat between 0.5s to 1.37s in m/s? ,S2SC,SD,3.1939129508073885,fuse-fused,
3006,internet_0030,What is the average acceleration of the boat over 0.5 s to 1.37 s in m/s^2?,S2SC,SD,,none,neither arm answered
3007,internet_0031,What is the distance traveled by the player in white shirt from 0.5 to 5.53 in meters?,S2MS,SS,8.271334078317437,fuse-fused,
3008,internet_0031,What is the distance traveled by the player in black shirt from 0.5s to 5.53s in meters?,S2MS,SS,8.038180547182534,fuse-fused,
3009,internet_0031,What is the speed of the player in white shirt from 0.5 to 5.53 in m/s?,S2MS,SD,,none,neither arm answered
3010,internet_0031,What is the speed of the player in black shirt from 0.5 to 5.53 in m/s?,S2MS,SD,,none,neither arm answered
3011,internet_0031,What is the width of football pitch in meters?,S2MS,SD,68.0,fuse-primary-only,
3012,internet_0032,What is the distance traveled by the boat from 0s to 2s in meters?,S2SC,SS,,none,neither arm answered
3013,internet_0032,What is the distance traveled by the boat from 2s to 4.5s in meters?,S2SC,SS,4.795651672837743,fuse-fused,
3014,internet_0032,What is the distance traveled by the boat from 4.5s to 7s in meters?,S2SC,SS,3.5,fuse-fused,
3015,internet_0032,What is the average speed of the boat from 0s to 2s in m/s?,S2SC,SD,,none,neither arm answered
3016,internet_0032,What is the average speed of the boat from 2s to 4.5s in m/s?,S2SC,SD,,none,neither arm answered
3017,internet_0032,What is the average speed of the boat from 4.5s to 7s in m/s?,S2SC,SD,,none,neither arm answered
3018,internet_0032,What is the acceleration of the boat from 0s-2s to 2s-4.5s in m/s^2?,S2SC,SD,,none,neither arm answered
3019,internet_0032,What is the acceleration of the boat from 2s-4.5s to 4.5s-7s in m/s^2?,S2SC,SD,,none,neither arm answered
3020,internet_0032,What is the acceleration of the boat over 0-7s in m/s^2?,S2SC,SD,,none,neither arm answered
3021,internet_0033,What is the speed of the plate of tomatoes from 0s to 0.52s in m/s?,S2MC,SD,,none,neither arm answered
3022,internet_0033,What is the speed of the plate of tomatoes from 1s to 1.6s in m/s?,S2MC,SD,,none,neither arm answered
3023,internet_0033,What is the size of avocado in cm?,S2MC,SS,12.867642649318938,fuse-fused,
3024,internet_0033,What is the size of baguette in cm?,S2MC,SS,55.88830072320827,fuse-fused,
3025,internet_0034,What is the displacement of toilet paper roll from 0.5s to 1.73s in cm? ,S2SC,SS,10.000000000000002,fuse-fused,
3026,internet_0034,What is the speed of toilet paper roll over 0.5s to 1.73s in cm/s?,S2SC,SD,7.637422607111195,fuse-fused,
3027,internet_0034,What is the width of thumbnail in cm?,S2SC,SS,1.3455953704757166,fuse-fused,
3028,internet_0035,What is the speed of the toilet paper core from 0s to 0.83s in cm/s?,S2SC,SD,11.41932653761305,fuse-fused,
3029,internet_0035,What is the width of thumbnail in cm?,S2SC,SS,1.4513551504146074,fuse-fused,
3030,internet_0035,What is the displacement of toilet paper core from rom start to 0.83s in cm?,S2SC,SS,10.000000000000002,fuse-fused,
3031,internet_0036,What is the length of the US one-dollar bill in mm?,S2SS,SS,84.80216919869747,fuse-fused,
3032,internet_0036,What is the speed of the bottom hand moves between 0s to 1.4s in m/s?,S2SS,SD,0.179,fuse-primary-only,
3033,internet_0036,What is the speed of the bottom hand moves between 1.72s to 2.6s in m/s?,S2SS,SD,0.111,fuse-primary-only,
3034,internet_0036,What is the speed of the top hand moves between 1.4s to 2.2s in m/s?,S2SS,SD,0.082875,fuse-primary-only,
3035,internet_0037,What is the speed of the swimming woman between 0s to 2.07s in m/s?,S2SC,SD,0.9343361330447533,fuse-fused,
3036,internet_0037,What is the speed of the swimming woman between 2.07s to 5.20s in m/s?,S2SC,SD,1.1535887905238251,fuse-fused,
3037,internet_0037,What is the speed of the swimming woman between 0s to 5.20s in m/s?,S2SC,SD,4.81,fuse-primary-only,
3038,internet_0037,What is the acceleration of the swimming woman between 0s to 5.20s in m/s^2?,S2SC,SD,,none,neither arm answered
3039,internet_0037,What is the width of the swimming pool in meters?,S2SC,SS,14.924400935948487,fuse-fused,
3040,internet_0038,What is the length of the Apple Magic Mouse in cm? ,S2MS,SS,9.869977171700663,fuse-fused,
3041,internet_0038,What is the length of the MacBook in cm? ,S2MS,SS,29.860102962047275,fuse-fused,
3042,internet_0038,What is the width of the MacBook in cm? ,S2MS,SS,29.860102962047275,fuse-fused,
3043,internet_0038,What is the length of the spacebar in cm? ,S2MS,SS,5.71,fuse-primary-only,
3044,internet_0038,What is the speed of the right hand moves between 0s to 0.54s in m/s?,S2MS,SD,0.5822601872974843,fuse-fused,
3045,internet_0039,What is the speed of the swimming man between 0s to 1s in m/s?,S2SC,SD,,none,neither arm answered
3046,internet_0039,What is the speed of the swimming man between 1 to 2.33s in m/s?,S2SC,SD,,none,neither arm answered
3047,internet_0039,What is the speed of the swimming man between 0s to 2.33s in m/s?,S2SC,SD,,none,neither arm answered
3048,internet_0039,What is the acceleration of the swimming man between 0s to 2.33s in m/s^2?,S2SC,SD,,none,neither arm answered
3049,internet_0039,What is the distance between the two lane ropes in meters?,S2SC,SS,2.5,fuse-primary-only,
3050,internet_0040,What's the length of the credit card in cm?,S2SS,SS,7.3559918121321335,fuse-fused,
3051,internet_0040,What is the displacement of credit card from rom start to 0.73s in cm?,S2SS,SS,,none,neither arm answered
3052,internet_0040,What is the speed of credit card from rom start to 0.73s in cm/s?,S2SS,SD,,none,neither arm answered
3053,internet_0041,What is the displacement of the middle duck in cm?,S2MC,SS,,none,neither arm answered
3054,internet_0041,What is the average speed of the middle duck in cm/s?,S2MC,SD,,none,neither arm answered
3055,internet_0041,What is the distance between the pillars of the arches on the ground in cm?,S2MC,SS,213.39969015566368,fuse-fused,
3056,internet_0041,What is the height of the arches on the ground in cm?,S2MC,SS,213.39969015566368,fuse-fused,
3057,internet_0041,What is the distance between the pillars of the arches on the second floor in cm?,S2MC,SS,2.0,fuse-primary-only,
3058,internet_0041,What is the height of the arches on the second floor in cm?,S2MC,SS,213.39969015566368,fuse-fused,
3059,internet_0042,What is the width of the white car in meters?,S2MS,SS,1.9881446399252978,fuse-fused,
3060,internet_0042,What is the width of the black car in meters?,S2MS,SS,2.6275732734310093,fuse-fused,
3061,internet_0042,What is the length of the black car in meters?,S2MS,SS,4.619075302626945,fuse-fused,
3062,internet_0042,What is the width of the road in meters?,S2MS,SS,3.0,fuse-primary-only,
3063,internet_0042,What is the width of the bridge in meters?,S2MS,SS,3.0,fuse-primary-only,
3064,internet_0042,What is the average speed of the white car in m/s?,S2MS,SD,,none,neither arm answered
3065,internet_0043,What is the diameter of the white ball in cm? ,V2MS,DS,,none,neither arm answered
3066,internet_0043,What is the height of the kettle in cm? ,V2MS,DS,9.757685896307063,fuse-fused,
3067,internet_0043,What is the height of the white cylinder in cm? ,V2MS,DS,5.9331196812220295,fuse-fused,
3068,internet_0043,What is the height of the green bottle in cm? ,V2MS,DS,14.13586106312042,fuse-fused,
3069,internet_0043,What is the height of the plastic bottle in cm? ,V2MS,DS,11.605569093838849,fuse-fused,
3070,internet_0043,What is the height of the plate in cm? ,V2MS,DS,4.306971160102132,fuse-fused,
3071,internet_0043,What is the distance between the kettle and the plate in cm? ,V2MS,DS,27.849483382594283,fuse-fused,
3072,internet_0043,What is the distance between the cylinder and the plastic bottle in cm? ,V2MS,DS,,none,neither arm answered
3073,internet_0044,What is the diameter of the white ball in cm? ,V2MS,DS,4.0,fuse-primary-only,
3074,internet_0044,What is the height of the kettle in cm? ,V2MS,DS,15.0,fuse-primary-only,
3075,internet_0044,What is the height of the white cylinder in cm? ,V2MS,DS,10.0,fuse-primary-only,
3076,internet_0044,What is the height of the green bottle in cm? ,V2MS,DS,20.0,fuse-primary-only,
3077,internet_0044,What is the height of the plastic bottle in cm? ,V2MS,DS,14.0,fuse-primary-only,
3078,internet_0044,What is the height of the plate in cm? ,V2MS,DS,7.0,fuse-primary-only,
3079,internet_0044,What is the distance between the kettle and the plate in cm? ,V2MS,DS,35.0,fuse-primary-only,
3080,internet_0044,What is the distance between the cylinder and the plastic bottle in cm? ,V2MS,DS,10.0,fuse-primary-only,
3081,internet_0044,What is the velocity of the white ball at 1.50s in m/s^2? ,V2MS,DS,9.8,fuse-primary-only,
3082,internet_0044,What is the velocity of the white ball at 2.50s in m/s^2? ,V2MS,DS,24.5,fuse-primary-only,
3083,internet_0045,What is the diameter of the rolling cylinder in cm? ,V2MS,DS,10.0,fuse-primary-only,
3084,internet_0045,What is the height of the green bottle in cm? ,V2MS,DS,25.0,fuse-primary-only,
3085,internet_0045,What is the height of the plastic bottle in cm? ,V2MS,DS,22.0,fuse-primary-only,
3086,internet_0045,What is the height of the plate in cm? ,V2MS,DS,10.0,fuse-primary-only,
3087,internet_0045,What is the distance between the two bottles in cm? ,V2MS,DS,28.0,fuse-primary-only,
3088,internet_0045,What is the distance between the kettle and the plate in cm? ,V2MS,DS,35.0,fuse-primary-only,
3089,internet_0046,What is the velocity of the cup at 1.00s in m/s?,S2SS,SD,10.5,fuse-primary-only,
3090,internet_0046,What is the velocity of the cup at 1.10s in m/s?,S2SS,SD,0.4623793108688897,fuse-fused,
3091,internet_0046,What is the velocity of the cup at 1.20s in m/s?,S2SS,SD,,none,neither arm answered
3092,internet_0046,What is the displacement of the cup between 1.00s and 1.10s in cm? ,S2SS,SS,7.510336540923038,fuse-fused,
3093,internet_0046,What is the displacement of the cup between 1.10s and 1.30s in cm? ,S2SS,SS,15.032482786342243,fuse-fused,
3094,internet_0046,What is the acceleration of the cup at 1.10s in m/s^2?,S2SS,SD,,none,neither arm answered
3095,internet_0047,What is the diameter of the rolling ball in cm? ,V2SS,DS,27.345092166542212,fuse-fused,
3096,internet_0047,What is distance between the two vertical red lines in meters? ,V2SS,DS,1.47,fuse-primary-only,
3097,internet_0047,What is distance between the ball and the white line in meters? ,V2SS,DS,0.6270269606120832,fuse-fused,
3098,internet_0047,What is displacement of the ball between 0.10s and 0.30sin meters? ,V2SS,DS,0.3564074161057871,fuse-fused,
3099,internet_0047,What is distance between the red vertical line on the left and the white line in meters? ,V2SS,DS,1.47,fuse-primary-only,
3100,internet_0047,What is width of the lines on the floor in cm? ,V2SS,DS,5.0,fuse-primary-only,
3101,internet_0048,What is the diameter of the ball in cm? ,A2SS,DS,24.0,fuse-primary-only,
3102,internet_0048,What is the width of a single piece wall pad in cm? ,A2SS,DS,,none,neither arm answered
3103,internet_0048,What is the height of the height of the wall pads in cm? ,A2SS,DS,150.0,fuse-primary-only,
3104,internet_0048,What is the distance between the ball and the floor at 1.50s in meters?,A2SS,DS,1.5,fuse-primary-only,
3105,internet_0048,What is the displacement of the ball between 1.20s and 1.80s in meters? ,A2SS,DS,5.46,fuse-primary-only,
3106,internet_0048,What is the velocity of the ball at 1.50s in m/s?,A2SS,DD,14.7,fuse-primary-only,
3107,internet_0048,What is the height of the walking person in meters?,A2SS,DS,1.7,fuse-primary-only,
3108,internet_0048,What is the average walking speed of the walking person between 2.50s and 3.50s in m/s?,A2SS,DD,1.0,fuse-primary-only,
3109,internet_0049,What is the height of the person riding scooter in meters?,V2MC,DS,1.5999351922398362,fuse-fused,
3110,internet_0049,What is the height of the gray table in meters?,V2MC,DS,0.9401779152519774,fuse-fused,
3111,internet_0049,What is the height of the gray chairs in meters?,V2MC,DS,0.825973701770618,fuse-fused,
3112,internet_0049,What is the height of the brown table in meters?,V2MC,DS,0.9611735753217491,fuse-fused,
3113,internet_0049,What is the length of the brown table in meters?,V2MC,DS,1.8116161055387727,fuse-fused,
3114,internet_0049,What is the height of the canopy in meters?,V2MC,DS,,none,neither arm answered
3115,internet_0049,What is the distance between the middle brown table and the gray table in meters?,V2MC,DS,5.003392275877259,fuse-fused,
3116,internet_0050,What is the height of the person riding scooter in meters?,V2MC,DS,,none,neither arm answered
3117,internet_0050,What is the height of the right basketball stand in meters?,V2MC,DS,3.8049591301841006,fuse-fused,
3118,internet_0050,What is the height of the left basketball stand in meters?,V2MC,DS,3.7925666068272745,fuse-fused,
3119,internet_0050,What is the distance of the bird to ground in meters?,V2MC,DS,1.2349150540801561,fuse-fused,
3120,internet_0050,What is the distance between the two basketball stands in meters?,V2MC,DS,28.0,fuse-primary-only,
3121,internet_0050,What is the width of the left basketball backboard in meters?,V2MC,DS,1.5961578716374996,fuse-fused,
3122,internet_0050,What is the height of the left basketball backboard in meters?,V2MC,DS,1.5859706605650195,fuse-fused,
3123,internet_0051,What is the height of the person riding scooter in meters?,V2MC,DS,1.4065031907593863,fuse-fused,
3124,internet_0051,What is the width of the green car in meters?,V2MC,DS,1.1823563839394584,fuse-fused,
3125,internet_0051,What is the height of the green car in meters?,V2MC,DS,0.9570667786305621,fuse-fused,
3126,internet_0051,What is the height of the tree in the middle of the video in meters?,V2MC,DS,10.0,fuse-primary-only,
3127,internet_0051,What is the distance between the brown and green car in meters?,V2MC,DS,2.5958232944394903,fuse-fused,
3128,internet_0052,What is the height of the person riding scooter in meters?,V2MC,DS,1.7945920787675418,fuse-fused,
3129,internet_0052,What is the distance between the two closest tall trees in meters? ,V2MC,DS,4.37,fuse-primary-only,
3130,internet_0052,What is the height of the no-parking sign in meters?,V2MC,DS,0.6093057481948966,fuse-fused,
3131,internet_0052,What is the width of the no-parking sign in meters?,V2MC,DS,0.27620411729090233,fuse-fused,
3132,internet_0052,What is the height of the scooter in meters?,V2MC,DS,1.1385625764284206,fuse-fused,
3133,internet_0052,What is the wheel-to-wheel width of the scooter in meters?,V2MC,DS,,none,neither arm answered
3134,internet_0053,What is the height of the person riding scooter in meters?,V2MC,DS,2.382660999022584,fuse-fused,
3135,internet_0053,What is the height of the lamp in meters?,V2MC,DS,,none,neither arm answered
3136,internet_0053,What is the wheel-to-wheel width of the scooter in meters?,V2MC,DS,,none,neither arm answered
3137,internet_0053,What is the height of the scooter in meters?,V2MC,DS,,none,neither arm answered
3138,internet_0053,What is the height of the sign on the ground in meters?,V2MC,DS,0.6272390674478775,fuse-fused,
3139,internet_0053,What is the width of the sign on the ground in meters?,V2MC,DS,,none,neither arm answered
3140,internet_0053,What is the height of the fire hydrant in meters?,V2MC,DS,1.0068127638475066,fuse-fused,
3141,internet_0053,What is the width of the bench in meters?,V2MC,DS,1.9469569075376267,fuse-fused,
3142,internet_0053,What is the height of the bench in meters?,V2MC,DS,,none,neither arm answered
3143,internet_0053,What is the height of the trash bin in meters?,V2MC,DS,0.7,fuse-primary-only,
3144,internet_0054,What is the height of the person riding scooter in meters?,V2MC,DS,2.756919303273358,fuse-fused,
3145,internet_0054,What is the length of the brown chairs in meters?,V2MC,DS,2.409459936325483,fuse-fused,
3146,internet_0054,What is the height of the canopy in meters?,V2MC,DS,5.509856564054698,fuse-fused,
3147,internet_0054,What is the width of the canopy in meters?,V2MC,DS,14.247744563012306,fuse-fused,
3148,internet_0054,What is the height of the scooter in meters?,V2MC,DS,,none,neither arm answered
3149,internet_0054,What is the wheel-to-wheel width of the scooter in meters?,V2MC,DS,,none,neither arm answered
3150,internet_0055,What is the height of the walking person in meters?,V2MC,DS,2.042286736862539,fuse-fused,
3151,internet_0055,What is the height of the DO NOT ENTER sign in meters?,V2MC,DS,,none,neither arm answered
3152,internet_0055,What is the width of the DO NOT ENTER sign in meters?,V2MC,DS,0.9267719821945082,fuse-fused,
3153,internet_0055,What is the distance of the DO NOT ENTER sign to the ground in meters?,V2MC,DS,1.405881735617404,fuse-fused,
3154,internet_0055,What is the height of the Bicycle sign in meters?,V2MC,DS,1.3109994710856763,fuse-fused,
3155,internet_0055,What is the width of the Bicycle sign in meters?,V2MC,DS,1.000089769647807,fuse-fused,
3156,internet_0055,What is the distance of the Bicycle sign to the ground in meters?,V2MC,DS,1.5894762643261977,fuse-fused,
3157,internet_0055,What is the width of the YIELD sign in meters?,V2MC,DS,0.793705311400148,fuse-fused,
3158,internet_0056,What is the height of the person riding scooter in meters?,V2MC,DS,1.7768705488553767,fuse-fused,
3159,internet_0056,What is the distance between the two closest tall trees in meters? ,V2MC,DS,10.0,fuse-primary-only,
3160,internet_0056,What is the height of the left most tree in meters?,V2MC,DS,6.183316816776301,fuse-fused,
3161,internet_0057,What is the height of the person in meters? ,A2MS,DS,1.8,fuse-primary-only,
3162,internet_0057,What is the distance between the basket and the floor in meters? ,A2MS,DS,3.05,fuse-primary-only,
3163,internet_0057,What is the velocity of the ball at 2.00s in m/s?,A2MS,DD,19.6,fuse-primary-only,
3164,internet_0057,What is the velocity of the ball at 3.00s in m/s?,A2MS,DD,29.4,fuse-primary-only,
3165,internet_0057,What is the distance between the basket and the ball at 3.00s in meters?,A2MS,DS,3.05,fuse-primary-only,
3166,internet_0057,What is the distance between the person and the ball at 3.00s in meters?,A2MS,DS,44.1,fuse-primary-only,
3167,internet_0057,What is the distance between the ball and the floor at 4.00s in meters? ,A2MS,DS,3.05,fuse-primary-only,
3168,internet_0057,What is the person's average walking speed from 3.50s to 5.00s in m/s? ,A2MS,DD,4.0,fuse-primary-only,
3169,internet_0057,What is the displacement of the ball between 2.00s and 4.00s in meters? ,A2MS,DS,4.0,fuse-primary-only,
3170,internet_0058,What is the height of the person in meters? ,A2MS,DS,1.2,fuse-primary-only,
3171,internet_0058,What is the distance between the basket and the floor in meters? ,A2MS,DS,3.05,fuse-primary-only,
3172,internet_0058,What is the velocity of the ball at 1.00s in m/s?,A2MS,DD,9.8,fuse-primary-only,
3173,internet_0058,What is the distance between the ball and the floor at 1.00s in meters? ,A2MS,DS,4.5,fuse-primary-only,
3174,internet_0058,What is the distance between the ball and the basket at 1.00s in meters? ,A2MS,DS,1.0,fuse-primary-only,
3175,internet_0058,What is the velocity of the ball at 2.00s in m/s?,A2MS,DD,19.6,fuse-primary-only,
3176,internet_0058,What is the distance between the ball and the floor at 2.00s in meters? ,A2MS,DS,,none,neither arm answered
3177,internet_0058,What is the distance between the ball and the floor at 1.40s in meters? ,A2MS,DS,,none,neither arm answered
3178,internet_0058, What is the average speed of the ball between 1.40s and 2.00s in m/s?,A2MS,DD,,none,neither arm answered
3179,internet_0059,What is the diameter of the ball in cm? ,A2SS,DS,24.0,fuse-primary-only,
3180,internet_0059,What is the length of the billboard in the middle in cm?,A2SS,DS,60.0,fuse-primary-only,
3181,internet_0059,What is the height of the billboard on the left in cm?,A2SS,DS,60.0,fuse-primary-only,
3182,internet_0059,What is the height of the billboard on the right in cm?,A2SS,DS,30.0,fuse-primary-only,
3183,internet_0059,What is distance between the left edge of the left billboard and the right edge of the right bill board in cm? ,A2SS,DS,120.0,fuse-primary-only,
3184,internet_0059,What is velocity of the ball at 2.50s in m/s?,A2SS,DD,24.5,fuse-primary-only,
3185,internet_0059,What is velocity of the ball at 3.00s in m/s? ,A2SS,DD,29.4,fuse-primary-only,
3186,internet_0059,What is the average velocity of the ball between 2.50s and 3.20s in m/s? ,A2SS,DD,27.93,fuse-primary-only,
3187,internet_0059,What is the displacement of the ball between 2.50s and 3.00s in meters?,A2SS,DS,13.475,fuse-primary-only,
3188,internet_0060,What is the length of the pink box in cm?,A2SS,DS,10.0,fuse-primary-only,
3189,internet_0060,What is the width of the pink box in cm?,A2SS,DS,10.0,fuse-primary-only,
3190,internet_0060,What is the distance between the pink box and the floor at 0.00s in meters?,A2SS,DS,,none,neither arm answered
3191,internet_0060,What is the velocity of the box at 2.00s in m/s?,A2SS,DD,19.6,fuse-primary-only,
3192,internet_0060,What is the displacement of the box between 0.00s and 2.00s in meters?,A2SS,DS,1.5,fuse-primary-only,
3193,internet_0060,What is displacement of the box between 2.20s and 3.00s in meters?,A2SS,DS,1.0,fuse-primary-only,
3194,internet_0061,What is the width of the acorn in cm? ,A2SS,DS,5.0,fuse-primary-only,
3195,internet_0061,What is the height of the acorn in cm? ,A2SS,DS,5.0,fuse-primary-only,
3196,internet_0061,What is the velocity of the acorn at 1.40s in m/s? ,A2SS,DD,13.72,fuse-primary-only,
3197,internet_0061,What is the distance between the bottom of the acorn and the chair surface at 1.40s in cm?,A2SS,DS,1.4,fuse-primary-only,
3198,internet_0061,What is the distance between the bottom of the acorn and the chair surface at 1.80s in cm? ,A2SS,DS,882.0,fuse-primary-only,
3199,internet_0061,What is the displacement of the acorn between 1.30s and 1.40s in cm? ,A2SS,DS,15.0,fuse-primary-only,
3200,internet_0062,What is the length of the longer side of the wallet in cm? ,A2SS,DS,14.0,fuse-primary-only,
3201,internet_0062,What is the length of the shorter side of the wallet in cm? ,A2SS,DS,10.0,fuse-primary-only,
3202,internet_0062,What is the velocity of the wallet at 2.50s in m/s? ,A2SS,DD,24.5,fuse-primary-only,
3203,internet_0062,What is the distance between the bottom corner of the wallet and the floor at 2.50s in m/s? ,A2SS,DS,24.5,fuse-primary-only,
3204,internet_0062,What is the displacement of the wallet between 2.20s and 2.50s in meters?,A2SS,DS,,none,neither arm answered
3205,internet_0062,What is the velocity of the wallet at 2.60s in m/s? ,A2SS,DD,25.48,fuse-primary-only,
3206,internet_0063,What is the height of the water bottle in cm?,A2SS,DS,25.0,fuse-primary-only,
3207,internet_0063,What is the diameter of the water bottle in cm? ,A2SS,DS,6.5,fuse-primary-only,
3208,internet_0063,What is the velocity of the water bottle at 1.50s in m/s?,A2SS,DD,14.7,fuse-primary-only,
3209,internet_0063,What is the velocity of the water bottle at 1.70s in m/s?,A2SS,DD,16.66,fuse-primary-only,
3210,internet_0063,What is the displacement of the water bottle between 1.50s and 1.70s in meters?,A2SS,DS,1.2,fuse-primary-only,
3211,internet_0063,What is the distance between the bottom of the water bottle and the floor at 1.50s in meters?,A2SS,DS,11.025,fuse-primary-only,
3212,internet_0064,What is the height of the person in meters? ,A2MS,DS,,none,neither arm answered
3213,internet_0064,What is the velocity of the ball at 3.0s in m/s? ,A2MS,DD,29.4,fuse-primary-only,
3214,internet_0064,What is the velocity of the ball at 3.6s in m/s? ,A2MS,DD,35.28,fuse-primary-only,
3215,internet_0064,What is the velocity of the person at 4.4s in m/s? ,A2MS,DD,4.4,fuse-primary-only,
3216,internet_0064,What is the distance between the bottom of the ball and the floor at 3.5s in meters?,A2MS,DS,60.025,fuse-primary-only,
3217,internet_0064,What is the displacement of the ball between 3.50s and 3.70s in meters? ,A2MS,DS,3.5,fuse-primary-only,
3218,internet_0064,What is the displacement of the person between 4.00s and 5.00s in meters? ,A2MS,DS,1.5,fuse-primary-only,
3219,internet_0064,What is the diameter of the ball in cm? ,A2MS,DS,24.0,fuse-primary-only,
3220,internet_0065,What is the velocity of the ball at 0.20s in m/s? ,A2SS,DD,,none,neither arm answered
3221,internet_0065,What is the velocity of the ball at 0.30s in m/s? ,A2SS,DD,,none,neither arm answered
3222,internet_0065,What is the velocity of the ball at 0.40s in m/s? ,A2SS,DD,2.5,fuse-primary-only,
3223,internet_0065,What is the velocity of the ball at 0.50s in m/s? ,A2SS,DD,,none,neither arm answered
3224,internet_0065,What is the displacement of the ball between 0.20s and 0.30 in meters?,A2SS,DS,3.6,fuse-primary-only,
3225,internet_0065,What is the displacement of the ball between 0.30s and 0.40s in meters?,A2SS,DS,3.6,fuse-primary-only,
3226,internet_0065,What is the displacement of the ball between 0.40s and 0.50s in meters?,A2SS,DS,4.5,fuse-primary-only,
3227,internet_0065,What is the diameter of the ball in cm? ,A2SS,DS,24.0,fuse-primary-only,
3228,internet_0066,What is the diameter of the ball in cm? ,A2SS,DS,24.0,fuse-primary-only,
3229,internet_0066,What is the velocity of the ball at 1.80s in m/s?,A2SS,DD,,none,neither arm answered
3230,internet_0066,What is the velocity of the ball at 1.90s in m/s?,A2SS,DD,,none,neither arm answered
3231,internet_0066,What is the velocity of the ball at 2.00s in m/s?,A2SS,DD,,none,neither arm answered
3232,internet_0066,What is the velocity of the ball at 2.10s in m/s?,A2SS,DD,,none,neither arm answered
3233,internet_0066,What is the velocity of the ball at 2.20s in m/s?,A2SS,DD,,none,neither arm answered
3234,internet_0066,What is the displacement of the ball between 1.70s and 1.80s in meters?,A2SS,DS,,none,neither arm answered
3235,internet_0066,What is the displacement of the ball between 1.80s and 1.90s in meters?,A2SS,DS,,none,neither arm answered
3236,internet_0066,What is the displacement of the ball between 1.90s and 2.00s in meters?,A2SS,DS,,none,neither arm answered
3237,internet_0066,What is the displacement of the ball between 2.00s and 2.10s in meters?,A2SS,DS,,none,neither arm answered
3238,internet_0067,What is the acceleration of the acorn at 0.17s in m/s^2? ,S2SS,DD,,none,neither arm answered
3239,internet_0067,What is the velocity of the acorn at 0.17s in m/s? ,S2SS,DD,1.3126454605229692,fuse-fused,
3240,internet_0067,What is the velocity of the acorn at 0.20s in m/s? ,S2SS,DD,1.3256476755981468,fuse-fused,
3241,internet_0067,What is the width of the acorn in cm? ,S2SS,DS,14.278720790114184,fuse-fused,
3242,internet_0068,What is the height of the acorn in cm? ,A2SS,DS,3.0,fuse-primary-only,
3243,internet_0068,What is the velocity of the acorn at 2.00s in m/s? ,A2SS,DD,2.0,fuse-primary-only,
3244,internet_0068,What is the velocity of the acorn at 2.10s in m/s? ,A2SS,DD,0.22971294617630975,fuse-fused,
3245,internet_0068,What is the velocity of the acorn at 2.30s in m/s? ,A2SS,DD,0.08696374004762385,fuse-fused,
3246,internet_0068,What is the displacement of the acorn between 2.00s and 2.10s in cm?,A2SS,DS,0.385,fuse-primary-only,
3247,internet_0068,What is the displacement of the acorn between 2.10s and 2.20s in cm?,A2SS,DS,0.385,fuse-primary-only,
3248,internet_0068,What is the displacement of the acorn between 2.20s and 2.30s in cm?,A2SS,DS,,none,neither arm answered
3249,internet_0068,What is the displacement of the acorn between 2.30s and 2.40s in cm?,A2SS,DS,,none,neither arm answered
3250,internet_0069,What is the height of the cup in cm? ,A2SS,DS,,none,neither arm answered
3251,internet_0069,What is the velocity of the cup at 2.00s in m/s?,A2SS,DD,2.0,fuse-primary-only,
3252,internet_0069,What is the velocity of the cup at 2.10s in m/s?,A2SS,DD,0.10205259452341506,fuse-fused,
3253,internet_0069,What is the velocity of the cup at 2.20s in m/s?,A2SS,DD,2.0,fuse-primary-only,
3254,internet_0069,What is the velocity of the cup at 2.30s in m/s?,A2SS,DD,0.096,fuse-primary-only,
3255,internet_0069,What is the displacement of the cup between 2.00s and 2.10s in cm? ,A2SS,DS,1.6,fuse-primary-only,
3256,internet_0069,What is the displacement of the cup between 2.10s and 2.30s in cm? ,A2SS,DS,0.5,fuse-primary-only,
3257,internet_0069,What is the displacement of the cup between 2.30s and 2.50s in cm? ,A2SS,DS,0.11942491822836666,fuse-fused,
3258,internet_0070,What is the length of the speedboat in meters?,V2SC,DS,5.930174268328303,fuse-fused,
3259,internet_0070,What is the height of the speedboat in meters?,V2SC,DS,3.445334571632035,fuse-fused,
3260,internet_0070,What is the displacement of the speedboat between 1.00s and 4.00s in meters?,V2SC,DS,30.647202706922215,fuse-fused,
3261,internet_0070,What is the displacement of the speedboat between 2.00s and 3.00s in meters?,V2SC,DS,10.215734235640735,fuse-fused,
3262,internet_0070,What is the velocity of the speed boat at 2.00s? ,V2SC,DD,10.306490158412087,fuse-fused,
3263,internet_0071,What is the diameter of the toilet paper roll in cm?,S2SS,SS,10.468817605401213,fuse-fused,
3264,internet_0071,What is the length of the toilet paper holder in cm?,S2SS,SS,11.66046590980462,fuse-fused,
3265,internet_0071,What is the length of a wall tile in cm?,S2SS,SS,10.0,fuse-primary-only,
3266,internet_0071,What is the height of a wall tile in cm? ,S2SS,SS,23.188336645503725,fuse-fused,
3267,internet_0071,What is the moving velocity of the toilet paper at 0.50s in cm/s? ,S2SS,SD,12.143294647228673,fuse-fused,
3268,internet_0071,What is the moving velocity of the toilet paper at 1.00s in cm/s? ,S2SS,SD,7.941948761391089,fuse-fused,
3269,internet_0071,What is the average moving velocity of the toilet paper from 0.50s to 1.50s in cm/s? ,S2SS,SD,7.8819716822774275,fuse-fused,
3270,internet_0072,What is the width of the credit card in cm? ,S2SS,SS,5.39,fuse-primary-only,
3271,internet_0072,What is the moving velocity of the credit card at 0.50s in cm/s?,S2SS,SD,,none,neither arm answered
3272,internet_0072,What is the moving velocity of the credit card at 1.00s in cm/s?,S2SS,SD,,none,neither arm answered
3273,internet_0072,What is the acceleration of the credit card at 0.50s in cm/s? ,S2SS,SD,,none,neither arm answered
3274,internet_0073,What is the distance between the blue bag and the yellow bag in meters? ,S2MC,SS,,none,neither arm answered
3275,internet_0073,What is the width of the red package in meters?,S2MC,SS,0.3,fuse-primary-only,
3276,internet_0073,What is the height of the red package in meters?,S2MC,SS,0.1,fuse-primary-only,
3277,internet_0073,What is the width of the package in the middle of the read package and the blue bag in meters?,S2MC,SS,0.3,fuse-primary-only,
3278,internet_0073,What is the height of the package in the middle of the read package and the blue bag in meters?,S2MC,SS,0.25,fuse-primary-only,
3279,internet_0073,What is the distance between the red package and the blue bag in meters?,S2MC,SS,1.5,fuse-primary-only,
3280,internet_0073,What is the displacement of the blue bag between 2.00s and 3.50s in meters? ,S2MC,SS,0.45,fuse-primary-only,
3281,internet_0074,What is the total length of the pickle ball court in meters? ,S2MS,SS,11.626018115779704,fuse-fused,
3282,internet_0074,What is the distance between the two players at 0.00s in meters? ,S2MS,SS,6.1,fuse-primary-only,
3283,internet_0074,What is the velocity of the ball at 1.00s in m/s? ,S2MS,SD,,none,neither arm answered
3284,internet_0074,What is the distance between the ball and the net at 1.00s in meters? ,S2MS,SS,2.80391798258316,fuse-fused,
3285,internet_0074,What is the distance between the ball and the nearest player at 2.00s in meters? ,S2MS,SS,4.246662546236513,fuse-fused,
3286,internet_0074,What is the velocity of the ball at 3.00s in m/s? ,S2MS,SD,,none,neither arm answered
3287,internet_0074,What is the length of the net in meters?,S2MS,SS,8.601622766530426,fuse-fused,
3288,internet_0074,What is the distance between the two players at 4.50s in meters?,S2MS,SS,6.1,fuse-primary-only,
