row_index,video_id,question,video_type,inference_type,parsed_value,method,reason,unit
0,simulation_0007,What is the width of the wooden pier in meters?,S2MC,SS,,none,row never attempted,meters
1,simulation_0007,What is the length of the pier in meters?,S2MC,SS,,none,row never attempted,meters
2,simulation_0007,"When t=3s, what is the minimum distance from the outer end of the pier to the boat in meters?",S2MC,SS,10.86,vlm-sentinel,,meters
3,simulation_0007,What is the speed of the boat at 1.0s in m/s?,S2MC,SD,0.05,vlm-sentinel,,m/s
4,simulation_0012,What is the total width of the house from eave to eave in meters?,V2MC,DS,4.5,vlm-sentinel,,meters
5,simulation_0012,What is the body length of the bird in meters?,V2MC,DS,,none,row never attempted,meters
6,simulation_0012,How wide is the bird's wingspan when it spreads its wings in meters?,V2MC,DS,1.2,vlm-sentinel,,meters
7,simulation_0020,What is the height of the person in meters?,A2MC,DS,,none,row never attempted,meters
8,simulation_0020,What is the velocity of the ball at 0.0s in m/s?,A2MC,DD,8.0,vlm-sentinel,,m/s
9,simulation_0020,What is the diameter of the ball in meters?,A2MC,DS,,none,row never attempted,meters
10,simulation_0041,What is the length of the boat in meters?,S2MC,SS,,none,row never attempted,meters
11,simulation_0041,What is the width of the boat in meters?,S2MC,SS,4.4,vlm-sentinel,,meters
12,simulation_0041,What is the speed of the boat at 1.0s in m/s?,S2MC,SD,,none,model answered zero; declining,m/s
13,simulation_0041,What is the speed of the person at 1.0s in m/s?,S2MC,SD,,none,model answered zero; declining,m/s
14,simulation_0047,What is the width of the telephone booth in meters?,V2MC,DS,,none,row never attempted,meters
15,simulation_0047,What is the length of the planter area between the two staircases in meters?,V2MC,DS,3.0,vlm-sentinel,,meters
16,simulation_0047,What is the length of the moving bicycle in meters?,V2MC,DS,,none,row never attempted,meters
17,simulation_0047,What is the speed of the moving bicycle at 1.0s in m/s?,V2MC,DD,,none,row never attempted,m/s
18,simulation_0053,What is the speed of the green car at 2.0s in m/s?,A2MC,DD,15.0,vlm-sentinel,,m/s
19,simulation_0053,What is the length of the orange car in meters?,A2MC,DS,,none,row never attempted,meters
20,simulation_0053,What is the length of the green car in meters?,A2MC,DS,,none,row never attempted,meters
21,simulation_0053,What is the distance between the two black lamps in meters?,A2MC,DS,1.5,vlm-sentinel,,meters
22,simulation_0053,What is the walking speed of the person at 2.0s in meters?,A2MC,DD,,none,model answered zero; declining,m/s
23,simulation_0054,What is the speed of the green car at 2.0s in m/s?,A2MC,DD,25.0,vlm-sentinel,,m/s
24,simulation_0054,What is the length of the orange car in meters?,A2MC,DS,,none,row never attempted,meters
25,simulation_0054,What is the length of the green car in meters?,A2MC,DS,,none,row never attempted,meters
26,simulation_0054,What is the distance between the two black lamps in meters?,A2MC,DS,1.5,vlm-sentinel,,meters
27,simulation_0054,What is the width of the orange car in meters?,A2MC,DS,1.8,vlm-sentinel,,meters
28,simulation_0054,What is the width of the green car in meters?,A2MC,DS,,none,row never attempted,meters
29,simulation_0057,What is the length of the orange car in meters?,A2MC,DS,4.5,vlm-sentinel,,meters
30,simulation_0057,What is the distance between the two black lamps in meters?,A2MC,DS,,none,row never attempted,meters
31,simulation_0057,What is the width of the orange car in meters?,A2MC,DS,1.8,vlm-sentinel,,meters
32,simulation_0068,What is the speed of the yellow car at 2.5s in m/s？,A2MS,DD,0.01,vlm-last-number,,m/s
33,simulation_0068,What is the length of the turning yellow car in meters?,A2MS,DS,4.5,vlm-sentinel,,meters
34,simulation_0068,What is the width of the turning yellow car in meters?,A2MS,DS,1.8,vlm-sentinel,,meters
35,simulation_0068,What is the width of the white car in meters?,A2MS,DS,,none,model answered zero; declining,meters
36,simulation_0068,What is the length of the white car in meters？,A2MS,DS,4.0,vlm-sentinel,,meters
37,simulation_0069,What is the speed of the walking pedestrian at 1.0s in m/s?,A2MS,DD,1.4,vlm-sentinel,,m/s
38,simulation_0069,What is the width of the white car in meters?,A2MS,DS,,none,model answered zero; declining,meters
39,simulation_0069,What is the length of the white car in meters？,A2MS,DS,,none,model answered zero; declining,meters
40,simulation_0070,What is the speed of the turing yellow car at 2.5s in m/s?,S2MS,SD,,none,row never attempted,m/s
41,simulation_0070,What is the width of the turning yellow car in meters?,S2MS,SS,1.81,vlm-sentinel,,meters
42,simulation_0070,What is the speed of the bicycle at 1.0s in m/s?,S2MS,SD,,none,model answered zero; declining,m/s
43,simulation_0071,What is the speed of the turing yellow car at 2.5s in m/s?,S2MS,SD,,none,model answered zero; declining,m/s
44,simulation_0071,What is the width of the turning yellow car in meters?,S2MS,SS,,none,row never attempted,meters
45,simulation_0071,What is the speed of the walking pedestrian at 1.0s in m/s?,S2MS,SD,1.4,vlm-sentinel,,m/s
46,simulation_0072,What is the speed of the walking pedestrian at 1.0s in m/s?,V2MS,DD,1.4,vlm-sentinel,,m/s
47,simulation_0073,What is the width of the white car in meters?,V2MS,DS,4.0,vlm-sentinel,,meters
48,simulation_0073,What is the length of the white car in meters？,V2MS,DS,4.5,vlm-sentinel,,meters
49,simulation_0073,What is the distance between the white car and the bicycle at 1.0s in meters?,V2MS,DS,,none,row never attempted,meters
50,simulation_0073,What is the  distance between the white car and the bicycle at 2.0s in meters?,V2MS,DS,10.66,vlm-sentinel,,meters
51,simulation_0073,What is the acceleration of the white car at 1.0s in m/s^2?,V2MS,DD,,none,model answered zero; declining,m/s^2
52,simulation_0073,What is the side length of the square earthen platform in meters?,V2MS,DS,,none,row never attempted,meters
53,simulation_0073,What is the speed of the white car at 1.0s in m/s?,V2MS,DD,,none,model answered zero; declining,m/s
54,simulation_0075,What is the length of the turning yellow car in meters?,S2MS,SS,,none,row never attempted,meters
55,simulation_0075,What is the speed of the walking pedestrian at 1.0s in m/s?,S2MS,SD,,none,row never attempted,m/s
56,simulation_0075,What is the speed of the turing yellow car at 2.5s in m/s?,S2MS,SD,2.4,vlm-sentinel,,m/s
57,simulation_0075,What is the width of the turning yellow car in meters?,S2MS,SS,,none,row never attempted,meters
58,simulation_0075,What is the width of the purple car in meters?,S2MS,SS,,none,row never attempted,meters
59,simulation_0075,What is the length of the purple car in meters?,S2MS,SS,,none,row never attempted,meters
60,simulation_0075,What is the speed of the bicycle at 1.0s in m/s?,S2MS,SD,,none,row never attempted,m/s
61,simulation_0075,What is the side length of the square earthen platform in meters?,S2MS,SS,,none,row never attempted,meters
62,simulation_0075,What is the width of the white car in meters?,S2MS,SS,,none,row never attempted,meters
63,simulation_0075,What is the acceleration of the white car at 1.0s in m/s^2?,S2MS,SD,,none,model answered zero; declining,m/s^2
64,simulation_0075,What is the width of the green car in meters?,S2MS,SS,,none,row never attempted,meters
65,simulation_0075,What is the length of the green car in meters?,S2MS,SS,,none,row never attempted,meters
66,simulation_0076,What is the speed of the person in the white shirt at 1.0s in m/s?,V2MX,DD,,none,row never attempted,m/s
67,simulation_0076,What is the distance between the person in the black shirt and the person in the white shirt at 1.0s in meters?,V2MX,DS,2.0,vlm-sentinel,,meters
68,simulation_0076,What is the distance between the person in the black shirt and the person in the white shirt at 2.0s in meters?,V2MX,DS,,none,row never attempted,meters
69,simulation_0077,What is the speed of the person in the white shirt at 1.0s in m/s?,V2MX,DD,,none,row never attempted,m/s
70,simulation_0077,What is the distance between the person in the black shirt and the person in the white shirt at 1.0s in meters?,V2MX,DS,,none,row never attempted,meters
71,simulation_0077,What is the distance between the person in the black shirt and the person in the white shirt at 2.0s in meters?,V2MX,DS,,none,row never attempted,meters
72,simulation_0078,What is the speed of the person in the black shirt at 1.0s in m/s?,V2MX,DD,,none,row never attempted,m/s
73,simulation_0078,What is the distance between the person in the black shirt and the person in the white shirt at 1.0s in meters?,V2MX,DS,,none,row never attempted,meters
74,simulation_0078,What is the distance between the person in the black shirt and the person in the white shirt at 2.0s in meters?,V2MX,DS,,none,row never attempted,meters
75,simulation_0079,What is the speed of the walking person at 1.0s in m/s?,S2MX,SD,,none,row never attempted,m/s
76,simulation_0079,What is the speed of the bike at 1.0s in m/s?,S2MX,SD,1.7,vlm-sentinel,,m/s
77,simulation_0079,What is the distance between the walking person and the bike at 1.0s in meters?,S2MX,SS,,none,row never attempted,meters
78,simulation_0079,What is the distance between the walking person and the bike at 0.5s in meters?,S2MX,SS,,none,row never attempted,meters
79,simulation_0080,What is the speed of the walking person at 0.5s in m/s?,S2MX,SD,,none,row never attempted,m/s
80,simulation_0080,What is the speed of the bike at 0.5s in m/s?,S2MX,SD,3.4,vlm-sentinel,,m/s
81,simulation_0080,What is the distance between the walking person and the bike at 0.5 s in meters?,S2MX,SS,1.5,vlm-sentinel,,meters
82,simulation_0080,What is the distance between the walking person and the bike at 1.0s in meters?,S2MX,SS,1.7,vlm-sentinel,,meters
83,simulation_0081,What is the speed of the walking person at 0.5s in m/s?,S2MX,SD,,none,row never attempted,m/s
84,simulation_0081,What is the speed of the bike at 0.5s in m/s?,S2MX,SD,,none,row never attempted,m/s
85,simulation_0081,What is the distance between the walking person and the bike at 0.5 s in meters?,S2MX,SS,3.4,vlm-sentinel,,meters
86,simulation_0081,What is the distance between the walking person and the bike at 1.0 s in meters?,S2MX,SS,,none,row never attempted,meters
87,simulation_0082,What is the width of the yellow car in meters?,S2MX,SS,,none,row never attempted,meters
88,simulation_0082,What is the length of the black and white car in meters?,S2MX,SS,,none,row never attempted,meters
89,simulation_0082,What is the width of the black and white car in meters?,S2MX,SS,,none,row never attempted,meters
90,simulation_0082,What is the distance between the yellow car and the black and white car at 1.0s in meters?,S2MX,SS,1.13,vlm-sentinel,,meters
91,simulation_0082,What is the distance between the yellow car and the black and white car at 2.0s in meters?,S2MX,SS,,none,row never attempted,meters
92,simulation_0082,What is the speed of the yellow car at 1.0s in m/s？,S2MX,SD,,none,model answered zero; declining,m/s
93,simulation_0082,What is the speed of the black and white car at 1.0s in m/s?,S2MX,SD,,none,model answered zero; declining,m/s
94,simulation_0083,What is the width of the yellow car in meters?,S2MX,SS,5.67,vlm-sentinel,,meters
95,simulation_0083,What is the length of the black and white car in meters?,S2MX,SS,,none,row never attempted,meters
96,simulation_0083,What is the width of the black and white car in meters?,S2MX,SS,,none,row never attempted,meters
97,simulation_0083,What is the distance between the yellow car and the black and white car at 1.0s in meters?,S2MX,SS,3.0,vlm-sentinel,,meters
98,simulation_0083,What is the distance between the yellow car and the black and white car at 2.0s in meters?,S2MX,SS,5.67,vlm-sentinel,,meters
99,simulation_0083,What is the speed of the yellow car at 1.0s in m/s？,S2MX,SD,,none,row never attempted,m/s
100,simulation_0083,What is the speed of the black and white car at 1.0s in m/s?,S2MX,SD,,none,row never attempted,m/s
101,simulation_0084,What is the length of the yellow car in meters?,V2MX,DS,,none,model answered zero; declining,meters
102,simulation_0084,What is the width of the yellow car in meters?,V2MX,DS,1.8,vlm-sentinel,,meters
103,simulation_0084,What is the length of the black and white car in meters?,V2MX,DS,,none,row never attempted,meters
104,simulation_0084,What is the width of the black and white car in meters?,V2MX,DS,1.8,vlm-sentinel,,meters
105,simulation_0084,What is the distance between the yellow car and the black and white car at 1.0s in meters?,V2MX,DS,10.0,vlm-sentinel,,meters
106,simulation_0084,What is the distance between the yellow car and the black and white car at 2.0s in meters?,V2MX,DS,10.14,vlm-sentinel,,meters
107,simulation_0084,What is the speed of the black and white car at 1.0s in m/s?,V2MX,DD,,none,model answered zero; declining,m/s
108,simulation_0085,What is the speed of the bike at 1.0s in m/s?,A2MX,DD,,none,model answered zero; declining,m/s
109,simulation_0085,What is the length of the bike in meters?,A2MX,DS,1.5,vlm-sentinel,,meters
110,simulation_0085,What is the length of the car in meters?,A2MX,DS,,none,row never attempted,meters
111,simulation_0085,What is the width of the car in meters?,A2MX,DS,4.5,vlm-sentinel,,meters
112,simulation_0085,What is the distance between the car and the bike at 1.0s in meters?,A2MX,DS,2.015,vlm-last-number,,meters
113,simulation_0085,What is the distance between the car and the bike at 2.0s in meters?,A2MX,DS,2.0,vlm-last-number,,meters
114,simulation_0085,What is the speed of the car at 1.5s in m/s?,A2MX,DD,,none,row never attempted,m/s
115,simulation_0086,What is the speed of the bike at 1.0s in m/s?,A2MX,DD,,none,model answered zero; declining,m/s
116,simulation_0086,What is the length of the bike in meters?,A2MX,DS,1.5,vlm-sentinel,,meters
117,simulation_0086,What is the length of the car in meters?,A2MX,DS,4.5,vlm-sentinel,,meters
118,simulation_0086,What is the width of the car in meters?,A2MX,DS,4.5,vlm-sentinel,,meters
119,simulation_0086,What is the distance between the car and the bike at 1.0s in meters?,A2MX,DS,,none,row never attempted,meters
120,simulation_0086,What is the distance between the car and the bike at 2.0s in meters?,A2MX,DS,,none,row never attempted,meters
121,simulation_0086,What is the speed of the car at 1.5s in m/s?,A2MX,DD,,none,row never attempted,m/s
122,simulation_0087,What is the acceleration of the car at 1.0s in m/s^2?,V2MX,DD,,none,model answered zero; declining,m/s^2
123,simulation_0087,What is the length of the bike in meters?,V2MX,DS,1.5,vlm-sentinel,,meters
124,simulation_0087,What is the length of the car in meters?,V2MX,DS,4.5,vlm-sentinel,,meters
125,simulation_0087,What is the width of the car in meters?,V2MX,DS,4.5,vlm-sentinel,,meters
126,simulation_0087,What is the distance between the car and the bike at 0.5 s in meters?,V2MX,DS,,none,model answered zero; declining,meters
127,simulation_0087,What is the distance between the car and the bike at 1.0s in meters?,V2MX,DS,4.03,vlm-last-number,,meters
128,simulation_0087,What is the speed of the car at 1.0s in m/s?,V2MX,DD,,none,row never attempted,m/s
129,simulation_0088,What is the speed of the small bird at 0.3s in m/s?,V2MX,DD,,none,row never attempted,m/s
130,simulation_0088,What is the distance between the big bird and the small bird at 0.3s in meters?,V2MX,DS,,none,model answered zero; declining,meters
131,simulation_0088,What is the body length of the big bird in meters?,V2MX,DS,0.85,vlm-sentinel,,meters
132,simulation_0088,What is the width (wingspan) of the big bird in meters?,V2MX,DS,1.5,vlm-sentinel,,meters
133,simulation_0088,What is the body length of the small bird in meters?,V2MX,DS,0.5,vlm-sentinel,,meters
134,simulation_0088,What is the width (wingspan) of the small bird in meters?,V2MX,DS,,none,row never attempted,meters
135,simulation_0089,What is the length of the big bird in meters?,S2MX,SS,,none,row never attempted,meters
136,simulation_0089,What is the width of the big bird in meters?,S2MX,SS,,none,row never attempted,meters
137,simulation_0089,What is the width (wingspan) of the small bird in meters?,S2MX,SS,,none,row never attempted,meters
138,simulation_0089,What is the speed of the small bird at 0.3s in m/s?,S2MX,SD,5.0,vlm-sentinel,,m/s
139,simulation_0089,What is the speed of the big bird at 0.3s in m/s?,S2MX,SD,3.13,vlm-sentinel,,m/s
140,simulation_0089,What is the distance between the big bird and the small bird at 0.3s in meters?,S2MX,SS,,none,row never attempted,meters
141,simulation_0090,What is the speed of the big bird at 0.2s in m/s?,V2MX,DD,,none,row never attempted,m/s
142,simulation_0090,What is the distance between the big bird and the small bird at 0.3s in meters?,V2MX,DS,2.7,vlm-sentinel,,meters
143,simulation_0090,What is the body length of the big bird in meters?,V2MX,DS,1.2,vlm-sentinel,,meters
144,simulation_0090,What is the body length of the small bird in meters?,V2MX,DS,0.5,vlm-sentinel,,meters
145,simulation_0091,What is the speed of the big bird at 0.3s in m/s?,V2MX,DD,,none,row never attempted,m/s
146,simulation_0091,What is the distance between the big bird and the small bird at 0.3s in meters?,V2MX,DS,,none,row never attempted,meters
147,simulation_0091,What is the length of the big bird in meters?,V2MX,DS,1.2,vlm-sentinel,,meters
148,simulation_0091,What is the length of the small bird in meters?,V2MX,DS,,none,row never attempted,meters
149,simulation_0092,What is the height of the car in meters?,S2MX,SS,1.4,vlm-sentinel,,meters
150,simulation_0092,What is the length of the plane in meters?,S2MX,SS,,none,row never attempted,meters
151,simulation_0092,What is the height of the plane in meters?,S2MX,SS,,none,row never attempted,meters
152,simulation_0092,What is the speed of the plane at 1.0s in m/s?,S2MX,SD,56.7,vlm-sentinel,,m/s
153,simulation_0092,What is the speed of the car at 1.0s in m/s?,S2MX,SD,4.0,vlm-sentinel,,m/s
154,simulation_0093,What is the height of the car in meters?,S2MX,SS,,none,row never attempted,meters
155,simulation_0093,What is the length of the plane in meters?,S2MX,SS,,none,row never attempted,meters
156,simulation_0093,What is the height of the plane in meters?,S2MX,SS,,none,row never attempted,meters
157,simulation_0093,What is the speed of the plane at 0.5s in m/s?,S2MX,SD,60.0,vlm-sentinel,,m/s
158,simulation_0093,What is the speed of the car at 1.0s in m/s?,S2MX,SD,8.5,vlm-sentinel,,m/s
159,simulation_0094,What is the length of the car in meters?,V2MX,DS,,none,row never attempted,meters
160,simulation_0094,What is the height of the car in meters?,V2MX,DS,1.5,vlm-sentinel,,meters
161,simulation_0094,What is the length of the plane in meters?,V2MX,DS,,none,row never attempted,meters
162,simulation_0094,What is the height of the plane in meters?,V2MX,DS,15.0,vlm-sentinel,,meters
163,simulation_0095,What is the speed of the plane at 0.5s in m/s?,A2MX,DD,5.0,vlm-last-number,,m/s
164,simulation_0095,What is the length of the car in meters?,A2MX,DS,4.9,vlm-last-number,,meters
165,simulation_0095,What is the height of the car in meters?,A2MX,DS,1.5,vlm-sentinel,,meters
166,simulation_0095,What is the length of the plane in meters?,A2MX,DS,40.0,vlm-sentinel,,meters
167,simulation_0095,What is the height of the plane in meters?,A2MX,DS,10000.0,vlm-sentinel,,meters
168,simulation_0096,What is the speed of the plane at 0.3s in m/s?,A2MX,DD,0.3,vlm-last-number,,m/s
169,simulation_0096,What is the length of the car in meters?,A2MX,DS,,none,model answered zero; declining,meters
170,simulation_0096,What is the height of the car in meters?,A2MX,DS,1.5,vlm-sentinel,,meters
171,simulation_0096,What is the length of the plane in meters?,A2MX,DS,40.0,vlm-sentinel,,meters
172,simulation_0096,What is the height of the plane in meters?,A2MX,DS,,none,row never attempted,meters
173,simulation_0097,What is the speed of the plane at 0.3s in m/s?,A2MX,DD,3.0,vlm-last-number,,m/s
174,simulation_0097,What is the length of the car in meters?,A2MX,DS,,none,row never attempted,meters
175,simulation_0097,What is the height of the car in meters?,A2MX,DS,1.5,vlm-sentinel,,meters
176,simulation_0097,What is the length of the plane in meters?,A2MX,DS,45.0,vlm-sentinel,,meters
177,simulation_0097,What is the height of the plane in meters?,A2MX,DS,10000.0,vlm-sentinel,,meters
178,simulation_0098,What is the speed of the boat at 1.0s in m/s?,V2MS,DD,,none,model answered zero; declining,m/s
179,simulation_0098,What is the length of the boat in meters?,V2MS,DS,10.0,vlm-sentinel,,meters
180,simulation_0098,What is the length of the shark in meters?,V2MS,DS,2.5,vlm-sentinel,,meters
181,simulation_0098,What is the height of the shark in meters?,V2MS,DS,,none,row never attempted,meters
182,simulation_0099,What is the speed of the boat at 1.0s in m/s?,S2MS,SD,,none,model answered zero; declining,m/s
183,simulation_0099,What is the speed of the shark at 1.0s in m/s?,S2MS,SD,,none,row never attempted,m/s
184,simulation_0099,What is the length of the shark in meters?,S2MS,SS,,none,row never attempted,meters
185,simulation_0099,What is the height of the shark in meters?,S2MS,SS,,none,row never attempted,meters
186,simulation_0100,What is the speed of the boat at 1.0s in m/s?,S2MS,SD,,none,model answered zero; declining,m/s
187,simulation_0100,What is the speed of the shark at 1.0s in m/s?,S2MS,SD,,none,model answered zero; declining,m/s
188,simulation_0100,What is the length of the shark in meters?,S2MS,SS,,none,row never attempted,meters
189,simulation_0100,What is the height of the shark in meters?,S2MS,SS,,none,row never attempted,meters
190,simulation_0101,What is the speed of the shark at 0.0s in m/s?,A2MS,DD,,none,model answered zero; declining,m/s
191,simulation_0101,What is the speed of the boat at 1.0s in m/s?,A2MS,DD,,none,model answered zero; declining,m/s
192,simulation_0101,What is the length of the boat in meters?,A2MS,DS,,none,row never attempted,meters
193,simulation_0101,What is the length of the shark in meters?,A2MS,DS,2.5,vlm-sentinel,,meters
194,simulation_0101,What is the height of the shark in meters?,A2MS,DS,1.0,vlm-sentinel,,meters
195,simulation_0102,What is the speed of the shark at 0.0s in m/s?,A2MS,DD,,none,model answered zero; declining,m/s
196,simulation_0102,What is the speed of the boat at 1.0s in m/s?,A2MS,DD,,none,model answered zero; declining,m/s
197,simulation_0102,What is the length of the boat in meters?,A2MS,DS,20.0,vlm-sentinel,,meters
198,simulation_0102,What is the length of the shark in meters?,A2MS,DS,1.0,vlm-sentinel,,meters
199,simulation_0102,What is the height of the shark in meters?,A2MS,DS,1.0,vlm-sentinel,,meters
200,simulation_0102,What is the distance between the shark and the boat at 0.5s in meters?,A2MS,DS,,none,row never attempted,meters
201,simulation_0103,What is the speed of the shark at 0.0s in m/s?,A2MS,DD,,none,model answered zero; declining,m/s
202,simulation_0103,What is the speed of the boat at 1.0s in m/s?,A2MS,DD,,none,model answered zero; declining,m/s
203,simulation_0103,What is the length of the boat in meters?,A2MS,DS,,none,row never attempted,meters
204,simulation_0103,What is the length of the shark in meters?,A2MS,DS,1.0,vlm-sentinel,,meters
205,simulation_0103,What is the height of the shark in meters?,A2MS,DS,1.0,vlm-sentinel,,meters
206,simulation_0103,What is the distance between the shark and the boat at 0.5s in meters?,A2MS,DS,,none,row never attempted,meters
207,simulation_0104,What is the diagonal length of the phone in meters?,V2MX,DS,0.15,vlm-sentinel,,meters
208,simulation_0104,What is the diameter of the gray truncated cone on the charging post in meters?,V2MX,DS,0.2,vlm-sentinel,,meters
209,simulation_0104,What is the extension of the charging post at 0.5s in meters?,V2MX,DS,,none,row never attempted,meters
210,simulation_0105,What is the height of the ice cube in meters?,A2MX,DS,,none,row never attempted,meters
211,simulation_0105,What is the height of the teacup with the plate in meters?,A2MX,DS,0.12,vlm-sentinel,,meters
212,simulation_0105,What is the width of the teacup with the plate in meters?,A2MX,DS,0.15,vlm-sentinel,,meters
213,simulation_0105,What is the velocity of the ice cube at 1.0s in m/s?,A2MX,DD,,none,row never attempted,m/s
214,simulation_0106,What is the velocity of the left virus at 1.0s in m/s?,V2MX,DD,1.57,vlm-sentinel,,m/s
215,simulation_0106,What is the distance between two viruses at 1.0s in meters?,V2MX,DS,,none,row never attempted,meters
216,simulation_0106,What is the distance between two viruses at 2.0s in meters?,V2MX,DS,,none,row never attempted,meters
217,simulation_0107,What is the velocity of the left virus at 1.0s in m/s?,V2MX,DD,1.7,vlm-sentinel,,m/s
218,simulation_0107,What is the distance between two viruses at 1.0s in meters?,V2MX,DS,,none,row never attempted,meters
219,simulation_0107,What is the distance between two viruses at 2.0s in meters?,V2MX,DS,,none,row never attempted,meters
220,simulation_0108,What is the velocity of the left virus at 1.0s in m/s?,V2MX,DD,,none,row never attempted,m/s
221,simulation_0108,What is the distance between two viruses at 1.0s in meters?,V2MX,DS,,none,row never attempted,meters
222,simulation_0108,What is the distance between two viruses at 2.0s in meters?,V2MX,DS,,none,row never attempted,meters
223,simulation_0111,What is the length of the boat in meters?,V2MC,DS,5.0,vlm-sentinel,,meters
224,simulation_0111,What is the width of the boat in meters?,V2MC,DS,1.5,vlm-last-number,,meters
225,simulation_0111,What is the width of the bridge in meters?,V2MC,DS,10.0,vlm-sentinel,,meters
226,simulation_0112,What is the thickness of the bridge in meters?,V2MC,DS,,none,row never attempted,meters
227,simulation_0112,What is the height of the car in meters?,V2MC,DS,0.85,vlm-sentinel,,meters
228,simulation_0112,What is the diameter of the wheel in meters?,V2MC,DS,0.62,vlm-sentinel,,meters
229,simulation_0112,What is the length of the car in meters?,V2MC,DS,4.5,vlm-sentinel,,meters
230,simulation_0113,What is the speed of the swim ring at 1.0s in m/s?,S2MC,SD,,none,model answered zero; declining,m/s
231,simulation_0113,What is the side length of the pool in meters?,S2MC,SS,,none,row never attempted,meters
232,simulation_0114,What is the width of the plane in meters?,A2SC,DS,1.5,vlm-sentinel,,meters
233,simulation_0114,What is the length of the plane in meters?,A2SC,DS,,none,model answered zero; declining,meters
234,simulation_0114,What is the speed of the plane at 1.5s in m/s?,A2SC,DD,,none,row never attempted,m/s
235,simulation_0116,What is the length of the football in meters?,A2MC,DS,,none,row never attempted,meters
236,simulation_0116,What is the width of the football in meters?,A2MC,DS,,none,row never attempted,meters
237,simulation_0116,What is the height of he middle yellow door in meters?,A2MC,DS,,none,row never attempted,meters
238,simulation_0116,What is the width of the middle yellow door in meters?,A2MC,DS,,none,row never attempted,meters
239,simulation_0116,What is the speed of the football at 0.5s in m/s?,A2MC,DD,4.9,vlm-sentinel,,m/s
240,simulation_0117,What is the diameter of the ball in meters?,A2MS,DS,0.12,vlm-sentinel,,meters
241,simulation_0117,What is the height of the door in meters?,A2MS,DS,,none,row never attempted,meters
242,simulation_0117,What is the width of the door in meters?,A2MS,DS,0.85,vlm-sentinel,,meters
243,simulation_0117,What is the length of the electronic lock in meters?,A2MS,DS,,none,row never attempted,meters
244,simulation_0117,What is the width of the electronic lock in meters?,A2MS,DS,,none,row never attempted,meters
245,simulation_0118,What is the total displacement of the toy car in meters?,V2MC,DS,,none,row never attempted,meters
246,simulation_0118,What  is the length of the toy car in meters?,V2MC,DS,0.03,vlm-sentinel,,meters
247,simulation_0118,What is the diameter of the disc in meters?,V2MC,DS,,none,row never attempted,meters
248,simulation_0118,What is the length of the book in meters?,V2MC,DS,0.25,vlm-sentinel,,meters
249,simulation_0118,What is the length of the table in meters?,V2MC,DS,,none,row never attempted,meters
250,simulation_0118,What is the width of the table in meters?,V2MC,DS,0.8,vlm-sentinel,,meters
251,simulation_0119,What is the diameter of the moving chess piece in meters?,V2MC,DS,,none,row never attempted,meters
252,simulation_0119,What is the side length of the chessboard in meters?,V2MC,DS,0.42,vlm-sentinel,,meters
253,simulation_0119,What is the length of the dark grey square tray placed next to the chessboard in meters?,V2MC,DS,,none,row never attempted,meters
254,simulation_0119,What is the side length of the table in meters?,V2MC,DS,1.2,vlm-sentinel,,meters
255,simulation_0119,What is the distance moved by the chess piece in meters?,V2MC,DS,0.04,vlm-sentinel,,meters
256,simulation_0120,What is the length of the sofa in meters?,V2MC,DS,,none,row never attempted,meters
257,simulation_0120,What is the length of the TV in meters?,V2MC,DS,,none,row never attempted,meters
258,simulation_0120,What is the diameter of the robot cleaner in meters?,V2MC,DS,,none,row never attempted,meters
259,simulation_0120,What is the side length of the chessboard in meters?,V2MC,DS,,none,row never attempted,meters
260,simulation_0120,What is the length of the square tray placed next to the chessboard with two art sculptures on it in meters?,V2MC,DS,,none,row never attempted,meters
261,simulation_0121,What is the speed of the left first ball at 0.5s in m/s?,S2MS,SD,1.4,vlm-sentinel,,m/s
262,simulation_0121,What is the speed of the left first ball at 1.0s in m/s?,S2MS,SD,1.0,vlm-sentinel,,m/s
263,simulation_0122,What is the length of the sword in meters?,A2SC,DS,1.8,vlm-sentinel,,meters
264,simulation_0123,What is the length of the blue rolling cup in meters?,V2MC,DS,0.08,vlm-sentinel,,meters
265,simulation_0123,What is the diameter of the blue rolling cup in meters?,V2MC,DS,,none,row never attempted,meters
266,simulation_0123,What is the length of the green toothbrush lying on the sink in meters?,V2MC,DS,,none,row never attempted,meters
267,simulation_0123,What is the diameter of the blue cup with the blue toothbrush in meters?,V2MC,DS,,none,row never attempted,meters
268,simulation_0123,What is the length of the largest towel of the three stacked towels on the sink in meters?,V2MC,DS,,none,row never attempted,meters
269,simulation_0123,What is the width of the largest towel of the three stacked towels on the sink in meters?,V2MC,DS,0.45,vlm-sentinel,,meters
270,simulation_0124,What is the speed of the grey and red car at 1.0s in m/s?,V2MC,DD,,none,row never attempted,m/s
271,simulation_0124,What is the length of the grey and red car in meters?,V2MC,DS,,none,row never attempted,meters
272,simulation_0124,What is the width of the grey and red car in meters?,V2MC,DS,1.8,vlm-sentinel,,meters
273,simulation_0124,What is the length of the black car in meters?,V2MC,DS,4.5,vlm-sentinel,,meters
274,simulation_0124,What is the width of the black car in meters?,V2MC,DS,1.8,vlm-sentinel,,meters
275,simulation_0124,What is the distance between the two cars at 1.0s in meters?,V2MC,DS,10.0,vlm-sentinel,,meters
276,simulation_0124,What is the smallest distance between the two cars in meters?,V2MC,DS,4.5,vlm-sentinel,,meters
277,simulation_0125,What is the height of the potted plant in meters?,V2MC,DS,,none,row never attempted,meters
278,simulation_0125,What is the height of the house in meters?,V2MC,DS,4.25,vlm-sentinel,,meters
279,simulation_0125,What is the width of the house in meters?,V2MC,DS,4.3,vlm-sentinel,,meters
280,simulation_0125,What is the height of the person in meters?,V2MC,DS,,none,row never attempted,meters
281,simulation_0126,What is the diameter of the handle in meters?,S2MS,SS,0.06,vlm-sentinel,,meters
282,simulation_0126,What is the speed of the puck at 0.5s in m/s?,S2MS,SD,0.74,vlm-sentinel,,m/s
283,simulation_0126,What is the speed of the puck at 2.0s in m/s?,S2MS,SD,,none,model answered zero; declining,m/s
284,simulation_0126,What is the horizontal distance between the two handles in meters?,S2MS,SS,0.09,vlm-sentinel,,meters
285,simulation_0126,What is the shortest distance between the puck and the handle on the right in meters?,S2MS,SS,,none,row never attempted,meters
286,simulation_0127,What is the speed of the blue car at 1.0s in m/s?,V2MC,DD,,none,model answered zero; declining,m/s
287,simulation_0127,What is the width of the blue car in meters?,V2MC,DS,1.8,vlm-sentinel,,meters
288,simulation_0127,What is the length of the blue car in meters?,V2MC,DS,,none,row never attempted,meters
289,simulation_0127,What is the length of the bike in meters?,V2MC,DS,1.8,vlm-sentinel,,meters
290,simulation_0127,What is the width of the red car in meters?,V2MC,DS,4.5,vlm-sentinel,,meters
291,simulation_0127,What is the length of the red car in meters?,V2MC,DS,4.5,vlm-sentinel,,meters
292,simulation_0127,What is the width of the dark green car in meters?,V2MC,DS,,none,row never attempted,meters
293,simulation_0127,What is the length of the dark green car in meters?,V2MC,DS,4.5,vlm-sentinel,,meters
294,simulation_0128,What is the diameter of the ball in meters?,A2MC,DS,0.15,vlm-sentinel,,meters
295,simulation_0128,What is the length of the forklift in meters?,A2MC,DS,1.5,vlm-sentinel,,meters
296,simulation_0128,What is the height of the forklift in meters?,A2MC,DS,2.0,vlm-sentinel,,meters
297,simulation_0129,What is the diameter of the ball in meters?,A2MC,DS,0.25,vlm-sentinel,,meters
298,simulation_0129,What is the length of the forklift in meters?,A2MC,DS,2.5,vlm-sentinel,,meters
299,simulation_0129,What is the height of the forklift in meters?,A2MC,DS,2.5,vlm-sentinel,,meters
300,simulation_0130,What is the length of the car in meters?,V2MC,DS,4.5,vlm-sentinel,,meters
301,simulation_0130,What is the width of the car in meters?,V2MC,DS,1.8,vlm-sentinel,,meters
302,simulation_0130,What is the length of the white airplane in meters?,V2MC,DS,45.0,vlm-sentinel,,meters
303,simulation_0130,What is the width of the white airplane in meters?,V2MC,DS,25.0,vlm-sentinel,,meters
304,simulation_0130,What is the length of the helicopter in meters?,V2MC,DS,18.5,vlm-sentinel,,meters
305,simulation_0130,What is the width of the helicopter in meters?,V2MC,DS,18.0,vlm-sentinel,,meters
306,simulation_0130,What is the speed of the white airplane at 1.0s in m/s?,V2MC,DD,,none,model answered zero; declining,m/s
307,simulation_0131,What is the width of the hot air balloon in meters?,V2SX,DS,3.5,vlm-sentinel,,meters
308,simulation_0131,What is the height of the hot air balloon in meters?,V2SX,DS,100.0,vlm-sentinel,,meters
309,simulation_0263,What is the length of the spacecraft in meters?,A2SS,DS,5.0,vlm-sentinel,,meters
310,simulation_0132,What is the diameter of the apple in meters?,A2MC,DS,,none,row never attempted,meters
311,simulation_0132,What is the height of the table in meters?,A2MC,DS,,none,row never attempted,meters
312,simulation_0132,"What is the horizontal speed of the apple while it is in the air, in m/s?",A2MC,DD,,none,model answered zero; declining,m/s
313,simulation_0132,"What is the horizontal distance of the apple during its parabolic motion, in meters?",A2MC,DS,,none,row never attempted,meters
314,simulation_0133,What is the diameter of the apple in meters?,A2MS,DS,,none,row never attempted,meters
315,simulation_0133,What is the height of the table in meters?,A2MS,DS,,none,row never attempted,meters
316,simulation_0133,"What is the horizontal speed of the apple when it leaves the table, in m/s?",A2MS,DD,0.5,vlm-sentinel,,m/s
317,simulation_0133,"What is the horizontal displacement of the apple during its parabolic motion, in meters?",A2MS,DS,0.5,vlm-sentinel,,meters
318,simulation_0133,"What is the speed of the apple at time 1.2s, in m/s?",A2MS,DD,,none,row never attempted,m/s
319,simulation_0134,"What is the length of the toast, in meters?",S2MC,SS,,none,row never attempted,meters
320,simulation_0134,"What is the length of the toaster, in meters?",S2MC,SS,,none,row never attempted,meters
321,simulation_0134,What is the peak vertical displacement of the bread slice (relative to its starting position) in meters?,S2MC,SS,,none,row never attempted,meters
322,simulation_0134,"What is the acceleration of the bread slice at time1.75 s, in m/s^2?",S2MC,SD,,none,model answered zero; declining,m/s^2
323,simulation_0135,What is the length of the toaster in meters?,S2MC,SS,,none,row never attempted,meters
324,simulation_0135,What is the height of the power outlet in meters?,S2MC,SS,,none,row never attempted,meters
325,simulation_0135,"What is the speed of the cup at time 1s, in m/s?",S2MC,SD,0.2,vlm-sentinel,,m/s
326,simulation_0135,What is the speed of the cup at time 2.25s in m/s?,S2MC,SD,0.04,vlm-sentinel,,m/s
327,simulation_0136,What is the length of the toaster in meters?,S2MC,SS,,none,row never attempted,meters
328,simulation_0136,"What is the speed of the cup at time 1s, in m/s?",S2MC,SD,0.087,vlm-sentinel,,m/s
329,simulation_0136,What is the speed of the cup at time 2.25s in m/s?,S2MC,SD,,none,row never attempted,m/s
330,simulation_0137,What is the total length of the bird’s flight path in meters?,V2MC,DS,9.15,vlm-last-number,,meters
331,simulation_0137,What is the length of the house in meters?,V2MC,DS,5.0,vlm-sentinel,,meters
332,simulation_0137,What is the height of the house in meters?,V2MC,DS,3.5,vlm-sentinel,,meters
333,simulation_0137,"What is the distance from the bird to the roof at 1s, in meters?",V2MC,DS,9.15,vlm-sentinel,,meters
334,simulation_0142,What is the height of the man in meters?,V2MC,DS,,none,row never attempted,meters
335,simulation_0142,What is the total distance the man walked in meters?,V2MC,DS,16.93,vlm-sentinel,,meters
336,simulation_0142,What is the side length of the floor tile in meters?,V2MC,DS,,none,row never attempted,meters
337,simulation_0142,What is the height from the floor to the ceiling in meters?,V2MC,DS,3.5,vlm-sentinel,,meters
338,simulation_0145,What is the diameter of the tire in meters?,S2MC,SS,,none,row never attempted,meters
339,simulation_0145,What is the average speed of the rocket from beginning to end in m/s?,S2MC,SD,2.9,vlm-sentinel,,m/s
340,simulation_0145,What is the speed of the rocket at time 1s in m/s?,S2MC,SD,,none,row never attempted,m/s
341,simulation_0145,What is the acceleration of the rocket at time 1s in m/s^2?,S2MC,SD,,none,model answered zero; declining,m/s^2
342,simulation_0148,What is the speed of the train at time 1s in m/s?,S2MC,SD,1.8,vlm-sentinel,,m/s
343,simulation_0148,What is the speed of the train at time 0.5s in m/s?,S2MC,SD,,none,model answered zero; declining,m/s
344,simulation_0148,What is the acceleration of the train at time 0.5s in m/s^2?,S2MC,SD,1.0,vlm-sentinel,,m/s^2
345,simulation_0148,What is the length of the door on the train in meters?,S2MC,SS,,none,row never attempted,meters
346,simulation_0148,"What is the height, in meters, of the white pillar in the center of the semicircular arch?",S2MC,SS,,none,row never attempted,meters
347,simulation_0153,What is the length of the blue car in meters (including the extending wire)?,S2SC,SS,0.44,vlm-sentinel,,meters
348,simulation_0153,What is the speed of the blue car at time 1s in m/s?,S2SC,SD,,none,model answered zero; declining,m/s
349,simulation_0153,What is the acceleration of the blue car at time 1s in m/s^2?,S2SC,SD,,none,model answered zero; declining,m/s^2
350,simulation_0153,What is the speed of the blue car at time 1.5s in m/s?,S2SC,SD,1.5,vlm-last-number,,m/s
351,simulation_0153,What is the acceleration of the blue car at time 1.5s in m/s^2?,S2SC,SD,,none,model answered zero; declining,m/s^2
352,simulation_0154,What is the length of the shark in meters?,V2SC,DS,3.5,vlm-sentinel,,meters
353,simulation_0154,What is the displacement of the shark in meters?,V2SC,DS,,none,row never attempted,meters
354,simulation_0155,What is the length of the shark in meters?,V2SS,DS,4.5,vlm-sentinel,,meters
355,simulation_0155,What is the displacement of the shark in meters?,V2SS,DS,,none,row never attempted,meters
356,simulation_0156,What is the length of the shark in meters?,V2MS,DS,4.0,vlm-sentinel,,meters
357,simulation_0156,What is the displacement of the shark in meters?,V2MS,DS,,none,row never attempted,meters
358,simulation_0156,What is the speed of the turtle at 1s in m/s?,V2MS,DD,,none,row never attempted,m/s
359,simulation_0156,What is the length of the turtle in meters?,V2MS,DS,2.3,vlm-sentinel,,meters
360,simulation_0157,What is the length of the turtle in meters?,A2SS,DS,0.45,vlm-sentinel,,meters
361,simulation_0157,What is the speed of the turtle at time 1s in m/s?,A2SS,DD,,none,row never attempted,m/s
362,simulation_0157,What is the speed of the turtle at time 1.5s in m/s?,A2SS,DD,,none,row never attempted,m/s
363,simulation_0158,What is the length of the turtle in meters?,A2MS,DS,0.5,vlm-sentinel,,meters
364,simulation_0158,What is the speed of the turtle at time 1s in m/s?,A2MS,DD,,none,row never attempted,m/s
365,simulation_0158,What is the speed of the turtle at time 1.5s in m/s?,A2MS,DD,,none,row never attempted,m/s
366,simulation_0158,How long is the shark in meters?,A2MS,DS,3.5,vlm-sentinel,,meters
367,simulation_0158,What is the length of the shark in meters?,A2MS,DS,3.5,vlm-sentinel,,meters
368,simulation_0158,What is the acceleration of the shark at 1s in m/s^2?,A2MS,DD,2.64,vlm-sentinel,,m/s^2
369,simulation_0158,What is the speed of the shark at time 1s in m/s?,A2MS,DD,,none,model answered zero; declining,m/s
370,simulation_0158,What is the speed of the shark at time 1.5s in m/s?,A2MS,DD,,none,model answered zero; declining,m/s
371,simulation_0160,What is the length of the billiard table in meters?,S2MC,SS,,none,row never attempted,meters
372,simulation_0160,What is the width of the billiard table in meters?,S2MC,SS,,none,row never attempted,meters
373,simulation_0160,What is the diameter of the pockets on the billiard table in meters?,S2MC,SS,,none,row never attempted,meters
374,simulation_0160,What is the speed of the ball at time 0.5s in m/s?,S2MC,SD,,none,model answered zero; declining,m/s
375,simulation_0160,What is the speed of the ball at time 1s in m/s?,S2MC,SD,0.05,vlm-sentinel,,m/s
376,simulation_0162,What is the speed of the ball at time 1s in m/s?,S2SC,SD,,none,row never attempted,m/s
377,simulation_0162,What is the acceleration of the ball at time 1s in m/s^2?,S2SC,SD,,none,model answered zero; declining,m/s^2
378,simulation_0162,What is the speed of the ball at time 2s in m/s?,S2SC,SD,,none,row never attempted,m/s
379,simulation_0162,What is the acceleration of the ball at time 2s in m/s^2?,S2SC,SD,,none,model answered zero; declining,m/s^2
380,simulation_0163,What is the speed of the ball at time 0.5s in m/s?,S2MC,SD,20.0,vlm-sentinel,,m/s
381,simulation_0163,What is the acceleration of the ball at time 0.5s in m/s^2?,S2MC,SD,1.5,vlm-sentinel,,m/s^2
382,simulation_0163,What is the speed of the ball at time 1s in m/s?,S2MC,SD,6.67,vlm-sentinel,,m/s
383,simulation_0163,What is the acceleration of the ball at time 1s in m/s^2?,S2MC,SD,,none,row never attempted,m/s^2
384,simulation_0163,What is the height of the bowling pin in meters?,S2MC,SS,,none,row never attempted,meters
385,simulation_0165,What is the diameter of the bike's wheel in meters?,V2MC,DS,0.65,vlm-sentinel,,meters
386,simulation_0165,What is the width of the road that the bike is crossing through in meters?,V2MC,DS,,none,row never attempted,meters
387,simulation_0165,What is the length of the bike in meters?,V2MC,DS,,none,row never attempted,meters
388,simulation_0166,What is the diameter of the bike's wheel in meters?,V2MC,DS,,none,row never attempted,meters
389,simulation_0166,What is the width of the road that the bike is crossing through in meters?,V2MC,DS,,none,row never attempted,meters
390,simulation_0166,What is the length of the bike in meters?,V2MC,DS,,none,row never attempted,meters
391,simulation_0166,What is the length of the police car in meters?,V2MC,DS,,none,row never attempted,meters
392,simulation_0166,What is the diameter of the police car's tire in meters?,V2MC,DS,,none,row never attempted,meters
393,simulation_0166,What is the speed of the police car at 1s in m/s?,V2MC,DD,,none,model answered zero; declining,m/s
394,simulation_0167,What is the width of the road that the bike crossed through in meters?,V2MC,DS,,none,row never attempted,meters
395,simulation_0167,What is the length of the bike in meters?,V2MC,DS,1.8,vlm-sentinel,,meters
396,simulation_0167,What is the length of the police car in meters?,V2MC,DS,4.5,vlm-sentinel,,meters
397,simulation_0167,What is the width of the police car in meters?,V2MC,DS,,none,row never attempted,meters
398,simulation_0167,What is the speed of the police car at 1s in m/s?,V2MC,DD,,none,row never attempted,m/s
399,simulation_0167,What is the width of the road that the bike and the car are on in meters?,V2MC,DS,3.5,vlm-sentinel,,meters
400,simulation_0169,What is the speed of the astronaut at time 0.5s in m/s?,S2SS,SD,,none,model answered zero; declining,m/s
401,simulation_0169,What is the acceleration of the astronaut at time 0.5s in m/s^2?,S2SS,SD,1.62,vlm-sentinel,,m/s^2
402,simulation_0169,What is the speed of the astronaut at time 1s in m/s?,S2SS,SD,,none,model answered zero; declining,m/s
403,simulation_0169,What is the acceleration of the astronaut at time 1s in m/s^2?,S2SS,SD,1.0,vlm-last-number,,m/s^2
404,simulation_0169,What is the speed of the astronaut at time 2s in m/s?,S2SS,SD,,none,model answered zero; declining,m/s
405,simulation_0169,What is the acceleration of the astronaut at time 2s in m/s^2?,S2SS,SD,9.8,vlm-last-number,,m/s^2
406,simulation_0169,What is the speed of the astronaut at time 3s in m/s?,S2SS,SD,,none,model answered zero; declining,m/s
407,simulation_0169,What is the acceleration of the astronaut at time 3s in m/s^2?,S2SS,SD,1.62,vlm-sentinel,,m/s^2
408,simulation_0171,What is the speed of the astronaut at time 0.5s in m/s?,S2SS,SD,,none,row never attempted,m/s
409,simulation_0171,What is the acceleration of the astronaut at time 0.5s in m/s^2?,S2SS,SD,0.05,vlm-sentinel,,m/s^2
410,simulation_0171,What is the speed of the astronaut at time 1s in m/s?,S2SS,SD,,none,row never attempted,m/s
411,simulation_0171,What is the acceleration of the astronaut at time 1s in m/s^2?,S2SS,SD,0.05,vlm-sentinel,,m/s^2
412,simulation_0171,What is the speed of the astronaut at time 2s in m/s?,S2SS,SD,,none,row never attempted,m/s
413,simulation_0171,What is the acceleration of the astronaut at time 2s in m/s^2?,S2SS,SD,0.05,vlm-sentinel,,m/s^2
414,simulation_0171,What is the speed of the astronaut at time 3s in m/s?,S2SS,SD,,none,row never attempted,m/s
415,simulation_0171,What is the acceleration of the astronaut at time 3s in m/s^2?,S2SS,SD,,none,model answered zero; declining,m/s^2
416,simulation_0173,What is the length of the airplane in meters?,V2MC,DS,,none,row never attempted,meters
417,simulation_0173,What is the height of the stone cliff on the beach in meters?,V2MC,DS,,none,row never attempted,meters
418,simulation_0173,What is the diameter of the rear wheels on an aircraft landing gear in meters?,V2MC,DS,,none,row never attempted,meters
419,simulation_0175,What is the length of the airplane in meters?,V2MC,DS,25.0,vlm-sentinel,,meters
420,simulation_0175,What is the height of the stone cliff on the beach in meters?,V2MC,DS,,none,row never attempted,meters
421,simulation_0175,What is the diameter of the rear wheels on an aircraft landing gear in meters?,V2MC,DS,,none,row never attempted,meters
422,simulation_0177,What is the height of the elephant in meters?,V2SC,DS,2.5,vlm-sentinel,,meters
423,simulation_0177,What is the displacement of the elephant in meters?,V2SC,DS,,none,row never attempted,meters
424,simulation_0178,What is the speed of the small elephant at 1s in m/s?,V2MC,DD,,none,row never attempted,m/s
425,simulation_0178,What is the height of the big elephant in meters?,V2MC,DS,3.5,vlm-sentinel,,meters
426,simulation_0178,What is the height of the small elephant in meters?,V2MC,DD,1.5,vlm-sentinel,,meters
427,simulation_0178,What is the displacement of the big elephant in meters?,V2MC,DS,23.13,vlm-sentinel,,meters
428,simulation_0178,What is the displacement of the small elephant in meters?,V2MC,DS,2.313,vlm-sentinel,,meters
429,simulation_0179,What is the length of the trolley in meters?,A2MC,DS,,none,row never attempted,meters
430,simulation_0179,What is the height of the trolley in meters?,A2MC,DS,,none,row never attempted,meters
431,simulation_0179,What is the height of the entrance gate (including the frame) in meters?,A2MC,DS,2.1,vlm-sentinel,,meters
432,simulation_0179,What is the length of the side of the orange tiles on the floor in meters?,A2MC,DS,0.5,vlm-sentinel,,meters
433,simulation_0179,What is the speed of the trolley at time 1s in m/s?,A2MC,DD,,none,row never attempted,m/s
434,simulation_0179,What is the speed of the trolley at time 2s in m/s?,A2MC,DD,,none,row never attempted,m/s
435,simulation_0181,What is the acceleration of the box from 0s to 0.3s in m/s^2?,A2MC,DD,,none,row never attempted,m/s^2
436,simulation_0181,What is the speed of the box at time 1s in m/s?,A2MC,DD,2.3,vlm-sentinel,,m/s
437,simulation_0181,What is the speed of the box at time 1.5s in m/s?,A2MC,DD,,none,row never attempted,m/s
438,simulation_0181,What is the width of the box in meters?,A2MC,DS,0.5,vlm-sentinel,,meters
439,simulation_0181,What is the height of the box in meters?,A2MC,DS,0.5,vlm-sentinel,,meters
440,simulation_0183,What is the acceleration of the box from 0s to 0.3s in m/s^2?,A2MC,DD,,none,row never attempted,m/s^2
441,simulation_0183,What is the speed of the box at time 1s in m/s?,A2MC,DD,,none,row never attempted,m/s
442,simulation_0183,What is the speed of the box at time 1.5s in m/s?,A2MC,DD,,none,row never attempted,m/s
443,simulation_0183,What is the length of the box in meters?,A2MC,DS,,none,row never attempted,meters
444,simulation_0183,What is the height of the box in meters?,A2MC,DS,0.5,vlm-sentinel,,meters
445,simulation_0185,What is the acceleration of the box from 0s to 0.3s in m/s^2?,A2MC,DD,,none,row never attempted,m/s^2
446,simulation_0185,What is the speed of the box at time 1s in m/s?,A2MC,DD,,none,row never attempted,m/s
447,simulation_0185,What is the speed of the box at time 1.5s in m/s?,A2MC,DD,,none,row never attempted,m/s
448,simulation_0185,What is the length of the box in meters?,A2MC,DS,0.25,vlm-sentinel,,meters
449,simulation_0185,What is the height of the box in meters?,A2MC,DS,1.6,vlm-sentinel,,meters
450,simulation_0187,What is the length of the truck in meters?,A2SS,DS,12.0,vlm-sentinel,,meters
451,simulation_0187,What is the height of the truck in meters?,A2SS,DS,3.5,vlm-sentinel,,meters
452,simulation_0187,What is the diameter of the truck's tire in meters?,A2SS,DS,0.75,vlm-sentinel,,meters
453,simulation_0187,What is the speed of the truck at time 1s in m/s?,A2SS,DD,,none,row never attempted,m/s
454,simulation_0187,What is the speed of the truck at time 1.5s in m/s?,A2SS,DD,,none,row never attempted,m/s
455,simulation_0189,What is the length of the box in meters?,V2MS,DS,0.85,vlm-sentinel,,meters
456,simulation_0189,What is the height of the box in meters?,V2MS,DS,0.5,vlm-sentinel,,meters
457,simulation_0189,What is the length of the truck in meters?,V2MS,DS,12.5,vlm-sentinel,,meters
458,simulation_0189,What is the height of the truck(at time 0s) in meters?,V2MS,DS,3.5,vlm-sentinel,,meters
459,simulation_0189,What is the diameter of the truck's tire in meters?,V2MS,DS,,none,row never attempted,meters
460,simulation_0190,What is the height of the truck(at time 0s) in meters?,S2MS,DS,,none,row never attempted,meters
461,simulation_0190,What is the width of the truck in meters?,S2MS,DS,,none,row never attempted,meters
462,simulation_0190,What is the height of the box in meters?,S2MS,DS,,none,row never attempted,meters
463,simulation_0190,What is the speed of the box at time 1s in m/s?,S2MS,DD,,none,model answered zero; declining,m/s
464,simulation_0190,What is the speed of the box at time 2s in m/s?,S2MS,DD,,none,model answered zero; declining,m/s
465,simulation_0191,What is the width of the box in meters?,A2MS,DS,0.85,vlm-sentinel,,meters
466,simulation_0191,What is the height of the box in meters?,A2MS,DS,,none,row never attempted,meters
467,simulation_0191,What is the length of the truck in meters?,A2MS,DS,12.0,vlm-sentinel,,meters
468,simulation_0191,What is the height of the truck in meters?,A2MS,DS,,none,row never attempted,meters
469,simulation_0191,What is the diameter of the truck's tire in meters?,A2MS,DS,0.6,vlm-sentinel,,meters
470,simulation_0191,What is the speed of the box at time 0.2s in m/s?,A2MS,DD,,none,row never attempted,m/s
471,simulation_0191,What is the speed of the box at time 0.4s in m/s?,A2MS,DD,,none,row never attempted,m/s
472,simulation_0192,What is the height of the box in meters?,A2MS,DS,,none,row never attempted,meters
473,simulation_0192,What is the width of the truck in meters?,A2MS,DS,,none,row never attempted,meters
474,simulation_0192,What is the width of the box in meters?,A2MS,DS,,none,row never attempted,meters
475,simulation_0192,What is the speed of the box at time 0.2s in m/s?,A2MS,DD,,none,row never attempted,m/s
476,simulation_0192,What is the speed of the box at time 0.4s in m/s?,A2MS,DD,,none,row never attempted,m/s
477,simulation_0193,What is the diameter of the model of Callisto(the outermost planet) in meters?,V2MC,DS,0.0001,vlm-sentinel,,meters
478,simulation_0193,What is the diameter of the model of Jupiter (the one at the center) in meters?,V2MC,DS,0.5,vlm-sentinel,,meters
479,simulation_0193,What is the speed of the model of Io at 1s in m/s?,V2MC,DD,1.88,vlm-sentinel,,m/s
480,simulation_0193,What is the speed of the model of Europa at 1s in m/s?,V2MC,DD,,none,row never attempted,m/s
481,simulation_0193,What is the speed of the model of Ganymede at 1s in m/s?,V2MC,DD,,none,row never attempted,m/s
482,simulation_0193,What is the diameter of the model of Io in meters?,V2MC,DS,3.0,vlm-last-number,,meters
483,simulation_0193,What is the diameter of the model of Europa in meters?,V2MC,DS,8.0,vlm-last-number,,meters
484,simulation_0193,What is the diameter of the model of Ganymede in meters?,V2MC,DS,0.31,vlm-sentinel,,meters
485,simulation_0193,What is the orbital diameter of the Io model in meters?,V2MC,DS,2.0,vlm-last-number,,meters
486,simulation_0193,What is the orbital diameter of the Europa model in meters?,V2MC,DS,0.31,vlm-sentinel,,meters
487,simulation_0193,What is the orbital diameter of the Ganymede model in meters?,V2MC,DS,1.0,vlm-last-number,,meters
488,simulation_0193,What is the orbital diameter of the Callisto model in meters?,V2MC,DS,10000000.0,vlm-sentinel,,meters
489,simulation_0194,What is the orbital diameter of the Callisto model in meters?,V2MS,DS,125400000.0,vlm-sentinel,,meters
490,simulation_0194,What is the diameter of the model of Callisto in meters?,V2MS,DS,0.0002,vlm-sentinel,,meters
491,simulation_0194,What is the diameter of the model of Jupiter (the one at the center) in meters?,V2MS,DS,,none,row never attempted,meters
492,simulation_0196,What is the diameter of the plunge tube in meters?,V2MS,DS,,none,row never attempted,meters
493,simulation_0196,What is the horizontal length of the droplet in meters?,V2MS,DS,0.0003,vlm-sentinel,,meters
494,simulation_0196,What is the horizontal length of the “skynova” text on the bottle in meters?,V2MS,DS,0.003,vlm-sentinel,,meters
495,simulation_0196,What is the vertical height of the “skynova” lettering on the bottle in meters?,V2MS,DS,0.04,vlm-sentinel,,meters
496,simulation_0197,What is the diameter of the plunge tube in meters?,S2MS,SS,,none,row never attempted,meters
497,simulation_0197,What is the width of the droplet in meters?,S2MS,SS,,none,row never attempted,meters
498,simulation_0197,What is the vertical height of the “skynova” lettering on the bottle in meters?,S2MS,SS,,none,row never attempted,meters
499,simulation_0197,What is the diameter of the bottle's neck in meters?,S2MS,SS,,none,row never attempted,meters
500,simulation_0197,What is the diameter of the bottle's body in meters?,S2MS,SS,,none,row never attempted,meters
501,simulation_0197,What is the speed of the bubble at time 0.5s in m/s?,S2MS,SD,,none,model answered zero; declining,m/s
502,simulation_0197,What is the speed of the bubble at time 0.8s in m/s?,S2MS,SD,,none,model answered zero; declining,m/s
503,simulation_0197,What is the speed of the bubble at time 1s in m/s?,S2MS,SD,,none,model answered zero; declining,m/s
504,simulation_0198,What is the height of the droplet in meters?,A2MC,DS,0.05,vlm-sentinel,,meters
505,simulation_0198,What is the horizontal length of the droplet in meters?,A2MC,DS,0.002,vlm-sentinel,,meters
506,simulation_0198,What is the diameter of the bottle's neck in meters?,A2MC,DS,,none,row never attempted,meters
507,simulation_0198,What is the diameter of the bottle's body in meters?,A2MC,DS,0.05,vlm-sentinel,,meters
508,simulation_0198,What is the horizontal length of the “skynova” text on the bottle in meters?,A2MC,DS,0.02,vlm-sentinel,,meters
509,simulation_0198,What is the vertical height of the “skynova” lettering on the bottle in meters?,A2MC,DS,0.05,vlm-sentinel,,meters
510,simulation_0198,What is the speed of the droplet at time 0.2s in m/s?,A2MC,DD,,none,row never attempted,m/s
511,simulation_0198,What is the speed of the droplet at time 0.05s in m/s?,A2MC,DD,,none,row never attempted,m/s
512,simulation_0198,What is the speed of the droplet at time 0.1s in m/s?,A2MC,DD,,none,row never attempted,m/s
513,simulation_0199,What is the height of the droplet in meters?,A2MS,DS,0.05,vlm-sentinel,,meters
514,simulation_0199,What is the horizontal length of the droplet in meters?,A2MS,DS,0.005,vlm-sentinel,,meters
515,simulation_0199,What is the diameter of the bottle's neck in meters?,A2MS,DS,,none,row never attempted,meters
516,simulation_0199,What is the diameter of the bottle's body in meters?,A2MS,DS,0.05,vlm-sentinel,,meters
517,simulation_0199,What is the horizontal width of the “skynova” text on the bottle in meters?,A2MS,DS,0.03,vlm-sentinel,,meters
518,simulation_0199,What is the vertical height of the “skynova” lettering on the bottle in meters?,A2MS,DS,0.03,vlm-sentinel,,meters
519,simulation_0199,What is the speed of the droplet at time 0.2s in m/s?,A2MS,DD,,none,row never attempted,m/s
520,simulation_0199,What is the speed of the droplet at time 0.05s in m/s?,A2MS,DD,,none,row never attempted,m/s
521,simulation_0199,What is the speed of the droplet at time 0.1s in m/s?,A2MS,DD,,none,row never attempted,m/s
522,simulation_0200,What is the height of the droplet in meters?,A2MS,DS,,none,row never attempted,meters
523,simulation_0200,What is the horizontal length of the droplet in meters?,A2MS,DS,0.002,vlm-sentinel,,meters
524,simulation_0200,What is the diameter of the bottle's neck in meters?,A2MS,DS,,none,row never attempted,meters
525,simulation_0200,What is the diameter of the bottle's body in meters?,A2MS,DS,,none,row never attempted,meters
526,simulation_0200,What is the vertical height of the “skynova” lettering on the bottle in meters?,A2MS,DS,0.03,vlm-sentinel,,meters
527,simulation_0200,What is the speed of the droplet at time 0.2s in m/s?,A2MS,DD,,none,row never attempted,m/s
528,simulation_0200,What is the speed of the droplet at time 0.05s in m/s?,A2MS,DD,,none,row never attempted,m/s
529,simulation_0200,What is the speed of the droplet at time 0.1s in m/s?,A2MS,DD,,none,row never attempted,m/s
530,simulation_0203,What is the length of the table in meters?,A2MC,DS,1.5,vlm-sentinel,,meters
531,simulation_0203,What is the length of the typewriter in meters?,A2MC,DS,,none,row never attempted,meters
532,simulation_0203,What is the height of the typewriter in meters?,A2MC,DS,,none,row never attempted,meters
533,simulation_0203,What is the width of the paper next to the magnifying glass in meters?,A2MC,DS,,none,row never attempted,meters
534,simulation_0203,What is the length of the letter placed under the gun in meters?,A2MC,DS,,none,row never attempted,meters
535,simulation_0203,What is the speed of the magnifying glass at time 0.125s in m/s?,A2MC,DD,,none,row never attempted,m/s
536,simulation_0203,What is the speed of the magnifying glass at time 0.25s in m/s?,A2MC,DD,,none,row never attempted,m/s
537,simulation_0203,What is the speed of the magnifying glass at time 0.333s in m/s?,A2MC,DD,,none,row never attempted,m/s
538,simulation_0204,What is the length of the table in meters?,A2MS,DS,,none,row never attempted,meters
539,simulation_0204,What is the length of the typewriter in meters?,A2MS,DS,,none,row never attempted,meters
540,simulation_0204,What is the height of the typewriter in meters?,A2MS,DS,,none,row never attempted,meters
541,simulation_0204,What is the length of the letter placed under the gun in meters?,A2MS,DS,0.02,vlm-sentinel,,meters
542,simulation_0204,What is the speed of the magnifying glass at time 0.125s in m/s?,A2MS,DD,,none,row never attempted,m/s
543,simulation_0204,What is the speed of the magnifying glass at time 0.25s in m/s?,A2MS,DD,,none,row never attempted,m/s
544,simulation_0204,What is the speed of the magnifying glass at time 0.333s in m/s?,A2MS,DD,,none,row never attempted,m/s
545,simulation_0207,What is the length of the table in meters?,A2MC,DS,1.2,vlm-sentinel,,meters
546,simulation_0207,What is the length of the typewriter in meters?,A2MC,DS,,none,row never attempted,meters
547,simulation_0207,What is the height of the typewriter in meters?,A2MC,DS,,none,row never attempted,meters
548,simulation_0207,What is the width of the paper next to the typewriter in meters?,A2MC,DS,,none,row never attempted,meters
549,simulation_0207,What is the length of the letter placed under the gun in meters?,A2MC,DS,0.12,vlm-sentinel,,meters
550,simulation_0207,What is the speed of the typewriter at time 0.125s in m/s?,A2MC,DD,,none,row never attempted,m/s
551,simulation_0207,What is the speed of the typewriter at time 0.25s in m/s?,A2MC,DD,,none,row never attempted,m/s
552,simulation_0207,What is the speed of the typewriter at time 0.333s in m/s?,A2MC,DD,,none,row never attempted,m/s
553,simulation_0208,What is the length of the table in meters?,A2MS,DS,,none,row never attempted,meters
554,simulation_0208,What is the length of the typewriter in meters?,A2MS,DS,,none,row never attempted,meters
555,simulation_0208,What is the height of the typewriter in meters?,A2MS,DS,,none,row never attempted,meters
556,simulation_0208,What is the length of the letter placed under the gun in meters?,A2MS,DS,0.05,vlm-sentinel,,meters
557,simulation_0208,What is the speed of the typewriter at time 0.125s in m/s?,A2MS,DD,,none,row never attempted,m/s
558,simulation_0208,What is the speed of the typewriter at time 0.25s in m/s?,A2MS,DD,,none,row never attempted,m/s
559,simulation_0208,What is the speed of the typewriter at time 0.333s in m/s?,A2MS,DD,,none,row never attempted,m/s
560,simulation_0210,What is the length of the black cat (including its tail) in meters?,V2MS,DS,,none,row never attempted,meters
561,simulation_0210,What is the height of the black cat (including its tail) in meters?,V2MS,DS,0.45,vlm-sentinel,,meters
562,simulation_0210,What is the length of the wooden bench in meters?,V2MS,DS,,none,row never attempted,meters
563,simulation_0210,What is the height of the wooden bench in meters?,V2MS,DS,,none,row never attempted,meters
564,simulation_0210,What is the height of the lampshade of the table lamp in meters?,V2MS,DS,,none,row never attempted,meters
565,simulation_0210,What is the diameter of the lampshade of the table lamp in meters?,V2MS,DS,,none,row never attempted,meters
566,simulation_0210,What is the height of the table lamp in meters?,V2MS,DS,0.65,vlm-sentinel,,meters
567,simulation_0210,What is the height of the vase in meters?,V2MS,DS,,none,row never attempted,meters
568,simulation_0210,What is the height of the floor mirror in meters?,V2MS,DS,,none,row never attempted,meters
569,simulation_0210,What is the width of the floor mirror in meters?,V2MS,DS,,none,row never attempted,meters
570,simulation_0213,What is the length of the black cat (including its tail) in meters?,V2MC,DS,0.5,vlm-sentinel,,meters
571,simulation_0213,What is the height of the black cat (including its tail) in meters?,V2MC,DS,0.6,vlm-sentinel,,meters
572,simulation_0213,What is the length of the wooden bench in meters?,V2MC,DS,0.6,vlm-sentinel,,meters
573,simulation_0213,What is the height of the wooden bench in meters?,V2MC,DS,,none,row never attempted,meters
574,simulation_0213,What is the height of the lampshade of the table lamp in meters?,V2MC,DS,0.4,vlm-sentinel,,meters
575,simulation_0213,What is the diameter of the lampshade of the table lamp in meters?,V2MC,DS,,none,row never attempted,meters
576,simulation_0213,What is the height of the table lamp in meters?,V2MC,DS,,none,row never attempted,meters
577,simulation_0213,What is the height of the vase in meters?,V2MC,DS,0.35,vlm-sentinel,,meters
578,simulation_0213,What is the height of the floor mirror in meters?,V2MC,DS,,none,row never attempted,meters
579,simulation_0213,What is the width of the floor mirror in meters?,V2MC,DS,,none,row never attempted,meters
580,simulation_0213,What is the speed of the dog at time 1s in m/s?,V2MC,DD,,none,row never attempted,m/s
581,simulation_0213,What is the speed of the dog at time 1.5s in m/s?,V2MC,DD,,none,row never attempted,m/s
582,simulation_0213,What is the length of the dog (including its tail) in meters?,V2MC,DS,1.2,vlm-sentinel,,meters
583,simulation_0213,What is the height of the dog (including its tail) in meters?,V2MC,DS,,none,row never attempted,meters
584,simulation_0214,What is the length of the black cat (including its tail) in meters?,V2MC,DS,0.47,vlm-sentinel,,meters
585,simulation_0214,What is the length of the wooden bench in meters?,V2MC,DS,,none,row never attempted,meters
586,simulation_0214,What is the width of the wooden bench in meters?,V2MC,DS,,none,row never attempted,meters
587,simulation_0214,What is the length of the TV stand in meters?,V2MC,DS,0.75,vlm-sentinel,,meters
588,simulation_0214,What is the width of the TV stand in meters?,V2MC,DS,,none,row never attempted,meters
589,simulation_0214,What is the diameter of the lampshade of the table lamp in meters?,V2MC,DS,,none,row never attempted,meters
590,simulation_0214,What is the width of the floor mirror in meters?,V2MC,DS,0.85,vlm-sentinel,,meters
591,simulation_0214,What is the speed of the dog at time 1s in m/s?,V2MC,DD,0.94,vlm-sentinel,,m/s
592,simulation_0214,What is the speed of the dog at time 1.5s in m/s?,V2MC,DD,0.94,vlm-sentinel,,m/s
593,simulation_0214,What is the length of the dog (including its tail) in meters?,V2MC,DS,0.6,vlm-sentinel,,meters
594,simulation_0214,What is the diameter of the white fur carpet in meters?,V2MC,DS,,none,row never attempted,meters
595,simulation_0214,What is the length of the white sofa in meters?,V2MC,DS,2.1,vlm-sentinel,,meters
596,simulation_0214,What is the width of the white sofa in meters?,V2MC,DS,2.0,vlm-sentinel,,meters
597,simulation_0215,What is the length of the black cat (including its tail) in meters?,V2MC,DS,,none,row never attempted,meters
598,simulation_0215,What is the length of the wooden bench in meters?,V2MC,DS,0.75,vlm-sentinel,,meters
599,simulation_0215,What is the width of the wooden bench in meters?,V2MC,DS,,none,row never attempted,meters
600,simulation_0215,What is the length of the TV stand in meters?,V2MC,DS,0.75,vlm-sentinel,,meters
601,simulation_0215,What is the width of the TV stand in meters?,V2MC,DS,,none,row never attempted,meters
602,simulation_0215,What is the diameter of the lampshade of the table lamp in meters?,V2MC,DS,,none,row never attempted,meters
603,simulation_0215,What is the diameter of the vase in meters?,V2MC,DS,,none,row never attempted,meters
604,simulation_0215,What is the width of the floor mirror in meters?,V2MC,DS,1.2,vlm-sentinel,,meters
605,simulation_0215,What is the diameter of the white fur carpet in meters?,V2MC,DS,,none,row never attempted,meters
606,simulation_0215,What is the length of the white sofa in meters?,V2MC,DS,,none,row never attempted,meters
607,simulation_0215,What is the width of the white sofa in meters?,V2MC,DS,,none,row never attempted,meters
608,simulation_0216,What is the length of the black cat (including its tail) in meters?,V2MC,DS,,none,row never attempted,meters
609,simulation_0216,What is the height of the black cat (including its tail) in meters?,V2MC,DS,0.45,vlm-sentinel,,meters
610,simulation_0216,What is the length of the wooden bench in meters?,V2MC,DS,,none,row never attempted,meters
611,simulation_0216,What is the height of the wooden bench in meters?,V2MC,DS,,none,row never attempted,meters
612,simulation_0216,What is the height of the lampshade of the table lamp in meters?,V2MC,DS,,none,row never attempted,meters
613,simulation_0216,What is the diameter of the lampshade of the table lamp in meters?,V2MC,DS,,none,row never attempted,meters
614,simulation_0216,What is the height of the table lamp in meters?,V2MC,DS,,none,row never attempted,meters
615,simulation_0216,What is the height of the vase in meters?,V2MC,DS,0.25,vlm-sentinel,,meters
616,simulation_0216,What is the height of the floor mirror in meters?,V2MC,DS,,none,row never attempted,meters
617,simulation_0216,What is the length of the floor mirror in meters?,V2MC,DS,1.88,vlm-sentinel,,meters
618,simulation_0216,What is the length of the TV in meters?,V2MC,DS,0.85,vlm-sentinel,,meters
619,simulation_0216,What is the height of the TV in meters?,V2MC,DS,0.75,vlm-sentinel,,meters
620,simulation_0216,What is the length of the TV stand in meters?,V2MC,DS,1.2,vlm-sentinel,,meters
621,simulation_0216,What is the height of the TV stand in meters?,V2MC,DS,,none,row never attempted,meters
622,simulation_0217,What is the length of the black cat (including its tail) in meters?,V2MC,DS,0.5,vlm-sentinel,,meters
623,simulation_0217,What is the length of the TV in meters?,V2MC,DS,0.6,vlm-sentinel,,meters
624,simulation_0217,What is the length of the wooden bench in meters?,V2MC,DS,1.2,vlm-sentinel,,meters
625,simulation_0217,What is the width of the wooden bench in meters?,V2MC,DS,0.75,vlm-sentinel,,meters
626,simulation_0217,What is the width of the TV stand in meters?,V2MC,DS,,none,row never attempted,meters
627,simulation_0217,What is the diameter of the lampshade of the table lamp in meters?,V2MC,DS,,none,row never attempted,meters
628,simulation_0217,What is the diameter of the vase in meters?,V2MC,DS,,none,row never attempted,meters
629,simulation_0217,What is the width of the floor mirror in meters?,V2MC,DS,,none,row never attempted,meters
630,simulation_0217,What is the speed of the dog at time 1s in m/s?,V2MC,DD,0.85,vlm-sentinel,,m/s
631,simulation_0217,What is the speed of the dog at time 1.5s in m/s?,V2MC,DD,0.94,vlm-sentinel,,m/s
632,simulation_0217,What is the length of the dog (including its tail) in meters?,V2MC,DS,0.6,vlm-sentinel,,meters
633,simulation_0217,What is the diameter of the white fur carpet in meters?,V2MC,DS,,none,row never attempted,meters
634,simulation_0217,What is the length of the white sofa in meters?,V2MC,DS,,none,row never attempted,meters
635,simulation_0217,What is the width of the white sofa in meters?,V2MC,DS,,none,row never attempted,meters
636,simulation_0218,What is the length of the big robot in meters?,V2MC,DS,,none,row never attempted,meters
637,simulation_0218,What is the height of the big robot in meters?,V2MC,DS,1.2,vlm-sentinel,,meters
638,simulation_0218,What is the length in meters of the long side of a marked parking space on the ground?,V2MC,DS,1.5,vlm-sentinel,,meters
639,simulation_0218,What is the outer diameter of the robot's tires in meters?,V2MC,DS,0.35,vlm-sentinel,,meters
640,simulation_0219,What is the length of the big robot in meters?,V2MC,DS,,none,row never attempted,meters
641,simulation_0219,What is the height of the big robot in meters?,V2MC,DS,1.8,vlm-sentinel,,meters
642,simulation_0219,What is the length in meters of the long side of a marked parking space on the ground?,V2MC,DS,3.5,vlm-sentinel,,meters
643,simulation_0219,What is the outer diameter of the robot's tires in meters?,V2MC,DS,,none,row never attempted,meters
644,simulation_0219,What is the speed of the small robot at 1s in m/s?,V2MC,DD,,none,row never attempted,m/s
645,simulation_0219,What is the height of the small robot in meters?,V2MC,DS,,none,row never attempted,meters
646,simulation_0220,What is the length in meters of the long side of a marked parking space on the ground?,V2MC,DS,,none,row never attempted,meters
647,simulation_0220,What is the height of the small robot in meters?,V2MC,DS,0.5,vlm-sentinel,,meters
648,simulation_0221,What is the length of the wooden bench in meters?,S2MC,SS,,none,row never attempted,meters
649,simulation_0221,What is the width of the wooden bench in meters?,S2MC,SS,,none,row never attempted,meters
650,simulation_0221,What is the length of the TV stand in meters?,S2MC,SS,,none,row never attempted,meters
651,simulation_0221,What is the width of the TV stand in meters?,S2MC,SS,,none,row never attempted,meters
652,simulation_0221,What is the diameter of the lampshade of the table lamp in meters?,S2MC,SS,,none,row never attempted,meters
653,simulation_0221,What is the diameter of the vase in meters?,S2MC,SS,,none,row never attempted,meters
654,simulation_0221,What is the width of the floor mirror in meters?,S2MC,SS,,none,row never attempted,meters
655,simulation_0221,What is the diameter of the white fur carpet in meters?,S2MC,SS,,none,row never attempted,meters
656,simulation_0221,What is the length of the white sofa in meters?,S2MC,SS,,none,row never attempted,meters
657,simulation_0221,What is the width of the white sofa in meters?,S2MC,SS,,none,row never attempted,meters
658,simulation_0221,What is the speed of the vacuum cleaner at time 0.5s in m/s?,S2MC,SD,0.5,vlm-sentinel,,m/s
659,simulation_0221,What is the acceleration of the vacuum cleaner at time 0.5s in m/s^2?,S2MC,SD,,none,model answered zero; declining,m/s^2
660,simulation_0221,What is the speed of the vacuum cleaner at time 1s in m/s?,S2MC,SD,0.5,vlm-sentinel,,m/s
661,simulation_0221,What is the acceleration of the vacuum cleaner at time 1s in m/s^2?,S2MC,SD,,none,model answered zero; declining,m/s^2
662,simulation_0221,What is the speed of the vacuum cleaner at time 2s in m/s?,S2MC,SD,0.3,vlm-sentinel,,m/s
663,simulation_0221,What is the acceleration of the vacuum cleaner at time 2s in m/s^2?,S2MC,SD,,none,model answered zero; declining,m/s^2
664,simulation_0222,What is the length of the wooden bench in meters?,S2MS,SS,,none,row never attempted,meters
665,simulation_0222,What is the width of the wooden bench in meters?,S2MS,SS,,none,row never attempted,meters
666,simulation_0222,What is the length of the TV stand in meters?,S2MS,SS,,none,row never attempted,meters
667,simulation_0222,What is the width of the TV stand in meters?,S2MS,SS,,none,row never attempted,meters
668,simulation_0222,What is the diameter of the lampshade of the table lamp in meters?,S2MS,SS,,none,row never attempted,meters
669,simulation_0222,What is the diameter of the vase in meters?,S2MS,SS,,none,row never attempted,meters
670,simulation_0222,What is the width of the floor mirror in meters?,S2MS,SS,,none,row never attempted,meters
671,simulation_0222,What is the diameter of the white fur carpet in meters?,S2MS,SS,,none,row never attempted,meters
672,simulation_0222,What is the length of the white sofa in meters?,S2MS,SS,,none,row never attempted,meters
673,simulation_0222,What is the width of the white sofa in meters?,S2MS,SS,,none,row never attempted,meters
674,simulation_0222,What is the speed of the vacuum cleaner at time 0.5s in m/s?,S2MS,SD,,none,model answered zero; declining,m/s
675,simulation_0222,What is the acceleration of the vacuum cleaner at time 0.5s in m/s^2?,S2MS,SD,0.5,vlm-sentinel,,m/s^2
676,simulation_0222,What is the speed of the vacuum cleaner at time 1s in m/s?,S2MS,SD,,none,row never attempted,m/s
677,simulation_0222,What is the acceleration of the vacuum cleaner at time 1s in m/s^2?,S2MS,SD,0.5,vlm-sentinel,,m/s^2
678,simulation_0222,What is the speed of the vacuum cleaner at time 2s in m/s?,S2MS,SD,,none,row never attempted,m/s
679,simulation_0222,What is the acceleration of the vacuum cleaner at time 2s in m/s^2?,S2MS,SD,0.01,vlm-sentinel,,m/s^2
680,simulation_0223,What is the length(horizontal) of the chinese chess board in meters?,S2MC,SS,,none,row never attempted,meters
681,simulation_0223,What is the width(vertical) of the chinese chess board in meters?,S2MC,SS,,none,row never attempted,meters
682,simulation_0223,What is the speed of the moving red general chess at time 0.5s in m/s?,S2MC,SD,,none,row never attempted,m/s
683,simulation_0223,What is the acceleration of the moving red general chess at time 0.5s in m/s^2?,S2MC,SD,0.01,vlm-sentinel,,m/s^2
684,simulation_0223,What is the speed of the moving red general chess at time 1s in m/s?,S2MC,SD,,none,row never attempted,m/s
685,simulation_0223,What is the acceleration of the moving red general chess at time 1s in m/s^2?,S2MC,SD,0.01,vlm-sentinel,,m/s^2
686,simulation_0223,What is the speed of the moving red general chess at time 1.5s in m/s?,S2MC,SD,,none,row never attempted,m/s
687,simulation_0223,What is the acceleration of the moving red general chess at time 1.5s in m/s^2?,S2MC,SD,0.01,vlm-sentinel,,m/s^2
688,simulation_0224,What is the length of the chinese chess board in meters?,S2MC,SS,,none,row never attempted,meters
689,simulation_0224,What is the speed of the moving chess at time 0.5s in m/s?,S2MC,SD,,none,model answered zero; declining,m/s
690,simulation_0224,What is the acceleration of the moving chess at time 0.5s in m/s^2?,S2MC,SD,0.01,vlm-sentinel,,m/s^2
691,simulation_0224,What is the speed of the moving chess at time 1s in m/s?,S2MC,SD,,none,model answered zero; declining,m/s
692,simulation_0224,What is the acceleration of the moving chess at time 1s in m/s^2?,S2MC,SD,,none,model answered zero; declining,m/s^2
693,simulation_0224,What is the speed of the moving chess at time 1.5s in m/s?,S2MC,SD,,none,model answered zero; declining,m/s
694,simulation_0224,What is the acceleration of the moving chess at time 1.5s in m/s^2?,S2MC,SD,,none,no number in the reply,m/s^2
695,simulation_0225,What is the length of the black cat (including its tail) in meters?,V2MC,DS,,none,row never attempted,meters
696,simulation_0225,What is the height of the black cat (including its tail) in meters?,V2MC,DS,,none,row never attempted,meters
697,simulation_0225,What is the width of the beach chair in meters?,V2MC,DS,,none,row never attempted,meters
698,simulation_0225,What is the width of the pool tiles (horizontal side) in meters?,V2MC,DS,,none,row never attempted,meters
699,simulation_0226,What is the length of the black cat (including its tail) in meters?,V2MC,DS,,none,row never attempted,meters
700,simulation_0226,What is the width of the beach chair in meters?,V2MC,DS,0.75,vlm-sentinel,,meters
701,simulation_0226,What is the width of the pool tiles (horizontal side) in meters?,V2MC,DS,,none,row never attempted,meters
702,simulation_0227,What is the length of the black cat (including its tail) in meters?,V2MC,DS,,none,row never attempted,meters
703,simulation_0227,What is the height of the black cat (including its tail) in meters?,V2MC,DS,0.4,vlm-sentinel,,meters
704,simulation_0227,What is the width of the beach chair in meters?,V2MC,DS,,none,row never attempted,meters
705,simulation_0227,What is the width of the pool tiles (horizontal side) in meters?,V2MC,DS,,none,row never attempted,meters
706,simulation_0227,What is the length of the swimming ring in meters?,V2MC,DS,,none,row never attempted,meters
707,simulation_0227,What is the height of the swimming ring in meters?,V2MC,DS,0.9,vlm-sentinel,,meters
708,simulation_0227,What is the speed of the swimming ring at time 0.5s in m/s?,V2MC,DD,,none,model answered zero; declining,m/s
709,simulation_0228,What is the length of the black cat (including its tail) in meters?,V2MC,DS,0.5,vlm-sentinel,,meters
710,simulation_0228,What is the width of the beach chair in meters?,V2MC,DS,,none,row never attempted,meters
711,simulation_0228,What is the width of the paving stones in meters?,V2MC,DS,,none,row never attempted,meters
712,simulation_0228,What is the length of the swimming ring in meters?,V2MC,DS,0.75,vlm-sentinel,,meters
713,simulation_0228,What is the speed of the swimming ring at time 0.5s in m/s?,V2MC,DD,,none,model answered zero; declining,m/s
714,simulation_0229,What is the diameter of the clock in meters?,S2MC,SS,,none,row never attempted,meters
715,simulation_0229,What is the height of the chalkboard in meters?,S2MC,SS,,none,row never attempted,meters
716,simulation_0229,What is the width of the orange chair next to the blackboard in meters?,S2MC,SS,,none,row never attempted,meters
717,simulation_0229,What is the length of the teacher's table in meters?,S2MC,SS,,none,row never attempted,meters
718,simulation_0229,What is the ceiling height of the room in meters?,S2MC,SS,3.0,vlm-sentinel,,meters
719,simulation_0229,What is the speed of the paper airplane at time 1s in m/s?,S2MC,SD,2.5,vlm-sentinel,,m/s
720,simulation_0229,What is the acceleration of the paper airplane at time 1s in m/s^2?,S2MC,SD,,none,model answered zero; declining,m/s^2
721,simulation_0229,What is the speed of the paper airplane at time 1.25s in m/s?,S2MC,SD,,none,row never attempted,m/s
722,simulation_0229,What is the acceleration of the paper airplane at time 1.25s in m/s^2?,S2MC,SD,,none,model answered zero; declining,m/s^2
723,simulation_0230,What is the diameter of the clock in meters?,S2MC,SS,0.3,vlm-sentinel,,meters
724,simulation_0230,What is the height of the chalkboard in meters?,S2MC,SS,,none,row never attempted,meters
725,simulation_0230,What is the width of the orange chair next to the blackboard in meters?,S2MC,SS,,none,row never attempted,meters
726,simulation_0230,What is the length of the teacher's table in meters?,S2MC,SS,,none,row never attempted,meters
727,simulation_0230,What is the ceiling height of the room in meters?,S2MC,SS,3.5,vlm-sentinel,,meters
728,simulation_0230,What is the speed of the paper airplane at time 1s in m/s?,S2MC,SD,2.5,vlm-sentinel,,m/s
729,simulation_0230,What is the acceleration of the paper airplane at time 1s in m/s^2?,S2MC,SD,1.5,vlm-sentinel,,m/s^2
730,simulation_0230,What is the speed of the paper airplane at time 1.25s in m/s?,S2MC,SD,,none,row never attempted,m/s
731,simulation_0230,What is the acceleration of the paper airplane at time 1.25s in m/s^2?,S2MC,SD,1.5,vlm-sentinel,,m/s^2
732,simulation_0230,What is the length of the black cat (including its tail) in meters?,S2MC,SS,,none,row never attempted,meters
733,simulation_0230,What is the height of the black cat (including its tail) in meters?,S2MC,SS,,none,row never attempted,meters
734,simulation_0230,What is the average speed of the black cat from the beginning to the end in m/s?,S2MC,SD,,none,row never attempted,m/s
735,simulation_0231,What is the height of the chalkboard in meters?,V2MC,DS,1.0,vlm-sentinel,,meters
736,simulation_0231,What is the width of the orange chair next to the blackboard in meters?,V2MC,DS,0.5,vlm-sentinel,,meters
737,simulation_0231,What is the length of the teacher's table in meters?,V2MC,DS,,none,row never attempted,meters
738,simulation_0231,What is the ceiling height of the room in meters?,V2MC,DS,3.0,vlm-sentinel,,meters
739,simulation_0231,What is the speed of the paper airplane at time 1s in m/s?,V2MC,DD,1.43,vlm-sentinel,,m/s
740,simulation_0231,What is the acceleration of the paper airplane at time 1s in m/s^2?,V2MC,DD,,none,model answered zero; declining,m/s^2
741,simulation_0231,What is the speed of the paper airplane at time 1.25s in m/s?,V2MC,DD,0.71,vlm-sentinel,,m/s
742,simulation_0231,What is the acceleration of the paper airplane at time 1.25s in m/s^2?,V2MC,DD,,none,model answered zero; declining,m/s^2
743,simulation_0231,What is the length of the black cat (including its tail) in meters?,V2MC,DS,,none,row never attempted,meters
744,simulation_0231,What is the height of the black cat (including its tail) in meters?,V2MC,DS,,none,row never attempted,meters
745,simulation_0231,What is the length of the chalkboard in meters?,V2MC,DS,3.5,vlm-sentinel,,meters
746,simulation_0231,What is the diameter of the clock in meters?,V2MC,DS,0.3,vlm-sentinel,,meters
747,simulation_0232,What is the width of the chair next to the blackboard in meters?,V2MS,DS,,none,row never attempted,meters
748,simulation_0232,What is the length of the teacher's table in meters?,V2MS,DS,1.0,vlm-sentinel,,meters
749,simulation_0232,What is the ceiling height of the room in meters?,V2MS,DS,3.0,vlm-sentinel,,meters
750,simulation_0232,What is the speed of the paper airplane at time 1s in m/s?,V2MS,DD,0.71,vlm-sentinel,,m/s
751,simulation_0232,What is the acceleration of the paper airplane at time 1s in m/s^2?,V2MS,DD,,none,model answered zero; declining,m/s^2
752,simulation_0232,What is the speed of the paper airplane at time 1.25s in m/s?,V2MS,DD,0.71,vlm-sentinel,,m/s
753,simulation_0232,What is the acceleration of the paper airplane at time 1.25s in m/s^2?,V2MS,DD,,none,model answered zero; declining,m/s^2
754,simulation_0232,What is the length of the black cat (including its tail) in meters?,V2MS,DS,0.5,vlm-sentinel,,meters
755,simulation_0232,What is the height of the black cat (including its tail) in meters?,V2MS,DS,0.3,vlm-sentinel,,meters
756,simulation_0232,What is the diameter of the clock in meters?,V2MS,DS,0.3,vlm-sentinel,,meters
757,simulation_0233,What is the length of the black cat (including its tail) in meters?,V2MC,DS,0.4,vlm-sentinel,,meters
758,simulation_0233,What is the width of the chair in meters?,V2MC,DS,,none,row never attempted,meters
759,simulation_0233,What is the length of the chair in meters?,V2MC,DS,,none,row never attempted,meters
760,simulation_0234,What is the length of the white basketball backboard in meters?,S2MC,SS,,none,row never attempted,meters
761,simulation_0234,What is the height of the white basketball backboard in meters?,S2MC,SS,,none,row never attempted,meters
762,simulation_0234,What is the height of the green section on the wall in meters?,S2MC,SS,0.141,vlm-last-number,,meters
763,simulation_0234,What is the speed of the basketball at time 0.5s in m/s?,S2MC,SD,,none,model answered zero; declining,m/s
764,simulation_0234,What is the acceleration of the basketball at time 0.5s in m/s^2?,S2MC,SD,,none,row never attempted,m/s^2
765,simulation_0234,What is the speed of the basketball at time 1.5s in m/s?,S2MC,SD,,none,model answered zero; declining,m/s
766,simulation_0234,What is the acceleration of the basketball at time 1.5s in m/s^2?,S2MC,SD,,none,row never attempted,m/s^2
767,simulation_0235,What is the height of the trophy next to the basketball in meters?,S2MS,SS,,none,row never attempted,meters
768,simulation_0235,What is the length of each small pane of the window in meters?,S2MS,SS,,none,row never attempted,meters
769,simulation_0235,What is the height of each small pane of the window in meters?,S2MS,SS,,none,row never attempted,meters
770,simulation_0235,What is the height of the green section on the wall in meters?,S2MS,SS,2.82,vlm-sentinel,,meters
771,simulation_0235,What is the speed of the basketball at time 0.5s in m/s?,S2MS,SD,,none,model answered zero; declining,m/s
772,simulation_0235,What is the acceleration of the basketball at time 0.5s in m/s^2?,S2MS,SD,,none,row never attempted,m/s^2
773,simulation_0235,What is the speed of the basketball at time 1.5s in m/s?,S2MS,SD,,none,model answered zero; declining,m/s
774,simulation_0235,What is the acceleration of the basketball at time 1.5s in m/s^2?,S2MS,SD,,none,row never attempted,m/s^2
775,simulation_0236,What is the height of the brown horse in meters?,V2MC,DS,1.5,vlm-sentinel,,meters
776,simulation_0236,What is the length of the brown horse in meters?,V2MC,DS,2.5,vlm-sentinel,,meters
777,simulation_0236,What is the height of the house in meters?,V2MC,DS,,none,row never attempted,meters
778,simulation_0236,What is the width of the house in meters?,V2MC,DS,,none,row never attempted,meters
779,simulation_0236,What is the height of each glass window in meters?,V2MC,DS,,none,row never attempted,meters
780,simulation_0236,What is the width of each glass window in meters?,V2MC,DS,,none,row never attempted,meters
781,simulation_0237,What is the length of the brown horse in meters?,V2MC,DS,,none,row never attempted,meters
782,simulation_0237,What is the width of the house in meters?,V2MC,DS,10.5,vlm-sentinel,,meters
783,simulation_0237,What is the length of the house in meters?,V2MC,DS,10.3,vlm-sentinel,,meters
784,simulation_0238,What is the height of the brown horse in meters?,V2MC,DS,1.5,vlm-sentinel,,meters
785,simulation_0238,What is the length of the brown horse in meters?,V2MC,DS,,none,row never attempted,meters
786,simulation_0238,What is the height of the house in meters?,V2MC,DS,,none,row never attempted,meters
787,simulation_0238,What is the width of the house in meters?,V2MC,DS,,none,row never attempted,meters
788,simulation_0238,What is the height of each glass window in meters?,V2MC,DS,1.7,vlm-sentinel,,meters
789,simulation_0238,What is the width of each glass window in meters?,V2MC,DS,0.6,vlm-sentinel,,meters
790,simulation_0238,What is the speed of the horse in the front in m/s?,V2MC,DD,,none,row never attempted,m/s
791,simulation_0238,What is the height of the horse in the front in meters?,V2MC,DS,,none,row never attempted,meters
792,simulation_0238,What is the length of the horse in the front in meters?,V2MC,DS,,none,row never attempted,meters
793,simulation_0239,What is the length of the horse at the back in meters?,V2MC,DS,,none,row never attempted,meters
794,simulation_0239,What is the width of the house in meters?,V2MC,DS,12.0,vlm-sentinel,,meters
795,simulation_0239,What is the length of the house in meters?,V2MC,DS,,none,row never attempted,meters
796,simulation_0239,What is the speed of the horse in the front at 1s in m/s?,V2MC,DD,0.87,vlm-sentinel,,m/s
797,simulation_0239,What is the length of the horse in the front in meters?,V2MC,DS,2.5,vlm-sentinel,,meters
798,simulation_0240,What is the height of the horse at the back in meters?,V2MC,DS,1.6,vlm-sentinel,,meters
799,simulation_0240,What is the length of the horse at the back in meters?,V2MC,DS,2.5,vlm-sentinel,,meters
800,simulation_0240,What is the height of the house in meters?,V2MC,DS,,none,row never attempted,meters
801,simulation_0240,What is the width of the house in meters?,V2MC,DS,,none,row never attempted,meters
802,simulation_0240,What is the height of each glass window in meters?,V2MC,DS,1.7,vlm-sentinel,,meters
803,simulation_0240,What is the width of each glass window in meters?,V2MC,DS,,none,row never attempted,meters
804,simulation_0240,What is the speed of the horse in the front at 1s in m/s?,V2MC,DD,,none,row never attempted,m/s
805,simulation_0240,What is the height of the horse in the front in meters?,V2MC,DS,,none,row never attempted,meters
806,simulation_0240,What is the length of the horse in the front in meters?,V2MC,DS,2.5,vlm-sentinel,,meters
807,simulation_0240,What is the speed of the rabbit at 1s in m/s?,V2MC,DD,0.5,vlm-sentinel,,m/s
808,simulation_0240,What is the length of the rabbit in meters?,V2MC,DS,0.15,vlm-sentinel,,meters
809,simulation_0241,What is the length of the brown horse in meters?,V2MC,DS,2.5,vlm-sentinel,,meters
810,simulation_0241,What is the width of the house in meters?,V2MC,DS,12.0,vlm-sentinel,,meters
811,simulation_0241,What is the length of the house in meters?,V2MC,DS,10.3,vlm-sentinel,,meters
812,simulation_0241,What is the speed of the white horse at 1s in m/s?,V2MC,DD,,none,model answered zero; declining,m/s
813,simulation_0241,What is the length of the white horse in meters?,V2MC,DS,,none,row never attempted,meters
814,simulation_0241,What is the length of the rabbit in meters?,V2MC,DS,0.25,vlm-sentinel,,meters
815,simulation_0241,What is the speed of the rabbit at 1s in m/s?,V2MC,DD,0.1,vlm-sentinel,,m/s
816,simulation_0243,What is the height of the antelope in meters？,V2MC,DS,,none,row never attempted,meters
817,simulation_0243,What is the length of the antelope in meters?,V2MC,DS,2.5,vlm-sentinel,,meters
818,simulation_0243,What is the height of the tree on the left in meters?,V2MC,DS,4.2,vlm-last-number,,meters
819,simulation_0244,What is the height of the antelope in meters？,V2MC,DS,,none,row never attempted,meters
820,simulation_0244,What is the length of the antelope in meters?,V2MC,DS,2.5,vlm-sentinel,,meters
821,simulation_0244,What is the height of the tree on the left in meters?,V2MC,DS,,none,row never attempted,meters
822,simulation_0244,What is the speed of the rabbit in m/s?,V2MC,DD,,none,row never attempted,m/s
823,simulation_0244,What is the height of the rabbit in meters?,V2MC,DS,,none,row never attempted,meters
824,simulation_0244,What is the length of the rabbit in meters?,V2MC,DS,,none,row never attempted,meters
825,simulation_0245,What is the height of the antelope in meters？,V2MS,DS,1.5,vlm-sentinel,,meters
826,simulation_0245,What is the length of the antelope in meters?,V2MS,DS,2.5,vlm-sentinel,,meters
827,simulation_0245,What is the speed of the rabbit at 1s in m/s?,V2MS,DD,0.12,vlm-sentinel,,m/s
828,simulation_0245,What is the height of the rabbit in meters?,V2MS,DS,,none,row never attempted,meters
829,simulation_0245,What is the length of the rabbit in meters?,V2MS,DS,0.15,vlm-sentinel,,meters
830,simulation_0246,What is the length of the antelope in meters?,V2MS,DS,,none,row never attempted,meters
831,simulation_0246,What is the speed of the rabbit at 1s in m/s?,V2MS,DD,,none,row never attempted,m/s
832,simulation_0246,What is the length of the rabbit in meters?,V2MS,DS,0.5,vlm-sentinel,,meters
833,simulation_0248,What is the height of the horse at the back in meters?,V2MS,DS,1.5,vlm-sentinel,,meters
834,simulation_0248,What is the length of the horse at the back in meters?,V2MS,DS,2.2,vlm-sentinel,,meters
835,simulation_0248,What is the speed of the horse in the front at 1s in m/s?,V2MS,DD,,none,row never attempted,m/s
836,simulation_0248,What is the height of the horse in the front in meters?,V2MS,DS,1.5,vlm-sentinel,,meters
837,simulation_0248,What is the length of horse in the front in meters?,V2MS,DS,2.5,vlm-sentinel,,meters
838,simulation_0248,What is the speed of the rabbit at 1s in m/s?,V2MS,DD,,none,row never attempted,m/s
839,simulation_0248,What is the length of the rabbit in meters?,V2MS,DS,,none,row never attempted,meters
840,simulation_0248,What is the height of the rabbit in meters?,V2MS,DS,0.24,vlm-sentinel,,meters
841,simulation_0249,What is the length of the horse at the back in meters?,V2MS,DS,2.5,vlm-sentinel,,meters
842,simulation_0249,What is the speed of the horse in the front at 1s in m/s?,V2MS,DD,,none,row never attempted,m/s
843,simulation_0249,What is the length of horse in the front in meters?,V2MS,DS,,none,row never attempted,meters
844,simulation_0249,What is the length of the rabbit in meters?,V2MS,DS,0.5,vlm-last-number,,meters
845,simulation_0249,What is the speed of the rabbit at 1s in m/s?,V2MS,DD,0.5,vlm-sentinel,,m/s
846,simulation_0251,What is the speed of the soccer ball at time 0.5s in m/s?,S2SS,SD,0.71,vlm-sentinel,,m/s
847,simulation_0251,What is the speed of the soccer ball at time 2s in m/s?,S2SS,SD,,none,row never attempted,m/s
848,simulation_0251,What is the speed of the soccer ball at time 1s in m/s?,S2SS,SD,,none,row never attempted,m/s
849,simulation_0251,What is the speed of the soccer ball at time 1.5s in m/s?,S2SS,SD,,none,row never attempted,m/s
850,simulation_0252,What is the speed of the soccer ball at time 0.5s in m/s?,S2SS,SD,0.86,vlm-sentinel,,m/s
851,simulation_0252,What is the speed of the soccer ball at time 1s in m/s?,S2SS,SD,,none,row never attempted,m/s
852,simulation_0252,What is the speed of the soccer ball at time 1.5s in m/s?,S2SS,SD,0.46,vlm-sentinel,,m/s
853,simulation_0252,What is the speed of the soccer ball at time 2s in m/s?,S2SS,SD,,none,row never attempted,m/s
854,simulation_0253,What is the speed of the box at time 0.5s in m/s?,S2SS,SD,,none,row never attempted,m/s
855,simulation_0253,What is the speed of the box at time 1s in m/s?,S2SS,SD,,none,row never attempted,m/s
856,simulation_0253,What is the speed of the box at time 1.5s in m/s?,S2SS,SD,,none,row never attempted,m/s
857,simulation_0253,What is the speed of the box at time 1.75s in m/s?,S2SS,SD,,none,row never attempted,m/s
858,simulation_0253,What is the acceleration of the box at time 0.5s in m/s^2?,S2SS,SD,4.9,vlm-sentinel,,m/s^2
859,simulation_0253,What is the acceleration of the box at time 1s in m/s^2?,S2SS,SD,4.9,vlm-sentinel,,m/s^2
860,simulation_0253,What is the acceleration of the box at time 1.5s in m/s^2?,S2SS,SD,9.81,vlm-sentinel,,m/s^2
861,simulation_0253,What is the acceleration of the box at time 1.75s in m/s^2?,S2SS,SD,9.81,vlm-sentinel,,m/s^2
862,simulation_0254,What is the speed of the tennis ball at time 0.5s in m/s?,S2SS,SD,1.25,vlm-sentinel,,m/s
863,simulation_0254,What is the speed of the tennis ball at time 1s in m/s?,S2SS,SD,,none,row never attempted,m/s
864,simulation_0254,What is the speed of the tennis ball at time 1.5s in m/s?,S2SS,SD,,none,row never attempted,m/s
865,simulation_0254,What is the speed of the tennis ball at time 1.75s in m/s?,S2SS,SD,,none,row never attempted,m/s
866,simulation_0254,What is the acceleration of the tennis ball at time 0.5s in m/s^2?,S2SS,SD,9.81,vlm-sentinel,,m/s^2
867,simulation_0254,What is the acceleration of the tennis ball at time 1s in m/s^2?,S2SS,SD,9.81,vlm-sentinel,,m/s^2
868,simulation_0254,What is the acceleration of the tennis ball at time 1.5s in m/s^2?,S2SS,SD,9.81,vlm-sentinel,,m/s^2
869,simulation_0254,What is the acceleration of the tennis ball at time 1.75s in m/s^2?,S2SS,SD,9.81,vlm-sentinel,,m/s^2
870,simulation_0255,What is the speed of the tennis ball at time 0.5s in m/s?,S2SS,SD,2.5,vlm-sentinel,,m/s
871,simulation_0255,What is the speed of the tennis ball at time 1s in m/s?,S2SS,SD,0.17,vlm-sentinel,,m/s
872,simulation_0255,What is the speed of the tennis ball at time 1.5s in m/s?,S2SS,SD,1.0,vlm-sentinel,,m/s
873,simulation_0255,What is the acceleration of the tennis ball at time 0.5s in m/s^2?,S2SS,SD,,none,model answered zero; declining,m/s^2
874,simulation_0255,What is the acceleration of the tennis ball at time 1s in m/s^2?,S2SS,SD,,none,model answered zero; declining,m/s^2
875,simulation_0255,What is the acceleration of the tennis ball at time 1.5s in m/s^2?,S2SS,SD,,none,model answered zero; declining,m/s^2
876,simulation_0256,What is the speed of the tennis ball at time 0.5s in m/s?,S2SS,SD,0.34,vlm-sentinel,,m/s
877,simulation_0256,What is the speed of the tennis ball at time 1s in m/s?,S2SS,SD,,none,row never attempted,m/s
878,simulation_0256,What is the speed of the tennis ball at time 1.5s in m/s?,S2SS,SD,,none,row never attempted,m/s
879,simulation_0256,What is the acceleration of the tennis ball at time 0.5s in m/s^2?,S2SS,SD,,none,model answered zero; declining,m/s^2
880,simulation_0256,What is the acceleration of the tennis ball at time 1s in m/s^2?,S2SS,SD,,none,model answered zero; declining,m/s^2
881,simulation_0256,What is the acceleration of the tennis ball at time 1.5s in m/s^2?,S2SS,SD,,none,model answered zero; declining,m/s^2
882,simulation_0257,What is the height of the plant in meters?,A2MC,DS,0.1,vlm-sentinel,,meters
883,simulation_0257,What is the diameter (width) of the plant in meters?,A2MC,DS,,none,row never attempted,meters
884,simulation_0257,What is the width (longer side) of the table in meters?,A2MC,DS,1.2,vlm-sentinel,,meters
885,simulation_0257,What is the width (longer side) of the AC in meters?,A2MC,DS,,none,row never attempted,meters
886,simulation_0257,"What is the width of the phone placed to the right of the plant, in meters?",A2MC,DS,0.05,vlm-sentinel,,meters
887,simulation_0257,What is the speed of the plant at time 0.2s in m/s?,A2MC,DD,,none,row never attempted,m/s
888,simulation_0257,What is the speed of the plant at time 0.4s in m/s?,A2MC,DD,,none,row never attempted,m/s
889,simulation_0258,What is the height of the plant in meters?,A2MC,DS,,none,row never attempted,meters
890,simulation_0258,What is the diameter (width) of the plant in meters?,A2MC,DS,,none,row never attempted,meters
891,simulation_0258,What is the width (longer side) of the table in meters?,A2MC,DS,,none,row never attempted,meters
892,simulation_0258,What is the width (longer side) of the AC in meters?,A2MC,DS,,none,row never attempted,meters
893,simulation_0258,"What is the width of the phone placed to the right of the plant, in meters?",A2MC,DS,0.1,vlm-sentinel,,meters
894,simulation_0258,What is the speed of the pen at time 0.2s in m/s?,A2MC,DD,,none,row never attempted,m/s
895,simulation_0258,What is the speed of the pen at time 0.4s in m/s?,A2MC,DD,,none,row never attempted,m/s
896,simulation_0259,What is the height of the red cup in meters?,A2MC,DS,,none,row never attempted,meters
897,simulation_0259,What is the height of the plant in meters?,A2MC,DS,0.15,vlm-sentinel,,meters
898,simulation_0259,What is the diameter（width) of the plant in meters?,A2MC,DS,,none,row never attempted,meters
899,simulation_0259,What is the width(long side) of the table in meters?,A2MC,DS,1.2,vlm-sentinel,,meters
900,simulation_0259,What is the width(long side) of the AC in meters?,A2MC,DS,,none,row never attempted,meters
901,simulation_0259,"What is the width of the iPhone placed to the right of the plant, in meters?",A2MC,DS,,none,row never attempted,meters
902,simulation_0259,What is the speed of the red cup at time 0.2s in m/s?,A2MC,DD,,none,row never attempted,m/s
903,simulation_0259,What is the speed of the red cup at time 0.4s in m/s?,A2MC,DD,,none,row never attempted,m/s
904,simulation_0259,What is the height of the mug in meters?,A2MC,DS,1.2,vlm-sentinel,,meters
905,simulation_0259,What is the long side of the bag in meters?,A2MC,DS,,none,row never attempted,meters
906,simulation_0260,What is the height of the red cup in meters?,A2MC,DS,0.12,vlm-sentinel,,meters
907,simulation_0260,What is the height of the plant in meters?,A2MC,DS,,none,row never attempted,meters
908,simulation_0260,What is the diameter (width) of the plant in meters?,A2MC,DS,,none,row never attempted,meters
909,simulation_0260,What is the width (longer side) of the table in meters?,A2MC,DS,1.2,vlm-sentinel,,meters
910,simulation_0260,What is the width (longer side) of the AC in meters?,A2MC,DS,,none,row never attempted,meters
911,simulation_0260,"What is the width of the iphone placed to the right of the plant, in meters?",A2MC,DS,,none,row never attempted,meters
912,simulation_0260,What is the speed of the mug at time 0.2s in m/s?,A2MC,DD,,none,row never attempted,m/s
913,simulation_0260,What is the speed of the mug at time 0.4s in m/s?,A2MC,DD,,none,row never attempted,m/s
914,simulation_0260,What is the height of the mug in meters?,A2MC,DS,0.1,vlm-sentinel,,meters
915,simulation_0260,What is the long side of the bag in meters?,A2MC,DS,,none,row never attempted,meters
916,simulation_0261,What is the height of the mug in meters?,A2SS,DS,,none,row never attempted,meters
917,simulation_0261,What is the speed of the mug at time 0.2s in m/s?,A2SS,DD,,none,row never attempted,m/s
918,simulation_0261,What is the speed of the mug at time 0.4s in m/s?,A2SS,DD,,none,row never attempted,m/s
919,simulation_0261,What is the speed of the mug at time 0.625s in m/s?,A2SS,DD,,none,row never attempted,m/s
920,simulation_0262,What is the height of the red cup in meters?,A2SS,DS,,none,row never attempted,meters
921,simulation_0262,What is the speed of the red cup at time 0.25s in m/s?,A2SS,DD,,none,row never attempted,m/s
922,simulation_0262,What is the speed of the red cup at time 0.5s in m/s?,A2SS,DD,,none,row never attempted,m/s
923,simulation_0262,What is the speed of the red cup at time 0.625s in m/s?,A2SS,DD,,none,row never attempted,m/s
924,simulation_0263,What is the length of the spacecraft in meters?,A2SS,DS,,none,model answered zero; declining,meters
925,simulation_0263,What is the width of the spacecraft in meters?,A2SS,DS,2.5,vlm-sentinel,,meters
926,simulation_0263,What is the speed of the spacecraft at 0.5s in m/s?,A2SS,DD,,none,row never attempted,m/s
927,simulation_0263,What is the speed of the spacecraft at 1.0s in m/s?,A2SS,DD,,none,row never attempted,m/s
928,simulation_0264,What is the length of the spacecraft in meters?,A2SS,DS,5.0,vlm-sentinel,,meters
929,simulation_0264,What is the height of the spacecraft in meters?,A2SS,DS,,none,model answered zero; declining,meters
930,simulation_0264,What is the speed of the spacecraft at 0.5s in m/s?,A2SS,DD,,none,row never attempted,m/s
931,simulation_0264,What is the speed of the spacecraft at 1.0s in m/s?,A2SS,DD,,none,row never attempted,m/s
932,simulation_0265,What is the length of the spacecraft in meters?,A2SS,DS,5.0,vlm-sentinel,,meters
933,simulation_0265,What is the width of the spacecraft in meters?,A2SS,DS,,none,model answered zero; declining,meters
934,simulation_0265,What is the speed of the spacecraft at 0.5s in m/s?,A2SS,DD,,none,row never attempted,m/s
935,simulation_0265,What is the speed of the spacecraft at 1.0s in m/s?,A2SS,DD,,none,row never attempted,m/s
936,simulation_0266,What is the length of the spacecraft in meters?,A2SC,DS,3.5,vlm-sentinel,,meters
937,simulation_0266,What is the width of the spacecraft in meters?,A2SC,DS,,none,row never attempted,meters
938,simulation_0266,What is the speed of the spacecraft at 0.5s in m/s?,A2SC,DD,,none,row never attempted,m/s
939,simulation_0266,What is the speed of the spacecraft at 1.0s in m/s?,A2SC,DD,,none,row never attempted,m/s
940,simulation_0267,What is the length of the spacecraft in meters?,A2SC,DS,5.0,vlm-sentinel,,meters
941,simulation_0267,What is the height of the spacecraft in meters?,A2SC,DS,100.0,vlm-sentinel,,meters
942,simulation_0267,What is the speed of the spacecraft at 0.5s in m/s?,A2SC,DD,,none,row never attempted,m/s
943,simulation_0267,What is the speed of the spacecraft at 1.0s in m/s?,A2SC,DD,,none,row never attempted,m/s
944,simulation_0268,What is the length of the spacecraft in meters?,A2SC,DS,,none,row never attempted,meters
945,simulation_0268,What is the width of the spacecraft in meters?,A2SC,DS,1.5,vlm-sentinel,,meters
946,simulation_0268,What is the speed of the spacecraft at 0.5s in m/s?,A2SC,DD,,none,row never attempted,m/s
947,simulation_0268,What is the speed of the spacecraft at 1.0s in m/s?,A2SC,DD,,none,row never attempted,m/s
948,simulation_0269,What is the body length of the phoenix in meters?,A2SS,DS,0.5,vlm-sentinel,,meters
949,simulation_0269,What is the width (wing span) of the phoenix in meters?,A2SS,DS,0.5,vlm-sentinel,,meters
950,simulation_0269,What is the speed of the phoenix at 0.5s in m/s?,A2SS,DD,,none,row never attempted,m/s
951,simulation_0269,What is the speed of the phoenix at 1.0s in m/s?,A2SS,DD,,none,row never attempted,m/s
952,simulation_0270,What is the length of the phoenix in meters?,A2SS,DS,,none,model answered zero; declining,meters
953,simulation_0270,What is the height of the phoenix in meters?,A2SS,DS,1.5,vlm-sentinel,,meters
954,simulation_0270,What is the speed of the phoenix at 0.5s in m/s?,A2SS,DD,,none,row never attempted,m/s
955,simulation_0270,What is the speed of the phoenix at 1.0s in m/s?,A2SS,DD,,none,row never attempted,m/s
956,simulation_0271,What is the body length of the phoenix in meters?,A2SS,DS,1.5,vlm-sentinel,,meters
957,simulation_0271,What is the width (wing span) of the phoenix in meters?,A2SS,DS,1.5,vlm-sentinel,,meters
958,simulation_0271,What is the speed of the phoenix at 0.5s in m/s?,A2SS,DD,,none,row never attempted,m/s
959,simulation_0271,What is the speed of the phoenix at 1.0s in m/s?,A2SS,DD,,none,row never attempted,m/s
960,simulation_0272,What is the body length of the phoenix in meters?,A2SC,DS,0.5,vlm-sentinel,,meters
961,simulation_0272,What is the width (wing span) of the phoenix in meters?,A2SC,DS,1.5,vlm-sentinel,,meters
962,simulation_0272,What is the speed of the phoenix at 0.5s in m/s?,A2SC,DD,,none,row never attempted,m/s
963,simulation_0272,What is the speed of the phoenix at 1.0s in m/s?,A2SC,DD,,none,row never attempted,m/s
964,simulation_0273,What is the body length of the phoenix in meters?,A2SC,DS,0.5,vlm-sentinel,,meters
965,simulation_0273,What is the speed of the phoenix at 0.5s in m/s?,A2SC,DD,,none,row never attempted,m/s
966,simulation_0273,What is the speed of the phoenix at 1.0s in m/s?,A2SC,DD,,none,row never attempted,m/s
967,simulation_0274,What is the width of the raccoon in meters?,S2SS,SS,,none,row never attempted,meters
968,simulation_0274,What is the speed of the raccoon at 1.0s in m/s?,S2SS,SD,,none,model answered zero; declining,m/s
969,simulation_0274,"What is the displacement of the raccoon from 0.5 s to 1.0 s, in meters?",S2SS,SS,1.51,vlm-sentinel,,meters
970,simulation_0275,What is the height of the raccoon in meters?,S2SS,SS,,none,row never attempted,meters
971,simulation_0275,What is the speed of the raccoon at 1.0s in m/s?,S2SS,SD,,none,row never attempted,m/s
972,simulation_0275,"What is the displacement of the raccoon from 0.5 s to 1.0 s, in meters?",S2SS,SS,3.02,vlm-sentinel,,meters
973,simulation_0276,What is the width of the raccoon in meters?,S2SC,SS,,none,row never attempted,meters
974,simulation_0276,What is the speed of the raccoon at 1.0s in m/s?,S2SC,SD,,none,row never attempted,m/s
975,simulation_0276,"What is the displacement of the raccoon from 0.5 s to 1.0 s, in meters?",S2SC,SS,0.5,vlm-sentinel,,meters
976,simulation_0277,What is the height of the raccoon in meters?,S2SC,SS,0.76,vlm-sentinel,,meters
977,simulation_0277,What is the speed of the raccoon at 1.0s in m/s?,S2SC,SD,,none,row never attempted,m/s
978,simulation_0277,"What is the displacement of the raccoon from 0.5 s to 1.0 s, in meters?",S2SC,SS,,none,row never attempted,meters
979,simulation_0278,What is the length of the whale in meters?,V2SS,DS,15.0,vlm-sentinel,,meters
980,simulation_0278,What is the width of the whale in meters?,V2SS,DS,,none,model answered zero; declining,meters
981,simulation_0278,"What is the displacement of the whale from 0.5 s to 1.0 s, in meters?",V2SS,DS,,none,row never attempted,meters
982,simulation_0279,What is the length of the whale in meters?,V2SS,DS,16.7,vlm-sentinel,,meters
983,simulation_0279,What is the height of the whale in meters?,V2SS,DS,3.0,vlm-sentinel,,meters
984,simulation_0279,"What is the displacement of the whale from 0.5 s to 1.0 s, in meters?",V2SS,DS,,none,row never attempted,meters
985,simulation_0280,What is the speed of the whale at 1.0s in m/s?,S2SC,DS,5.0,vlm-sentinel,,m/s
986,simulation_0280,What is the height of the whale in meters?,S2SC,DS,,none,row never attempted,meters
987,simulation_0280,"What is the displacement of the whale from 0.5 s to 1.0 s, in meters?",S2SC,DS,,none,row never attempted,meters
988,simulation_0281,What is the speed of the whale at 1.0s in m/s?,S2SC,DS,2.5,vlm-sentinel,,m/s
989,simulation_0281,What is the width of the whale in meters?,S2SC,DS,,none,row never attempted,meters
990,simulation_0281,"What is the displacement of the whale from 0.5 s to 1.0 s, in meters?",S2SC,DS,0.01,vlm-sentinel,,meters
991,simulation_0282,What is the body length of the dragon in meters?,V2SS,DS,0.45,vlm-sentinel,,meters
992,simulation_0282,What is the width (wing span) of the dragon in meters?,V2SS,DS,0.5,vlm-sentinel,,meters
993,simulation_0282,"What is the displacement of the dragon from 0.5 s to 1.0 s, in meters?",V2SS,DS,,none,row never attempted,meters
994,simulation_0283,What is the speed of the dragon at 1.0s in m/s?,S2SC,SD,1.5,vlm-sentinel,,m/s
995,simulation_0283,"What is the displacement of the dragon from 0.5s to 1.0s, in meters?",S2SC,SS,,none,row never attempted,meters
996,simulation_0284,What is the length of the plane in meters?,V2SS,DS,,none,row never attempted,meters
997,simulation_0284,What is the width of the plane in meters?,V2SS,DS,1.2,vlm-sentinel,,meters
998,simulation_0284,"What is the displacement of the plane from 0.5s to 1.0s, in meters?",V2SS,DS,,none,row never attempted,meters
999,simulation_0285,What is the length of the plane in meters?,V2SS,DS,1.5,vlm-sentinel,,meters
1000,simulation_0285,What is the height of the plane in meters?,V2SS,DS,10.0,vlm-sentinel,,meters
1001,simulation_0285,"What is the displacement of the plane from 0.5 s to 1.0 s, in meters?",V2SS,DS,,none,row never attempted,meters
1002,simulation_0286,What is the length of the plane in meters?,V2SC,DS,12.0,vlm-sentinel,,meters
1003,simulation_0286,What is the width of the plane in meters?,V2SC,DS,1.5,vlm-sentinel,,meters
1004,simulation_0286,"What is the displacement of the plane from 0.5 s to 1.0 s, in meters?",V2SC,DS,,none,row never attempted,meters
1005,simulation_0287,What is the length of the plane in meters?,V2SC,DS,,none,row never attempted,meters
1006,simulation_0287,What is the height of the plane in meters?,V2SC,DS,,none,row never attempted,meters
1007,simulation_0287,"What is the displacement of the plane from 0.5 s to 1.0 s, in meters?",V2SC,DS,,none,row never attempted,meters
1008,simulation_0288,What is the length of the fish in meters?,V2SS,DS,0.4,vlm-sentinel,,meters
1009,simulation_0288,What is the width of the fish in meters?,V2SS,DS,0.35,vlm-sentinel,,meters
1010,simulation_0288,"What is the displacement of the fish from 0.5 s to 1.0 s, in meters?",V2SS,DS,,none,row never attempted,meters
1011,simulation_0289,What is the length of the fish in meters?,V2SS,DS,0.4,vlm-sentinel,,meters
1012,simulation_0289,"What is the displacement of the fish from 0.5 s to 1.0 s, in meters?",V2SS,DS,,none,row never attempted,meters
1013,simulation_0290,What is the length of the fish in meters?,V2SC,DS,1.2,vlm-sentinel,,meters
1014,simulation_0290,What is the width of the fish in meters?,V2SC,DS,,none,row never attempted,meters
1015,simulation_0290,"What is the displacement of the fish from 0.5 s to 1.0 s, in meters?",V2SC,DS,,none,row never attempted,meters
1016,simulation_0291,What is the length of the fish in meters?,V2SC,DS,0.4,vlm-sentinel,,meters
1017,simulation_0291,What is the height of the fish in meters?,V2SC,DS,0.3,vlm-sentinel,,meters
1018,simulation_0291,"What is the displacement of the fish from 0.5 s to 1.0 s, in meters?",V2SC,DS,,none,row never attempted,meters
1019,simulation_0292,What is the length of the column below the drone in meters?,V2SS,DS,0.96,vlm-last-number,,meters
1020,simulation_0292,What is the height of the column below the drone in meters?,V2SS,DS,1.0,vlm-sentinel,,meters
1021,simulation_0292,"What is the displacement of the column below the drone from 0.5 s to 1.0 s, in meters?",V2SS,DS,,none,row never attempted,meters
1022,simulation_0293,What is the length of the column below the drone in meters?,V2SC,DS,,none,model answered zero; declining,meters
1023,simulation_0293,What is the height of the column below the drone in meters?,V2SC,DS,1.5,vlm-sentinel,,meters
1024,simulation_0293,"What is the displacement of the column below the drone from 0.5 s to 1.0 s, in meters?",V2SC,DS,,none,row never attempted,meters
1025,simulation_0294,What is the length of the butterfly's wings in meters?,V2SS,DS,0.05,vlm-sentinel,,meters
1026,simulation_0294,"What is the displacement of the butterfly from 0.5 s to 1.0 s, in meters?",V2SS,DS,,none,row never attempted,meters
1027,simulation_0295,What is the length of the butterfly's wings in meters?,V2SC,DS,,none,row never attempted,meters
1028,simulation_0295,"What is the displacement of the butterfly from 0.5 s to 1.0 s, in meters?",V2SC,DS,,none,row never attempted,meters
1029,simulation_0296,What is the width (wing span) of the butterfly in meters?,V2SC,DS,,none,row never attempted,meters
1030,simulation_0296,What is the length of the butterfly's wings in meters?,V2SC,DS,,none,row never attempted,meters
1031,simulation_0296,"What is the displacement of the butterfly from 0.5 s to 1.0 s, in meters?",V2SC,DS,,none,row never attempted,meters
1032,simulation_0297,"What is the displacement of the jellyfish from 0.5 s to 1.0 s, in meters?",V2SC,DS,,none,row never attempted,meters
1033,simulation_0298,What is the length of the fire truck in meters?,V2SX,DS,12.0,vlm-sentinel,,meters
1034,simulation_0298,What is the width of the fire truck in meters?,V2SX,DS,2.5,vlm-sentinel,,meters
1035,simulation_0298,"What is the displacement of the fire truck from 0.5 s to 1.0 s, in meters?",V2SX,DS,,none,row never attempted,meters
1036,simulation_0008,What is the width of the wooden pier in meters?,S3MC,SS,,none,row never attempted,meters
1037,simulation_0008,What is the length of the pier from the shore-side edge to the water-side edge in meters?,S3MC,SS,3.0,vlm-sentinel,,meters
1038,simulation_0008,"When t=3s, what is the minimum distance from the outer end of the pier to the boat in meters?",S3MC,SS,6.52,vlm-sentinel,,meters
1039,simulation_0008,What is the width of the wooden stairs in meters?,S3MC,SS,,none,row never attempted,meters
1040,simulation_0008,What is the height of the pier deck above the water surface in meters?,S3MC,SS,,none,row never attempted,meters
1041,simulation_0008,What is the height of the cabin floor above the ground in meters?,S3MC,SS,,none,row never attempted,meters
1042,simulation_0008,What is the average speed of the boat from 1.0s to 2.0s in m/s?,S3MC,SD,,none,row never attempted,m/s
1043,simulation_0009,What is the length of the boat in meters?,V3MC,DS,3.2,vlm-sentinel,,meters
1044,simulation_0009,What is the width of the boat in meters?,V3MC,DS,1.5,vlm-sentinel,,meters
1045,simulation_0009,What is the height of the boat in meters?,V3MC,DS,1.2,vlm-sentinel,,meters
1046,simulation_0009,What is the width (shorter side) of the wooden pier in meters?,V3MC,DS,2.5,vlm-sentinel,,meters
1047,simulation_0009,What is the length of the pier from the shore-side edge to the water-side edge in meters?,V3MC,DS,3.5,vlm-sentinel,,meters
1048,simulation_0009,"When t=3s, what is the minimum distance from the outer end of the pier to the boat in meters?",V3MC,DS,,none,row never attempted,meters
1049,simulation_0009,What is the width of the wooden steps in meters?,V3MC,DS,0.8,vlm-sentinel,,meters
1050,simulation_0009,What is the height of the pier deck above the water surface in meters?,V3MC,DS,1.2,vlm-sentinel,,meters
1051,simulation_0009,What is the height of the cabin floor above the ground in meters?,V3MC,DS,1.8,vlm-sentinel,,meters
1052,simulation_0010,What is the width between the two widest eaves of the small house in meters?,V3MC,SS,,none,row never attempted,meters
1053,simulation_0010,What is the height of the house’s door in meters?,V3MC,SS,2.1,vlm-sentinel,,meters
1054,simulation_0010,What is the maximum height of the cart from the ground in meters?,V3MC,SS,1.3,vlm-sentinel,,meters
1055,simulation_0010,What is the diameter of the cart’s wheels in meters?,V3MC,SS,1.25,vlm-sentinel,,meters
1056,simulation_0010,What is the average speed of the bird from 0.5s to 1.0s in m/s?,V3MC,SD,,none,row never attempted,m/s
1057,simulation_0011,What is the average speed of the bird from 0.5s to 1.0s in m/s?,A3MC,DD,5.34,vlm-sentinel,,m/s
1058,simulation_0011,What is the height of the house’s door in meters?,A3MC,DS,2.1,vlm-sentinel,,meters
1059,simulation_0011,What is the diameter of the cart’s wheels in meters?,A3MC,DS,1.2,vlm-sentinel,,meters
1060,simulation_0011,What is the width between the two widest eaves of the house in meters?,A3MC,DS,4.3,vlm-sentinel,,meters
1061,simulation_0011,What is the body length of the bird in meters?,A3MC,DS,0.5,vlm-sentinel,,meters
1062,simulation_0011,How wide is the bird's wingspan when it spreads its wings in meters?,A3MC,DS,,none,model answered zero; declining,meters
1063,simulation_0013,What is the flight speed of the bird at 1.0s in m/s?,A3MC,DD,,none,row never attempted,m/s
1064,simulation_0013,What is the body length of the bird in meters?,A3MC,DS,0.15,vlm-sentinel,,meters
1065,simulation_0013,What is the diameter of the cart’s wheels in meters?,A3MC,DS,,none,row never attempted,meters
1066,simulation_0014,What is the height of the house’s door in meters?,A3MC,DS,2.1,vlm-sentinel,,meters
1067,simulation_0014,What is the diameter of the cart’s wheels in meters?,A3MC,DS,1.2,vlm-sentinel,,meters
1068,simulation_0014,What is the width between the two widest eaves of the house in meters?,A3MC,DS,3.0,vlm-sentinel,,meters
1069,simulation_0014,What is the maximum height of the cart from the ground in meters?,A3MC,DS,1.2,vlm-sentinel,,meters
1070,simulation_0014,What is the height of the rectangular cargo box on the cart in meters?,A3MC,DS,1.2,vlm-sentinel,,meters
1071,simulation_0014,What is the length of rectangular cargo box on the cart in meters?,A3MC,DS,,none,row never attempted,meters
1072,simulation_0015,What is the height of the central sculpture itself (excluding the pedestal) in meters?,S3MC,SS,3.0,vlm-sentinel,,meters
1073,simulation_0015,What is the width of the pedestal (square base) of the central sculpture in meters?,S3MC,SS,,none,row never attempted,meters
1074,simulation_0015,What is the height of the pedestal (square base) of the central sculpture in meters?,S3MC,SS,1.2,vlm-sentinel,,meters
1075,simulation_0015,What is the height of the freestanding art display panel in meters?,S3MC,SS,,none,row never attempted,meters
1076,simulation_0015,What is the height of the bench seat in the atrium in meters?,S3MC,SS,,none,row never attempted,meters
1077,simulation_0015,What is the width of the bench seat in the atrium in meters?,S3MC,SS,1.2,vlm-sentinel,,meters
1078,simulation_0015,What is the length of the bench seat in the atrium in meters?,S3MC,SS,,none,row never attempted,meters
1079,simulation_0015,What is the clear height from the floor to the underside of the open roof frame (lattice) in meters?,S3MC,SS,12.5,vlm-sentinel,,meters
1080,simulation_0015,What is the vertical depth (thickness) of the open roof frame (top edge to bottom edge) in meters?,S3MC,SS,10.2,vlm-sentinel,,meters
1081,simulation_0015,What is the speed of the human at 1.0s in m/s?,S3MC,SD,,none,row never attempted,m/s
1082,simulation_0017,What is the height of the person in meters?,V3MC,DS,1.7,vlm-sentinel,,meters
1083,simulation_0017,What is the width of the pedestal (square base) of the central sculpture in meters?,V3MC,DS,0.85,vlm-sentinel,,meters
1084,simulation_0017,What is the height of the pedestal (square base) of the central sculpture in meters?,V3MC,DS,0.85,vlm-sentinel,,meters
1085,simulation_0017,What is the height of the bench seat in the atrium in meters?,V3MC,DS,0.45,vlm-sentinel,,meters
1086,simulation_0017,What is the length of the bench seat in the atrium in meters?,V3MC,DS,2.27,vlm-sentinel,,meters
1087,simulation_0017,What is the height of the central sculpture itself (excluding the pedestal) in meters?,V3MC,DS,1.4,vlm-sentinel,,meters
1088,simulation_0017,What is the height of the freestanding art display panel in meters?,V3MC,DS,1.2,vlm-sentinel,,meters
1089,simulation_0019,What is the walking speed of the person at 0.5s in m/s?,S3MC,SD,,none,row never attempted,m/s
1090,simulation_0019,What is the width of the pedestal (square base) of the central sculpture in meters?,S3MC,SS,,none,row never attempted,meters
1091,simulation_0019,What is the height of the pedestal (square base) of the central sculpture in meters?,S3MC,SS,,none,row never attempted,meters
1092,simulation_0019,What is the height of the central sculpture itself (excluding the pedestal) in meters?,S3MC,SS,,none,row never attempted,meters
1093,simulation_0019,What is the width of the freestanding art display panel in meters?,S3MC,SS,,none,row never attempted,meters
1094,simulation_0019,What is the height of the freestanding art display panel in meters?,S3MC,SS,1.87,vlm-sentinel,,meters
1095,simulation_0021,What is the walking speed of the person at 1.0s in m/s?,S3MC,SD,,none,row never attempted,m/s
1096,simulation_0021,What is the height of the fire hydrant in meters?,S3MC,SS,,none,row never attempted,meters
1097,simulation_0021,What is the height of the streetlight in meters?,S3MC,SS,,none,row never attempted,meters
1098,simulation_0022,What is the speed of the boat at 1.0s in m/s?,S2SS,SD,0.5,vlm-sentinel,,m/s
1099,simulation_0022,What is the height of the boat in meters?,S2SS,SS,,none,row never attempted,meters
1100,simulation_0023,What is the speed of the boat at 1.0s in m/s?,V3MC,DD,,none,row never attempted,m/s
1101,simulation_0023,What is the height of the boat in meters?,V3MC,DS,3.2,vlm-sentinel,,meters
1102,simulation_0023,What is the length of the boat in meters?,V3MC,DS,6.5,vlm-sentinel,,meters
1103,simulation_0023,What is the length of the eagle in meters?,V3MC,DS,,none,model answered zero; declining,meters
1104,simulation_0023,What is the eagle’s wingspan (the distance from the tip of one wing to the tip of the other when fully spread) in meters?,V3MC,DS,1.5,vlm-last-number,,meters
1105,simulation_0024,What is the height of the boat in meters?,V3MS,DS,3.0,vlm-sentinel,,meters
1106,simulation_0024,What is the length of the boat in meters?,V3MS,DS,7.5,vlm-sentinel,,meters
1107,simulation_0024,What is the width of the boat in meters?,V3MS,DS,10.0,vlm-sentinel,,meters
1108,simulation_0025,What is the speed of the eagle at 1.0s in m/s?,V3MC,DD,,none,row never attempted,m/s
1109,simulation_0025,What is the length of the eagle in meters?,V3MC,DS,0.5,vlm-sentinel,,meters
1110,simulation_0025,What is the eagle’s wingspan (the distance from the tip of one wing to the tip of the other when fully spread) in meters?,V3MC,DS,1.5,vlm-sentinel,,meters
1111,simulation_0025,What is the height of the person in meters?,V3MC,DS,1.7,vlm-sentinel,,meters
1112,simulation_0026,What is the height of the boat in meters?,S3MC,SS,,none,row never attempted,meters
1113,simulation_0026,What is the length of the boat in meters?,S3MC,SS,,none,row never attempted,meters
1114,simulation_0026,What is the speed of the person at 1.0s in m/s?,S3MC,SD,0.004,vlm-sentinel,,m/s
1115,simulation_0027,What is the speed of the person from 1.0s to 2.0s in m/s?,S3MS,SD,,none,row never attempted,m/s
1116,simulation_0028,What is the eagle’s wingspan (the distance from the tip of one wing to the tip of the other when fully spread) in meters?,S3MC,SS,,none,row never attempted,meters
1117,simulation_0028,What is the speed of the eagle at 1.0s in m/s?,S3MC,SD,,none,row never attempted,m/s
1118,simulation_0029,What is the length of the eagle in meters?,V3MC,DS,0.6,vlm-sentinel,,meters
1119,simulation_0029,What is the height of the boat in meters?,V3MC,DS,3.5,vlm-sentinel,,meters
1120,simulation_0029,What is the length of the boat in meters?,V3MC,DS,6.5,vlm-sentinel,,meters
1121,simulation_0029,What is the speed of the boat at 1.0s in m/s?,V3MC,DD,,none,row never attempted,m/s
1122,simulation_0031,What is the height of the person in meters?,V3MC,DS,1.7,vlm-sentinel,,meters
1123,simulation_0031,What is the height of the boat in meters?,V3MC,DS,2.55,vlm-sentinel,,meters
1124,simulation_0031,What is the length of the boat in meters?,V3MC,DS,5.0,vlm-sentinel,,meters
1125,simulation_0031,What is the width of the boat in meters?,V3MC,DS,3.2,vlm-sentinel,,meters
1126,simulation_0031,What is the speed of the boat at 1.0s in m/s?,V3MC,DD,,none,row never attempted,m/s
1127,simulation_0031,What is the length of the eagle in meters?,V3MC,DS,0.5,vlm-sentinel,,meters
1128,simulation_0031,What is the speed of the eagle at 1.0s in m/s?,V3MC,DD,,none,row never attempted,m/s
1129,simulation_0031,What is the eagle’s wingspan (the distance from the tip of one wing to the tip of the other when fully spread) in meters?,V3MC,DS,2.55,vlm-sentinel,,meters
1130,simulation_0033,What is the walking speed of the person at 1.0s in meters?,A3MC,DD,,none,row never attempted,meters
1131,simulation_0033,What is the height of the fire hydrant in meters?,A3MC,DS,,none,row never attempted,meters
1132,simulation_0033,What is the height of the streetlight in meters?,A3MC,DS,,none,row never attempted,meters
1133,simulation_0033,What is the height of the person in meters?,A3MC,DS,1.65,vlm-sentinel,,meters
1134,simulation_0033,What is the speed of the green car at 1.0s in m/s?,A3MC,DD,18.5,vlm-sentinel,,m/s
1135,simulation_0033,What is the length of the orange car in meters?,A3MC,DS,,none,row never attempted,meters
1136,simulation_0033,What is the height of the orange car in meters?,A3MC,DS,1.44,vlm-sentinel,,meters
1137,simulation_0033,What is the height of the curb along the road in meters?,A3MC,DS,0.15,vlm-sentinel,,meters
1138,simulation_0034,What is the average speed of the boat from the beginning to the end in m/s?,S3MC,SD,,none,row never attempted,m/s
1139,simulation_0034,What is the height of the boat in meters?,S3MC,SS,,none,row never attempted,meters
1140,simulation_0034,What is the width of the boat in meters?,S3MC,SS,,none,row never attempted,meters
1141,simulation_0034,What is the average speed of the person from the beginning to the end in m/s?,S3MC,SD,0.005,vlm-sentinel,,m/s
1142,simulation_0034,What is the eagle’s wingspan (the distance from the tip of one wing to the tip of the other when fully spread) in meters?,S3MC,SS,,none,row never attempted,meters
1143,simulation_0034,What is the average speed of the eagle from the beginning to the end in m/s?,S3MC,SD,,none,row never attempted,m/s
1144,simulation_0035,What is the average speed of the person from the beginning to the end in m/s?,S3MC,SD,,none,model answered zero; declining,m/s
1145,simulation_0035,What is the eagle’s wingspan (the distance from the tip of one wing to the tip of the other when fully spread) in meters?,S3MC,SS,1.5,vlm-sentinel,,meters
1146,simulation_0035,What is the speed of the eagle from the beginning to the end in m/s?,S3MC,SD,,none,row never attempted,m/s
1147,simulation_0035,What is the body length of the eagle in meters?,S3MC,SS,,none,row never attempted,meters
1148,simulation_0036,What is the height of the boat in meters?,S3MC,SS,,none,row never attempted,meters
1149,simulation_0036,What is the height of the person in meters?,S3MC,SS,1.8,vlm-sentinel,,meters
1150,simulation_0036,What is the speed of the boat from the beginning to the end in m/s?,S3MC,SD,,none,row never attempted,m/s
1151,simulation_0036,What is the average speed of the person from the beginning to the end in m/s?,S3MC,SD,,none,model answered zero; declining,m/s
1152,simulation_0037,What is the height of the person in meters?,V3MS,DS,1.7,vlm-sentinel,,meters
1153,simulation_0039,What is the speed of the person at 1.0s in m/s?,V3MC,DD,,none,model answered zero; declining,m/s
1154,simulation_0039,What is the length of the boat in meters?,V3MC,DS,5.0,vlm-sentinel,,meters
1155,simulation_0039,What is the width of the boat in meters?,V3MC,DS,2.5,vlm-sentinel,,meters
1156,simulation_0039,What is the length of the eagle in meters?,V3MC,DS,0.5,vlm-sentinel,,meters
1157,simulation_0039,What is the eagle’s wingspan (the distance from the tip of one wing to the tip of the other when fully spread) in meters?,V3MC,DS,1.67,vlm-sentinel,,meters
1158,simulation_0039,What is the speed of the eagle at 1.0s in m/s?,V3MC,DD,,none,row never attempted,m/s
1159,simulation_0040,What is the eagle’s wingspan (the distance from the tip of one wing to the tip of the other when fully spread) in meters?,S3MC,SS,1.2,vlm-sentinel,,meters
1160,simulation_0040,What is the speed of the eagle at 1.0s in m/s?,S3MC,SD,,none,row never attempted,m/s
1161,simulation_0040,What is the average of the person at 1.0s in m/s?,S3MC,SD,,none,row never attempted,m/s
1162,simulation_0042,What is the length of the boat in meters?,V3MC,DS,17.7,vlm-sentinel,,meters
1163,simulation_0042,What is the width of the boat in meters?,V3MC,DS,1.77,vlm-sentinel,,meters
1164,simulation_0042,What is the speed of the boat at 1.0s in m/s?,V3MC,DD,0.8,vlm-sentinel,,m/s
1165,simulation_0042,What is the length of the eagle in meters?,V3MC,DS,0.65,vlm-sentinel,,meters
1166,simulation_0042,What is the eagle’s wingspan (the distance from the tip of one wing to the tip of the other when fully spread) in meters?,V3MC,DS,1.5,vlm-sentinel,,meters
1167,simulation_0043,What is the width of the boat in meters?,S3MC,SS,,none,row never attempted,meters
1168,simulation_0043,What is the speed of the boat at 1.0s in m/s?,S3MC,SD,,none,row never attempted,m/s
1169,simulation_0043,What is the width of the rock in meters?,S3MC,SS,,none,row never attempted,meters
1170,simulation_0044,What is the width of the rock in meters?,S3MC,SS,,none,row never attempted,meters
1171,simulation_0044,What is the speed of the eagle at 1.0s in m/s?,S3MC,SD,,none,row never attempted,m/s
1172,simulation_0044,What is the eagle’s wingspan (the distance from the tip of one wing to the tip of the other when fully spread) in meters?,S3MC,SS,,none,row never attempted,meters
1173,simulation_0045,What is the speed of the walking person from the beginning to the end in m/s?,V3MC,DD,,none,row never attempted,m/s
1174,simulation_0045,What is the height of the walking person in meters?,V3MC,DS,1.75,vlm-sentinel,,meters
1175,simulation_0045,What is the height of the telephone booth in meters?,V3MC,DS,2.55,vlm-sentinel,,meters
1176,simulation_0045,What is the distance between the left pillar of the near door and the right pillar of the far door in meters?,V3MC,DS,12.5,vlm-sentinel,,meters
1177,simulation_0045,"What is the height of the moving bicycle (from the handlebar to the ground, including below the wheel) in meters?",V3MC,DS,1.1,vlm-sentinel,,meters
1178,simulation_0045,What is the length of the moving bicycle in meters?,V3MC,DS,1.5,vlm-sentinel,,meters
1179,simulation_0045,What is the diameter of the wheel of the moving bicycle in meters?,V3MC,DS,0.72,vlm-sentinel,,meters
1180,simulation_0045,What is the height of the first step in front of the door of the nearer house in meters?,V3MC,DS,,none,row never attempted,meters
1181,simulation_0046,What is the speed of the walking person at 1.0s in m/s?,S3MC,SD,,none,row never attempted,m/s
1182,simulation_0046,What is the height of the walking person in meters?,S3MC,SS,1.7,vlm-sentinel,,meters
1183,simulation_0046,What is the height of the telephone booth in meters?,S3MC,SS,,none,row never attempted,meters
1184,simulation_0046,What is the width of the telephone booth in meters?,S3MC,SS,,none,row never attempted,meters
1185,simulation_0046,What is the distance between the left pillar of the near door and the right pillar of the far door in meters?,S3MC,SS,4.5,vlm-sentinel,,meters
1186,simulation_0046,"What is the height of the moving bicycle (from the handlebar to the ground, including below the wheel) in meters?",S3MC,SS,1.2,vlm-sentinel,,meters
1187,simulation_0046,What is the length of the moving bicycle in meters?,S3MC,SS,1.3,vlm-sentinel,,meters
1188,simulation_0046,What is the height of the first step in front of the door of the nearer house in meters?,S3MC,SS,,none,row never attempted,meters
1189,simulation_0046,What is the speed of the moving bicycle from 1.0s to 2.0s in m/s?,S3MC,SD,,none,row never attempted,m/s
1190,simulation_0048,What is the speed of the walking person at 1.0s in m/s?,S3MC,SD,,none,row never attempted,m/s
1191,simulation_0048,What is the width of the telephone booth in meters?,S3MC,SS,2.16,vlm-sentinel,,meters
1192,simulation_0048,What is the distance between the left pillar of the near door and the right pillar of the far door in meters?,S3MC,SS,,none,row never attempted,meters
1193,simulation_0048,"What is the height of the moving bicycle (from the handlebar to the ground, including below the wheel) in meters?",S3MC,SS,1.8,vlm-sentinel,,meters
1194,simulation_0048,What is the speed of the moving bicycle at 1.0s in m/s?,S3MC,SD,,none,row never attempted,m/s
1195,simulation_0048,What is the diameter of the wheel of the moving bicycle in meters?,S3MC,SS,,none,row never attempted,meters
1196,simulation_0049,What is the speed of the walking person from 1.0s to 2.0s in m/s?,V3MC,DD,,none,row never attempted,m/s
1197,simulation_0049,What is the height of the walking person in meters?,V3MC,DS,1.75,vlm-sentinel,,meters
1198,simulation_0049,What is the height of the telephone booth in meters?,V3MC,DS,2.55,vlm-sentinel,,meters
1199,simulation_0049,What is the distance between the left pillar of the near door and the right pillar of the far door in meters?,V3MC,DS,10.5,vlm-sentinel,,meters
1200,simulation_0049,What is the diameter of the wheel of the moving bicycle in meters?,V3MC,DS,0.65,vlm-sentinel,,meters
1201,simulation_0050,What is the height of the walking person in meters?,V3MC,DS,1.6,vlm-sentinel,,meters
1202,simulation_0050,What is the height of the telephone booth in meters?,V3MC,DS,,none,row never attempted,meters
1203,simulation_0050,What is the width of the telephone booth in meters?,V3MC,DS,,none,row never attempted,meters
1204,simulation_0050,What is the distance between the left pillar of the near door and the right pillar of the far door in meters?,V3MC,DS,,none,row never attempted,meters
1205,simulation_0050,What is the length of the moving bicycle in meters?,V3MC,DS,1.8,vlm-sentinel,,meters
1206,simulation_0050,What is the average speed of the moving bicycle from 1.0s to 2.0s in m/s?,V3MC,DD,,none,row never attempted,m/s
1207,simulation_0050,"What is the height of the moving bicycle (from the handlebar to the ground, including below the wheel) in meters?",V3MC,DS,1.5,vlm-sentinel,,meters
1208,simulation_0050,What is the diameter of the wheel of the moving bicycle in meters?,V3MC,DS,0.6,vlm-sentinel,,meters
1209,simulation_0050,What is the height of the first step in front of the door of the nearer house in meters?,V3MC,DS,,none,row never attempted,meters
1210,simulation_0052,What is the height of the fire hydrant in meters?,A3MC,DS,1.1,vlm-sentinel,,meters
1211,simulation_0052,What is the height of the streetlight in meters?,A3MC,DS,2.25,vlm-sentinel,,meters
1212,simulation_0052,What is the speed of the green car at 1.0s in m/s?,A3MC,DD,10.25,vlm-sentinel,,m/s
1213,simulation_0052,What is the length of the orange car in meters?,A3MC,DS,4.5,vlm-sentinel,,meters
1214,simulation_0052,What is the height of the orange car in meters?,A3MC,DS,2.45,vlm-sentinel,,meters
1215,simulation_0052,What is the height of the curb along the road in meters?,A3MC,DS,,none,row never attempted,meters
1216,simulation_0052,What is the height of the green car in meters?,A3MC,DS,1.56,vlm-sentinel,,meters
1217,simulation_0052,What is the length of the green car in meters?,A3MC,DS,4.8,vlm-sentinel,,meters
1218,simulation_0052,What is the distance between the right streetlight and the left streetlight in meters?,A3MC,DS,0.11,vlm-sentinel,,meters
1219,simulation_0055,What is the height of the fire hydrant in meters?,A3MC,DS,0.85,vlm-sentinel,,meters
1220,simulation_0055,What is the height of the streetlight in meters?,A3MC,DS,4.25,vlm-sentinel,,meters
1221,simulation_0055,What is the length of the orange car in meters?,A3MC,DS,,none,row never attempted,meters
1222,simulation_0055,What is the height of the orange car in meters?,A3MC,DS,4.2,vlm-sentinel,,meters
1223,simulation_0055,What is the height of the curb along the road in meters?,A3MC,DS,0.15,vlm-sentinel,,meters
1224,simulation_0055,What is the average walking speed of the person from 1.0s to 2.0s in meters?,A3MC,DD,0.12,vlm-sentinel,,m/s
1225,simulation_0055,What is the height of the person in meters?,A3MC,DS,1.75,vlm-sentinel,,meters
1226,simulation_0056,What is the height of the fire hydrant in meters?,A3MC,DS,,none,row never attempted,meters
1227,simulation_0056,What is the height of the streetlight in meters?,A3MC,DS,4.5,vlm-sentinel,,meters
1228,simulation_0056,What is the average speed of the green car from 0.0s to 1.0s in m/s?,A3MC,DD,,none,row never attempted,m/s
1229,simulation_0056,What is the width of the orange car in meters?,A3MC,DS,1.8,vlm-sentinel,,meters
1230,simulation_0056,What is the width of the green car in meters?,A3MC,DS,0.45,vlm-sentinel,,meters
1231,simulation_0056,What is the distance between the right streetlight and the left streetlight in meters?,A3MC,DS,,none,row never attempted,meters
1232,simulation_0058,What is the speed of the yellow car at 2.5s in m/s？,A3MC,DD,2.4,vlm-sentinel,,m/s
1233,simulation_0058,What is the width of the lane in meters?,A3MC,DS,,none,row never attempted,meters
1234,simulation_0058,What is the length of the white car in meters？,A3MC,DS,4.5,vlm-sentinel,,meters
1235,simulation_0058,What is the length of the turning yellow car in meters?,A3MC,DS,,none,row never attempted,meters
1236,simulation_0058,What is the height of the turning yellow car in meters?,A3MC,DS,1.5,vlm-sentinel,,meters
1237,simulation_0058,What is the diameter of the bicycle wheel in meters?,A3MC,DS,0.7,vlm-sentinel,,meters
1238,simulation_0058,What is the height of the streetlight in meters?,A3MC,DS,,none,row never attempted,meters
1239,simulation_0058,What is the speed of the walking pedestrian from 0.0s to 1.0s in m/s?,A3MC,DD,,none,row never attempted,m/s
1240,simulation_0058,What is the height of the walking pedestrian in meters?,A3MC,DS,,none,row never attempted,meters
1241,simulation_0058,What is the speed of the bicycle from the beginning to the end in m/s?,A3MC,DD,,none,row never attempted,m/s
1242,simulation_0058,What is the width of the green car in meters?,A3MC,DS,,none,row never attempted,meters
1243,simulation_0058,What is the width of the purple car in meters?,A3MC,DS,1.8,vlm-sentinel,,meters
1244,simulation_0059,What is the speed of the yellow car at 2.5s in m/s？,A3MC,DD,10.0,vlm-sentinel,,m/s
1245,simulation_0059,What is the width of the lane in meters?,A3MC,DS,,none,row never attempted,meters
1246,simulation_0059,What is the length of the white car in meters？,A3MC,DS,4.5,vlm-sentinel,,meters
1247,simulation_0059,What is the length of the turning yellow car in meters?,A3MC,DS,4.5,vlm-sentinel,,meters
1248,simulation_0059,What is the height of the turning yellow car in meters?,A3MC,DS,1.5,vlm-sentinel,,meters
1249,simulation_0059,What is the diameter of the bicycle wheel in meters?,A3MC,DS,0.7,vlm-sentinel,,meters
1250,simulation_0059,What is the height of the traffic light in meters?,A3MC,DS,4.5,vlm-sentinel,,meters
1251,simulation_0059,What is the height of the streetlight in meters?,A3MC,DS,5.0,vlm-sentinel,,meters
1252,simulation_0059,What is the speed of the walking pedestrian from the beginning to the end in m/s?,A3MC,DD,,none,row never attempted,m/s
1253,simulation_0059,What is the height of the walking pedestrian in meters?,A3MC,DS,2.0,vlm-sentinel,,meters
1254,simulation_0059,What is the speed of the bicycle from the beginning to the end in m/s?,A3MC,DD,,none,row never attempted,m/s
1255,simulation_0059,What is the width of the green car in meters?,A3MC,DS,1.2,vlm-sentinel,,meters
1256,simulation_0059,What is the width of the purple car in meters?,A3MC,DS,1.8,vlm-sentinel,,meters
1257,simulation_0060,What is the speed of the yellow car at 2.5s in m/s？,A3MC,DD,5.88,vlm-sentinel,,m/s
1258,simulation_0060,What is the width of the lane in meters?,A3MC,DS,10.0,vlm-sentinel,,meters
1259,simulation_0060,What is the length of the white car in meters？,A3MC,DS,5.5,vlm-sentinel,,meters
1260,simulation_0060,What is the length of the turning yellow car in meters?,A3MC,DS,4.5,vlm-sentinel,,meters
1261,simulation_0060,What is the height of the turning yellow car in meters?,A3MC,DS,1.5,vlm-sentinel,,meters
1262,simulation_0060,What is the diameter of the bicycle wheel in meters?,A3MC,DS,0.75,vlm-sentinel,,meters
1263,simulation_0060,What is the speed of the walking pedestrian from the beginning to the end in m/s?,A3MC,DD,0.1,vlm-sentinel,,m/s
1264,simulation_0060,What is the height of the walking pedestrian in meters?,A3MC,DS,1.75,vlm-sentinel,,meters
1265,simulation_0060,What is the average speed of the bicycle from the beginning to the end in m/s?,A3MC,DD,0.33,vlm-sentinel,,m/s
1266,simulation_0060,What is the width of the green car in meters?,A3MC,DS,1.8,vlm-sentinel,,meters
1267,simulation_0060,What is the width of the purple car in meters?,A3MC,DS,1.8,vlm-sentinel,,meters
1268,simulation_0061,What is the speed of the yellow car at 2.5s in m/s？,A3MC,DD,12.0,vlm-sentinel,,m/s
1269,simulation_0061,What is the width of the lane in meters?,A3MC,DS,,none,row never attempted,meters
1270,simulation_0061,What is the length of the white car in meters？,A3MC,DS,4.5,vlm-sentinel,,meters
1271,simulation_0061,What is the length of the turning yellow car in meters?,A3MC,DS,3.67,vlm-sentinel,,meters
1272,simulation_0061,What is the height of the turning yellow car in meters?,A3MC,DS,1.5,vlm-sentinel,,meters
1273,simulation_0061,What is the diameter of the bicycle wheel in meters?,A3MC,DS,0.75,vlm-sentinel,,meters
1274,simulation_0061,What is the height of the traffic light in meters?,A3MC,DS,,none,row never attempted,meters
1275,simulation_0061,What is the height of the streetlight in meters?,A3MC,DS,,none,row never attempted,meters
1276,simulation_0061,What is the average speed of the walking pedestrian from the beginning to the end in m/s?,A3MC,DD,,none,row never attempted,m/s
1277,simulation_0061,What is the height of the walking pedestrian in meters?,A3MC,DS,1.75,vlm-sentinel,,meters
1278,simulation_0061,What is the average speed of the bicycle from the beginning to the end in m/s?,A3MC,DD,,none,row never attempted,m/s
1279,simulation_0062,What is the average speed of the yellow car at 2.5s in m/s？,A3MC,DD,12.5,vlm-sentinel,,m/s
1280,simulation_0062,What is the width of the lane in meters?,A3MC,DS,,none,row never attempted,meters
1281,simulation_0062,What is the height of the white car in meters？,A3MC,DS,1.5,vlm-sentinel,,meters
1282,simulation_0062,What is the length of the white car in meters？,A3MC,DS,,none,row never attempted,meters
1283,simulation_0062,What is the length of the turning yellow car in meters?,A3MC,DS,,none,row never attempted,meters
1284,simulation_0062,What is the height of the turning yellow car in meters?,A3MC,DS,2.55,vlm-sentinel,,meters
1285,simulation_0062,What is the width of the turning yellow car in meters?,A3MC,DS,1.05,vlm-sentinel,,meters
1286,simulation_0062,What is the diameter of the bicycle wheel in meters?,A3MC,DS,0.7,vlm-sentinel,,meters
1287,simulation_0062,What is the height of the traffic light in meters?,A3MC,DS,,none,row never attempted,meters
1288,simulation_0062,What is the height of the streetlight in meters?,A3MC,DS,,none,row never attempted,meters
1289,simulation_0062,What is the average speed of the walking pedestrian from the beginning to the end in m/s?,A3MC,DD,,none,row never attempted,m/s
1290,simulation_0062,What is the height of the walking pedestrian in meters?,A3MC,DS,1.7,vlm-sentinel,,meters
1291,simulation_0062,What is the average speed of the bicycle from the beginning to the end in m/s?,A3MC,DD,,none,row never attempted,m/s
1292,simulation_0063,What is the speed of the yellow car at 2.5s in m/s？,A3MC,DD,,none,row never attempted,m/s
1293,simulation_0063,What is the width of the lane in meters?,A3MC,DS,,none,row never attempted,meters
1294,simulation_0063,What is the height of the white car in meters？,A3MC,DS,2.55,vlm-sentinel,,meters
1295,simulation_0063,What is the length of the white car in meters？,A3MC,DS,4.5,vlm-sentinel,,meters
1296,simulation_0063,What is the length of the turning yellow car in meters?,A3MC,DS,4.5,vlm-sentinel,,meters
1297,simulation_0063,What is the height of the turning yellow car in meters?,A3MC,DS,,none,row never attempted,meters
1298,simulation_0063,What is the width of the turning yellow car in meters?,A3MC,DS,1.8,vlm-sentinel,,meters
1299,simulation_0063,What is the diameter of the bicycle wheel in meters?,A3MC,DS,0.75,vlm-sentinel,,meters
1300,simulation_0063,What is the height of the traffic light in meters?,A3MC,DS,,none,row never attempted,meters
1301,simulation_0063,What is the height of the streetlight in meters?,A3MC,DS,,none,row never attempted,meters
1302,simulation_0063,What is the average speed of the walking pedestrian from the beginning to the end in m/s?,A3MC,DD,,none,row never attempted,m/s
1303,simulation_0063,What is the height of the walking pedestrian in meters?,A3MC,DS,1.75,vlm-sentinel,,meters
1304,simulation_0063,What is the average speed of the bicycle from the beginning to the end in m/s?,A3MC,DD,,none,row never attempted,m/s
1305,simulation_0064,What is the speed of the yellow car at 2.5s in m/s？,A3MC,DD,2.5,vlm-sentinel,,m/s
1306,simulation_0064,What is the width of the lane in meters?,A3MC,DS,3.5,vlm-sentinel,,meters
1307,simulation_0064,What is the height of the white car in meters？,A3MC,DS,1.7,vlm-last-number,,meters
1308,simulation_0064,What is the width of the white car in meters？,A3MC,DS,1.8,vlm-sentinel,,meters
1309,simulation_0064,What is the length of the turning yellow car in meters?,A3MC,DS,4.5,vlm-sentinel,,meters
1310,simulation_0064,What is the height of the turning yellow car in meters?,A3MC,DS,1.5,vlm-sentinel,,meters
1311,simulation_0064,What is the width of the turning yellow car in meters?,A3MC,DS,,none,row never attempted,meters
1312,simulation_0064,What is the diameter of the bicycle wheel in meters?,A3MC,DS,0.75,vlm-sentinel,,meters
1313,simulation_0064,What is the height of the traffic light in meters?,A3MC,DS,1.7,vlm-sentinel,,meters
1314,simulation_0064,What is the average speed of the walking pedestrian from 1.0s to the end in m/s?,A3MC,DD,38.722,vlm-last-number,,m/s
1315,simulation_0064,What is the height of the walking pedestrian in meters?,A3MC,DS,1.7,vlm-sentinel,,meters
1316,simulation_0064,What is the average speed of the bicycle from the beginning to the end in m/s?,A3MC,DD,,none,row never attempted,m/s
1317,simulation_0065,What is the average speed of the yellow car from the beginning to the end in m/s？,A3MC,DD,,none,row never attempted,m/s
1318,simulation_0065,What is the width of the lane in meters?,A3MC,DS,3.5,vlm-sentinel,,meters
1319,simulation_0065,What is the height of the white car in meters？,A3MC,DS,1.5,vlm-sentinel,,meters
1320,simulation_0065,What is the width of the white car in meters？,A3MC,DS,1.8,vlm-sentinel,,meters
1321,simulation_0065,What is the length of the turning yellow car in meters?,A3MC,DS,4.5,vlm-sentinel,,meters
1322,simulation_0065,What is the height of the turning yellow car in meters?,A3MC,DS,1.5,vlm-sentinel,,meters
1323,simulation_0065,What is the width of the turning yellow car in meters?,A3MC,DS,,none,row never attempted,meters
1324,simulation_0065,What is the diameter of the bicycle wheel in meters?,A3MC,DS,0.7,vlm-sentinel,,meters
1325,simulation_0065,What is the height of the traffic light in meters?,A3MC,DS,4.5,vlm-sentinel,,meters
1326,simulation_0065,What is the average speed of the walking pedestrian from 1.0s to 2.0s in m/s?,A3MC,DD,1.1,vlm-sentinel,,m/s
1327,simulation_0065,What is the height of the walking pedestrian in meters?,A3MC,DS,1.7,vlm-sentinel,,meters
1328,simulation_0065,What is the average speed of the bicycle from the beginning to the end in m/s?,A3MC,DD,,none,row never attempted,m/s
1329,simulation_0066,What is the speed of the yellow car at 2.5s in m/s？,A3MC,DD,13.5,vlm-sentinel,,m/s
1330,simulation_0066,What is the width of the lane in meters?,A3MC,DS,,none,row never attempted,meters
1331,simulation_0066,What is the width of the white car in meters?,A3MC,DS,,none,row never attempted,meters
1332,simulation_0066,What is the length of the white car in meters？,A3MC,DS,5.0,vlm-sentinel,,meters
1333,simulation_0066,What is the height of the white car in meters？,A3MC,DS,1.5,vlm-sentinel,,meters
1334,simulation_0066,What is the length of the turning yellow car in meters?,A3MC,DS,,none,row never attempted,meters
1335,simulation_0066,What is the height of the turning yellow car in meters?,A3MC,DS,1.5,vlm-sentinel,,meters
1336,simulation_0066,What is the width of the turning yellow car in meters?,A3MC,DS,1.8,vlm-sentinel,,meters
1337,simulation_0066,What is the diameter of the bicycle wheel in meters?,A3MC,DS,0.7,vlm-sentinel,,meters
1338,simulation_0066,What is the average speed of the walking pedestrian from the beginning to the end in m/s?,A3MC,DD,,none,row never attempted,m/s
1339,simulation_0066,What is the height of the walking pedestrian in meters?,A3MC,DS,1.7,vlm-sentinel,,meters
1340,simulation_0066,What is the average speed of the bicycle from the beginning to the end in m/s?,A3MC,DD,,none,row never attempted,m/s
1341,simulation_0066,What is the width of the green car in meters?,A3MC,DS,3.0,vlm-sentinel,,meters
1342,simulation_0066,What is the length of the green car in meters?,A3MC,DS,,none,row never attempted,meters
1343,simulation_0066,What is the height of the green car in meters?,A3MC,DS,2.1,vlm-sentinel,,meters
1344,simulation_0066,What is the width of the purple car in meters?,A3MC,DS,1.8,vlm-sentinel,,meters
1345,simulation_0066,What is the height of the purple car in meters?,A3MC,DS,1.4,vlm-sentinel,,meters
1346,simulation_0067,What is the speed of the yellow car at 2.5s in m/s？,A3MC,DD,10.0,vlm-sentinel,,m/s
1347,simulation_0067,What is the width of the lane in meters?,A3MC,DS,3.5,vlm-sentinel,,meters
1348,simulation_0067,What is the width of the white car in meters?,A3MC,DS,4.5,vlm-sentinel,,meters
1349,simulation_0067,What is the length of the white car in meters？,A3MC,DS,5.0,vlm-sentinel,,meters
1350,simulation_0067,What is the height of the white car in meters？,A3MC,DS,1.5,vlm-sentinel,,meters
1351,simulation_0067,What is the length of the turning yellow car in meters?,A3MC,DS,4.5,vlm-sentinel,,meters
1352,simulation_0067,What is the height of the turning yellow car in meters?,A3MC,DS,12.809,vlm-last-number,,meters
1353,simulation_0067,What is the width of the turning yellow car in meters?,A3MC,DS,1.8,vlm-sentinel,,meters
1354,simulation_0067,What is the diameter of the bicycle wheel in meters?,A3MC,DS,0.6,vlm-sentinel,,meters
1355,simulation_0067,What is the average speed of the walking pedestrian from the beginning to the end in m/s?,A3MC,DD,,none,row never attempted,m/s
1356,simulation_0067,What is the height of the walking pedestrian in meters?,A3MC,DS,0.83,vlm-sentinel,,meters
1357,simulation_0067,What is the average speed of the bicycle from the beginning to the end in m/s?,A3MC,DD,,none,row never attempted,m/s
1358,simulation_0067,What is the width of the purple car in meters?,A3MC,DS,,none,row never attempted,meters
1359,simulation_0067,What is the height of the purple car in meters?,A3MC,DS,1.5,vlm-sentinel,,meters
1360,simulation_0067,What is the length of the purple car in meters?,A3MC,DS,4.5,vlm-sentinel,,meters
1361,simulation_0074,What is the length of the turning yellow car in meters?,S3MS,SS,,none,row never attempted,meters
1362,simulation_0074,What is the average speed of the walking pedestrian from the beginning to the end in m/s?,S3MS,SD,,none,row never attempted,m/s
1363,simulation_0074,What is the height of the walking pedestrian in meters?,S3MS,SS,1.5,vlm-sentinel,,meters
1364,simulation_0074,What is the average speed of the turing yellow car from the beginning to the end in m/s?,S3MS,SD,,none,row never attempted,m/s
1365,simulation_0074,What is the width of the turning yellow car in meters?,S3MS,SS,1.8,vlm-sentinel,,meters
1366,simulation_0074,What is the height of the turning yellow car in meters?,S3MS,SS,,none,row never attempted,meters
1367,simulation_0074,What is the width of the purple car in meters?,S3MS,SS,,none,row never attempted,meters
1368,simulation_0074,What is the height of the purple car in meters?,S3MS,SS,,none,row never attempted,meters
1369,simulation_0074,What is the length of the purple car in meters?,S3MS,SS,,none,row never attempted,meters
1370,simulation_0074,What is the average speed of the bicycle from the beginning to the end in m/s?,S3MS,SD,,none,row never attempted,m/s
1371,simulation_0074,What is the side length of the square earthen platform in meters?,S3MS,SS,,none,row never attempted,meters
1372,simulation_0074,What is the diameter of the bicycle wheel in meters?,S3MS,SS,0.5,vlm-sentinel,,meters
1373,simulation_0074,What is the width of the white car in meters?,S3MS,SS,3.6,vlm-sentinel,,meters
1374,simulation_0074,What is the acceleration of the white car at 2.0s in m/s^2?,S3MS,SD,1.3,vlm-sentinel,,m/s^2
1375,simulation_0074,What is the height of the white car in meters？,S3MS,SD,,none,row never attempted,meters
1376,simulation_0109,What is the distance between two cells at 1s in meters?,V3MX,DS,0.02,vlm-sentinel,,meters
1377,simulation_0109,What is the diameter of the red blood cell in meters？,V3MX,DS,1.0,vlm-last-number,,meters
1378,simulation_0110,What is the distance between two cells at 1s in meters?,V3MX,DS,,none,row never attempted,meters
1379,simulation_0110,What is the thickness of the red blood cell in meters？,V3MX,DS,2e-05,vlm-sentinel,,meters
1380,simulation_0110,What is the diameter of the red blood cell in meters？,V3MX,DS,,none,model answered zero; declining,meters
1381,simulation_0143,What is the side length of the floor tile in meters?,S3MC,SS,,none,row never attempted,meters
1382,simulation_0143,What is the speed of the man at time 1s in m/s?,S3MC,SD,,none,row never attempted,m/s
1383,simulation_0143,What is the speed of the man at time 2s in m/s?,S3MC,SD,1.4,vlm-sentinel,,m/s
1384,simulation_0143,What is the acceleration of the man at time 2.5s in m/s?,S3MC,SD,0.1,vlm-sentinel,,m/s^2
1385,simulation_0164,What is the speed of the ball at time 0.5s in m/s?,S3MC,SD,0.02,vlm-sentinel,,m/s
1386,simulation_0164,What is the acceleration of the ball at time 0.5s in m/s^2?,S3MC,SD,1.5,vlm-sentinel,,m/s^2
1387,simulation_0164,What is the speed of the ball at time 1s in m/s?,S3MC,SD,,none,row never attempted,m/s
1388,simulation_0164,What is the acceleration of the ball at time 1s in m/s^2?,S3MC,SD,1.3,vlm-sentinel,,m/s^2
1389,simulation_0164,What is the height of the bowling pin in meters?,S3MC,SS,0.18,vlm-sentinel,,meters
1390,simulation_0168,What is the width of the road that the bike crossed through in meters?,V3MC,DS,,none,row never attempted,meters
1391,simulation_0168,What is the length of the bike in meters?,V3MC,DS,1.8,vlm-sentinel,,meters
1392,simulation_0168,What is the length of the police car in meters?,V3MC,DS,,none,row never attempted,meters
1393,simulation_0168,What is the width of the police car in meters?,V3MC,DS,4.5,vlm-sentinel,,meters
1394,simulation_0168,What is the average speed of the police car in m/s?,V3MC,DD,,none,row never attempted,m/s
1395,simulation_0168,What is the width of the road that the bike and the car are on in meters?,V3MC,DS,,none,row never attempted,meters
1396,simulation_0168,What is the diameter of the police car's tire in meters?,V3MC,DS,0.52,vlm-sentinel,,meters
1397,simulation_0168,What is the diameter of the bike's wheel in meters?,V3MC,DS,0.75,vlm-sentinel,,meters
1398,simulation_0170,What is the speed of the astronaut at time 0.5s in m/s?,S3SS,SD,23.1,vlm-sentinel,,m/s
1399,simulation_0170,What is the acceleration of the astronaut at time 0.5s in m/s^2?,S3SS,SD,,none,model answered zero; declining,m/s^2
1400,simulation_0170,What is the speed of the astronaut at time 1s in m/s?,S3SS,SD,,none,model answered zero; declining,m/s
1401,simulation_0170,What is the acceleration of the astronaut at time 1s in m/s^2?,S3SS,SD,,none,model answered zero; declining,m/s^2
1402,simulation_0170,What is the speed of the astronaut at time 2s in m/s?,S3SS,SD,,none,row never attempted,m/s
1403,simulation_0170,What is the acceleration of the astronaut at time 2s in m/s^2?,S3SS,SD,,none,model answered zero; declining,m/s^2
1404,simulation_0170,What is the speed of the astronaut at time 3s in m/s?,S3SS,SD,,none,row never attempted,m/s
1405,simulation_0170,What is the acceleration of the astronaut at time 3s in m/s^2?,S3SS,SD,,none,model answered zero; declining,m/s^2
1406,simulation_0172,What is the speed of the astronaut at time 0.5s in m/s?,S3SS,SD,3.3,vlm-sentinel,,m/s
1407,simulation_0172,What is the acceleration of the astronaut at time 0.5s in m/s^2?,S3SS,SD,1.62,vlm-sentinel,,m/s^2
1408,simulation_0172,What is the speed of the astronaut at time 1s in m/s?,S3SS,SD,0.12,vlm-sentinel,,m/s
1409,simulation_0172,What is the acceleration of the astronaut at time 1s in m/s^2?,S3SS,SD,,none,row never attempted,m/s^2
1410,simulation_0172,What is the speed of the astronaut at time 2s in m/s?,S3SS,SD,,none,row never attempted,m/s
1411,simulation_0172,What is the acceleration of the astronaut at time 2s in m/s^2?,S3SS,SD,0.01,vlm-sentinel,,m/s^2
1412,simulation_0172,What is the speed of the astronaut at time 3s in m/s?,S3SS,SD,,none,row never attempted,m/s
1413,simulation_0172,What is the acceleration of the astronaut at time 3s in m/s^2?,S3SS,SD,,none,row never attempted,m/s^2
1414,simulation_0176,What is the length of the airplane in meters?,V3MC,DS,24.5,vlm-sentinel,,meters
1415,simulation_0176,What is the height of the stone cliff on the beach in meters?,V3MC,DS,12.0,vlm-sentinel,,meters
1416,simulation_0176,What is the diameter of the rear wheels on an aircraft landing gear in meters?,V3MC,DS,0.3,vlm-sentinel,,meters
1417,simulation_0180,What is the length of the trolley in meters?,A3MC,DS,0.65,vlm-sentinel,,meters
1418,simulation_0180,What is the height of the trolley in meters?,A3MC,DS,,none,row never attempted,meters
1419,simulation_0180,What is the height of the entrance gate (including the frame) in meters?,A3MC,DS,2.5,vlm-sentinel,,meters
1420,simulation_0180,What is the length of the side of the orange tiles on the floor in meters?,A3MC,DS,,none,row never attempted,meters
1421,simulation_0180,What is the speed of the trolley at time 1s in m/s?,A3MC,DD,,none,row never attempted,m/s
1422,simulation_0180,What is the speed of the trolley at time 2s in m/s?,A3MC,DD,,none,row never attempted,m/s
1423,simulation_0182,What is the acceleration of the box at 0.2s in m/s^2?,A3SC,DD,,none,row never attempted,m/s^2
1424,simulation_0182,What is the speed of the box at time 1s in m/s?,A3SC,DD,,none,row never attempted,m/s
1425,simulation_0182,What is the speed of the box at time 1.5s in m/s?,A3SC,DD,3.51,vlm-sentinel,,m/s
1426,simulation_0182,What is the length of the box in meters?,A3SC,DS,0.55,vlm-sentinel,,meters
1427,simulation_0182,What is the height of the box in meters?,A3SC,DS,0.72,vlm-sentinel,,meters
1428,simulation_0184,What is the acceleration of the box at 0.2s in m/s^2?,A3SC,DD,,none,row never attempted,m/s^2
1429,simulation_0184,What is the speed of the box at time 1s in m/s?,A3SC,DD,,none,row never attempted,m/s
1430,simulation_0184,What is the speed of the box at time 1.5s in m/s?,A3SC,DD,,none,row never attempted,m/s
1431,simulation_0184,What is the length of the box in meters?,A3SC,DS,,none,row never attempted,meters
1432,simulation_0184,What is the height of the box in meters?,A3SC,DS,,none,row never attempted,meters
1433,simulation_0186,What is the acceleration of the box at 0.2s in m/s^2?,A3SC,DD,,none,row never attempted,m/s^2
1434,simulation_0186,What is the speed of the box at time 1s in m/s?,A3SC,DD,,none,row never attempted,m/s
1435,simulation_0186,What is the speed of the box at time 1.5s in m/s?,A3SC,DD,,none,row never attempted,m/s
1436,simulation_0186,What is the length of the box in meters?,A3SC,DS,0.5,vlm-sentinel,,meters
1437,simulation_0186,What is the height of the box in meters?,A3SC,DS,0.72,vlm-sentinel,,meters
1438,simulation_0188,What is the length of the truck in meters?,A3SS,DS,,none,row never attempted,meters
1439,simulation_0188,What is the height of the truck in meters?,A3SS,DS,,none,model answered zero; declining,meters
1440,simulation_0188,What is the diameter of the truck's tire in meters?,A3SS,DS,0.65,vlm-sentinel,,meters
1441,simulation_0188,What is the speed of the truck at time 1s in m/s?,A3SS,DD,,none,row never attempted,m/s
1442,simulation_0188,What is the speed of the truck at time 1.5s in m/s?,A3SS,DD,16.14,vlm-sentinel,,m/s
1443,simulation_0188,What is the width of the truck in meters?,A3SS,DS,2.5,vlm-sentinel,,meters
1444,simulation_0201,What is the speed of the droplet at time 0.2s in m/s?,A3SS,DD,,none,row never attempted,m/s
1445,simulation_0201,What is the speed of the droplet at time 0.05s in m/s?,A3SS,DD,0.49,vlm-sentinel,,m/s
1446,simulation_0201,What is the speed of the droplet at time 0.1s in m/s?,A3SS,DD,,none,row never attempted,m/s
1447,simulation_0299,"What is the speed of the forklift at 1.0s, in m/s?",A3SX,DD,,none,row never attempted,m/s
1448,simulation_0299,"What is the speed of the forklift at 2.0s, in m/s?",A3SX,DD,,none,row never attempted,m/s
1449,simulation_0299,What is the length(from the fork tips to the rear bumper) of the forklift in meters?,A3SX,DS,2.5,vlm-sentinel,,meters
1450,simulation_0299,What is the width(from the left wheel to the right wheel) of the forklift in meters?,A3SX,DS,,none,row never attempted,meters
1451,simulation_0299,What is the height of the forklift in meters?,A3SX,DS,,none,model answered zero; declining,meters
1452,simulation_0300,"What is the speed of the car at 1.0s, in m/s?",A3SX,DD,,none,row never attempted,m/s
1453,simulation_0300,"What is the speed of the car at 2.0s, in m/s?",A3SX,DD,,none,row never attempted,m/s
1454,simulation_0300,What is the length ((from the front to the back) of the car in meters?,A3SX,DS,4.5,vlm-sentinel,,meters
1455,simulation_0300,What is the width (from the left wheel to the right wheel) of the car in meters?,A3SX,DS,1.8,vlm-sentinel,,meters
1456,simulation_0300,What is the height of the car in meters?,A3SX,DS,1.1,vlm-sentinel,,meters
1457,simulation_0301,"What is the speed of the forklift at 1.0s, in m/s?",A3MX,DD,,none,row never attempted,m/s
1458,simulation_0301,"What is the speed of the forklift at 2.0s, in m/s?",A3MX,DD,,none,row never attempted,m/s
1459,simulation_0301,What is the length(from the fork tips to the rear bumper) of the forklift in meters?,A3MX,DS,2.5,vlm-sentinel,,meters
1460,simulation_0301,What is the width(from the left wheel to the right wheel) of the forklift in meters?,A3MX,DS,2.7,vlm-sentinel,,meters
1461,simulation_0301,What is the height of the forklift in meters?,A3MX,DS,2.5,vlm-sentinel,,meters
1462,simulation_0301,"What is the speed of the car at 1.0s, in m/s?",A3MX,DD,5.37,vlm-sentinel,,m/s
1463,simulation_0301,"What is the speed of the car at 2.0s, in m/s?",A3MX,DD,,none,row never attempted,m/s
1464,simulation_0301,What is the length ((from the front to the back) of the car in meters?,A3MX,DS,4.5,vlm-sentinel,,meters
1465,simulation_0301,What is the width (from the left wheel to the right wheel) of the car in meters?,A3MX,DS,,none,row never attempted,meters
1466,simulation_0301,What is the height of the car in meters?,A3MX,DS,1.2,vlm-sentinel,,meters
1467,simulation_0301,What is the acceleration of the car at 2.0s in m/s^2?,A3MX,DD,,none,row never attempted,m/s^2
1468,simulation_0302,What is the body length of the dragon in meters?,V3SX,DS,,none,row never attempted,meters
1469,simulation_0302,"What is the displacement of the dragon from 0.5 s to 1.0 s, in meters?",V3SX,DS,,none,row never attempted,meters
1470,simulation_0303,What is the length of the plane in meters?,V3SX,DS,,none,row never attempted,meters
1471,simulation_0303,What is the width of the plane in meters?,V3SX,DS,,none,row never attempted,meters
1472,simulation_0303,"What is the displacement of the plane from 0.5 s to 1.0 s, in meters?",V3SX,DS,,none,row never attempted,meters
1473,simulation_0304,What is the length of the whale in meters?,V3SX,DS,10.0,vlm-sentinel,,meters
1474,simulation_0304,"What is the displacement of the whale from 0.5 s to 1.0 s, in meters?",V3SX,DS,,none,row never attempted,meters
1475,simulation_0305,What is the length of the plane in meters?,V3SS,DS,10.0,vlm-sentinel,,meters
1476,simulation_0305,What is the width of the plane in meters?,V3SS,DS,,none,row never attempted,meters
1477,simulation_0305,"What is the displacement of the plane from 0.5 s to 1.0 s, in meters?",V3SS,DS,,none,row never attempted,meters
1478,simulation_0306,What is the length of the whale in meters?,V3SS,DS,3.37,vlm-sentinel,,meters
1479,simulation_0306,"What is the displacement of the whale from 0.5 s to 1.0 s, in meters?",V3SS,DS,,none,row never attempted,meters
1480,simulation_0307,What is the length of the plane in meters?,V3SC,DS,10.27,vlm-sentinel,,meters
1481,simulation_0307,What is the width of the plane in meters?,V3SC,DS,,none,row never attempted,meters
1482,simulation_0307,"What is the displacement of the plane from 0.5 s to 1.0 s, in meters?",V3SC,DS,11.08,vlm-sentinel,,meters
1483,simulation_0308,What is the length of the whale in meters?,V3SC,DS,,none,row never attempted,meters
1484,simulation_0308,"What is the displacement of the whale from 0.5 s to 1.0 s, in meters?",V3SC,DS,,none,row never attempted,meters
1485,simulation_0309,What is the body length of the dragon in meters?,V3SC,DS,,none,row never attempted,meters
1486,simulation_0309,"What is the displacement of the dragon from 0.5 s to 1.0 s, in meters?",V3SC,DS,,none,row never attempted,meters
1487,simulation_0310,"What is the speed of the forklift at 1.0s, in m/s?",S3SC,SD,,none,row never attempted,m/s
1488,simulation_0310,"What is the speed of the forklift at 2.0s, in m/s?",S3SC,SD,,none,row never attempted,m/s
1489,simulation_0310,What is the length(from the fork tips to the rear bumper) of the forklift in meters?,S3SC,SS,,none,row never attempted,meters
1490,simulation_0310,What is the width(from the left wheel to the right wheel) of the forklift in meters?,S3SC,SS,1.2,vlm-sentinel,,meters
1491,simulation_0310,What is the acceleration of the forklift at 1.0s in m/s^2?,S3SC,SD,0.33,vlm-sentinel,,m/s^2
1492,simulation_0311,"What is the speed of the car at 1.0s, in m/s?",S3SC,SD,,none,row never attempted,m/s
1493,simulation_0311,"What is the speed of the car at 2.0s, in m/s?",S3SC,SD,,none,row never attempted,m/s
1494,simulation_0311,What is the length ((from the front to the back) of the car in meters?,S3SC,SS,4.4,vlm-sentinel,,meters
1495,simulation_0311,What is the width (from the left wheel to the right wheel) of the car in meters?,S3SC,SS,,none,row never attempted,meters
1496,simulation_0311,What is the acceleration of the car at 1.0s in m/s^2?,S3SC,SD,2.5,vlm-sentinel,,m/s^2
1497,simulation_0016,What is the width of the pedestal (square base) of the central sculpture in meters?,V3MC,DS,1.2,vlm-sentinel,,meters
1498,simulation_0016,What is the width of the bench seat in the atrium in meters?,V3MC,DS,0.5,vlm-sentinel,,meters
1499,simulation_0016,What is the length of the bench seat in the atrium in meters?,V3MC,DS,1.8,vlm-sentinel,,meters
1500,simulation_0030,What is the length of the eagle in meters?,V3MC,DS,0.8,vlm-sentinel,,meters
1501,simulation_0140,What is the height of each window frame in meters?,S3MC,SS,1.8,vlm-sentinel,,meters
1502,simulation_0140,What is the width of the letter neon sign in meters?,S3MC,SS,,none,row never attempted,meters
1503,simulation_0140,What is the height of the letter neon sign in meters?,S3MC,SS,4.44,vlm-sentinel,,meters
1504,simulation_0140,What is the distance between the bird’s flight path and the wall with the neon sign?,S3MC,SS,,none,row never attempted,
1505,simulation_0140,What is the total length of the bird’s flight path in meters?,S3MC,SS,,none,row never attempted,meters
1506,simulation_0140,What is the velocity of the bird at 1.0s in m/s?,S3MC,SD,0.86,vlm-sentinel,,m/s
1507,simulation_0141,What is the height of the man in meters?,V3MC,DS,1.7,vlm-sentinel,,meters
1508,simulation_0141,What is the total distance the man walked in meters?,V3MC,DS,,none,row never attempted,meters
1509,simulation_0141,What is the side length of the floor tile in meters?,V3MC,DS,,none,row never attempted,meters
1510,simulation_0141,What is the distance from the man’s foot to the left wall in meters?,V3MC,DS,1.5,vlm-sentinel,,meters
1511,simulation_0141,What is the distance from the man’s foot to the right wall in meters?,V3MC,DS,1.5,vlm-sentinel,,meters
1512,simulation_0144,What is the diameter of the tire in meters?,S3MC,SS,1.1,vlm-sentinel,,meters
1513,simulation_0144,What is the width of the vehicle in meters?,S3MC,SS,2.5,vlm-sentinel,,meters
1514,simulation_0144,What is the average speed of the rocket in m/s?,S3MC,SD,,none,row never attempted,m/s
1515,simulation_0144,What is the speed of the rocket at time 1s in m/s?,S3MC,SD,7.75,vlm-sentinel,,m/s
1516,simulation_0144,What is the acceleration of the rocket at time 1s in m/s^2?,S3MC,SD,10.2,vlm-sentinel,,m/s^2
1517,simulation_0144,"What is the width of the road the vehicle is on, in meters?",S3MC,SD,3.5,vlm-sentinel,,meters
1518,simulation_0149,What is the width of the car in meters?,S3MC,SS,,none,row never attempted,meters
1519,simulation_0149,"What is the height, in meters, of the black-and-white collision warning markings on the pillar?",S3MC,SS,,none,row never attempted,meters
1520,simulation_0149,"What is the width of the pillar, in meters, with the collision warning markings on it?",S3MC,SS,1.2,vlm-sentinel,,meters
1521,simulation_0149,What is the speed of the car at time 0.5s in m/s?,S3MC,SD,,none,model answered zero; declining,m/s
1522,simulation_0149,What is the acceleration of the car at time 0.5s in m/s^2?,S3MC,SD,5.0,vlm-sentinel,,m/s^2
1523,simulation_0149,What is the speed of the car at time 1s in m/s?,S3MC,SD,,none,row never attempted,m/s
1524,simulation_0149,What is the acceleration of the car at time 1s in m/s?,S3MC,SD,,none,model answered zero; declining,m/s^2
1525,simulation_0150,What is the width of the car in meters?,S3MC,SS,1.8,vlm-sentinel,,meters
1526,simulation_0150,"What is the height, in meters, of the black-and-white collision warning markings on the pillar?",S3MC,SS,,none,row never attempted,meters
1527,simulation_0150,"What is the width of the pillar, in meters, with the collision warning markings on it?",S3MC,SS,,none,row never attempted,meters
1528,simulation_0150,What is the speed of the car at time 0.5s in m/s?,S3MC,SD,,none,model answered zero; declining,m/s
1529,simulation_0150,What is the acceleration of the car at time 0.5s in m/s^2?,S3MC,SD,,none,model answered zero; declining,m/s^2
1530,simulation_0150,What is the speed of the car at time 1s in m/s?,S3MC,SD,,none,model answered zero; declining,m/s
1531,simulation_0150,What is the acceleration of the car at time 1s in m/s^2?,S3MC,SD,93.76,vlm-sentinel,,m/s^2
1532,simulation_0150,"What is the width, in meters, of the 'B1' lettering on the wall behind the car?",S3MC,SS,1.6,vlm-sentinel,,meters
1533,simulation_0150,"What is the height, in meters, of the 'B1' lettering on the wall behind the car?",S3MC,SS,2.34,vlm-sentinel,,meters
1534,simulation_0150,"What is the distance, in meters, between the pillars on one side?",S3MC,SS,11.38,vlm-sentinel,,meters
1535,simulation_0151,"What is the width, in meters, of the blue car?",S3MC,SS,1.2,vlm-sentinel,,meters
1536,simulation_0151,What is the speed of the yellow car at time 1s in m/s?,S3MC,SD,15.8,vlm-sentinel,,m/s
1537,simulation_0151,What is the acceleration of the yellow car at time 1s in m/s^2?,S3MC,SD,,none,model answered zero; declining,m/s^2
1538,simulation_0151,What is the speed of the blue car at time 1s in m/s?,S3MC,SD,6.96,vlm-sentinel,,m/s
1539,simulation_0151,What is the acceleration of the blue car at time 1s in m/s^2?,S3MC,SD,1.2,vlm-sentinel,,m/s^2
1540,simulation_0152,"What is the width, in meters, of the blue car?",S3MC,SS,,none,row never attempted,meters
1541,simulation_0152,What is the speed of the yellow car at time 1s in m/s?,S3MC,SD,,none,model answered zero; declining,m/s
1542,simulation_0152,What is the acceleration of the yellow car at time 1s in m/s^2?,S3MC,SD,,none,model answered zero; declining,m/s^2
1543,simulation_0152,What is the speed of the blue car at time 1s in m/s?,S3MC,SD,,none,model answered zero; declining,m/s
1544,simulation_0152,What is the acceleration of the blue car at time 1s in m/s^2?,S3MC,SD,0.1,vlm-sentinel,,m/s^2
1545,simulation_0159,How long is the turtle in meters?,A3MS,DS,,none,row never attempted,meters
1546,simulation_0159,What is the speed of the turtle at time 1s in m/s?,A3MS,DD,,none,row never attempted,m/s
1547,simulation_0159,What is the speed of the turtle at time 1.5s in m/s?,A3MS,DD,7.92,vlm-sentinel,,m/s
1548,simulation_0159,How long is the shark in meters?,A3MS,DS,4.0,vlm-sentinel,,meters
1549,simulation_0159,What is the difference in water depth between the centers of the shark’s body and the turtle’s body in meters?,A3MS,DS,1.24,vlm-sentinel,,meters
1550,simulation_0159,What is the acceleration of the shark at 0.5s in m/s^2?,A3MS,DD,2.64,vlm-sentinel,,m/s^2
1551,simulation_0159,What is the speed of the shark at time 1s in m/s?,A3MS,DD,2.8,vlm-sentinel,,m/s
1552,simulation_0159,What is the speed of the shark at time 1.5s in m/s?,A3MS,DD,10.0,vlm-sentinel,,m/s
1553,simulation_0195,What is the orbital diameter of the Callisto model in meters?,V3MS,DS,3.76,vlm-sentinel,,meters
1554,simulation_0195,What is the diameter of the model of Callisto (orbiting model) in meters?,V3MS,DS,0.004,vlm-sentinel,,meters
1555,simulation_0195,What is the diameter of the model of Jupiter (the one at the center) in meters?,V3MS,DS,13.5,vlm-sentinel,,meters
1556,simulation_0202,What is the length of the table in meters?,A3MC,DS,,none,row never attempted,meters
1557,simulation_0202,What is the width of the table in meters?,A3MC,DS,1.4,vlm-sentinel,,meters
1558,simulation_0202,What is the length of the typewriter in meters?,A3MC,DS,0.45,vlm-sentinel,,meters
1559,simulation_0202,What is the width of the typewriter in meters?,A3MC,DS,,none,row never attempted,meters
1560,simulation_0202,What is the height of the typewriter in meters?,A3MC,DS,0.45,vlm-sentinel,,meters
1561,simulation_0202,What is the width of the paper next to the magnifying glass in meters?,A3MC,DS,,none,row never attempted,meters
1562,simulation_0202,What is the speed of the magnifying glass at time 0.125s in m/s?,A3MC,DD,,none,row never attempted,m/s
1563,simulation_0202,What is the speed of the magnifying glass at time 0.25s in m/s?,A3MC,DD,1.2,vlm-sentinel,,m/s
1564,simulation_0202,What is the speed of the magnifying glass at time 0.333s in m/s?,A3MC,DD,,none,row never attempted,m/s
1565,simulation_0205,What is the length of the table in meters?,A3MS,DS,,none,row never attempted,meters
1566,simulation_0205,What is the width of the table in meters?,A3MS,DS,1.41,vlm-sentinel,,meters
1567,simulation_0205,What is the length of the typewriter in meters?,A3MS,DS,0.45,vlm-sentinel,,meters
1568,simulation_0205,What is the width of the typewriter in meters?,A3MS,DS,,none,row never attempted,meters
1569,simulation_0205,What is the height of the typewriter in meters?,A3MS,DS,0.3,vlm-sentinel,,meters
1570,simulation_0205,What is the speed of the magnifying glass at time 0.125s in m/s?,A3MS,DD,,none,row never attempted,m/s
1571,simulation_0205,What is the speed of the magnifying glass at time 0.25s in m/s?,A3MS,DD,4.9,vlm-sentinel,,m/s
1572,simulation_0205,What is the speed of the magnifying glass at time 0.333s in m/s?,A3MS,DD,,none,row never attempted,m/s
1573,simulation_0206,What is the length of the table in meters?,A3MC,DS,,none,row never attempted,meters
1574,simulation_0206,What is the width of the table in meters?,A3MC,DS,1.41,vlm-sentinel,,meters
1575,simulation_0206,What is the length of the typewriter in meters?,A3MC,DS,,none,row never attempted,meters
1576,simulation_0206,What is the width of the typewriter in meters?,A3MC,DS,,none,row never attempted,meters
1577,simulation_0206,What is the height of the typewriter in meters?,A3MC,DS,0.45,vlm-sentinel,,meters
1578,simulation_0206,What is the speed of the typewriter at time 0.125s in m/s?,A3MC,DD,,none,row never attempted,m/s
1579,simulation_0206,What is the speed of the typewriter at time 0.25s in m/s?,A3MC,DD,,none,row never attempted,m/s
1580,simulation_0206,What is the speed of the typewriter at time 0.333s in m/s?,A3MC,DD,,none,row never attempted,m/s
1581,simulation_0206,What is the width of the paper next to the typewriter in meters?,A3MC,DS,,none,row never attempted,meters
1582,simulation_0206,What is the length of the letter placed under the gun in meters?,A3MC,DS,,none,row never attempted,meters
1583,simulation_0209,What is the length of the table in meters?,A3MS,DS,1.2,vlm-sentinel,,meters
1584,simulation_0209,What is the length of the typewriter in meters?,A3MS,DS,0.45,vlm-sentinel,,meters
1585,simulation_0209,What is the height of the typewriter in meters?,A3MS,DS,0.45,vlm-sentinel,,meters
1586,simulation_0209,What is the length of the letter placed under the gun in meters?,A3MS,DS,0.05,vlm-sentinel,,meters
1587,simulation_0209,What is the speed of the typewriter at time 0.125s in m/s?,A3MS,DD,,none,row never attempted,m/s
1588,simulation_0209,What is the speed of the typewriter at time 0.25s in m/s?,A3MS,DD,,none,row never attempted,m/s
1589,simulation_0209,What is the speed of the typewriter at time 0.333s in m/s?,A3MS,DD,,none,row never attempted,m/s
1590,simulation_0209,What is the width of the table in meters?,A3MS,DS,1.2,vlm-sentinel,,meters
1591,simulation_0209,What is the width of the typewriter in meters?,A3MS,DS,,none,row never attempted,meters
1592,simulation_0211,What is the length of the black cat (including its tail) in meters?,V3MS,DS,0.5,vlm-sentinel,,meters
1593,simulation_0211,What is the height of the black cat (including its tail) in meters?,V3MS,DS,0.75,vlm-sentinel,,meters
1594,simulation_0211,What is the length of the wooden bench in meters?,V3MS,DS,,none,row never attempted,meters
1595,simulation_0211,What is the height of the wooden bench in meters?,V3MS,DS,,none,row never attempted,meters
1596,simulation_0211,What is the height of the lampshade of the table lamp in meters?,V3MS,DS,,none,row never attempted,meters
1597,simulation_0211,What is the diameter of the lampshade of the table lamp in meters?,V3MS,DS,,none,row never attempted,meters
1598,simulation_0211,What is the height of the table lamp in meters?,V3MS,DS,0.65,vlm-sentinel,,meters
1599,simulation_0211,What is the height of the vase in meters?,V3MS,DS,0.6,vlm-sentinel,,meters
1600,simulation_0211,What is the height of the floor mirror in meters?,V3MS,DS,1.7,vlm-sentinel,,meters
1601,simulation_0211,What is the length of the floor mirror in meters?,V3MS,DS,1.7,vlm-sentinel,,meters
1602,simulation_0211,What is the distance in meters between the black cat and the camera at 0.5 s?,V3MS,DS,3.73,vlm-sentinel,,meters
1603,simulation_0211,What is the distance in meters between the black cat and the camera at 1.5 s?,V3MS,DS,,none,row never attempted,meters
1604,simulation_0212,What is the length of the black cat (including its tail) in meters?,V3MC,DS,,none,row never attempted,meters
1605,simulation_0212,What is the height of the black cat (including its tail) in meters?,V3MC,DS,,none,row never attempted,meters
1606,simulation_0212,What is the length of the wooden bench in meters?,V3MC,DS,1.2,vlm-sentinel,,meters
1607,simulation_0212,What is the height of the wooden bench in meters?,V3MC,DS,,none,row never attempted,meters
1608,simulation_0212,What is the height of the lampshade of the table lamp in meters?,V3MC,DS,,none,row never attempted,meters
1609,simulation_0212,What is the diameter of the lampshade of the table lamp in meters?,V3MC,DS,0.45,vlm-sentinel,,meters
1610,simulation_0212,What is the height of the table lamp in meters?,V3MC,DS,0.7,vlm-sentinel,,meters
1611,simulation_0212,What is the height of the vase in meters?,V3MC,DS,,none,row never attempted,meters
1612,simulation_0212,What is the height of the floor mirror in meters?,V3MC,DS,1.8,vlm-sentinel,,meters
1613,simulation_0212,What is the width of the floor mirror in meters?,V3MC,DS,1.2,vlm-sentinel,,meters
1614,simulation_0212,What is the distance in meters between the black cat and the camera at 0.5 s?,V3MC,DS,3.73,vlm-sentinel,,meters
1615,simulation_0212,What is the distance in meters between the black cat and the camera at 1.5 s?,V3MC,DS,,none,row never attempted,meters
1616,simulation_0212,What is the speed of the dog at time 1s in m/s?,V3MC,DD,,none,row never attempted,m/s
1617,simulation_0212,What is the speed of the dog at time 1.5s in m/s?,V3MC,DD,1.0,vlm-sentinel,,m/s
1618,simulation_0212,What is the length of the dog (including its tail) in meters?,V3MC,DS,1.2,vlm-sentinel,,meters
1619,simulation_0212,What is the height of the dog (including its tail) in meters?,V3MC,DS,,none,row never attempted,meters
1620,simulation_0242,What is the length of the brown horse in meters?,V3MC,DS,2.5,vlm-sentinel,,meters
1621,simulation_0242,What is the width of the house in meters?,V3MC,DS,12.0,vlm-sentinel,,meters
1622,simulation_0242,What is the width of each glass window in meters?,V3MC,DS,,none,row never attempted,meters
1623,simulation_0242,What is the average speed of the white horse in m/s?,V3MC,DD,,none,model answered zero; declining,m/s
1624,simulation_0242,What is the length of the white horse in meters?,V3MC,DS,,none,row never attempted,meters
1625,simulation_0242,What is the average speed of the rabbit in m/s?,V3MC,DD,,none,row never attempted,m/s
1626,simulation_0242,What is the length of the rabbit in meters?,V3MC,DS,,none,row never attempted,meters
1627,simulation_0247,What is the length of the rabbit in meters?,V2MS,DS,0.15,vlm-sentinel,,meters
1628,simulation_0247,What is the length of the deer in meters?,V2MS,DS,1.5,vlm-sentinel,,meters
1629,simulation_0247,What is the average speed of the rabbit in m/s?,V2MS,DD,0.01,vlm-sentinel,,m/s
1630,simulation_0312,What is the average speed of the star from the beginning to the end in meters?,S3SX,SD,,none,row never attempted,meters
1631,simulation_0312,What is the width of the star in meters?,S3SX,SS,0.24,vlm-sentinel,,meters
1632,simulation_0312,What is the thickness of the star in meters?,S3SX,SS,0.2,vlm-sentinel,,meters
1633,simulation_0009_segmented,What is the length of the boat in meters?,V3MX,DS,,none,row never attempted,meters
1634,simulation_0009_segmented,What is the width of the boat in meters?,V3MX,DS,0.6,vlm-sentinel,,meters
1635,simulation_0009_segmented,What is the height of the boat in meters?,V3MX,DS,0.6,vlm-sentinel,,meters
1636,simulation_0009_segmented,What is the width of the wooden pier in meters?,V3MX,DS,,none,model answered zero; declining,meters
1637,simulation_0009_segmented,What is the length of the pier from the shore-side edge to the water-side edge in meters?,V3MX,DS,10.5,vlm-sentinel,,meters
1638,simulation_0009_segmented,"When t=3s, what is the minimum distance from the outer end of the pier to the boat in meters?",V3MX,DS,2.6,vlm-sentinel,,meters
1639,simulation_0009_segmented,What is the width of the wooden steps in meters?,V3MX,DS,0.8,vlm-sentinel,,meters
1640,simulation_0009_segmented,What is the height of the pier deck above the water surface in meters?,V3MX,DS,3.0,vlm-sentinel,,meters
1641,simulation_0009_segmented,What is the height of the cabin floor above the ground in meters?,V3MX,DS,11.827,vlm-last-number,,meters
1642,simulation_0010_segmented,What is the width between the two widest eaves of the small house in meters?,V3MX,SS,,none,row never attempted,meters
1643,simulation_0010_segmented,What is the height of the house’s door in meters?,V3MX,SS,1.8,vlm-sentinel,,meters
1644,simulation_0010_segmented,What is the maximum height of the cart from the ground in meters?,V3MX,SS,1.79,vlm-sentinel,,meters
1645,simulation_0010_segmented,What is the diameter of the cart’s wheels in meters?,V3MX,SS,0.78,vlm-sentinel,,meters
1646,simulation_0010_segmented,What is the average flight speed of the bird in m/s?,V3MX,SD,,none,row never attempted,m/s
1647,simulation_0012_segmented,What is the width between the two widest eaves of the house in meters?,V2MX,DS,5.0,vlm-sentinel,,meters
1648,simulation_0012_segmented,What is the length of the bird in meters?,V2MX,DS,,none,row never attempted,meters
1649,simulation_0012_segmented,How wide is the bird's wingspan when it spreads its wings in meters?,V2MX,DS,1.2,vlm-sentinel,,meters
1650,simulation_0017_segmented,What is the height of the person in meters?,V3MX,DS,,none,row never attempted,meters
1651,simulation_0017_segmented,What is the width of the pedestal (square base) of the central sculpture in meters?,V3MX,DS,1.2,vlm-sentinel,,meters
1652,simulation_0017_segmented,What is the height of the pedestal (square base) of the central sculpture in meters?,V3MX,DS,1.2,vlm-sentinel,,meters
1653,simulation_0017_segmented,What is the height of the bench seat in the atrium in meters?,V3MX,DS,0.68,vlm-sentinel,,meters
1654,simulation_0017_segmented,What is the length of the bench seat in the atrium in meters?,V3MX,DS,4.25,vlm-sentinel,,meters
1655,simulation_0017_segmented,What is the height of the central sculpture itself (excluding the pedestal) in meters?,V3MX,DS,1.4,vlm-sentinel,,meters
1656,simulation_0017_segmented,What is the width of the freestanding art display panel in meters?,V3MX,DS,0.65,vlm-sentinel,,meters
1657,simulation_0017_segmented,What is the height of the freestanding art display panel in meters?,V3MX,DS,,none,row never attempted,meters
1658,simulation_0019_segmented,What is the average walking speed of the person in m/s?,S3MX,SD,,none,row never attempted,m/s
1659,simulation_0019_segmented,What is the width of the pedestal (square base) of the central sculpture in meters?,S3MX,SS,1.2,vlm-sentinel,,meters
1660,simulation_0019_segmented,What is the height of the pedestal (square base) of the central sculpture in meters?,S3MX,SS,,none,row never attempted,meters
1661,simulation_0019_segmented,What is the height of the central sculpture itself (excluding the pedestal) in meters?,S3MX,SS,2.8,vlm-sentinel,,meters
1662,simulation_0019_segmented,What is the width of the freestanding art display panel in meters?,S3MX,SS,0.62,vlm-sentinel,,meters
1663,simulation_0019_segmented,What is the height of the freestanding art display panel in meters?,S3MX,SS,2.8,vlm-sentinel,,meters
1664,simulation_0021_segmented,What is the average walking speed of the person in meters?,S3MX,SD,0.11,vlm-sentinel,,m/s
1665,simulation_0021_segmented,What is the height of the fire hydrant in meters?,S3MX,SS,,none,row never attempted,meters
1666,simulation_0021_segmented,What is the height of the streetlight in meters?,S3MX,SS,6.55,vlm-sentinel,,meters
1667,simulation_0022_segmented,What is the average walking speed of the person in meters?,S3MX,SD,1.77,vlm-sentinel,,m/s
1668,simulation_0022_segmented,What is the height of the boat in meters?,S3MX,SS,2.5,vlm-sentinel,,meters
1669,simulation_0022_segmented,What is the length of the rock in meters?,S3MX,SS,,none,row never attempted,meters
1670,simulation_0022_segmented,What is the height of the rock in meters?,S3MX,SS,,none,row never attempted,meters
1671,simulation_0023_segmented,What is the average speed of the boat in m/s?,V3MX,DD,,none,row never attempted,m/s
1672,simulation_0023_segmented,What is the height of the boat in meters?,V3MX,DS,,none,model answered zero; declining,meters
1673,simulation_0023_segmented,What is the length of the boat in meters?,V3MX,DS,5.2,vlm-sentinel,,meters
1674,simulation_0023_segmented,What is the length of the eagle in meters?,V3MX,DS,,none,row never attempted,meters
1675,simulation_0023_segmented,What is the eagle’s wingspan (the distance from the tip of one wing to the tip of the other when fully spread) in meters?,V3MX,DS,1.8,vlm-sentinel,,meters
1676,simulation_0024_segmented,What is the height of the boat in meters?,V3MX,DS,3.5,vlm-sentinel,,meters
1677,simulation_0024_segmented,What is the length of the boat in meters?,V3MX,DS,7.5,vlm-sentinel,,meters
1678,simulation_0024_segmented,What is the width of the boat in meters?,V3MX,DS,,none,row never attempted,meters
1679,simulation_0024_segmented,What is the length of the rock in meters?,V3MX,DS,12.0,vlm-sentinel,,meters
1680,simulation_0024_segmented,What is the height of the rock in meters?,V3MX,DS,,none,model answered zero; declining,meters
1681,simulation_0024_segmented,What is the width of the rock in meters?,V3MX,DS,12.0,vlm-sentinel,,meters
1682,simulation_0025_segmented,What is the average speed of the eagle in m/s?,V3MX,DD,,none,row never attempted,m/s
1683,simulation_0025_segmented,What is the length of the eagle in meters?,V3MX,DS,2.55,vlm-sentinel,,meters
1684,simulation_0025_segmented,What is the eagle’s wingspan (the distance from the tip of one wing to the tip of the other when fully spread) in meters?,V3MX,DS,1.5,vlm-sentinel,,meters
1685,simulation_0025_segmented,What is the height of the person in meters?,V3MX,DS,1.7,vlm-sentinel,,meters
1686,simulation_0026_segmented,What is the height of the boat in meters?,S3MX,SS,3.5,vlm-sentinel,,meters
1687,simulation_0026_segmented,What is the length of the boat in meters?,S3MX,SS,7.0,vlm-sentinel,,meters
1688,simulation_0026_segmented,What is the average speed of the person in m/s?,S3MX,SD,,none,model answered zero; declining,m/s
1689,simulation_0027_segmented,What is the length of the rock in meters?,S3MX,SS,,none,row never attempted,meters
1690,simulation_0027_segmented,What is the height of the rock in meters?,S3MX,SS,,none,row never attempted,meters
1691,simulation_0027_segmented,What is the width of the rock in meters?,S3MX,SS,,none,row never attempted,meters
1692,simulation_0027_segmented,What is the speed of the person in m/s?,S3MX,SD,,none,row never attempted,m/s
1693,simulation_0028_segmented,What is the eagle’s wingspan (the distance from the tip of one wing to the tip of the other when fully spread) in meters?,S3MX,SS,1.6,vlm-sentinel,,meters
1694,simulation_0028_segmented,What is the average speed of the eagle in m/s?,S3MX,SD,,none,row never attempted,m/s
1695,simulation_0028_segmented,What is the length of the rock in meters?,S3MX,SS,,none,row never attempted,meters
1696,simulation_0028_segmented,What is the height of the rock in meters?,S3MX,SS,,none,row never attempted,meters
1697,simulation_0028_segmented,What is the width of the rock in meters?,S3MX,SS,120.0,vlm-sentinel,,meters
1698,simulation_0029_segmented,What is the length of the eagle in meters?,V3MX,DS,0.75,vlm-sentinel,,meters
1699,simulation_0029_segmented,What is the height of the boat in meters?,V3MX,DS,,none,model answered zero; declining,meters
1700,simulation_0029_segmented,What is the length of the boat in meters?,V3MX,DS,13.0,vlm-sentinel,,meters
1701,simulation_0029_segmented,What is the average speed of the boat in m/s?,V3MX,DD,,none,row never attempted,m/s
1702,simulation_0031_segmented,What is the height of the person in meters?,V3MX,DS,1.7,vlm-last-number,,meters
1703,simulation_0031_segmented,What is the height of the boat in meters?,V3MX,DS,3.4,vlm-sentinel,,meters
1704,simulation_0031_segmented,What is the length of the boat in meters?,V3MX,DS,10.5,vlm-sentinel,,meters
1705,simulation_0031_segmented,What is the width of the boat in meters?,V3MX,DS,4.5,vlm-sentinel,,meters
1706,simulation_0031_segmented,What is the average speed of the boat in m/s?,V3MX,DD,,none,row never attempted,m/s
1707,simulation_0031_segmented,What is the length of the eagle in meters?,V3MX,DS,0.5,vlm-sentinel,,meters
1708,simulation_0031_segmented,What is the average speed of the eagle in m/s?,V3MX,DD,,none,row never attempted,m/s
1709,simulation_0031_segmented,What is the eagle’s wingspan (the distance from the tip of one wing to the tip of the other when fully spread) in meters?,V3MX,DS,1.5,vlm-sentinel,,meters
1710,simulation_0032_segmented,What is the height of the person in meters?,A3MX,DS,1.9,vlm-sentinel,,meters
1711,simulation_0032_segmented,What is the initial velocity of the ball in m/s?,A3MX,DD,13.7,vlm-sentinel,,m/s
1712,simulation_0032_segmented,What is the diameter of the ball in meters?,A3MX,DS,,none,row never attempted,meters
1713,simulation_0032_segmented,What is the acceleration of the orange car at 2s in m/s^2?,A3MX,DD,9.8,vlm-sentinel,,m/s^2
1714,simulation_0032_segmented,What is the average speed of the green car in m/s?,A3MX,DD,,none,row never attempted,m/s
1715,simulation_0034_segmented,What is the average speed of the boat in m/s?,S3MX,SD,,none,row never attempted,m/s
1716,simulation_0034_segmented,What is the height of the boat in meters?,S3MX,SS,,none,row never attempted,meters
1717,simulation_0034_segmented,What is the width of the boat in meters?,S3MX,SS,3.5,vlm-sentinel,,meters
1718,simulation_0034_segmented,What is the average speed of the person in m/s?,S3MX,SD,0.01,vlm-sentinel,,m/s
1719,simulation_0034_segmented,What is the eagle’s wingspan (the distance from the tip of one wing to the tip of the other when fully spread) in meters?,S3MX,SS,1.75,vlm-sentinel,,meters
1720,simulation_0034_segmented,What is the average speed of the eagle in m/s?,S3MX,SD,,none,row never attempted,m/s
1721,simulation_0035_segmented,What is the average speed of the person in m/s?,S3MX,SD,,none,model answered zero; declining,m/s
1722,simulation_0035_segmented,What is the eagle’s wingspan (the distance from the tip of one wing to the tip of the other when fully spread) in meters?,S3MX,SS,,none,row never attempted,meters
1723,simulation_0035_segmented,What is the average speed of the eagle in m/s?,S3MX,SD,,none,row never attempted,m/s
1724,simulation_0035_segmented,What is the length of the eagle in meters?,S3MX,SS,0.85,vlm-sentinel,,meters
1725,simulation_0036_segmented,What is the height of the boat in meters?,S3MX,SS,2.5,vlm-sentinel,,meters
1726,simulation_0036_segmented,What is the height of the person in meters?,S3MX,SS,,none,row never attempted,meters
1727,simulation_0036_segmented,What is the average speed of the boat in m/s?,S3MX,SD,,none,row never attempted,m/s
1728,simulation_0036_segmented,What is the average speed of the person in m/s?,S3MX,SD,,none,model answered zero; declining,m/s
1729,simulation_0037_segmented,What is the height of the person in meters?,V3MX,DS,1.7,vlm-sentinel,,meters
1730,simulation_0037_segmented,What is the length of the rock in meters?,V3MX,DS,122.86,vlm-sentinel,,meters
1731,simulation_0037_segmented,What is the height of the rock in meters?,V3MX,DS,,none,model answered zero; declining,meters
1732,simulation_0038_segmented,What is the length of the rock in meters?,V3MX,DS,,none,row never attempted,meters
1733,simulation_0038_segmented,What is the width of the rock in meters?,V3MX,DS,100.0,vlm-sentinel,,meters
1734,simulation_0038_segmented,What is the height of the person in meters?,V3MX,DS,1.7,vlm-sentinel,,meters
1735,simulation_0039_segmented,What is the height of the person in meters?,V3MX,DS,0.3,vlm-sentinel,,meters
1736,simulation_0039_segmented,What is the average speed of the person in m/s?,V3MX,DD,,none,row never attempted,m/s
1737,simulation_0039_segmented,What is the height of the boat in meters?,V3MX,DS,3.5,vlm-sentinel,,meters
1738,simulation_0039_segmented,What is the length of the boat in meters?,V3MX,DS,6.0,vlm-sentinel,,meters
1739,simulation_0039_segmented,What is the width of the boat in meters?,V3MX,DS,4.0,vlm-sentinel,,meters
1740,simulation_0039_segmented,What is the length of the eagle in meters?,V3MX,DS,2.3,vlm-sentinel,,meters
1741,simulation_0039_segmented,What is the eagle’s wingspan (the distance from the tip of one wing to the tip of the other when fully spread) in meters?,V3MX,DS,10.5,vlm-sentinel,,meters
1742,simulation_0039_segmented,What is the average speed of the eagle in m/s?,V3MX,DD,,none,row never attempted,m/s
1743,simulation_0041_segmented,What is the height of the boat in meters?,S2MX,SS,,none,row never attempted,meters
1744,simulation_0041_segmented,What is the length of the boat in meters?,S2MX,SS,,none,row never attempted,meters
1745,simulation_0041_segmented,What is the width of the boat in meters?,S2MX,SS,,none,row never attempted,meters
1746,simulation_0041_segmented,What is the average speed of the boat in m/s?,S2MX,SD,,none,model answered zero; declining,m/s
1747,simulation_0041_segmented,What is the average speed of the person in m/s?,S2MX,SD,1.4,vlm-sentinel,,m/s
1748,simulation_0043_segmented,What is the height of the boat in meters?,S3MX,SS,,none,row never attempted,meters
1749,simulation_0043_segmented,What is the width of the boat in meters?,S3MX,SS,5.0,vlm-sentinel,,meters
1750,simulation_0043_segmented,What is the average speed of the boat in m/s?,S3MX,SD,,none,row never attempted,m/s
1751,simulation_0043_segmented,What is the width of the rock in meters?,S3MX,SS,,none,row never attempted,meters
1752,simulation_0048_segmented,What is the average speed of the walking person in m/s?,S3MX,SD,,none,row never attempted,m/s
1753,simulation_0048_segmented,What is the width of the telephone booth in meters?,S3MX,SS,,none,row never attempted,meters
1754,simulation_0048_segmented,What is the distance between the left pillar of the near door and the right pillar of the far door in meters?,S3MX,SS,1.8,vlm-sentinel,,meters
1755,simulation_0048_segmented,"What is the height of the moving bicycle (from the handlebar to the ground, including below the wheel) in meters?",S3MX,SS,0.9,vlm-sentinel,,meters
1756,simulation_0048_segmented,What is the average speed of the moving bicycle in m/s?,S3MX,SD,,none,row never attempted,m/s
1757,simulation_0048_segmented,What is the diameter of the wheel of the moving bicycle in meters?,S3MX,SS,1.2,vlm-sentinel,,meters
1758,simulation_0057_segmented,What is the length of the orange car in meters?,A2MX,DS,4.5,vlm-sentinel,,meters
1759,simulation_0057_segmented,What is the distance between the two streetlights in meters?,A2MX,DS,1.0,vlm-sentinel,,meters
1760,simulation_0057_segmented,What is the width of the orange car in meters?,A2MX,DS,,none,model answered zero; declining,meters
1761,simulation_0066_segmented,What is the average speed of the yellow car in m/s？,A3MX,DD,,none,row never attempted,m/s
1762,simulation_0066_segmented,What is the width of the lane in meters?,A3MX,DS,,none,row never attempted,meters
1763,simulation_0066_segmented,What is the width of the white car in meters?,A3MX,DS,2.5,vlm-sentinel,,meters
1764,simulation_0066_segmented,What is the length of the white car in meters？,A3MX,DS,4.5,vlm-sentinel,,meters
1765,simulation_0066_segmented,What is the height of the white car in meters？,A3MX,DS,1.5,vlm-sentinel,,meters
1766,simulation_0066_segmented,What is the length of the turning yellow car in meters?,A3MX,DS,,none,row never attempted,meters
1767,simulation_0066_segmented,What is the height of the turning yellow car in meters?,A3MX,DS,1.5,vlm-sentinel,,meters
1768,simulation_0066_segmented,What is the width of the turning yellow car in meters?,A3MX,DS,1.8,vlm-sentinel,,meters
1769,simulation_0066_segmented,What is the diameter of the bicycle wheel in meters?,A3MX,DS,0.75,vlm-sentinel,,meters
1770,simulation_0066_segmented,What is the average speed of the walking pedestrian in m/s?,A3MX,DD,,none,row never attempted,m/s
1771,simulation_0066_segmented,What is the height of the walking pedestrian in meters?,A3MX,DS,1.75,vlm-sentinel,,meters
1772,simulation_0066_segmented,What is the average speed of the bicycle in m/s?,A3MX,DD,,none,row never attempted,m/s
1773,simulation_0066_segmented,What is the width of the green car in meters?,A3MX,DS,,none,row never attempted,meters
1774,simulation_0066_segmented,What is the length of the green car in meters?,A3MX,DS,,none,row never attempted,meters
1775,simulation_0066_segmented,What is the height of the green car in meters?,A3MX,DS,1.5,vlm-sentinel,,meters
1776,simulation_0066_segmented,What is the width of the purple car in meters?,A3MX,DS,1.8,vlm-sentinel,,meters
1777,simulation_0066_segmented,What is the height of the purple car in meters?,A3MX,DS,1.5,vlm-sentinel,,meters
1778,simulation_0068_segmented,What is the average speed of the yellow car in m/s？,A2MX,DD,,none,model answered zero; declining,m/s
1779,simulation_0068_segmented,What is the length of the turning yellow car in meters?,A2MX,DS,,none,model answered zero; declining,meters
1780,simulation_0068_segmented,What is the width of the turning yellow car in meters?,A2MX,DS,,none,model answered zero; declining,meters
1781,simulation_0068_segmented,What is the width of the white car in meters?,A2MX,DS,,none,model answered zero; declining,meters
1782,simulation_0068_segmented,What is the length of the white car in meters？,A2MX,DS,,none,model answered zero; declining,meters
1783,simulation_0098_segmented,What is the average speed of the boat in m/s?,V2MX,DD,,none,model answered zero; declining,m/s
1784,simulation_0098_segmented,What is the length of the boat in meters?,V2MX,DS,30.0,vlm-sentinel,,meters
1785,simulation_0098_segmented,What is the length of the shark in meters?,V2MX,DS,,none,row never attempted,meters
1786,simulation_0098_segmented,What is the height of the shark in meters?,V2MX,DS,1.5,vlm-sentinel,,meters
1787,simulation_0099_segmented,What is the average speed of the boat in m/s?,S2MX,SD,,none,row never attempted,m/s
1788,simulation_0099_segmented,What is the average speed of the shark in m/s?,S2MX,SD,,none,row never attempted,m/s
1789,simulation_0099_segmented,What is the length of the shark in meters?,S2MX,SS,,none,row never attempted,meters
1790,simulation_0099_segmented,What is the height of the shark in meters?,S2MX,SS,,none,row never attempted,meters
1791,simulation_0100_segmented,What is the average speed of the boat in m/s?,S2MX,SD,5.0,vlm-sentinel,,m/s
1792,simulation_0100_segmented,What is the average speed of the shark in m/s?,S2MX,SD,,none,model answered zero; declining,m/s
1793,simulation_0100_segmented,What is the length of the shark in meters?,S2MX,SS,,none,row never attempted,meters
1794,simulation_0100_segmented,What is the height of the shark in meters?,S2MX,SS,,none,row never attempted,meters
1795,simulation_0101_segmented,What is the initial speed of the shark in m/s?,A2MX,DD,,none,model answered zero; declining,m/s
1796,simulation_0101_segmented,What is the average speed of the boat in m/s?,A2MX,DD,5.0,vlm-sentinel,,m/s
1797,simulation_0101_segmented,What is the length of the boat in meters?,A2MX,DS,,none,row never attempted,meters
1798,simulation_0101_segmented,What is the length of the shark in meters?,A2MX,DS,2.5,vlm-sentinel,,meters
1799,simulation_0101_segmented,What is the height of the shark in meters?,A2MX,DS,3.0,vlm-sentinel,,meters
1800,simulation_0102_segmented,What is the initial speed of the shark in m/s?,A2MX,DD,0.5,vlm-sentinel,,m/s
1801,simulation_0102_segmented,What is the average speed of the boat in m/s?,A2MX,DD,1.0,vlm-last-number,,m/s
1802,simulation_0102_segmented,What is the length of the boat in meters?,A2MX,DS,10.0,vlm-sentinel,,meters
1803,simulation_0102_segmented,What is the length of the shark in meters?,A2MX,DS,3.0,vlm-sentinel,,meters
1804,simulation_0102_segmented,What is the height of the shark in meters?,A2MX,DS,0.5,vlm-sentinel,,meters
1805,simulation_0102_segmented,What is the distance between the shark and the boat at 0.5 s in meters?,A2MX,DS,0.125,vlm-sentinel,,meters
1806,simulation_0103_segmented,What is the initial speed of the shark in m/s?,A2MX,DD,,none,model answered zero; declining,m/s
1807,simulation_0103_segmented,What is the average speed of the boat in m/s?,A2MX,DD,1.0,vlm-last-number,,m/s
1808,simulation_0103_segmented,What is the length of the boat in meters?,A2MX,DS,30.0,vlm-sentinel,,meters
1809,simulation_0103_segmented,What is the length of the shark in meters?,A2MX,DS,1.0,vlm-sentinel,,meters
1810,simulation_0103_segmented,What is the height of the shark in meters?,A2MX,DS,0.2,vlm-sentinel,,meters
1811,simulation_0103_segmented,What is the distance between the shark and the boat at 0.5 s in meters?,A2MX,DS,0.125,vlm-sentinel,,meters
1812,simulation_0112_segmented,What is the height of the car in meters?,V2MX,DS,0.45,vlm-sentinel,,meters
1813,simulation_0112_segmented,What is the diameter of the wheel in meters?,V2MX,DS,,none,row never attempted,meters
1814,simulation_0112_segmented,What is the length of the car in meters?,V2MX,DS,4.5,vlm-sentinel,,meters
1815,simulation_0114_segmented,What is the width of the plane in meters?,A2SX,DS,,none,model answered zero; declining,meters
1816,simulation_0114_segmented,What is the length of the plane in meters?,A2SX,DS,,none,model answered zero; declining,meters
1817,simulation_0114_segmented,What is the speed of the plane at 1.5s in m/s?,A2SX,DD,,none,row never attempted,m/s
1818,simulation_0115_segmented,What is the length of the boat in meters?,A2MX,DS,,none,model answered zero; declining,meters
1819,simulation_0115_segmented,What is the width of the boat in meters?,A2MX,DS,0.5,vlm-sentinel,,meters
1820,simulation_0115_segmented,What is the velocity of the boat at 1s in m/s?,A2MX,DD,,none,row never attempted,m/s
1821,simulation_0115_segmented,What is the length of the wooden dock beside the boat in meters?,A2MX,DS,0.5,vlm-sentinel,,meters
1822,simulation_0115_segmented,What is the width of the wooden dock beside the boat in meters?,A2MX,DS,0.5,vlm-sentinel,,meters
1823,simulation_0116_segmented,What is the length of the football in meters?,A2MX,DS,,none,row never attempted,meters
1824,simulation_0116_segmented,What is the width of the football in meters?,A2MX,DS,,none,row never attempted,meters
1825,simulation_0116_segmented,What is the height of each door in meters?,A2MX,DS,,none,model answered zero; declining,meters
1826,simulation_0116_segmented,What is the width of each door in meters?,A2MX,DS,0.8,vlm-sentinel,,meters
1827,simulation_0116_segmented,What is the speed of the football at 0.5s in m/s?,A2MX,DD,,none,row never attempted,m/s
1828,simulation_0121_segmented,What is the speed of the left first ball at 0.5s in m/s?,S2MX,SD,2.0,vlm-sentinel,,m/s
1829,simulation_0121_segmented,What is the speed of the left first ball at 1s in m/s?,S2MX,SD,1.0,vlm-sentinel,,m/s
1830,simulation_0121_segmented,What is the speed of the right last ball at 2s in m/s?,S2MX,SD,,none,model answered zero; declining,m/s
1831,simulation_0123_segmented,What is the length of the rolling cup in meters?,V2MX,DS,0.15,vlm-sentinel,,meters
1832,simulation_0123_segmented,What is the diameter of the rolling cup in meters?,V2MX,DS,0.1,vlm-sentinel,,meters
1833,simulation_0123_segmented,What is the length of the toothbrush lying on the sink in meters?,V2MX,DS,,none,row never attempted,meters
1834,simulation_0123_segmented,What is the diameter of the cup with the toothbrush in meters?,V2MX,DS,,none,row never attempted,meters
1835,simulation_0123_segmented,What is the length of the bottom towel of the three stacked towels on the sink in meters?,V2MX,DS,0.12,vlm-sentinel,,meters
1836,simulation_0123_segmented,What is the width of the bottom towel of the three stacked towels on the sink in meters?,V2MX,DS,0.12,vlm-sentinel,,meters
1837,simulation_0124_segmented,What is the average speed of the grey and red car in m/s?,V2MX,DD,,none,row never attempted,m/s
1838,simulation_0124_segmented,What is the length of the grey and red car in meters?,V2MX,DS,4.5,vlm-sentinel,,meters
1839,simulation_0124_segmented,What is the width of the grey and red car in meters?,V2MX,DS,,none,row never attempted,meters
1840,simulation_0124_segmented,What is the length of the black car in meters?,V2MX,DS,4.5,vlm-sentinel,,meters
1841,simulation_0124_segmented,What is the width of the black car in meters?,V2MX,DS,1.8,vlm-sentinel,,meters
1842,simulation_0124_segmented,What is the horizontal distance between the two cars at 1 s in meters?,V2MX,DS,,none,row never attempted,meters
1843,simulation_0124_segmented,What is the smallest horizontal distance between the two cars in meters?,V2MX,DS,0.5,vlm-sentinel,,meters
1844,simulation_0128_segmented,What is the diameter of the ball in meters?,A2MX,DS,,none,row never attempted,meters
1845,simulation_0129_segmented,What is the diameter of the ball in meters?,A2MX,DS,0.5,vlm-sentinel,,meters
1846,simulation_0129_segmented,What is the length of the forklift in meters?,A2MX,DS,2.5,vlm-sentinel,,meters
1847,simulation_0129_segmented,What is the height of the forklift in meters?,A2MX,DS,2.5,vlm-sentinel,,meters
1848,simulation_0145_segmented,What is the diameter of the tire in meters?,S2MX,SS,,none,row never attempted,meters
1849,simulation_0145_segmented,What is the average speed of the rocket in m/s?,S2MX,SD,290.0,vlm-sentinel,,m/s
1850,simulation_0145_segmented,What is the speed of the rocket at time 1s in m/s?,S2MX,SD,150.0,vlm-sentinel,,m/s
1851,simulation_0145_segmented,What is the acceleration of the rocket at time 1s in m/s^2?,S2MX,SD,,none,model answered zero; declining,m/s^2
1852,simulation_0153_segmented,What is the length of the blue car in meters (including the extending wire)?,S2SX,SS,0.44,vlm-sentinel,,meters
1853,simulation_0153_segmented,What is the speed of the blue car at time 1s in m/s?,S2SX,SD,,none,model answered zero; declining,m/s
1854,simulation_0153_segmented,What is the acceleration of the blue car at time 1s in m/s^2?,S2SX,SD,0.5,vlm-sentinel,,m/s^2
1855,simulation_0153_segmented,What is the speed of the blue car at time 1.5s in m/s?,S2SX,SD,0.18,vlm-sentinel,,m/s
1856,simulation_0153_segmented,What is the acceleration of the blue car at time 1.5s in m/s^2?,S2SX,SD,,none,model answered zero; declining,m/s^2
1857,simulation_0169_segmented,What is the speed of the astronaut at time 0.5s in m/s?,S2SX,SD,,none,model answered zero; declining,m/s
1858,simulation_0169_segmented,What is the acceleration of the astronaut at time 0.5s in m/s^2?,S2SX,SD,,none,model answered zero; declining,m/s^2
1859,simulation_0169_segmented,What is the speed of the astronaut at time 1s in m/s?,S2SX,SD,,none,model answered zero; declining,m/s
1860,simulation_0169_segmented,What is the acceleration of the astronaut at time 1s in m/s^2?,S2SX,SD,2.0,vlm-last-number,,m/s^2
1861,simulation_0169_segmented,What is the speed of the astronaut at time 2s in m/s?,S2SX,SD,,none,model answered zero; declining,m/s
1862,simulation_0169_segmented,What is the acceleration of the astronaut at time 2s in m/s^2?,S2SX,SD,,none,model answered zero; declining,m/s^2
1863,simulation_0169_segmented,What is the speed of the astronaut at time 3s in m/s?,S2SX,SD,,none,model answered zero; declining,m/s
1864,simulation_0169_segmented,What is the acceleration of the astronaut at time 3s in m/s^2?,S2SX,SD,,none,model answered zero; declining,m/s^2
1865,simulation_0170_segmented,What is the speed of the astronaut at time 0.5s in m/s?,S3SX,SD,0.5,vlm-last-number,,m/s
1866,simulation_0170_segmented,What is the acceleration of the astronaut at time 0.5s in m/s^2?,S3SX,SD,,none,model answered zero; declining,m/s^2
1867,simulation_0170_segmented,What is the speed of the astronaut at time 1s in m/s?,S3SX,SD,,none,model answered zero; declining,m/s
1868,simulation_0170_segmented,What is the acceleration of the astronaut at time 1s in m/s^2?,S3SX,SD,,none,model answered zero; declining,m/s^2
1869,simulation_0170_segmented,What is the speed of the astronaut at time 2s in m/s?,S3SX,SD,,none,row never attempted,m/s
1870,simulation_0170_segmented,What is the acceleration of the astronaut at time 2s in m/s^2?,S3SX,SD,,none,model answered zero; declining,m/s^2
1871,simulation_0170_segmented,What is the speed of the astronaut at time 3s in m/s?,S3SX,SD,,none,row never attempted,m/s
1872,simulation_0170_segmented,What is the acceleration of the astronaut at time 3s in m/s^2?,S3SX,SD,,none,model answered zero; declining,m/s^2
1873,simulation_0171_segmented,What is the speed of the astronaut at time 0.5s in m/s?,S2SX,SD,2.2,vlm-sentinel,,m/s
1874,simulation_0171_segmented,What is the acceleration of the astronaut at time 0.5s in m/s^2?,S2SX,SD,0.05,vlm-sentinel,,m/s^2
1875,simulation_0171_segmented,What is the speed of the astronaut at time 1s in m/s?,S2SX,SD,0.5,vlm-sentinel,,m/s
1876,simulation_0171_segmented,What is the acceleration of the astronaut at time 1s in m/s^2?,S2SX,SD,,none,model answered zero; declining,m/s^2
1877,simulation_0171_segmented,What is the speed of the astronaut at time 2s in m/s?,S2SX,SD,0.75,vlm-sentinel,,m/s
1878,simulation_0171_segmented,What is the acceleration of the astronaut at time 2s in m/s^2?,S2SX,SD,,none,model answered zero; declining,m/s^2
1879,simulation_0171_segmented,What is the speed of the astronaut at time 3s in m/s?,S2SX,SD,1.1,vlm-sentinel,,m/s
1880,simulation_0171_segmented,What is the acceleration of the astronaut at time 3s in m/s^2?,S2SX,SD,,none,model answered zero; declining,m/s^2
1881,simulation_0172_segmented,What is the speed of the astronaut at time 0.5s in m/s?,S3SX,SD,,none,row never attempted,m/s
1882,simulation_0172_segmented,What is the acceleration of the astronaut at time 0.5s in m/s^2?,S3SX,SD,,none,model answered zero; declining,m/s^2
1883,simulation_0172_segmented,What is the speed of the astronaut at time 1s in m/s?,S3SX,SD,1.0,vlm-last-number,,m/s
1884,simulation_0172_segmented,What is the acceleration of the astronaut at time 1s in m/s^2?,S3SX,SD,,none,model answered zero; declining,m/s^2
1885,simulation_0172_segmented,What is the speed of the astronaut at time 2s in m/s?,S3SX,SD,,none,row never attempted,m/s
1886,simulation_0172_segmented,What is the acceleration of the astronaut at time 2s in m/s^2?,S3SX,SD,,none,model answered zero; declining,m/s^2
1887,simulation_0172_segmented,What is the speed of the astronaut at time 3s in m/s?,S3SX,SD,,none,row never attempted,m/s
1888,simulation_0172_segmented,What is the acceleration of the astronaut at time 3s in m/s^2?,S3SX,SD,0.05,vlm-sentinel,,m/s^2
1889,simulation_0177_segmented,What is the height of the elephant in meters?,V2SX,DS,2.5,vlm-sentinel,,meters
1890,simulation_0177_segmented,What is the displacement of the elephant in meters?,V2SX,DS,0.57,vlm-sentinel,,meters
1891,simulation_0178_segmented,What is the average speed of the small elephant in m/s?,V2MX,DD,,none,row never attempted,m/s
1892,simulation_0178_segmented,What is the height of the big elephant in meters?,V2MX,DS,,none,model answered zero; declining,meters
1893,simulation_0178_segmented,What is the height of the small elephant in meters?,V2MX,DD,1.16,vlm-sentinel,,meters
1894,simulation_0178_segmented,What is the displacement of the big elephant in meters?,V2MX,DS,27.8,vlm-sentinel,,meters
1895,simulation_0178_segmented,What is the displacement of the small elephant in meters?,V2MX,DS,1.16,vlm-sentinel,,meters
1896,simulation_0188_segmented,What is the length of the truck in meters?,A3SX,DS,12.5,vlm-sentinel,,meters
1897,simulation_0188_segmented,What is the height of the truck in meters?,A3SX,DS,,none,model answered zero; declining,meters
1898,simulation_0188_segmented,What is the diameter of the truck's tire in meters?,A3SX,DS,,none,row never attempted,meters
1899,simulation_0188_segmented,What is the speed of the truck at time 1s in m/s?,A3SX,DD,,none,row never attempted,m/s
1900,simulation_0188_segmented,What is the speed of the truck at time 1.5s in m/s?,A3SX,DD,5.38,vlm-sentinel,,m/s
1901,simulation_0188_segmented,What is the width of the truck in meters?,A3SX,DS,2.5,vlm-sentinel,,meters
1902,simulation_0189_segmented,What is the length of the box in meters?,V2MX,DS,0.52,vlm-sentinel,,meters
1903,simulation_0189_segmented,What is the height of the box in meters?,V2MX,DS,,none,row never attempted,meters
1904,simulation_0189_segmented,What is the length of the truck in meters?,V2MX,DS,12.0,vlm-sentinel,,meters
1905,simulation_0189_segmented,What is the height of the truck(at time 0s) in meters?,V2MX,DS,0.094,vlm-sentinel,,meters
1906,simulation_0189_segmented,What is the diameter of the truck's tire in meters?,V2MX,DS,0.5,vlm-sentinel,,meters
1907,simulation_0190_segmented,What is the height of the truck(at time 0s) in meters?,S2MX,DS,2.66,vlm-sentinel,,meters
1908,simulation_0190_segmented,What is the width of the truck in meters?,S2MX,DS,,none,row never attempted,meters
1909,simulation_0190_segmented,What is the height of the box in meters?,S2MX,DS,,none,row never attempted,meters
1910,simulation_0190_segmented,What is the speed of the box at time 1s in m/s?,S2MX,DD,,none,model answered zero; declining,m/s
1911,simulation_0190_segmented,What is the speed of the box at time 2s in m/s?,S2MX,DD,,none,model answered zero; declining,m/s
1912,simulation_0191_segmented,What is the width of the box in meters?,A2MX,DS,0.5,vlm-sentinel,,meters
1913,simulation_0191_segmented,What is the height of the box in meters?,A2MX,DS,,none,row never attempted,meters
1914,simulation_0191_segmented,What is the length of the truck in meters?,A2MX,DS,3.5,vlm-sentinel,,meters
1915,simulation_0191_segmented,What is the height of the truck in meters?,A2MX,DS,9.8,vlm-last-number,,meters
1916,simulation_0191_segmented,What is the diameter of the truck's tire in meters?,A2MX,DS,1.2,vlm-sentinel,,meters
1917,simulation_0191_segmented,What is the speed of the box at time 0.2s in m/s?,A2MX,DD,,none,row never attempted,m/s
1918,simulation_0191_segmented,What is the speed of the box at time 0.4s in m/s?,A2MX,DD,,none,row never attempted,m/s
1919,simulation_0192_segmented,What is the height of the box in meters?,A2MX,DS,1.76,vlm-sentinel,,meters
1920,simulation_0192_segmented,What is the width of the truck in meters?,A2MX,DS,0.9,vlm-sentinel,,meters
1921,simulation_0192_segmented,What is the width of the box in meters?,A2MX,DS,,none,row never attempted,meters
1922,simulation_0192_segmented,What is the speed of the box at time 0.2s in m/s?,A2MX,DD,,none,row never attempted,m/s
1923,simulation_0192_segmented,What is the speed of the box at time 0.4s in m/s?,A2MX,DD,,none,row never attempted,m/s
1924,simulation_0216_segmented,What is the length of the black cat (including its tail) in meters?,V2MX,DS,,none,row never attempted,meters
1925,simulation_0216_segmented,What is the height of the black cat (including its tail) in meters?,V2MX,DS,0.2,vlm-sentinel,,meters
1926,simulation_0216_segmented,What is the length of the wooden bench in meters?,V2MX,DS,0.8,vlm-sentinel,,meters
1927,simulation_0216_segmented,What is the height of the wooden bench in meters?,V2MX,DS,0.9,vlm-sentinel,,meters
1928,simulation_0216_segmented,What is the height of the lampshade of the table lamp in meters?,V2MX,DS,0.35,vlm-sentinel,,meters
1929,simulation_0216_segmented,What is the diameter of the lampshade of the table lamp in meters?,V2MX,DS,,none,row never attempted,meters
1930,simulation_0216_segmented,What is the height of the table lamp in meters?,V2MX,DS,,none,row never attempted,meters
1931,simulation_0216_segmented,What is the height of the vase in meters?,V2MX,DS,,none,row never attempted,meters
1932,simulation_0216_segmented,What is the height of the floor mirror in meters?,V2MX,DS,1.7,vlm-sentinel,,meters
1933,simulation_0216_segmented,What is the length of the floor mirror in meters?,V2MX,DS,1.88,vlm-sentinel,,meters
1934,simulation_0216_segmented,What is the length of the TV in meters?,V2MX,DS,1.2,vlm-sentinel,,meters
1935,simulation_0216_segmented,What is the height of the TV in meters?,V2MX,DS,,none,row never attempted,meters
1936,simulation_0216_segmented,What is the length of the TV stand in meters?,V2MX,DS,1.25,vlm-sentinel,,meters
1937,simulation_0216_segmented,What is the height of the TV stand in meters?,V2MX,DS,0.9,vlm-sentinel,,meters
1938,simulation_0218_segmented,What is the length of the big robot in meters?,V2MX,DS,0.8,vlm-sentinel,,meters
1939,simulation_0218_segmented,What is the height of the big robot in meters?,V2MX,DS,1.2,vlm-sentinel,,meters
1940,simulation_0218_segmented,What is the length in meters of the long side of the box formed by the white lines on the ground?,V2MX,DS,,none,row never attempted,meters
1941,simulation_0218_segmented,What is the outer diameter of the robot's tires in meters?,V2MX,DS,0.3,vlm-sentinel,,meters
1942,simulation_0224_segmented,What is the length of the chinese chess board in meters?,S2MX,SS,0.97,vlm-sentinel,,meters
1943,simulation_0224_segmented,What is the speed of the red general chess at time 0.5s in m/s?,S2MX,SD,,none,model answered zero; declining,m/s
1944,simulation_0224_segmented,What is the acceleration of the red general chess at time 0.5s in m/s^2?,S2MX,SD,,none,model answered zero; declining,m/s^2
1945,simulation_0224_segmented,What is the speed of the red general chess at time 1s in m/s?,S2MX,SD,,none,model answered zero; declining,m/s
1946,simulation_0224_segmented,What is the acceleration of the red general chess at time 1s in m/s^2?,S2MX,SD,,none,model answered zero; declining,m/s^2
1947,simulation_0224_segmented,What is the speed of the red general chess at time 1.5s in m/s?,S2MX,SD,,none,model answered zero; declining,m/s
1948,simulation_0224_segmented,What is the acceleration of the red general chess at time 1.5s in m/s^2?,S2MX,SD,,none,model answered zero; declining,m/s^2
1949,simulation_0225_segmented,What is the length of the black cat (including its tail) in meters?,V2MX,DS,0.4,vlm-sentinel,,meters
1950,simulation_0225_segmented,What is the height of the black cat (including its tail) in meters?,V2MX,DS,,none,row never attempted,meters
1951,simulation_0225_segmented,What is the width of the beach chair in meters?,V2MX,DS,0.85,vlm-sentinel,,meters
1952,simulation_0225_segmented,What is the spacing in meters between the markings on the pool wall?,V2MX,DS,,none,model answered zero; declining,meters
1953,simulation_0227_segmented,What is the length of the black cat (including its tail) in meters?,V2MX,DS,0.4,vlm-sentinel,,meters
1954,simulation_0227_segmented,What is the height of the black cat (including its tail) in meters?,V2MX,DS,,none,row never attempted,meters
1955,simulation_0227_segmented,What is the width of the beach chair in meters?,V2MX,DS,,none,row never attempted,meters
1956,simulation_0227_segmented,What is the spacing in meters between the markings on the pool wall?,V2MX,DS,0.5,vlm-sentinel,,meters
1957,simulation_0227_segmented,What is the length of the swimming ring in meters?,V2MX,DS,,none,row never attempted,meters
1958,simulation_0227_segmented,What is the height of the swimming ring in meters?,V2MX,DS,,none,row never attempted,meters
1959,simulation_0227_segmented,What is the speed of the swimming ring at time 0.5s in m/s?,V2MX,DD,,none,model answered zero; declining,m/s
1960,simulation_0227_segmented,What is the acceleration of the red general chess at time 0.5s in m/s^2?,V2MX,DD,0.01,vlm-sentinel,,m/s^2
1961,simulation_0227_segmented,What is the speed of the red general chess at time 1s in m/s?,V2MX,DD,0.1,vlm-sentinel,,m/s
1962,simulation_0227_segmented,What is the acceleration of the red general chess at time 1s in m/s^2?,V2MX,DD,,none,no number in the reply,m/s^2
1963,simulation_0227_segmented,What is the speed of the red general chess at time 1.5s in m/s?,V2MX,DD,1.0,vlm-sentinel,,m/s
1964,simulation_0227_segmented,What is the acceleration of the red general chess at time 1.5s in m/s^2?,V2MX,DD,0.01,vlm-sentinel,,m/s^2
1965,simulation_0233_segmented,What is the length of the black cat (including its tail) in meters?,V2MX,DS,,none,row never attempted,meters
1966,simulation_0233_segmented,What is the width(horizontal) of the chair next to the blackboard in meters?,V2MX,DS,,none,row never attempted,meters
1967,simulation_0233_segmented,What is the length(vertical) of the chair next to the blackboard in meters?,V2MX,DS,0.8,vlm-sentinel,,meters
1968,simulation_0237_segmented,What is the length of the brown horse in meters?,V2MX,DS,2.0,vlm-sentinel,,meters
1969,simulation_0237_segmented,What is the width of the house in meters?,V2MX,DS,12.0,vlm-sentinel,,meters
1970,simulation_0237_segmented,What is the length of the house in meters?,V2MX,DS,12.0,vlm-sentinel,,meters
1971,simulation_0239_segmented,What is the length of the brown horse in meters?,V2MX,DS,,none,row never attempted,meters
1972,simulation_0239_segmented,What is the width of the house in meters?,V2MX,DS,12.0,vlm-sentinel,,meters
1973,simulation_0239_segmented,What is the length of the house in meters?,V2MX,DS,12.0,vlm-sentinel,,meters
1974,simulation_0239_segmented,What is the average speed of the white horse in m/s?,V2MX,DD,,none,row never attempted,m/s
1975,simulation_0239_segmented,What is the length of the white horse in meters?,V2MX,DS,,none,row never attempted,meters
1976,simulation_0243_segmented,What is the height of the deer in meters？,V2MX,DS,3.3,vlm-sentinel,,meters
1977,simulation_0243_segmented,What is the length of the deer in meters?,V2MX,DS,1.5,vlm-sentinel,,meters
1978,simulation_0243_segmented,What is the height of the tree behind the deer in meters?,V2MX,DS,10.0,vlm-sentinel,,meters
1979,simulation_0245_segmented,What is the height of the deer in meters？,V2MX,DS,1.0,vlm-sentinel,,meters
1980,simulation_0245_segmented,What is the length of the deer in meters?,V2MX,DS,1.2,vlm-sentinel,,meters
1981,simulation_0245_segmented,What is the average speed of the rabbit in m/s?,V2MX,DD,,none,row never attempted,m/s
1982,simulation_0245_segmented,What is the height of the rabbit in meters?,V2MX,DS,0.12,vlm-sentinel,,meters
1983,simulation_0245_segmented,What is the length of the rabbit in meters?,V2MX,DS,0.15,vlm-sentinel,,meters
1984,simulation_0247_segmented,What is the length of the rabbit in meters?,V3MX,DS,,none,row never attempted,meters
1985,simulation_0247_segmented,What is the length of the deer in meters?,V3MX,DS,2.5,vlm-sentinel,,meters
1986,simulation_0247_segmented,What is the average speed of the rabbit in m/s?,V3MX,DD,,none,model answered zero; declining,m/s
1987,simulation_0248_segmented,What is the height of the brown horse in meters?,V2MX,DS,0.45,vlm-last-number,,meters
1988,simulation_0248_segmented,What is the length of the brown horse in meters?,V2MX,DS,2.5,vlm-sentinel,,meters
1989,simulation_0248_segmented,What is the average speed of the white horse in m/s?,V2MX,DD,0.87,vlm-sentinel,,m/s
1990,simulation_0248_segmented,What is the height of the white horse in meters?,V2MX,DS,1.5,vlm-last-number,,meters
1991,simulation_0248_segmented,What is the length of the white horse in meters?,V2MX,DS,2.0,vlm-sentinel,,meters
1992,simulation_0248_segmented,What is the average speed of the rabbit in m/s?,V2MX,DD,0.087,vlm-sentinel,,m/s
1993,simulation_0248_segmented,What is the length of the rabbit in meters?,V2MX,DS,,none,row never attempted,meters
1994,simulation_0248_segmented,What is the height of the rabbit in meters?,V2MX,DS,0.15,vlm-sentinel,,meters
1995,simulation_0251_segmented,What is the speed of the soccer ball at time 0.5s in m/s?,S2SX,SD,1.0,vlm-sentinel,,m/s
1996,simulation_0251_segmented,What is the speed of the soccer ball at time 2s in m/s?,S2SX,SD,,none,row never attempted,m/s
1997,simulation_0251_segmented,What is the speed of the soccer ball at time 1s in m/s?,S2SX,SD,0.34,vlm-sentinel,,m/s
1998,simulation_0251_segmented,What is the speed of the soccer ball at time 1.5s in m/s?,S2SX,SD,0.67,vlm-sentinel,,m/s
1999,simulation_0255_segmented,What is the speed of the tennis ball at time 0.5s in m/s?,S2SX,SD,0.17,vlm-sentinel,,m/s
2000,simulation_0255_segmented,What is the speed of the tennis ball at time 1s in m/s?,S2SX,SD,0.17,vlm-sentinel,,m/s
2001,simulation_0255_segmented,What is the speed of the tennis ball at time 1.5s in m/s?,S2SX,SD,0.23,vlm-sentinel,,m/s
2002,simulation_0255_segmented,What is the acceleration of the tennis ball at time 0.5s in m/s^2?,S2SX,SD,,none,model answered zero; declining,m/s^2
2003,simulation_0255_segmented,What is the acceleration of the tennis ball at time 1s in m/s^2?,S2SX,SD,,none,model answered zero; declining,m/s^2
2004,simulation_0255_segmented,What is the acceleration of the tennis ball at time 1.5s in m/s^2?,S2SX,SD,,none,model answered zero; declining,m/s^2
2005,simulation_0261_segmented,What is the height of the mug in meters?,A2SX,DS,,none,row never attempted,meters
2006,simulation_0261_segmented,What is the speed of the mug at time 0.2s in m/s?,A2SX,DD,,none,row never attempted,m/s
2007,simulation_0261_segmented,What is the speed of the mug at time 0.4s in m/s?,A2SX,DD,,none,row never attempted,m/s
2008,simulation_0261_segmented,What is the speed of the mug at time 0.625s in m/s?,A2SX,DD,,none,row never attempted,m/s
2009,simulation_0030_segmented,What is the length of the eagle in meters?,V3MX,DS,0.5,vlm-sentinel,,meters
2010,simulation_0151_segmented,"What is the width, in meters, of the blue car?",S3MX,SS,1.2,vlm-sentinel,,meters
2011,simulation_0151_segmented,What is the speed of the yellow car at time 1s in m/s?,S3MX,SD,,none,row never attempted,m/s
2012,simulation_0151_segmented,What is the acceleration of the yellow car at time 1s in m/s^2?,S3MX,SD,2.5,vlm-sentinel,,m/s^2
2013,simulation_0151_segmented,What is the speed of the blue car at time 1s in m/s?,S3MX,SD,,none,model answered zero; declining,m/s
2014,simulation_0151_segmented,What is the acceleration of the blue car at time 1s in m/s^2?,S3MX,SD,91.04,vlm-sentinel,,m/s^2
2015,internet_0001,What is the length of the black car in meters?,S2SC,SS,4.5,vlm-sentinel,,meters
2016,internet_0001,What is the width of the black car in meters?,S2SC,SS,1.83,vlm-sentinel,,meters
2017,internet_0001,What is the average speed of the black car in m/s?,S2SC,SD,2.44,vlm-sentinel,,m/s
2018,internet_0002,What is the length of the red car in meters?,S2SC,SS,5.5,vlm-sentinel,,meters
2019,internet_0002,What is the width of the red car in meters?,S2SC,SS,,none,row never attempted,meters
2020,internet_0002,What is the average speed of the red car in m/s?,S2SC,SD,,none,row never attempted,m/s
2021,internet_0003,What is the diameter of the pizza in cm?,S2MC,SS,,none,row never attempted,cm
2022,internet_0003,What is the diameter of the wine glass in cm?,S2MC,SS,,none,row never attempted,cm
2023,internet_0003,What is the velocity of the pizza cutter in cm/s at 0.2s?,S2MC,SD,15.0,vlm-sentinel,,cm/s
2024,internet_0003,What is the diameter of a pepperoni on the pizza in cm?,S2MC,SS,,none,row never attempted,cm
2025,internet_0004,What is the length of the wood block in cm?,S2MC,SS,,none,row never attempted,cm
2026,internet_0004,What is the thickness of the wood block in cm?,S2MC,SS,,none,row never attempted,cm
2027,internet_0004,What is the average velocity of the pencil tip moving on the block in cm/s?,S2MC,SD,10.0,vlm-sentinel,,cm/s
2028,internet_0004,What is the average velocity of the saw cutting the block in cm/s?,S2MC,SD,,none,row never attempted,cm/s
2029,internet_0005,What is the distance between the two black road signs in meters?,V2MC,DS,,none,row never attempted,meters
2030,internet_0005,What is the height of the woman in yellow in meters?,V2MC,DS,1.6,vlm-sentinel,,meters
2031,internet_0005,What is the length of the light right above the woman's head in meters?,V2MC,DS,,none,row never attempted,meters
2032,internet_0005,What is the side length of the floor tiles in meters?,V2MC,DS,,none,row never attempted,meters
2033,internet_0006,What is the length of the motor cycle in meters?,S2MC,SS,2.25,vlm-sentinel,,meters
2034,internet_0006,What is the average speed of the motorcycle in m/s?,S2MC,SD,,none,row never attempted,m/s
2035,internet_0006,What is the length of the white car in meters?,S2MC,SS,,none,row never attempted,meters
2036,internet_0006,What is the average speed of the white car in m/s?,S2MC,SD,,none,row never attempted,m/s
2037,internet_0006,What is the length of the black car in meters?,S2MC,SS,,none,row never attempted,meters
2038,internet_0006,What is the average speed of the black car in m/s?,S2MC,SD,,none,row never attempted,m/s
2039,internet_0007,What is the length of the white car in meters?,S2MC,SS,,none,row never attempted,meters
2040,internet_0007,What is the average speed of the white car in m/s?,S2MC,SD,,none,row never attempted,m/s
2041,internet_0007,What is the length of the black car in meters?,S2MC,SS,,none,row never attempted,meters
2042,internet_0007,What is the average speed of the black car in m/s?,S2MC,SD,,none,model answered zero; declining,m/s
2043,internet_0008,What is the average speed of the sailboat in m/s?,S2MC,SD,0.05,vlm-sentinel,,m/s
2044,internet_0008,What is the average speed of the speedboat in m/s?,S2MC,SD,1.0,vlm-sentinel,,m/s
2045,internet_0008,What is the length of the speedboat in meters?,S2MC,SS,,none,row never attempted,meters
2046,internet_0009,What is the distance between the two players in meters at the beginning?,S2MC,SS,,none,row never attempted,meters
2047,internet_0009,What is the average velocity of the tennis ball flying across the net in m/s?,S2MC,SD,45.0,vlm-sentinel,,m/s
2048,internet_0009,What is the total displacement of the player on the right in meters?,S2MC,SS,4.1,vlm-sentinel,,meters
2049,internet_0010,How tall is the shooter in cm?,S2MC,SS,,none,row never attempted,cm
2050,internet_0010,What is the velocity of the ball at 2.00s in cm/s?,S2MC,SD,,none,model answered zero; declining,cm/s
2051,internet_0011,What is the initial distance between the two players in meters?,S2MC,SS,,none,row never attempted,meters
2052,internet_0011,What is the displacement of the player in white in meters?,S2MC,SS,,none,row never attempted,meters
2053,internet_0011,What is the average moving speed of the player in white in m/s?,S2MC,SD,1.4,vlm-sentinel,,m/s
2054,internet_0011,What is the displacement of the player in black in meters?,S2MC,SS,,none,row never attempted,meters
2055,internet_0012,What is the length of the truck in meters?,S2MC,SS,,none,row never attempted,meters
2056,internet_0012,What is the average velocity of the truck in m/s?,S2MC,SD,10.0,vlm-sentinel,,m/s
2057,internet_0012,What is the length of the grey car in meters?,S2MC,SS,4.5,vlm-sentinel,,meters
2058,internet_0012,What is the average velocity of the grey car in m/s?,S2MC,SD,,none,row never attempted,m/s
2059,internet_0012,What is the length of the car on the leftmost lane in meters?,S2MC,SS,,none,row never attempted,meters
2060,internet_0012,What is the average velocity of the car on the leftmost lane in m/s?,S2MC,SD,,none,row never attempted,m/s
2061,internet_0012,What is the length of the white car on the second lane to the left in meters?,S2MC,SS,,none,row never attempted,meters
2062,internet_0012,What is the average velocity of the white car on the second lane to the left in m/s?,S2MC,SD,,none,row never attempted,m/s
2063,internet_0013,What is the width of the straight-through lane in meters?,V2MC,DS,,none,row never attempted,meters
2064,internet_0013,What is the width of the roundabout lane in meters?,V2MC,DS,,none,row never attempted,meters
2065,internet_0013,What is the diameter of the center island planter in meters?,V2MC,DS,,none,row never attempted,meters
2066,internet_0013,What is the speed of the white car in the roundabout at 3.0s in m/s?,V2MC,DD,,none,row never attempted,m/s
2067,internet_0013,What is the speed of the bicycle on the upper left corner at 3.0s in m/s?,V2MC,DD,5.0,vlm-sentinel,,m/s
2068,internet_0013,What is the distance between the two black cars in the round about at 1.0s in meters?,V2MC,DS,20.0,vlm-sentinel,,meters
2069,internet_0014,What is the initial distance between the two players in meters?,S2MC,SS,,none,row never attempted,meters
2070,internet_0014,What is the distance from the player closest to the goal to the goal at 0s in meters?,S2MC,SS,,none,row never attempted,meters
2071,internet_0014,What is he football's velocity at 7.00s in m/s?,S2MC,SD,3.0,vlm-sentinel,,m/s
2072,internet_0014,What is the average velocity of the player with the ball from 8.0s to 9.0s in m/s?,S2MC,SD,1.5,vlm-sentinel,,m/s
2073,internet_0014,What is distance between the two players at 9.00s in meters?,S2MC,SS,60.0,vlm-sentinel,,meters
2074,internet_0015,What is the average vehicle spacing in meters?,S2MC,SS,,none,row never attempted,meters
2075,internet_0015,What is the length of the black car in meters?,S2MC,SS,,none,row never attempted,meters
2076,internet_0015,What is the length of the motorcycle in meters?,S2MC,SS,,none,row never attempted,meters
2077,internet_0015,What is the average speed of the motorcycle in m/s?,S2MC,SS,,none,row never attempted,m/s
2078,internet_0015,What is the speed of the car before the motorcycle at 1.0s in m/s?,S2MC,SS,,none,row never attempted,m/s
2079,internet_0016,What is the distance between the two players in meters at the beginning?,S2MC,SS,,none,row never attempted,meters
2080,internet_0016,What is the velocity of the basketball at 0s in m/s?,S2MC,SD,,none,model answered zero; declining,m/s
2081,internet_0016,What is the distance between the ball and the player in black at 0.5s in meters?,S2MC,SS,,none,row never attempted,meters
2082,internet_0016,What is the distance between the basket and the player in black at 0.5s in meters?,S2MC,SS,3.0,vlm-sentinel,,meters
2083,internet_0017,What is the diameter of the round container in cm?,S2MS,SS,,none,row never attempted,cm
2084,internet_0017,What is the length of the keyboard in cm?,S2MS,SS,,none,row never attempted,cm
2085,internet_0017,What is the width of the keyboard in cm?,S2MS,SS,,none,row never attempted,cm
2086,internet_0017,What is the length of the pen in cm?,S2MS,SS,,none,row never attempted,cm
2087,internet_0017,What is moving speed of the user's (middle) fingertip at 0.4s in cm/s?,S2MS,SD,15.0,vlm-sentinel,,cm/s
2088,internet_0018,What is the distance between the two players in meters at the beginning?,S2MC,SS,,none,row never attempted,meters
2089,internet_0018,What is the distance between the benches and the court in meters?,S2MC,SS,1.5,vlm-sentinel,,meters
2090,internet_0018,What is the tennis ball's velocity at 1.5s in m/s?,S2MC,SS,120.0,vlm-sentinel,,m/s
2091,internet_0019,What is the size of the ball in cm?,A2MC,DS,,none,row never attempted,cm
2092,internet_0019,What is the height of the person standing in the middle in cm?,A2MC,DS,170.0,vlm-sentinel,,cm
2093,internet_0019,What is the height of the person on the left (the passer) in cm?,A2MC,DS,,none,row never attempted,cm
2094,internet_0019,What is the height of the person on the right (the receiver) in cm?,A2MC,DS,150.0,vlm-sentinel,,cm
2095,internet_0019,What is the initial distance between the passer and the receiver in meters?,A2MC,DS,3.0,vlm-sentinel,,meters
2096,internet_0019,What is the velocity of the ball at 1.00s in m/s?,A2MC,DD,,none,row never attempted,m/s
2097,internet_0019,What is the (average) horizontal velocity of the ball in m/s?,A2MC,DD,5.0,vlm-sentinel,,m/s
2098,internet_0020,What is the height of the sink in cm?,S2MC,SS,,none,row never attempted,cm
2099,internet_0020,What is the width of the tray in cm?,S2MC,SS,,none,row never attempted,cm
2100,internet_0020,What is the height of the pump bottle in cm?,S2MC,SS,,none,row never attempted,cm
2101,internet_0020,What is average moving velocity of the picked bottle in cm/s?,S2MC,SD,,none,row never attempted,cm/s
2102,internet_0020,What is the velocity of the picked bottle at 0.50s in cm/s?,S2MC,SD,,none,row never attempted,cm/s
2103,internet_0021,What is the average speed of the airplane in m/s? ,S2MC,SD,,none,row never attempted,m/s
2104,internet_0021,What is the distance between the airplane and the roof top at 0s in meters?,S2MC,SS,,none,row never attempted,meters
2105,internet_0021,What is the the displacement of the airplane from 0s to 2.00s in meters? ,S2MC,SS,,none,row never attempted,meters
2106,internet_0022,What is the diameter of the tea cup in mm?,S2MC,SS,,none,row never attempted,mm
2107,internet_0022,What is the diameter of the saucer in mm?,S2MC,SS,,none,row never attempted,mm
2108,internet_0022,What is the length of the pencil in mm?,S2MC,SS,,none,row never attempted,mm
2109,internet_0022,What is the shoulder width of the man in cm?,S2MC,SS,,none,row never attempted,cm
2110,internet_0022,What is the length of the table in meters?,S2MC,SS,1.5,vlm-sentinel,,meters
2111,internet_0022,What is the length of the monitor in cm?,S2MC,SS,,none,row never attempted,cm
2112,internet_0022,What is the width of the grey notebook in cm?,S2MC,SS,,none,row never attempted,cm
2113,internet_0022,What is the length of the grey notebook in cm?,S2MC,SS,,none,row never attempted,cm
2114,internet_0022,What is average velocity of the man's moving hand from 0.40s to 1.00s in cm/s?,S2MC,SD,,none,row never attempted,cm/s
2115,internet_0023,What is the length of the swimming pool in meters (excluding the stair area)?,S2MC,SS,,none,row never attempted,meters
2116,internet_0023,What is the width of the swimming pool in meters?,S2MC,SS,,none,row never attempted,meters
2117,internet_0023,What is the length of the deck chair in meters?,S2MC,SS,,none,row never attempted,meters
2118,internet_0023,What is the average velocity of the swimmer in m/s?,S2MC,SD,,none,row never attempted,m/s
2119,internet_0023,What is the distance between the two umbrellas on the left in meters?,S2MC,SS,,none,row never attempted,meters
2120,internet_0024,What is the length of the earphone case in mm?,S2MC,SS,,none,row never attempted,mm
2121,internet_0024,What is the length of the pencil in cm?,S2MC,SS,,none,row never attempted,cm
2122,internet_0024,What is the diameter of the mug in cm?,S2MC,SS,,none,row never attempted,cm
2123,internet_0024,What is the length of the longest side of the laptop in cm?,S2MC,SS,15.75,vlm-sentinel,,cm
2124,internet_0024,What is the length of the longest side of the wallet in cm?,S2MC,SS,,none,row never attempted,cm
2125,internet_0024,What is the moving velocity of the mug at 0.50s in cm/s?,S2MC,SS,15.0,vlm-sentinel,,cm/s
2126,internet_0025,What is the length of the canoe in meters?,S2SC,SS,,none,row never attempted,meters
2127,internet_0025,What is the average speed of the canoe in m/s?,S2SC,SD,,none,model answered zero; declining,m/s
2128,internet_0025,What is the displacement of the canoe in the first 5 seconds in meters?,S2SC,SS,,none,row never attempted,meters
2129,internet_0026,What is the sitting height of the baby in cm?,S2MC,SS,,none,row never attempted,cm
2130,internet_0026,What is the distance between the baby and the man in meters?,S2MC,SS,,none,row never attempted,meters
2131,internet_0026,What is the length of the toy truck in cm?,S2MC,SS,30.0,vlm-sentinel,,cm
2132,internet_0026,What is the height of the toy truck in cm?,S2MC,SS,,none,row never attempted,cm
2133,internet_0026,What is the speed of the toy truck at 0.50s in cm/s?,S2MC,SD,,none,model answered zero; declining,cm/s
2134,internet_0026,What is the average speed of the toy truck in cm/s?,S2MC,SD,,none,model answered zero; declining,cm/s
2135,internet_0027,What is the initial distance between the black ball and the purple ball in cm?,S2MC,SS,,none,row never attempted,cm
2136,internet_0027,What is the white ball's average velocity in 1.00s to 2.00s in cm/s?,S2MC,SD,8.58,vlm-sentinel,,cm/s
2137,internet_0027,What is the velocity of the orange ball at 1.00s in cm/s?,S2MC,SD,,none,model answered zero; declining,cm/s
2138,internet_0027,What is the final distance between the purple ball and the black ball in cm?,S2MC,SS,,none,row never attempted,cm
2139,internet_0027,What is the acceleration of the yellow balloon the left at 2.00s in cm/s^2?,S2MC,SD,10.0,vlm-sentinel,,cm/s^2
2140,captured_0001,What is the size of the ball in cm? ,A3SS,DS,,none,row never attempted,cm
2141,captured_0001,What is the length of the slope in cm? ,A3SS,DS,,none,row never attempted,cm
2142,captured_0001,What is the displacement of the ball between 0s and 1.5s in cm?,A3SS,DS,,none,row never attempted,cm
2143,captured_0001,What is the velocity of the ball at 1.5s in cm/s?,A3SS,DD,,none,row never attempted,cm/s
2144,captured_0001,What is the velocity of the ball at the end of the slope in cm/s? ,A3SS,DD,,none,row never attempted,cm/s
2145,captured_0002,What is the size of the ball in mm? ,A3SS,DS,25.0,vlm-sentinel,,mm
2146,captured_0002,What is the length of the slope in cm? ,A3SS,DS,,none,row never attempted,cm
2147,captured_0002,What is the displacement of the ball between 1.0s and 1.3s in cm?,A3SS,DS,,none,row never attempted,cm
2148,captured_0002,What is the velocity of the ball at 1.3s in cm/s?,A3SS,DD,,none,row never attempted,cm/s
2149,captured_0002,What is the velocity of the ball at the end of the slope in cm/s? ,A3SS,DD,,none,row never attempted,cm/s
2150,captured_0006,What is the height of the toy in cm? ,A3SC,DS,14.0,vlm-sentinel,,cm
2151,captured_0006,What is the width of the toy in cm?,A3SC,DS,12.0,vlm-sentinel,,cm
2152,captured_0006,What is the velocity of the toy at 1.2s in m/s? ,A3SC,DS,2.0,vlm-sentinel,,m/s
2153,captured_0006,What the displacement of the toy between 1s and 1.2s in cm? ,A3SC,DS,,none,row never attempted,cm
2154,captured_0006,What is the velocity of the toy when hitting the desk for the first time in m/s? ,A3SC,DS,4.2,vlm-sentinel,,m/s
2155,captured_0006s,What is the height of the toy in cm? ,A3SS,DS,,none,row never attempted,cm
2156,captured_0006s,What is the width of the toy in cm?,A3SS,DS,,none,row never attempted,cm
2157,captured_0006s,What is the velocity of the toy at 1.2s in m/s? ,A3SS,DS,4.7,vlm-sentinel,,m/s
2158,captured_0006s,What the displacement of the toy between 1s and 1.2s in cm? ,A3SS,DS,,none,row never attempted,cm
2159,captured_0006s,What is the velocity of the toy when hitting the desk for the first time in m/s? ,A3SS,DS,,none,row never attempted,m/s
2160,captured_0008,What is the basketball's initial distance from the desk in cm? ,A3SC,DS,32.4,vlm-sentinel,,cm
2161,captured_0008,What is the basketball's diameter in cm?,A3SC,DS,,none,row never attempted,cm
2162,captured_0008,What is the maximum rebounce height (with respect to the desk) of the basketball in cm? ,A3SC,DS,203.0,vlm-sentinel,,cm
2163,captured_0008,What is the basketball's velocity at 1.2s in m/s? ,A3SC,DS,0.81,vlm-sentinel,,m/s
2164,captured_0008,What is the basketball's  distance from the camera at 1.2s in meters? ,A3SC,DS,,none,row never attempted,meters
2165,captured_0008s,What is the basketball's initial distance from the desk in cm? ,A3SS,DS,,none,row never attempted,cm
2166,captured_0008s,What is the basketball's diameter in cm?,A3SS,DS,,none,row never attempted,cm
2167,captured_0008s,What is the maximum rebounce height (with respect to the desk) of the basketball in cm? ,A3SS,DS,,none,row never attempted,cm
2168,captured_0008s,What is the basketball's velocity at 1.2s in m/s? ,A3SS,DS,1.6,vlm-sentinel,,m/s
2169,captured_0008s,What is the basketball's  distance from the camera at 1.2s in meters? ,A3SS,DS,,none,row never attempted,meters
2170,captured_0008x,What is the basketball's initial distance from the desk in cm? ,A3SX,DS,,none,row never attempted,cm
2171,captured_0008x,What is the basketball's diameter in cm?,A3SX,DS,,none,row never attempted,cm
2172,captured_0008x,What is the maximum rebounce height (with respect to the desk) of the basketball in cm? ,A3SX,DS,,none,row never attempted,cm
2173,captured_0008x,What is the basketball's velocity at 1.2s in m/s? ,A3SX,DS,1.57,vlm-sentinel,,m/s
2174,captured_0008x,What is the basketball's  distance from the camera at 1.2s in meters? ,A3SX,DS,,none,row never attempted,meters
2175,captured_0009,What is the basketball's initial distance from the floor in cm? ,A3SC,DS,,none,row never attempted,cm
2176,captured_0009,What is the basketball's diameter in cm?,A3SC,DS,,none,row never attempted,cm
2177,captured_0009,What is the maximum rebounce height of the basketball in cm? ,A3SC,DS,44.9,vlm-sentinel,,cm
2178,captured_0009,What is the basketball's velocity at 1.8s in m/s? ,A3SC,DS,1.4,vlm-sentinel,,m/s
2179,captured_0009,What is the basketball's  distance from the camera at 1.8s in meters? ,A3SC,DS,,none,row never attempted,meters
2180,captured_0009s,What is the basketball's initial distance from the floor in cm? ,A3SS,DS,,none,row never attempted,cm
2181,captured_0009s,What is the basketball's diameter in cm?,A3SS,DS,,none,row never attempted,cm
2182,captured_0009s,What is the maximum rebounce height of the basketball in cm? ,A3SS,DS,44.9,vlm-sentinel,,cm
2183,captured_0009s,What is the basketball's velocity at 1.8s in m/s? ,A3SS,DS,1.4,vlm-sentinel,,m/s
2184,captured_0009s,What is the basketball's  distance from the camera at 1.8s in meters? ,A3SS,DS,,none,row never attempted,meters
2185,captured_0009x,What is the basketball's initial distance from the floor in cm? ,A3SX,DS,,none,row never attempted,cm
2186,captured_0009x,What is the basketball's diameter in cm?,A3SX,DS,,none,row never attempted,cm
2187,captured_0009x,What is the maximum rebounce height of the basketball in cm? ,A3SX,DS,44.9,vlm-sentinel,,cm
2188,captured_0009x,What is the basketball's velocity at 1.8s in m/s? ,A3SX,DS,1.4,vlm-sentinel,,m/s
2189,captured_0009x,What is the basketball's  distance from the camera at 1.8s in meters? ,A3SX,DS,,none,row never attempted,meters
2190,captured_0010,What is the length of the string in cm? ,A3SC,DS,135.0,vlm-sentinel,,cm
2191,captured_0010,What is the ball's diameter in cm?,A3SC,DS,,none,model answered zero; declining,cm
2192,captured_0010,What is the ball's velocity at 0.3s in m/s? ,A3SC,DS,1.3,vlm-sentinel,,m/s
2193,captured_0010,What is the ball's velocoty at 0.6s in m/s? ,A3SC,DS,,none,row never attempted,m/s
2194,captured_0010,What is that ball's acceleration at 0.3s in m/s? ,A3SC,DS,,none,row never attempted,m/s
2195,captured_0010,What is that ball's acceleration at 0.6s in m/s? ,A3SC,DS,,none,row never attempted,m/s
2196,captured_0010s,What is the length of the string in cm? ,A3SS,DS,,none,row never attempted,cm
2197,captured_0010s,What is the ball's diameter in cm?,A3SS,DS,10.0,vlm-sentinel,,cm
2198,captured_0010s,What is the ball's velocity at 0.3s in m/s? ,A3SS,DS,,none,row never attempted,m/s
2199,captured_0010s,What is the ball's velocoty at 0.6s in m/s? ,A3SS,DS,,none,row never attempted,m/s
2200,captured_0010s,What is that ball's acceleration at 0.3s in m/s? ,A3SS,DS,,none,row never attempted,m/s
2201,captured_0010s,What is that ball's acceleration at 0.6s in m/s? ,A3SS,DS,9.8,vlm-sentinel,,m/s^2
2202,captured_0010X,What is the length of the string in cm? ,A3SX,DS,120.0,vlm-sentinel,,cm
2203,captured_0010X,What is the ball's diameter in cm?,A3SX,DS,10.0,vlm-sentinel,,cm
2204,captured_0010X,What is the ball's velocity at 0.3s in m/s? ,A3SX,DS,,none,row never attempted,m/s
2205,captured_0010X,What is the ball's velocoty at 0.6s in m/s? ,A3SX,DS,,none,row never attempted,m/s
2206,captured_0010X,What is that ball's acceleration at 0.3s in m/s? ,A3SX,DS,,none,row never attempted,m/s
2207,captured_0010X,What is that ball's acceleration at 0.6s in m/s? ,A3SX,DS,,none,row never attempted,m/s
2208,captured_0013,What is the height of the cup in cm? ,A3MC,DS,12.0,vlm-sentinel,,cm
2209,captured_0013,What is the length of the pen in cm? ,A3MC,DS,,none,row never attempted,cm
2210,captured_0013,What is the diameter of the cookie in cm? ,A3MC,DS,,none,row never attempted,cm
2211,captured_0013,What is the width of the note book in cm? ,A3MC,DS,,none,row never attempted,cm
2212,captured_0013,What is the width of the desk in cm? ,A3MC,DS,,none,row never attempted,cm
2213,captured_0013,What is the length of the slope in cm?,A3MC,DS,,none,row never attempted,cm
2214,captured_0013,What is the diameter of the ball in cm? ,A3MC,DS,6.0,vlm-sentinel,,cm
2215,captured_0013,What is the velolicty of the ball at 1.5s in cm/s? ,A3MC,DD,,none,row never attempted,cm/s
2216,captured_0013s,What is the height of the cup in cm? ,A3MS,DS,15.0,vlm-sentinel,,cm
2217,captured_0013s,What is the length of the pen in cm? ,A3MS,DS,,none,row never attempted,cm
2218,captured_0013s,What is the diameter of the cookie in cm? ,A3MS,DS,,none,row never attempted,cm
2219,captured_0013s,What is the width of the note book in cm? ,A3MS,DS,,none,row never attempted,cm
2220,captured_0013s,What is the width of the desk in cm? ,A3MS,DS,172.1,vlm-sentinel,,cm
2221,captured_0013s,What is the length of the slope in cm?,A3MS,DS,,none,row never attempted,cm
2222,captured_0013s,What is the diameter of the ball in cm? ,A3MS,DS,,none,row never attempted,cm
2223,captured_0013s,What is the velolicty of the ball at 1.5s in cm/s? ,A3MS,DD,,none,row never attempted,cm/s
2224,captured_0013x,What is the height of the cup in cm? ,A3MX,DS,4.5,vlm-sentinel,,cm
2225,captured_0013x,What is the length of the pen in cm? ,A3MX,DS,14.0,vlm-sentinel,,cm
2226,captured_0013x,What is the diameter of the cookie in cm? ,A3MX,DS,,none,row never attempted,cm
2227,captured_0013x,What is the width of the note book in cm? ,A3MX,DS,15.0,vlm-sentinel,,cm
2228,captured_0013x,What is the width of the desk in cm? ,A3MX,DS,172.1,vlm-sentinel,,cm
2229,captured_0013x,What is the length of the slope in cm?,A3MX,DS,,none,row never attempted,cm
2230,captured_0013x,What is the diameter of the ball in cm? ,A3MX,DS,8.0,vlm-sentinel,,cm
2231,captured_0013x,What is the velolicty of the ball at 1.5s in cm/s? ,A3MX,DD,,none,row never attempted,cm/s
2232,captured_0014,What is the diameter of the cookie in cm? ,A3MC,DS,12.0,vlm-sentinel,,cm
2233,captured_0014,What is the diameter of the ball in cm? ,A3MC,DS,5.0,vlm-sentinel,,cm
2234,captured_0014,What is the height of the cup in cm? ,A3MC,DS,,none,row never attempted,cm
2235,captured_0014,What is the length of the pen in cm? ,A3MC,DS,,none,row never attempted,cm
2236,captured_0014,What is the length of the book in cm?,A3MC,DS,,none,row never attempted,cm
2237,captured_0014,What is the width of the book in cm?,A3MC,DS,,none,row never attempted,cm
2238,captured_0014,What is the height of the book in cm?,A3MC,DS,,none,row never attempted,cm
2239,captured_0014,What is the velocity of the rolling ball at 0.6s in cm/s? ,A3MC,DD,,none,row never attempted,cm/s
2240,captured_0014,What is the length of the slope in cm? ,A3MC,DS,,none,row never attempted,cm
2241,captured_0014,What is the width of the slope in cm? ,A3MC,DS,,none,row never attempted,cm
2242,captured_0014,What is the displacement of the rolling object from 0s to 0.6s in cm? ,A3MC,DS,,none,row never attempted,cm
2243,captured_0014s,What is the diameter of the cookie in cm? ,A3MS,DS,,none,row never attempted,cm
2244,captured_0014s,What is the diameter of the ball in cm? ,A3MS,DS,5.0,vlm-sentinel,,cm
2245,captured_0014s,What is the height of the cup in cm? ,A3MS,DS,12.0,vlm-sentinel,,cm
2246,captured_0014s,What is the length of the pen in cm? ,A3MS,DS,14.0,vlm-sentinel,,cm
2247,captured_0014s,What is the length of the book in cm?,A3MS,DS,,none,row never attempted,cm
2248,captured_0014s,What is the width of the book in cm?,A3MS,DS,,none,row never attempted,cm
2249,captured_0014s,What is the height of the book in cm?,A3MS,DS,,none,row never attempted,cm
2250,captured_0014s,What is the velocity of the rolling ball at 0.6s in cm/s? ,A3MS,DD,,none,row never attempted,cm/s
2251,captured_0014s,What is the length of the slope in cm? ,A3MS,DS,,none,row never attempted,cm
2252,captured_0014s,What is the width of the slope in cm? ,A3MS,DS,,none,row never attempted,cm
2253,captured_0014s,What is the displacement of the rolling object from 0s to 0.6s in cm? ,A3MS,DS,,none,row never attempted,cm
2254,captured_0014x,What is the diameter of the cookie in cm? ,A3MX,DS,,none,row never attempted,cm
2255,captured_0014x,What is the diameter of the ball in cm? ,A3MX,DS,,none,row never attempted,cm
2256,captured_0014x,What is the height of the cup in cm? ,A3MX,DS,10.0,vlm-sentinel,,cm
2257,captured_0014x,What is the length of the pen in cm? ,A3MX,DS,14.0,vlm-sentinel,,cm
2258,captured_0014x,What is the length of the book in cm?,A3MX,DS,,none,row never attempted,cm
2259,captured_0014x,What is the width of the book in cm?,A3MX,DS,,none,row never attempted,cm
2260,captured_0014x,What is the height of the book in cm?,A3MX,DS,,none,row never attempted,cm
2261,captured_0014x,What is the velocity of the rolling ball at 0.6s in cm/s? ,A3MX,DD,,none,row never attempted,cm/s
2262,captured_0014x,What is the length of the slope in cm? ,A3MX,DS,,none,row never attempted,cm
2263,captured_0014x,What is the width of the slope in cm? ,A3MX,DS,,none,row never attempted,cm
2264,captured_0014x,What is the displacement of the rolling object from 0s to 0.6s in cm? ,A3MX,DS,,none,row never attempted,cm
2265,captured_0015,What is the height of the person in cm?,A2MC,DS,160.0,vlm-sentinel,,cm
2266,captured_0015,What is the velocity of the toy at 0.6s in cm/s?,A2MC,DD,120.0,vlm-sentinel,,cm/s
2267,captured_0015,What is the height of the toy in cm? ,A2MC,DS,,none,row never attempted,cm
2268,captured_0015,What is the shoulder breadth of the person in cm?,A2MC,DS,,none,model answered zero; declining,cm
2269,captured_0015,What is the velocity of the toy at 2.6s in cm/s?,A2MC,DD,,none,row never attempted,cm/s
2270,captured_0015s,What is the height of the person in cm?,A2MS,DS,,none,row never attempted,cm
2271,captured_0015s,What is the velocity of the toy at 0.6s in cm/s?,A2MS,DS,402.0,vlm-sentinel,,cm/s
2272,captured_0015s,What is the height of the toy in cm? ,A2MS,DS,,none,row never attempted,cm
2273,captured_0015s,What is the shoulder breadth of the person in cm?,A2MS,DS,35.0,vlm-sentinel,,cm
2274,captured_0015s,What is the velocity of the toy at 2.6s in cm/s?,A2MS,DD,,none,row never attempted,cm/s
2275,captured_0015x,What is the height of the person in cm?,A2MX,DS,,none,row never attempted,cm
2276,captured_0015x,What is the velocity of the toy at 0.6s in cm/s?,A2MX,DS,100.0,vlm-sentinel,,cm/s
2277,captured_0015x,What is the height of the toy in cm? ,A2MX,DS,25.0,vlm-sentinel,,cm
2278,captured_0015x,What is the shoulder breadth of the person in cm?,A2MX,DS,,none,model answered zero; declining,cm
2279,captured_0015x,What is the velocity of the toy at 2.6s in cm/s?,A2MX,DD,2.6,vlm-last-number,,cm/s
2280,captured_0016,What is the distance between the two people in cm?,A3SC,DS,,none,row never attempted,cm
2281,captured_0016,What is the diameter of the soccer ball in cm?,A3SC,DS,,none,row never attempted,cm
2282,captured_0016,What is the velocity of the soccer ball at 1.5s in m/s?,A3SC,DD,,none,model answered zero; declining,m/s
2283,captured_0016,What is the displacement of the soccer ball between 1.0s and 1.5s in cm?,A3SC,DS,140.0,vlm-sentinel,,cm
2284,captured_0016s,What is the distance between the two people in cm?,A3SS,DS,,none,row never attempted,cm
2285,captured_0016s,What is the diameter of the soccer ball in cm?,A3SS,DS,,none,row never attempted,cm
2286,captured_0016s,What is the velocity of the soccer ball at 1.5s in m/s?,A3SS,DD,5.2,vlm-sentinel,,m/s
2287,captured_0016s,What is the displacement of the soccer ball between 1.0s and 1.5s in cm?,A3SS,DS,140.0,vlm-sentinel,,cm
2288,captured_0016x,What is the distance between the two people in cm?,A3SX,DS,,none,row never attempted,cm
2289,captured_0016x,What is the diameter of the soccer ball in cm?,A3SX,DS,,none,row never attempted,cm
2290,captured_0016x,What is the velocity of the soccer ball at 1.5s in m/s?,A3SX,DD,5.24,vlm-sentinel,,m/s
2291,captured_0016x,What is the displacement of the soccer ball between 1.0s and 1.5s in cm?,A3SX,DS,140.2,vlm-sentinel,,cm
2292,captured_0018,What is the height of the left person in cm?,A3MC,DS,,none,row never attempted,cm
2293,captured_0018,What is the height of the right person in cm?,A3MC,DS,,none,row never attempted,cm
2294,captured_0018,What is the distance between the two people in cm?,A3MC,DS,,none,row never attempted,cm
2295,captured_0018,What is the length of the box in cm?,A3MC,DS,,none,row never attempted,cm
2296,captured_0018,What is the width of the box in cm?,A3MC,DS,,none,row never attempted,cm
2297,captured_0018,What is the diameter of the soccer ball in cm?,A3MC,DS,22.0,vlm-sentinel,,cm
2298,captured_0018,What is the diameter of the tennis ball in cm?,A3MC,DS,,none,row never attempted,cm
2299,captured_0018,What is the height of the yellow toy in cm?,A3MC,DS,,none,row never attempted,cm
2300,captured_0018,What is the shoe length of the left person in cm?,A3MC,DS,,none,model answered zero; declining,cm
2301,captured_0018,What is the velocity of the box at 3.4s in cm/s?,A3MC,DD,3.4,vlm-last-number,,cm/s
2302,captured_0018,What is the velocity of the soccer ball at 3.4s?,A3MC,DD,,none,row never attempted,
2303,captured_0018,What is the velocity of the tennis ball at 3.4s?,A3MC,DD,3332.0,vlm-sentinel,,cm/s
2304,captured_0018,What is the velocity of the pineapple toy at 3.4s?,A3MC,DD,,none,row never attempted,
2305,captured_0018,What is the distance between the box and the soccer ball in cm at 3.0s?,A3MC,DS,100.0,vlm-sentinel,,cm
2306,captured_0018,What is the distance between the box and the pineapple toy in cm at 3.0s?,A3MC,DS,110.0,vlm-sentinel,,cm
2307,captured_0018,What is the distance between the box and the tennis ball in cm at 3.0s?,A3MC,DS,,none,model answered zero; declining,cm
2308,captured_0018,What is the distance between the tennis ball and the soccer ball in cm at 3.0s?,A3MC,DS,120.0,vlm-sentinel,,cm
2309,captured_0018,What is the distance between the pineapple toy and the soccer ball in cm at 3.0s?,A3MC,DS,120.0,vlm-sentinel,,cm
2310,captured_0018,What is the distance between the pineapple toy and the tennis ball in cm at 3.0s?,A3MC,DS,,none,row never attempted,cm
2311,captured_0018s,What is the height of the left person in cm?,A3MS,DS,170.0,vlm-sentinel,,cm
2312,captured_0018s,What is the height of the right person in cm?,A3MS,DS,,none,row never attempted,cm
2313,captured_0018s,What is the distance between the two people in cm?,A3MS,DS,,none,row never attempted,cm
2314,captured_0018s,What is the length of the box in cm?,A3MS,DS,11.0,vlm-sentinel,,cm
2315,captured_0018s,What is the width of the box in cm?,A3MS,DS,22.0,vlm-sentinel,,cm
2316,captured_0018s,What is the diameter of the soccer ball in cm?,A3MS,DS,21.0,vlm-sentinel,,cm
2317,captured_0018s,What is the diameter of the tennis ball in cm?,A3MS,DS,,none,row never attempted,cm
2318,captured_0018s,What is the height of the yellow toy in cm?,A3MS,DS,,none,row never attempted,cm
2319,captured_0018s,What is the shoe length of the left person in cm?,A3MS,DS,25.0,vlm-sentinel,,cm
2320,captured_0018s,What is the velocity of the box at 3.4s in cm/s?,A3MS,DD,340.0,vlm-sentinel,,cm/s
2321,captured_0018s,What is the velocity of the soccer ball at 3.4s?,A3MS,DD,,none,row never attempted,
2322,captured_0018s,What is the velocity of the tennis ball at 3.4s?,A3MS,DD,,none,row never attempted,
2323,captured_0018s,What is the velocity of the pineapple toy at 3.4s?,A3MS,DD,,none,row never attempted,
2324,captured_0018s,What is the distance between the box and the soccer ball in cm at 3.0s?,A3MS,DS,,none,row never attempted,cm
2325,captured_0018s,What is the distance between the box and the pineapple toy in cm at 3.0s?,A3MS,DS,,none,row never attempted,cm
2326,captured_0018s,What is the distance between the box and the tennis ball in cm at 3.0s?,A3MS,DS,3.13,vlm-last-number,,cm
2327,captured_0018s,What is the distance between the tennis ball and the soccer ball in cm at 3.0s?,A3MS,DS,,none,model answered zero; declining,cm
2328,captured_0018s,What is the distance between the pineapple toy and the soccer ball in cm at 3.0s?,A3MS,DS,112.8,vlm-sentinel,,cm
2329,captured_0018s,What is the distance between the pineapple toy and the tennis ball in cm at 3.0s?,A3MS,DS,100.0,vlm-sentinel,,cm
2330,captured_0018x,What is the height of the left person in cm?,A3MX,DS,160.0,vlm-sentinel,,cm
2331,captured_0018x,What is the height of the right person in cm?,A3MX,DS,,none,row never attempted,cm
2332,captured_0018x,What is the distance between the two people in cm?,A3MX,DS,,none,row never attempted,cm
2333,captured_0018x,What is the length of the box in cm?,A3MX,DS,25.0,vlm-sentinel,,cm
2334,captured_0018x,What is the width of the box in cm?,A3MX,DS,,none,model answered zero; declining,cm
2335,captured_0018x,What is the diameter of the soccer ball in cm?,A3MX,DS,,none,row never attempted,cm
2336,captured_0018x,What is the diameter of the tennis ball in cm?,A3MX,DS,,none,row never attempted,cm
2337,captured_0018x,What is the height of the yellow toy in cm?,A3MX,DS,,none,row never attempted,cm
2338,captured_0018x,What is the shoe length of the left person in cm?,A3MX,DS,25.0,vlm-sentinel,,cm
2339,captured_0018x,What is the velocity of the box at 3.4s in cm/s?,A3MX,DD,542.0,vlm-sentinel,,cm/s
2340,captured_0018x,What is the velocity of the soccer ball at 3.4s?,A3MX,DD,,none,row never attempted,
2341,captured_0018x,What is the velocity of the tennis ball at 3.4s?,A3MX,DD,,none,row never attempted,
2342,captured_0018x,What is the velocity of the pineapple toy at 3.4s?,A3MX,DD,,none,row never attempted,
2343,captured_0018x,What is the distance between the box and the soccer ball in cm at 3.0s?,A3MX,DS,,none,model answered zero; declining,cm
2344,captured_0018x,What is the distance between the box and the pineapple toy in cm at 3.0s?,A3MX,DS,,none,row never attempted,cm
2345,captured_0018x,What is the distance between the box and the tennis ball in cm at 3.0s?,A3MX,DS,100.0,vlm-sentinel,,cm
2346,captured_0018x,What is the distance between the tennis ball and the soccer ball in cm at 3.0s?,A3MX,DS,,none,model answered zero; declining,cm
2347,captured_0018x,What is the distance between the pineapple toy and the soccer ball in cm at 3.0s?,A3MX,DS,,none,model answered zero; declining,cm
2348,captured_0018x,What is the distance between the pineapple toy and the tennis ball in cm at 3.0s?,A3MX,DS,100.0,vlm-sentinel,,cm
2349,captured_0020,What is the height of the yellow toy in cm?,A3MC,DS,15.0,vlm-sentinel,,cm
2350,captured_0020,What is the height of the white jar in cm?,A3MC,DS,15.0,vlm-sentinel,,cm
2351,captured_0020,What is the diameter of the white jar in cm?,A3MC,DS,,none,row never attempted,cm
2352,captured_0020,What is the distance between two people in cm?,A3MC,DS,,none,row never attempted,cm
2353,captured_0020,What is the velocity of the yellow toy at 0.60s cm/s?,A3MC,DD,1.0,vlm-last-number,,cm/s
2354,captured_0020,What is the velocity of the white jar at 0.60s cm/s?,A3MC,DD,150.0,vlm-sentinel,,cm/s
2355,captured_0020,What is the displacement of the yellow toy from 0.60s to 0.80s in cm?,A3MC,DS,,none,row never attempted,cm
2356,captured_0020,What is the displacement of the white jar from 0.60s to 0.80s in cm?,A3MC,DS,10.0,vlm-sentinel,,cm
2357,captured_0020s,What is the height of the yellow toy in cm?,A3MS,DS,15.0,vlm-sentinel,,cm
2358,captured_0020s,What is the height of the white jar in cm?,A3MS,DS,,none,row never attempted,cm
2359,captured_0020s,What is the diameter of the white jar in cm?,A3MS,DS,,none,row never attempted,cm
2360,captured_0020s,What is the distance between two people in cm?,A3MS,DS,,none,row never attempted,cm
2361,captured_0020s,What is the velocity of the yellow toy at 0.60s cm/s?,A3MS,DD,,none,row never attempted,
2362,captured_0020s,What is the velocity of the white jar at 0.60s cm/s?,A3MS,DD,,none,model answered zero; declining,cm/s
2363,captured_0020s,What is the displacement of the yellow toy from 0.60s to 0.80s in cm?,A3MS,DS,20.0,vlm-sentinel,,cm
2364,captured_0020s,What is the displacement of the white jar from 0.60s to 0.80s in cm?,A3MS,DS,20.0,vlm-sentinel,,cm
2365,captured_0020x,What is the height of the yellow toy in cm?,A3MX,DS,,none,row never attempted,cm
2366,captured_0020x,What is the height of the white jar in cm?,A3MX,DS,,none,row never attempted,cm
2367,captured_0020x,What is the diameter of the white jar in cm?,A3MX,DS,,none,row never attempted,cm
2368,captured_0020x,What is the distance between two people in cm?,A3MX,DS,,none,row never attempted,cm
2369,captured_0020x,What is the velocity of the yellow toy at 0.60s cm/s?,A3MX,DD,160.0,vlm-sentinel,,cm/s
2370,captured_0020x,What is the velocity of the white jar at 0.60s cm/s?,A3MX,DD,,none,model answered zero; declining,cm/s
2371,captured_0020x,What is the displacement of the yellow toy from 0.60s to 0.80s in cm?,A3MX,DS,120.0,vlm-sentinel,,cm
2372,captured_0020x,What is the displacement of the white jar from 0.60s to 0.80s in cm?,A3MX,DS,20.0,vlm-sentinel,,cm
2373,captured_0021,What is the velocity of the ping pong ball at 1.2s in cm/s?,S3SC,SD,,none,row never attempted,cm/s
2374,captured_0021,What is the velocity of the ping pong ball at 1.4s in cm/s?,S3SC,SD,,none,row never attempted,cm/s
2375,captured_0021,What is the displacement of the ping pong ball between 1.0s and 1.4s in cm?,S3SC,SS,,none,row never attempted,cm
2376,captured_0021,What is the width of the table in cm?,S3SC,SS,60.0,vlm-sentinel,,cm
2377,captured_0021,What is the length of the table in cm?,S3SC,SS,80.0,vlm-sentinel,,cm
2378,captured_0021s,What is the velocity of the ping pong ball at 1.2s in cm/s?,S3SS,SD,,none,row never attempted,cm/s
2379,captured_0021s,What is the velocity of the ping pong ball at 1.4s in cm/s?,S3SS,SD,,none,row never attempted,cm/s
2380,captured_0021s,What is the displacement of the ping pong ball between 1.0s and 1.4s in cm?,S3SS,SS,,none,row never attempted,cm
2381,captured_0021s,What is the width of the table in cm?,S3SS,SS,60.0,vlm-sentinel,,cm
2382,captured_0021s,What is the length of the table in cm?,S3SS,SS,,none,row never attempted,cm
2383,captured_0021x,What is the velocity of the ping pong ball at 1.2s in cm/s?,S3SX,SD,111.75,vlm-sentinel,,cm/s
2384,captured_0021x,What is the velocity of the ping pong ball at 1.4s in cm/s?,S3SX,SD,,none,row never attempted,cm/s
2385,captured_0021x,What is the displacement of the ping pong ball between 1.0s and 1.4s in cm?,S3SX,SS,,none,row never attempted,cm
2386,captured_0021x,What is the width of the table in cm?,S3SX,SS,60.0,vlm-sentinel,,cm
2387,captured_0021x,What is the length of the table in cm?,S3SX,SS,80.0,vlm-sentinel,,cm
2388,captured_0022,What is the velocity of the ping pong ball at 0.8s in cm/s?,S3SC,SD,,none,row never attempted,cm/s
2389,captured_0022,What is the velocity of the ping pong ball at 1.2s in cm/s?,S3SC,SD,,none,row never attempted,cm/s
2390,captured_0022,What is the acceleration of the ping pong ball at 1.2s in cm/s^2?,S3SC,SD,,none,row never attempted,cm/s^2
2391,captured_0022,What is the displacement of the ping pong ball between 0.6s and 1.6s in cm?,S3SC,SS,22.5,vlm-sentinel,,cm
2392,captured_0022,What is the width of the table in cm?,S3SC,SS,,none,row never attempted,cm
2393,captured_0022,What is the length of the table in cm?,S3SC,SS,,none,row never attempted,cm
2394,captured_0022s,What is the velocity of the ping pong ball at 0.8s in cm/s?,S3SS,SD,,none,row never attempted,cm/s
2395,captured_0022s,What is the velocity of the ping pong ball at 1.2s in cm/s?,S3SS,SD,,none,row never attempted,cm/s
2396,captured_0022s,What is the acceleration of the ping pong ball at 1.2s in cm/s^2?,S3SS,SD,,none,row never attempted,cm/s^2
2397,captured_0022s,What is the displacement of the ping pong ball between 0.6s and 1.6s in cm?,S3SS,SS,22.5,vlm-sentinel,,cm
2398,captured_0022s,What is the width of the table in cm?,S3SS,SS,,none,row never attempted,cm
2399,captured_0022s,What is the length of the table in cm?,S3SS,SS,,none,row never attempted,cm
2400,captured_0022x,What is the velocity of the ping pong ball at 0.8s in cm/s?,S3SX,SD,,none,row never attempted,cm/s
2401,captured_0022x,What is the velocity of the ping pong ball at 1.2s in cm/s?,S3SX,SD,,none,row never attempted,cm/s
2402,captured_0022x,What is the acceleration of the ping pong ball at 1.2s in cm/s^2?,S3SX,SD,,none,row never attempted,cm/s^2
2403,captured_0022x,What is the displacement of the ping pong ball between 0.6s and 1.6s in cm?,S3SX,SS,,none,row never attempted,cm
2404,captured_0022x,What is the width of the table in cm?,S3SX,SS,,none,row never attempted,cm
2405,captured_0022x,What is the length of the table in cm?,S3SX,SS,80.0,vlm-sentinel,,cm
2406,captured_0023,What is the velocity of the book at 1.2s in cm/s?,A3SC,DD,,none,row never attempted,cm/s
2407,captured_0023,What is the velocity of the book at 1.4s in cm/s?,A3SC,DD,,none,row never attempted,cm/s
2408,captured_0023,What is the length of the book in cm?,A3SC,DS,24.0,vlm-sentinel,,cm
2409,captured_0023,What is the width of the book in cm?,A3SC,DS,,none,row never attempted,cm
2410,captured_0023,What is the height of the book in cm?,A3SC,DS,25.0,vlm-sentinel,,cm
2411,captured_0023,What is the length of the slope in cm?,A3SC,DS,,none,row never attempted,cm
2412,captured_0023,What is the width of the slope in cm?,A3SC,DS,,none,row never attempted,cm
2413,captured_0023,What is the width of the table in cm?,A3SC,DS,,none,row never attempted,cm
2414,captured_0023,What is the displacement of the book between 1.0s and 1.6s in cm?,A3SC,DS,,none,row never attempted,cm
2415,captured_0023s,What is the velocity of the book at 1.2s in cm/s?,A3SS,DD,,none,row never attempted,cm/s
2416,captured_0023s,What is the velocity of the book at 1.4s in cm/s?,A3SS,DD,,none,row never attempted,cm/s
2417,captured_0023s,What is the length of the book in cm?,A3SS,DS,25.0,vlm-sentinel,,cm
2418,captured_0023s,What is the width of the book in cm?,A3SS,DS,,none,row never attempted,cm
2419,captured_0023s,What is the height of the book in cm?,A3SS,DS,2.5,vlm-sentinel,,cm
2420,captured_0023s,What is the length of the slope in cm?,A3SS,DS,,none,row never attempted,cm
2421,captured_0023s,What is the width of the slope in cm?,A3SS,DS,,none,row never attempted,cm
2422,captured_0023s,What is the width of the table in cm?,A3SS,DS,60.0,vlm-sentinel,,cm
2423,captured_0023s,What is the displacement of the book between 1.0s and 1.6s in cm?,A3SS,DS,16.9,vlm-sentinel,,cm
2424,captured_0023x,What is the velocity of the book at 1.2s in cm/s?,A3SX,DD,,none,row never attempted,cm/s
2425,captured_0023x,What is the velocity of the book at 1.4s in cm/s?,A3SX,DD,,none,row never attempted,cm/s
2426,captured_0023x,What is the length of the book in cm?,A3SX,DS,25.0,vlm-sentinel,,cm
2427,captured_0023x,What is the width of the book in cm?,A3SX,DS,,none,row never attempted,cm
2428,captured_0023x,What is the height of the book in cm?,A3SX,DS,2.5,vlm-sentinel,,cm
2429,captured_0023x,What is the length of the slope in cm?,A3SX,DS,270.0,vlm-sentinel,,cm
2430,captured_0023x,What is the width of the slope in cm?,A3SX,DS,,none,row never attempted,cm
2431,captured_0023x,What is the width of the table in cm?,A3SX,DS,120.0,vlm-sentinel,,cm
2432,captured_0023x,What is the displacement of the book between 1.0s and 1.6s in cm?,A3SX,DS,16.9,vlm-sentinel,,cm
2433,captured_0024,What is the velocity of the book at 1.0s in cm/s?,A3SC,DD,,none,row never attempted,cm/s
2434,captured_0024,What is the velocity of the book at 1.2s in cm/s?,A3SC,DD,280.0,vlm-sentinel,,cm/s
2435,captured_0024,What is the length of the book in cm?,A3SC,DS,,none,row never attempted,cm
2436,captured_0024,What is the width of the book in cm?,A3SC,DS,,none,row never attempted,cm
2437,captured_0024,What is the height of the book in cm?,A3SC,DS,,none,row never attempted,cm
2438,captured_0024,What is the length of the slope in cm?,A3SC,DS,,none,row never attempted,cm
2439,captured_0024,What is the width of the slope in cm?,A3SC,DS,,none,row never attempted,cm
2440,captured_0024,What is the length of the table in cm?,A3SC,DS,46.0,vlm-sentinel,,cm
2441,captured_0024,What is the width of the table in cm?,A3SC,DS,,none,row never attempted,cm
2442,captured_0024,What is the distance travelled by the book in cm?,A3SC,DS,,none,row never attempted,cm
2443,captured_0024s,What is the velocity of the book at 1.0s in cm/s?,A3SS,DD,,none,row never attempted,cm/s
2444,captured_0024s,What is the velocity of the book at 1.2s in cm/s?,A3SS,DD,,none,row never attempted,cm/s
2445,captured_0024s,What is the length of the book in cm?,A3SS,DS,,none,row never attempted,cm
2446,captured_0024s,What is the width of the book in cm?,A3SS,DS,,none,row never attempted,cm
2447,captured_0024s,What is the height of the book in cm?,A3SS,DS,25.0,vlm-sentinel,,cm
2448,captured_0024s,What is the length of the slope in cm?,A3SS,DS,,none,row never attempted,cm
2449,captured_0024s,What is the width of the slope in cm?,A3SS,DS,,none,row never attempted,cm
2450,captured_0024s,What is the length of the table in cm?,A3SS,DS,,none,row never attempted,cm
2451,captured_0024s,What is the width of the table in cm?,A3SS,DS,,none,row never attempted,cm
2452,captured_0024s,What is the distance travelled by the book in cm?,A3SS,DS,,none,row never attempted,cm
2453,captured_0024x,What is the velocity of the book at 1.0s in cm/s?,A3SX,DD,,none,row never attempted,cm/s
2454,captured_0024x,What is the velocity of the book at 1.2s in cm/s?,A3SX,DD,,none,row never attempted,cm/s
2455,captured_0024x,What is the length of the book in cm?,A3SX,DS,,none,row never attempted,cm
2456,captured_0024x,What is the width of the book in cm?,A3SX,DS,,none,row never attempted,cm
2457,captured_0024x,What is the height of the book in cm?,A3SX,DS,25.0,vlm-sentinel,,cm
2458,captured_0024x,What is the length of the slope in cm?,A3SX,DS,,none,row never attempted,cm
2459,captured_0024x,What is the width of the slope in cm?,A3SX,DS,,none,row never attempted,cm
2460,captured_0024x,What is the length of the table in cm?,A3SX,DS,,none,row never attempted,cm
2461,captured_0024x,What is the width of the table in cm?,A3SX,DS,46.0,vlm-sentinel,,cm
2462,captured_0024x,What is the distance travelled by the book in cm?,A3SX,DS,,none,row never attempted,cm
2463,captured_0027,What is the velocity of the red ball at 0.2s in cm/s?,S3SC,SD,,none,model answered zero; declining,cm/s
2464,captured_0027,What is the velocity of the red ball at 0.6s in cm/s?,S3SC,SD,,none,model answered zero; declining,cm/s
2465,captured_0027,What is the acceleration of the red ball at 0.2s in cm/s^2?,S3SC,SD,,none,model answered zero; declining,cm/s^2
2466,captured_0027,What is the shoulder breadth of the person in cm?,S3SC,SS,,none,row never attempted,cm
2467,captured_0027s,What is the velocity of the red ball at 0.2s in cm/s?,S3SS,SD,,none,model answered zero; declining,cm/s
2468,captured_0027s,What is the velocity of the red ball at 0.6s in cm/s?,S3SS,SD,,none,model answered zero; declining,cm/s
2469,captured_0027s,What is the acceleration of the red ball at 0.2s in cm/s^2?,S3SS,SD,,none,model answered zero; declining,cm/s^2
2470,captured_0027x,What is the velocity of the red ball at 0.2s in cm/s?,S3SX,SD,,none,model answered zero; declining,cm/s
2471,captured_0027x,What is the velocity of the red ball at 0.6s in cm/s?,S3SX,SD,,none,model answered zero; declining,cm/s
2472,captured_0027x,What is the acceleration of the red ball at 0.2s in cm/s^2?,S3SX,SD,1000.0,vlm-sentinel,,cm/s^2
2473,captured_0028,What is the velocity of the ping pong ball at 1.0s in cm/s?,S3SC,SD,,none,row never attempted,cm/s
2474,captured_0028,What is the velocity of the ping pong ball at 1.3s in cm/s?,S3SC,SD,,none,model answered zero; declining,cm/s
2475,captured_0028,What is the acceleration of the ping pong ball at 1.0s in cm/s^2?,S3SC,SD,,none,row never attempted,cm/s^2
2476,captured_0028,What is the acceleration of the ping pong ball at 1.3s in cm/s^2?,S3SC,SD,,none,row never attempted,cm/s^2
2477,captured_0028,What is the distance travelled by the ping pong ball between 1.1s and 1.3s in cm?,S3SC,SS,,none,row never attempted,cm
2478,captured_0028,What is the maximum height reached by the ping pong ball in cm?,S3SC,SS,35.0,vlm-sentinel,,cm
2479,captured_0028s,What is the velocity of the ping pong ball at 1.0s in cm/s?,S3SS,SD,,none,row never attempted,cm/s
2480,captured_0028s,What is the velocity of the ping pong ball at 1.3s in cm/s?,S3SS,SD,,none,model answered zero; declining,cm/s
2481,captured_0028s,What is the acceleration of the ping pong ball at 1.0s in cm/s^2?,S3SS,SD,,none,row never attempted,cm/s^2
2482,captured_0028s,What is the acceleration of the ping pong ball at 1.3s in cm/s^2?,S3SS,SD,,none,row never attempted,cm/s^2
2483,captured_0028s,What is the distance travelled by the ping pong ball between 1.1s and 1.3s in cm?,S3SS,SS,,none,row never attempted,cm
2484,captured_0028s,What is the maximum height reached by the ping pong ball in cm?,S3SS,SS,141.15,vlm-sentinel,,cm
2485,captured_0028x,What is the velocity of the ping pong ball at 1.0s in cm/s?,S3SX,SD,,none,row never attempted,cm/s
2486,captured_0028x,What is the velocity of the ping pong ball at 1.3s in cm/s?,S3SX,SD,,none,model answered zero; declining,cm/s
2487,captured_0028x,What is the acceleration of the ping pong ball at 1.0s in cm/s^2?,S3SX,SD,,none,row never attempted,cm/s^2
2488,captured_0028x,What is the acceleration of the ping pong ball at 1.3s in cm/s^2?,S3SX,SD,,none,row never attempted,cm/s^2
2489,captured_0028x,What is the distance travelled by the ping pong ball between 1.1s and 1.3s in cm?,S3SX,SS,,none,row never attempted,cm
2490,captured_0028x,What is the maximum height reached by the ping pong ball in cm?,S3SX,SS,,none,row never attempted,cm
2491,captured_0029,What is the long of the table in cm?,S3SC,SS,,none,row never attempted,cm
2492,captured_0029,What is the width of the table in cm?,S3SC,SS,,none,row never attempted,cm
2493,captured_0029,What is the velocity of the tennis ball at 1.0s in cm/s??,S3SC,SD,101.25,vlm-sentinel,,cm/s
2494,captured_0029,What is the velocity of the tennis ball when it hits the whiteboard in cm/s?,S3SC,SD,102.08,vlm-sentinel,,cm/s
2495,captured_0029,What is the velocity of the tennis ball at 1.6s in cm/s??,S3SC,SD,,none,row never attempted,cm/s
2496,captured_0029,What is the distance travelled by the tennis ball when it hits the whiteboard in cm?,S3SC,SS,,none,row never attempted,cm
2497,captured_0029s,What is the length of the table in cm?,S3SS,SS,,none,row never attempted,cm
2498,captured_0029s,What is the width of the table in cm?,S3SS,SS,100.0,vlm-sentinel,,cm
2499,captured_0029s,What is the velocity of the tennis ball at 1.0s in cm/s??,S3SS,SD,,none,row never attempted,cm/s
2500,captured_0029s,What is the velocity of the tennis ball at 1.6s in cm/s??,S3SS,SD,,none,row never attempted,cm/s
2501,captured_0029s,What is the distance travelled by the tennis ball when it hits the whiteboard in cm?,S3SS,SS,,none,row never attempted,cm
2502,captured_0029x,What is the length of the table in cm?,S3SX,SS,10.05,vlm-sentinel,,cm
2503,captured_0029x,What is the width of the table in cm?,S3SX,SS,100.0,vlm-sentinel,,cm
2504,captured_0029x,What is the velocity of the tennis ball at 1.0s in cm/s??,S3SX,SD,102.0,vlm-sentinel,,cm/s
2505,captured_0029x,What is the velocity of the tennis ball at 1.6s in cm/s??,S3SX,SD,,none,row never attempted,cm/s
2506,captured_0029x,What is the distance travelled by the tennis ball when it hits the whiteboard in cm?,S3SX,SS,,none,row never attempted,cm
2507,captured_0030,What is the velocity of the red ball at 0.2s in cm/s?,S3SC,SD,160.0,vlm-sentinel,,cm/s
2508,captured_0030,What is the velocity of the red ball at 0.4s in cm/s?,S3SC,SD,,none,row never attempted,cm/s
2509,captured_0030,What is the velocity of the red ball at 0.6s in cm/s?,S3SC,SD,,none,row never attempted,cm/s
2510,captured_0030,What is the velocity of the red ball at 0.8s in cm/s?,S3SC,SD,,none,row never attempted,cm/s
2511,captured_0030s,What is the velocity of the red ball at 0.2s in cm/s?,S3SS,SD,164.0,vlm-sentinel,,cm/s
2512,captured_0030s,What is the velocity of the red ball at 0.4s in cm/s?,S3SS,SD,,none,row never attempted,cm/s
2513,captured_0030s,What is the velocity of the red ball at 0.6s in cm/s?,S3SS,SD,,none,row never attempted,cm/s
2514,captured_0030s,What is the velocity of the red ball at 0.8s in cm/s?,S3SS,SD,,none,row never attempted,cm/s
2515,captured_0030x,What is the velocity of the red ball at 0.2s in cm/s?,S3SX,SD,164.0,vlm-sentinel,,cm/s
2516,captured_0030x,What is the velocity of the red ball at 0.4s in cm/s?,S3SX,SD,,none,row never attempted,cm/s
2517,captured_0030x,What is the velocity of the red ball at 0.6s in cm/s?,S3SX,SD,,none,row never attempted,cm/s
2518,captured_0030x,What is the velocity of the red ball at 0.8s in cm/s?,S3SX,SD,128.5,vlm-sentinel,,cm/s
2519,captured_0031,What is the diameter of the white ball in cm?,S3MC,SS,,none,row never attempted,cm
2520,captured_0031,What is the width of the table in cm?,S3MC,SS,100.0,vlm-sentinel,,cm
2521,captured_0031,What is the length of the table in cm?,S3MC,SS,120.0,vlm-sentinel,,cm
2522,captured_0031,What is the velocity of the tennis ball at 1.6s in cm/s?,S3MC,SD,,none,model answered zero; declining,cm/s
2523,captured_0031,What is the velocity of the white ball at 1.6s in cm/s?,S3MC,SD,,none,model answered zero; declining,cm/s
2524,captured_0031,What is the distance between the ping pong ball and the tennis ball at 1.6s in cm?,S3MC,SS,,none,row never attempted,cm
2525,captured_0031s,What is the diameter of the white ball in cm?,S3MS,SS,5.0,vlm-sentinel,,cm
2526,captured_0031s,What is the width of the table in cm?,S3MS,SS,110.0,vlm-sentinel,,cm
2527,captured_0031s,What is the length of the table in cm?,S3MS,SS,114.0,vlm-sentinel,,cm
2528,captured_0031s,What is the velocity of the tennis ball at 1.6s in cm/s?,S3MS,SD,,none,row never attempted,cm/s
2529,captured_0031s,What is the velocity of the white ball at 1.6s in cm/s?,S3MS,SD,,none,model answered zero; declining,cm/s
2530,captured_0031s,What is the distance between the white ball and the tennis ball at 1.6s in cm?,S3MS,SS,,none,row never attempted,cm
2531,captured_0031x,What is the diameter of the white ball in cm?,S3MX,SS,3.35,vlm-sentinel,,cm
2532,captured_0031x,What is the width of the table in cm?,S3MX,SS,,none,row never attempted,cm
2533,captured_0031x,What is the velocity of the tennis ball at 1.6s in cm/s?,S3MX,SD,,none,model answered zero; declining,cm/s
2534,captured_0031x,What is the velocity of the white ball at 1.6s in cm/s?,S3MX,SD,,none,model answered zero; declining,cm/s
2535,captured_0031x,What is the distance between the white ball and the tennis ball at 1.6s in cm?,S3MX,SS,13.4,vlm-sentinel,,cm
2536,captured_0032,What is the velocity of the white ball at 1.6s in cm/s?,S3MC,SS,,none,model answered zero; declining,cm/s
2537,captured_0032,What is the width of the table in cm?,S3MC,SS,120.0,vlm-sentinel,,cm
2538,captured_0032,What is the length of the table in cm?,S3MC,SS,,none,row never attempted,cm
2539,captured_0032,What is the velocity of the tennis ball at 1.5s in cm/s?,S3MC,SD,4000.0,vlm-sentinel,,cm/s
2540,captured_0032,What is the velocity of the white ball at 1.5s in cm/s?,S3MC,SD,,none,model answered zero; declining,cm/s
2541,captured_0032,What is the distance between the white ball and the tennis ball at 1.5s in cm?,S3MC,SS,,none,row never attempted,cm
2542,captured_0032s,What is the diameter of the white ball in cm?,S3MS,SS,,none,row never attempted,cm
2543,captured_0032s,What is the width of the table in cm?,S3MS,SS,110.0,vlm-sentinel,,cm
2544,captured_0032s,What is the length of the table in cm?,S3MS,SS,110.0,vlm-sentinel,,cm
2545,captured_0032s,What is the velocity of the tennis ball at 1.5s in cm/s?,S3MS,SD,118.0,vlm-sentinel,,cm/s
2546,captured_0032s,What is the velocity of the white ball at 1.5s in cm/s?,S3MS,SD,,none,model answered zero; declining,cm/s
2547,captured_0032s,What is the distance between the white ball and the tennis ball at 1.5s in cm?,S3MS,SS,,none,row never attempted,cm
2548,captured_0032x,What is the diameter of the white ball in cm?,S3MX,SS,,none,row never attempted,cm
2549,captured_0032x,What is the width of the table in cm?,S3MX,SS,,none,row never attempted,cm
2550,captured_0032x,What is the length of the table in cm?,S3MX,SS,,none,row never attempted,cm
2551,captured_0032x,What is the velocity of the tennis ball at 1.5s in cm/s?,S3MX,SD,1.5,vlm-last-number,,cm/s
2552,captured_0032x,What is the velocity of the white ball at 1.5s in cm/s?,S3MX,SD,,none,model answered zero; declining,cm/s
2553,captured_0032x,What is the distance between the white ball and the tennis ball at 1.5s in cm?,S3MX,SS,10.0,vlm-sentinel,,cm
2554,captured_0033,What is the velocity of the ping pong ball at 0.5s in cm/s?,S3SC,SD,140.0,vlm-sentinel,,cm/s
2555,captured_0033,What is the velocity of the ping pong ball at 1.4s in cm/s?,S3SC,SD,,none,row never attempted,cm/s
2556,captured_0033,What is the velocity of the ping pong ball at 1.5s in cm/s?,S3SC,SD,,none,row never attempted,cm/s
2557,captured_0033s,What is the velocity of the ping pong ball at 0.5s in cm/s?,S3SS,SD,140.0,vlm-sentinel,,cm/s
2558,captured_0033s,What is the velocity of the ping pong ball at 1.4s in cm/s?,S3SS,SD,,none,row never attempted,cm/s
2559,captured_0033s,What is the velocity of the ping pong ball at 1.5s in cm/s?,S3SS,SD,,none,row never attempted,cm/s
2560,captured_0033x,What is the velocity of the ping pong ball at 0.5s in cm/s?,S3SX,SD,100.0,vlm-sentinel,,cm/s
2561,captured_0033x,What is the velocity of the ping pong ball at 1.4s in cm/s?,S3SX,SD,,none,row never attempted,cm/s
2562,captured_0033x,What is the velocity of the ping pong ball at 1.5s in cm/s?,S3SX,SD,143.8,vlm-sentinel,,cm/s
2563,captured_0034a,What is the velocity of the left tennis ball at 1.2s in cm/s?,S3MC,SD,206.0,vlm-sentinel,,cm/s
2564,captured_0034a,What is the velocity of the right tennis ball at 1.2s in cm/s?,S3MC,SD,7000.0,vlm-sentinel,,cm/s
2565,captured_0034a,What is the height of the pencil bag in cm?,S3MC,SS,,none,row never attempted,cm
2566,captured_0034a,What is the length of the pencil bag in cm?,S3MC,SS,9.8,vlm-sentinel,,cm
2567,captured_0034a,What is the diameter of the soccer ball in cm?,S3MC,SS,,none,row never attempted,cm
2568,captured_0034a,What is the velocity of the left tennis ball at 1.3s in cm/s?,S3MC,SD,,none,row never attempted,cm/s
2569,captured_0034a,What is the velocity of the right tennis ball at 1.3s in cm/s?,S3MC,SD,,none,row never attempted,cm/s
2570,captured_0034a,What is the total distance traveled by the left tennis ball in cm?,S3MC,SS,,none,model answered zero; declining,cm
2571,captured_0034a,What is the total distance traveled by the right tennis ball in cm?,S3MC,SS,11.8,vlm-sentinel,,cm
2572,captured_0034as,What is the velocity of the left tennis ball at 1.2s in cm/s?,S3MS,SD,,none,model answered zero; declining,cm/s
2573,captured_0034as,What is the velocity of the right tennis ball at 1.2s in cm/s?,S3MS,SD,,none,model answered zero; declining,cm/s
2574,captured_0034as,What is the height of the pencil bag in cm?,S3MS,SS,,none,row never attempted,cm
2575,captured_0034as,What is the length of the pencil bag in cm?,S3MS,SS,100.0,vlm-sentinel,,cm
2576,captured_0034as,What is the diameter of the soccer ball in cm?,S3MS,SS,20.1,vlm-sentinel,,cm
2577,captured_0034as,What is the velocity of the left tennis ball at 1.3s in cm/s?,S3MS,SD,,none,row never attempted,cm/s
2578,captured_0034as,What is the velocity of the right tennis ball at 1.3s in cm/s?,S3MS,SD,,none,row never attempted,cm/s
2579,captured_0034as,What is the total distance traveled by the left tennis ball in cm?,S3MS,SS,17.0,vlm-sentinel,,cm
2580,captured_0034as,What is the total distance traveled by the right tennis ball in cm?,S3MS,SS,17.0,vlm-sentinel,,cm
2581,captured_0034ax,What is the velocity of the left tennis ball at 1.2s in cm/s?,S3MX,SD,7000.0,vlm-sentinel,,cm/s
2582,captured_0034ax,What is the velocity of the right tennis ball at 1.2s in cm/s?,S3MX,SD,7000.0,vlm-sentinel,,cm/s
2583,captured_0034ax,What is the height of the pencil bag in cm?,S3MX,SS,,none,row never attempted,cm
2584,captured_0034ax,What is the length of the pencil bag in cm?,S3MX,SS,,none,row never attempted,cm
2585,captured_0034ax,What is the diameter of the soccer ball in cm?,S3MX,SS,,none,row never attempted,cm
2586,captured_0034ax,What is the velocity of the left tennis ball at 1.3s in cm/s?,S3MX,SD,,none,row never attempted,cm/s
2587,captured_0034ax,What is the velocity of the right tennis ball at 1.3s in cm/s?,S3MX,SD,,none,row never attempted,cm/s
2588,captured_0034ax,What is the total distance traveled by the left tennis ball in cm?,S3MX,SS,,none,row never attempted,cm
2589,captured_0034ax,What is the total distance traveled by the right tennis ball in cm?,S3MX,SS,,none,row never attempted,cm
2590,captured_0034b,What is the velocity of the left tennis ball at 1.2s in cm/s?,S3MC,SD,,none,model answered zero; declining,cm/s
2591,captured_0034b,What is the velocity of the right tennis ball at 1.2s in cm/s?,S3MC,SD,,none,model answered zero; declining,cm/s
2592,captured_0034b,What is the height of the pencil bag in cm?,S3MC,SS,33.5,vlm-sentinel,,cm
2593,captured_0034b,What is the length of the pencil bag in cm?,S3MC,SS,,none,row never attempted,cm
2594,captured_0034b,What is the diameter of the soccer ball in cm?,S3MC,SS,,none,row never attempted,cm
2595,captured_0034b,What is the total distance traveled by the left tennis ball in cm?,S3MC,SS,,none,row never attempted,cm
2596,captured_0034b,What is the total distance traveled by the right tennis ball in cm?,S3MC,SS,,none,row never attempted,cm
2597,captured_0034bs,What is the velocity of the left tennis ball at 1.2s in cm/s?,S3MS,SD,,none,model answered zero; declining,cm/s
2598,captured_0034bs,What is the velocity of the right tennis ball at 1.2s in cm/s?,S3MS,SD,,none,model answered zero; declining,cm/s
2599,captured_0034bs,What is the height of the pencil bag in cm?,S3MS,SS,17.0,vlm-sentinel,,cm
2600,captured_0034bs,What is the length of the pencil bag in cm?,S3MS,SS,,none,row never attempted,cm
2601,captured_0034bs,What is the diameter of the soccer ball in cm?,S3MS,SS,20.1,vlm-sentinel,,cm
2602,captured_0034bs,What is the total distance traveled by the left tennis ball in cm?,S3MS,SS,70.0,vlm-sentinel,,cm
2603,captured_0034bs,What is the total distance traveled by the right tennis ball in cm?,S3MS,SS,,none,row never attempted,cm
2604,captured_0034bx,What is the velocity of the left tennis ball at 1.2s in cm/s?,S3MX,SD,,none,row never attempted,cm/s
2605,captured_0034bx,What is the velocity of the right tennis ball at 1.2s in cm/s?,S3MX,SD,,none,model answered zero; declining,cm/s
2606,captured_0034bx,What is the height of the pencil bag in cm?,S3MX,SS,25.0,vlm-sentinel,,cm
2607,captured_0034bx,What is the length of the pencil bag in cm?,S3MX,SS,17.3,vlm-sentinel,,cm
2608,captured_0034bx,What is the diameter of the soccer ball in cm?,S3MX,SS,,none,row never attempted,cm
2609,captured_0034bx,What is the total distance traveled by the left tennis ball in cm?,S3MX,SS,7.0,vlm-sentinel,,cm
2610,captured_0034bx,What is the total distance traveled by the right tennis ball in cm?,S3MX,SS,,none,row never attempted,cm
2611,captured_0035a,What is the velocity of the soccor ball at 0.6s in cm/s?,S3MC,SD,122.0,vlm-sentinel,,cm/s
2612,captured_0035a,What is the velocity of the baskteball at 0.6s in cm/s?,S3MC,SD,,none,model answered zero; declining,cm/s
2613,captured_0035a,What is the displacement of the soccor ball ball between 0.5s and 0.6s in cm?,S3MC,SS,,none,row never attempted,cm
2614,captured_0035a,What is the displacement of the baskteball between 0.5s and 0.6s in cm?,S3MC,SS,2.0,vlm-last-number,,cm
2615,captured_0035a,What is the diameter of the soccer ball in cm?,S3MC,SS,21.5,vlm-sentinel,,cm
2616,captured_0035a,What is the velocity of the soccor ball at 1.5s in cm/s?,S3MC,SS,174.0,vlm-sentinel,,cm/s
2617,captured_0035a,What is the velocity of the baskteball at 1.5s in cm/s?,S3MC,SS,100.0,vlm-sentinel,,cm/s
2618,captured_0035a,What is the velocity of the soccer ball at 1.6s in cm/s?,S3MC,SD,,none,row never attempted,cm/s
2619,captured_0035a,What is the velocity of the basketball at 1.6s in cm/s?,S3MC,SD,,none,row never attempted,cm/s
2620,captured_0035as,What is the velocity of the soccor ball at 0.6s in cm/s?,S3MS,SD,100.0,vlm-sentinel,,cm/s
2621,captured_0035as,What is the velocity of the baskteball at 0.6s in cm/s?,S3MS,SD,100.0,vlm-sentinel,,cm/s
2622,captured_0035as,What is the displacement of the soccor ball ball between 0.5s and 0.6s in cm?,S3MS,SS,29.4,vlm-sentinel,,cm
2623,captured_0035as,What is the displacement of the baskteball between 0.5s and 0.6s in cm?,S3MS,SS,14.2,vlm-sentinel,,cm
2624,captured_0035as,What is the diameter of the soccer ball in cm?,S3MS,SS,,none,row never attempted,cm
2625,captured_0035as,What is the velocity of the soccor ball at 1.5s in cm/s?,S3MS,SS,,none,row never attempted,cm/s
2626,captured_0035as,What is the velocity of the baskteball at 1.5s in cm/s?,S3MS,SS,,none,row never attempted,cm/s
2627,captured_0035as,What is the velocity of the soccer ball at 1.6s in cm/s?,S3MS,SD,,none,row never attempted,cm/s
2628,captured_0035as,What is the velocity of the basketball at 1.6s in cm/s?,S3MS,SD,,none,row never attempted,cm/s
2629,captured_0035ax,What is the velocity of the soccor ball at 0.6s in cm/s?,S3MX,SD,100.0,vlm-sentinel,,cm/s
2630,captured_0035ax,What is the velocity of the baskteball at 0.6s in cm/s?,S3MX,SD,,none,model answered zero; declining,cm/s
2631,captured_0035ax,What is the displacement of the soccor ball ball between 0.5s and 0.6s in cm?,S3MX,SS,,none,row never attempted,cm
2632,captured_0035ax,What is the displacement of the baskteball between 0.5s and 0.6s in cm?,S3MX,SS,0.1,vlm-last-number,,cm
2633,captured_0035ax,What is the diameter of the soccer ball in cm?,S3MX,SS,,none,row never attempted,cm
2634,captured_0035ax,What is the velocity of the soccor ball at 1.5s in cm/s?,S3MX,SS,,none,row never attempted,cm/s
2635,captured_0035ax,What is the velocity of the baskteball at 1.5s in cm/s?,S3MX,SS,116.0,vlm-sentinel,,cm/s
2636,captured_0035ax,What is the velocity of the soccer ball at 1.6s in cm/s?,S3MX,SD,,none,row never attempted,cm/s
2637,captured_0035ax,What is the velocity of the basketball at 1.6s in cm/s?,S3MX,SD,,none,row never attempted,cm/s
2638,captured_0035b,What is the velocity of the soccor ball at 0.9s in cm/s?,S3MC,SD,100.0,vlm-sentinel,,cm/s
2639,captured_0035b,What is the velocity of the baskteball at 0.9s in cm/s?,S3MC,SD,,none,model answered zero; declining,cm/s
2640,captured_0035b,What is the velocity of the soccor ball at 1.4s in cm/s?,S3MC,SD,,none,row never attempted,cm/s
2641,captured_0035b,What is the velocity of the baskteball at 1.4s in cm/s?,S3MC,SD,35.14,vlm-sentinel,,cm/s
2642,captured_0035b,What is the displacement of the soccor ball ball between 0.4s and 0.9s in cm?,S3MC,SS,24.0,vlm-sentinel,,cm
2643,captured_0035b,What is the displacement of the baskteball between 0.4s and 0.9s in cm?,S3MC,SS,30.0,vlm-sentinel,,cm
2644,captured_0035b,What is the diameter of the soccer ball in cm?,S3MC,SS,,none,row never attempted,cm
2645,captured_0035b,What is the velocity of the soccor ball at 1.3s in cm/s?,S3MC,SS,,none,row never attempted,cm/s
2646,captured_0035b,What is the velocity of the baskteball at 1.3s in cm/s?,S3MC,SS,35.3,vlm-sentinel,,cm/s
2647,captured_0035bs,What is the velocity of the soccor ball at 0.9s in cm/s?,S3MS,SD,100.0,vlm-sentinel,,cm/s
2648,captured_0035bs,What is the velocity of the baskteball at 0.9s in cm/s?,S3MS,SD,116.0,vlm-sentinel,,cm/s
2649,captured_0035bs,What is the velocity of the soccor ball at 1.4s in cm/s?,S3MS,SD,,none,row never attempted,cm/s
2650,captured_0035bs,What is the velocity of the baskteball at 1.4s in cm/s?,S3MS,SD,35.14,vlm-sentinel,,cm/s
2651,captured_0035bs,What is the displacement of the soccor ball ball between 0.4s and 0.9s in cm?,S3MS,SS,10.0,vlm-sentinel,,cm
2652,captured_0035bs,What is the displacement of the baskteball between 0.4s and 0.9s in cm?,S3MS,SS,0.9,vlm-last-number,,cm
2653,captured_0035bs,What is the diameter of the soccer ball in cm?,S3MS,SS,,none,row never attempted,cm
2654,captured_0035bs,What is the velocity of the soccor ball at 1.3s in cm/s?,S3MS,SS,25.0,vlm-sentinel,,cm/s
2655,captured_0035bs,What is the velocity of the baskteball at 1.3s in cm/s?,S3MS,SS,170.0,vlm-sentinel,,cm/s
2656,captured_0035bx,What is the velocity of the soccor ball at 0.9s in cm/s?,S3MX,SD,,none,model answered zero; declining,cm/s
2657,captured_0035bx,What is the velocity of the baskteball at 0.9s in cm/s?,S3MX,SD,,none,model answered zero; declining,cm/s
2658,captured_0035bx,What is the velocity of the soccor ball at 1.4s in cm/s?,S3MX,SD,,none,row never attempted,cm/s
2659,captured_0035bx,What is the velocity of the baskteball at 1.4s in cm/s?,S3MX,SD,,none,row never attempted,cm/s
2660,captured_0035bx,What is the displacement of the soccor ball ball between 0.4s and 0.9s in cm?,S3MX,SS,,none,row never attempted,cm
2661,captured_0035bx,What is the displacement of the baskteball between 0.4s and 0.9s in cm?,S3MX,SS,20.0,vlm-sentinel,,cm
2662,captured_0035bx,What is the diameter of the soccer ball in cm?,S3MX,SS,,none,row never attempted,cm
2663,captured_0035bx,What is the velocity of the soccor ball at 1.3s in cm/s?,S3MX,SS,25.0,vlm-sentinel,,cm/s
2664,captured_0035bx,What is the velocity of the baskteball at 1.3s in cm/s?,S3MX,SS,102.0,vlm-sentinel,,cm/s
2665,captured_0036,What is the ping pong ball's velocity at 0.9s in cm/s? ,S3SC,SD,58.8,vlm-sentinel,,cm/s
2666,captured_0036,What is the ping pong ball's velocity at 1.4s in cm/s? ,S3SC,SD,,none,row never attempted,cm/s
2667,captured_0036,What is the ping pong ball's displacement between 0.9s and 1.4s in cm/s?,S3SC,SS,,none,row never attempted,cm/s
2668,captured_0036,What is the width of the table in the video in meters? ,S3SC,SS,0.81,vlm-sentinel,,meters
2669,captured_0036,What is the length of the table in the video in meters? ,S3SC,SS,1.2,vlm-sentinel,,meters
2670,captured_0036s,What is the ping pong ball's velocity at 0.9s in cm/s? ,S3SS,SD,58.8,vlm-sentinel,,cm/s
2671,captured_0036s,What is the ping pong ball's velocity at 1.4s in cm/s? ,S3SS,SD,,none,row never attempted,cm/s
2672,captured_0036s,What is the ping pong ball's displacement between 0.9s and 1.4s in cm/s?,S3SS,SS,,none,row never attempted,cm/s
2673,captured_0036s,What is the width of the table in the video in meters? ,S3SS,SS,,none,row never attempted,meters
2674,captured_0036s,What is the length of the table in the video in meters? ,S3SS,SS,1.2,vlm-sentinel,,meters
2675,captured_0036x,What is the ping pong ball's velocity at 0.9s in cm/s? ,S3SX,SD,58.8,vlm-sentinel,,cm/s
2676,captured_0036x,What is the ping pong ball's velocity at 1.4s in cm/s? ,S3SX,SD,,none,row never attempted,cm/s
2677,captured_0036x,What is the ping pong ball's displacement between 0.9s and 1.4s in cm/s?,S3SX,SS,,none,row never attempted,cm/s
2678,captured_0036x,What is the width of the table in the video in meters? ,S3SX,SS,1.2,vlm-sentinel,,meters
2679,captured_0036x,What is the length of the table in the video in meters? ,S3SX,SS,1.01,vlm-sentinel,,meters
2680,captured_0037,What is the height of the white cup in cm? ,S3MC,SS,,none,row never attempted,cm
2681,captured_0037,What is the height of the poker tower in cm? ,S3MC,SS,,none,row never attempted,cm
2682,captured_0037,What is the height of the glass jar in cm? ,S3MC,SS,,none,row never attempted,cm
2683,captured_0037,What is the width of the tape in cm? ,S3MC,SS,,none,row never attempted,cm
2684,captured_0037,What is the velocity of the ping pong ball at 1.0s in cm/s? ,S3MC,SD,100.0,vlm-sentinel,,cm/s
2685,captured_0037,What is the velocity of the ping pong ball at 1.4s in cm/s? ,S3MC,SD,,none,row never attempted,cm/s
2686,captured_0037s,What is the height of the white cup in cm? ,S3MS,SS,,none,row never attempted,cm
2687,captured_0037s,What is the height of the poker tower in cm? ,S3MS,SS,12.0,vlm-sentinel,,cm
2688,captured_0037s,What is the height of the glass jar in cm? ,S3MS,SS,,none,row never attempted,cm
2689,captured_0037s,What is the width of the tape in cm? ,S3MS,SS,,none,row never attempted,cm
2690,captured_0037s,What is the velocity of the ping pong ball at 1.0s in cm/s? ,S3MS,SD,,none,model answered zero; declining,cm/s
2691,captured_0037s,What is the velocity of the ping pong ball at 1.4s in cm/s? ,S3MS,SD,100.0,vlm-sentinel,,cm/s
2692,captured_0037x,What is the height of the white cup in cm? ,S3MX,SS,,none,row never attempted,cm
2693,captured_0037x,What is the height of the poker tower in cm? ,S3MX,SS,,none,row never attempted,cm
2694,captured_0037x,What is the height of the glass jar in cm? ,S3MX,SS,,none,row never attempted,cm
2695,captured_0037x,What is the width of the tape in cm? ,S3MX,SS,,none,row never attempted,cm
2696,captured_0037x,What is the velocity of the ping pong ball at 1.0s in cm/s? ,S3MX,SD,,none,model answered zero; declining,cm/s
2697,captured_0037x,What is the velocity of the ping pong ball at 1.4s in cm/s? ,S3MX,SD,100.0,vlm-sentinel,,cm/s
2698,captured_0038,What is the height of the poker tower in cm? ,S3MC,SS,,none,row never attempted,cm
2699,captured_0038,What is the velocity of the white ball at 1.4s in cm/s? ,S3MC,SD,73.4,vlm-sentinel,,cm/s
2700,captured_0038,What is the diameter of the rim of the white cup in cm? ,S3MC,SS,,none,row never attempted,cm
2701,captured_0038,What is the diameter of the white ball in cm?,S3MC,SS,,none,row never attempted,cm
2702,captured_0038,What is the displacement of the white ball between 0.9s and 1.4s in cm?,S3MC,SS,,none,row never attempted,cm
2703,captured_0038,What is the distance between the white cup and the pink bottle in cm?,S3MC,SS,,none,row never attempted,cm
2704,captured_0038,What is the height of the pink bottle in cm? ,S3MC,SS,,none,row never attempted,cm
2705,captured_0038s,What is the height of the poker tower in cm? ,S3MS,SS,12.5,vlm-sentinel,,cm
2706,captured_0038s,What is the velocity of the white ball at 1.4s in cm/s? ,S3MS,SD,42.9,vlm-sentinel,,cm/s
2707,captured_0038s,What is the diameter of the rim of the white cup in cm? ,S3MS,SS,,none,row never attempted,cm
2708,captured_0038s,What is the diameter of the white ball in cm?,S3MS,SS,,none,row never attempted,cm
2709,captured_0038s,What is the displacement of the white ball between 0.9s and 1.4s in cm?,S3MS,SS,,none,row never attempted,cm
2710,captured_0038s,What is the distance between the white cup and the pink bottle in cm?,S3MS,SS,25.0,vlm-sentinel,,cm
2711,captured_0038s,What is the height of the pink bottle in cm? ,S3MS,SS,21.4,vlm-sentinel,,cm
2712,captured_0038x,What is the height of the poker tower in cm? ,S3MX,SS,12.5,vlm-sentinel,,cm
2713,captured_0038x,What is the velocity of the white ball at 1.4s in cm/s? ,S3MX,SD,100.0,vlm-sentinel,,cm/s
2714,captured_0038x,What is the diameter of the rim of the white cup in cm? ,S3MX,SS,,none,row never attempted,cm
2715,captured_0038x,What is the diameter of the white ball in cm?,S3MX,SS,,none,row never attempted,cm
2716,captured_0038x,What is the displacement of the white ball between 0.9s and 1.4s in cm?,S3MX,SS,,none,row never attempted,cm
2717,captured_0038x,What is the distance between the white cup and the pink bottle in cm?,S3MX,SS,,none,row never attempted,cm
2718,captured_0038x,What is the height of the pink bottle in cm? ,S3MX,SS,,none,row never attempted,cm
2719,captured_0039,What is the height of the poker tower in cm? ,S3MC,SS,,none,row never attempted,cm
2720,captured_0039,What is the velocity of the white ball at 1.0s in cm/s? ,S3MC,SD,,none,row never attempted,cm/s
2721,captured_0039,What is the diameter of the rim of the white cup in cm? ,S3MC,SS,,none,row never attempted,cm
2722,captured_0039,What is the diameter of the white ball in cm?,S3MC,SS,2.1,vlm-sentinel,,cm
2723,captured_0039,What is the displacement of the white ball between 1.0s and 1.5s in cm?,S3MC,SS,,none,row never attempted,cm
2724,captured_0039,What is the distance between the white cup and the pink bottle in cm?,S3MC,SS,23.0,vlm-sentinel,,cm
2725,captured_0039,What is the height of the pink bottle in cm? ,S3MC,SS,,none,row never attempted,cm
2726,captured_0039s,What is the height of the poker tower in cm? ,S3MS,SS,,none,row never attempted,cm
2727,captured_0039s,What is the velocity of the white ball at 1.0s in cm/s? ,S3MS,SD,55.4,vlm-sentinel,,cm/s
2728,captured_0039s,What is the diameter of the rim of the white cup in cm? ,S3MS,SS,,none,row never attempted,cm
2729,captured_0039s,What is the diameter of the white ball in cm?,S3MS,SS,,none,row never attempted,cm
2730,captured_0039s,What is the displacement of the white ball between 1.0s and 1.5s in cm?,S3MS,SS,,none,row never attempted,cm
2731,captured_0039s,What is the distance between the white cup and the pink bottle in cm?,S3MS,SS,,none,row never attempted,cm
2732,captured_0039s,What is the height of the pink bottle in cm? ,S3MS,SS,22.5,vlm-sentinel,,cm
2733,captured_0039x,What is the height of the poker tower in cm? ,S3MX,SS,12.5,vlm-sentinel,,cm
2734,captured_0039x,What is the velocity of the white ball at 1.0s in cm/s? ,S3MX,SD,55.4,vlm-sentinel,,cm/s
2735,captured_0039x,What is the diameter of the rim of the white cup in cm? ,S3MX,SS,,none,row never attempted,cm
2736,captured_0039x,What is the diameter of the white ball in cm?,S3MX,SS,,none,row never attempted,cm
2737,captured_0039x,What is the displacement of the white ball between 1.0s and 1.5s in cm?,S3MX,SS,,none,row never attempted,cm
2738,captured_0039x,What is the distance between the white cup and the pink bottle in cm?,S3MX,SS,,none,row never attempted,cm
2739,captured_0039x,What is the height of the pink bottle in cm? ,S3MX,SS,,none,row never attempted,cm
2740,captured_0040,What is the height of the poker tower in cm? ,S3MC,SS,,none,row never attempted,cm
2741,captured_0040,What is the velocity of the white ball at 1.5s in cm/s? ,S3MC,SD,,none,row never attempted,cm/s
2742,captured_0040,What is the diameter of the rim of the white cup in cm? ,S3MC,SS,10.5,vlm-sentinel,,cm
2743,captured_0040,What is the diameter of the white ball in cm?,S3MC,SS,4.2,vlm-sentinel,,cm
2744,captured_0040,What is the distance travelled by the white ball between 1.5s and 1.9s in cm?,S3MC,SS,77.5,vlm-sentinel,,cm
2745,captured_0040,What is the diameter of the tape in cm? ,S3MC,SS,,none,row never attempted,cm
2746,captured_0040,What is the height of the white cup in cm? ,S3MC,SS,,none,row never attempted,cm
2747,captured_0040,What is the velocity of the white ball at 1.4s in cm/s? ,S3MC,SD,100.0,vlm-sentinel,,cm/s
2748,captured_0040s,What is the height of the poker tower in cm? ,S3MS,SS,,none,row never attempted,cm
2749,captured_0040s,What is the velocity of the white ball at 1.5s in cm/s? ,S3MS,SD,,none,row never attempted,cm/s
2750,captured_0040s,What is the diameter of the rim of the white cup in cm? ,S3MS,SS,10.5,vlm-sentinel,,cm
2751,captured_0040s,What is the diameter of the white ball in cm?,S3MS,SS,2.5,vlm-sentinel,,cm
2752,captured_0040s,What is the distance travelled by the white ball between 1.5s and 1.9s in cm?,S3MS,SS,77.5,vlm-sentinel,,cm
2753,captured_0040s,What is the diameter of the tape in cm? ,S3MS,SS,,none,row never attempted,cm
2754,captured_0040s,What is the height of the white cup in cm? ,S3MS,SS,12.5,vlm-sentinel,,cm
2755,captured_0040s,What is the velocity of the white ball at 1.4s in cm/s? ,S3MS,SD,100.0,vlm-sentinel,,cm/s
2756,captured_0040x,What is the height of the poker tower in cm? ,S3MX,SS,,none,row never attempted,cm
2757,captured_0040x,What is the velocity of the white ball at 1.5s in cm/s? ,S3MX,SD,,none,row never attempted,cm/s
2758,captured_0040x,What is the diameter of the rim of the white cup in cm? ,S3MX,SS,10.5,vlm-sentinel,,cm
2759,captured_0040x,What is the diameter of the white ball in cm?,S3MX,SS,5.2,vlm-sentinel,,cm
2760,captured_0040x,What is the distance travelled by the white ball between 1.5s and 1.9s in cm?,S3MX,SS,77.5,vlm-sentinel,,cm
2761,captured_0040x,What is the diameter of the tape in cm? ,S3MX,SS,,none,row never attempted,cm
2762,captured_0040x,What is the height of the white cup in cm? ,S3MX,SS,,none,row never attempted,cm
2763,captured_0040x,What is the velocity of the white ball at 1.4s in cm/s? ,S3MX,SD,100.0,vlm-sentinel,,cm/s
2764,captured_0041,What is the soccer ball's diameter in cm? ,V3SC,DS,,none,row never attempted,cm
2765,captured_0041,What is the soccer ball's displacement between 1.5s and 1.6s in meters? ,V3SC,DS,,none,row never attempted,meters
2766,captured_0041,What is the distance from the soccer ball to the person at 1.5s in meters? ,V3SC,DS,0.5,vlm-sentinel,,meters
2767,captured_0041s,What is the soccer ball's diameter in cm? ,V3SS,DS,21.0,vlm-sentinel,,cm
2768,captured_0041s,What is the soccer ball's displacement between 1.5s and 1.6s in meters? ,V3SS,DS,,none,row never attempted,meters
2769,captured_0041s,What is the distance from the soccer ball to the person at 1.5s in meters? ,V3SS,DS,,none,model answered zero; declining,meters
2770,captured_0041x,What is the soccer ball's diameter in cm? ,V3SX,DS,,none,row never attempted,cm
2771,captured_0041x,What is the soccer ball's displacement between 1.5s and 1.6s in meters? ,V3SX,DS,,none,row never attempted,meters
2772,captured_0041x,What is the distance from the soccer ball to the person at 1.5s in meters? ,V3SX,DS,,none,model answered zero; declining,meters
2773,captured_0047,What is the yoga ball's diameter in cm? ,V3SC,DS,,none,row never attempted,cm
2774,captured_0047,What is the yoga ball's displacement between 1.0s and 1.5s in meters? ,V3SC,DS,,none,row never attempted,meters
2775,captured_0047,What is the distance from the yoga ball to the person at 1.5s in meters? ,V3SC,DS,,none,row never attempted,meters
2776,captured_0047s,What is the yoga ball's diameter in cm? ,V3SS,DS,,none,row never attempted,cm
2777,captured_0047s,What is the yoga ball's displacement between 1.0s and 1.5s in meters? ,V3SS,DS,,none,row never attempted,meters
2778,captured_0047s,What is the distance from the yoga ball to the person at 1.5s in meters? ,V3SS,DS,,none,row never attempted,meters
2779,captured_0047x,What is the yoga ball's diameter in cm? ,V3SX,DS,60.0,vlm-sentinel,,cm
2780,captured_0047x,What is the yoga ball's displacement between 1.0s and 1.5s in meters? ,V3SX,DS,,none,row never attempted,meters
2781,captured_0047x,What is the distance from the yoga ball to the person at 1.5s in meters? ,V3SX,DS,,none,row never attempted,meters
2782,captured_0052,What is the initial distance between the yoga ball and the shoe in meters? ,V3MC,DS,,none,row never attempted,meters
2783,captured_0052,What is the height of the trashbin in cm?,V3MC,DS,,none,row never attempted,cm
2784,captured_0052,What is the length of the shoe in cm?,V3MC,DS,,none,row never attempted,cm
2785,captured_0052,What is the diameter of the yoga ball in cm?,V3MC,DS,,none,row never attempted,cm
2786,captured_0052,What is the diameter of the basketball in cm?,V3MC,DS,24.0,vlm-sentinel,,cm
2787,captured_0052,What is the distance between the basketball and the shoe in meters? ,V3MC,DS,,none,row never attempted,meters
2788,captured_0052,What is the distance between the trashbin and the shoe in meters? ,V3MC,DS,0.74,vlm-sentinel,,meters
2789,captured_0052,What is the distance between the trashbin and the basketball in meters? ,V3MC,DS,,none,row never attempted,meters
2790,captured_0052s,What is the initial distance between the yoga ball and the shoe in meters? ,V3MS,DS,,none,row never attempted,meters
2791,captured_0052s,What is the height of the trashbin in cm?,V3MS,DS,,none,row never attempted,cm
2792,captured_0052s,What is the length of the shoe in cm?,V3MS,DS,28.0,vlm-sentinel,,cm
2793,captured_0052s,What is the diameter of the yoga ball in cm?,V3MS,DS,65.0,vlm-sentinel,,cm
2794,captured_0052s,What is the diameter of the basketball in cm?,V3MS,DS,20.0,vlm-sentinel,,cm
2795,captured_0052s,What is the distance between the basketball and the shoe in meters? ,V3MS,DS,,none,row never attempted,meters
2796,captured_0052s,What is the distance between the trashbin and the shoe in meters? ,V3MS,DS,,none,row never attempted,meters
2797,captured_0052s,What is the distance between the trashbin and the basketball in meters? ,V3MS,DS,,none,row never attempted,meters
2798,captured_0052x,What is the initial distance between the yoga ball and the shoe in meters? ,V3MX,DS,,none,row never attempted,meters
2799,captured_0052x,What is the height of the trashbin in cm?,V3MX,DS,35.0,vlm-sentinel,,cm
2800,captured_0052x,What is the length of the shoe in cm?,V3MX,DS,,none,row never attempted,cm
2801,captured_0052x,What is the diameter of the yoga ball in cm?,V3MX,DS,,none,row never attempted,cm
2802,captured_0052x,What is the diameter of the basketball in cm?,V3MX,DS,,none,row never attempted,cm
2803,captured_0052x,What is the distance between the basketball and the shoe in meters? ,V3MX,DS,,none,row never attempted,meters
2804,captured_0052x,What is the distance between the trashbin and the shoe in meters? ,V3MX,DS,,none,row never attempted,meters
2805,captured_0052x,What is the distance between the trashbin and the basketball in meters? ,V3MX,DS,,none,row never attempted,meters
2806,captured_0053,What is the width of the book in cm?,V3MC,DS,18.0,vlm-sentinel,,cm
2807,captured_0053,What is the length of the book in cm?,V3MC,DS,20.0,vlm-sentinel,,cm
2808,captured_0053,What is the diameter of the rim of the white cup in cm? ,V3MC,DS,,none,row never attempted,cm
2809,captured_0053,What is the diameter of the basketball in cm?,V3MC,DS,,none,row never attempted,cm
2810,captured_0053,What is the height of the trashbin in cm?,V3MC,DS,12.0,vlm-sentinel,,cm
2811,captured_0053,What is the diatance between the white cup and the basketball in meters?,V3MC,DS,,none,row never attempted,meters
2812,captured_0053,What is the diatance between the white cup and the book in meters?,V3MC,DS,,none,row never attempted,meters
2813,captured_0053,What is the displacement of the trashbin between 0.4s and 1.4s in meters?,V3MC,DS,,none,row never attempted,meters
2814,captured_0053s,What is the width of the book in cm?,V3MS,DS,,none,row never attempted,cm
2815,captured_0053s,What is the length of the book in cm?,V3MS,DS,,none,row never attempted,cm
2816,captured_0053s,What is the diameter of the rim of the white cup in cm? ,V3MS,DS,,none,row never attempted,cm
2817,captured_0053s,What is the diameter of the basketball in cm?,V3MS,DS,,none,row never attempted,cm
2818,captured_0053s,What is the height of the trashbin in cm?,V3MS,DS,35.0,vlm-sentinel,,cm
2819,captured_0053s,What is the diatance between the white cup and the basketball in meters?,V3MS,DS,,none,row never attempted,meters
2820,captured_0053s,What is the diatance between the white cup and the book in meters?,V3MS,DS,,none,row never attempted,meters
2821,captured_0053s,What is the displacement of the trashbin between 0.4s and 1.4s in meters?,V3MS,DS,,none,row never attempted,meters
2822,captured_0053x,What is the width of the book in cm?,V3MX,DS,25.0,vlm-sentinel,,cm
2823,captured_0053x,What is the length of the book in cm?,V3MX,DS,,none,row never attempted,cm
2824,captured_0053x,What is the diameter of the rim of the white cup in cm? ,V3MX,DS,,none,row never attempted,cm
2825,captured_0053x,What is the diameter of the basketball in cm?,V3MX,DS,,none,row never attempted,cm
2826,captured_0053x,What is the height of the trashbin in cm?,V3MX,DS,32.0,vlm-sentinel,,cm
2827,captured_0053x,What is the diatance between the white cup and the basketball in meters?,V3MX,DS,,none,row never attempted,meters
2828,captured_0053x,What is the diatance between the white cup and the book in meters?,V3MX,DS,,none,row never attempted,meters
2829,captured_0053x,What is the displacement of the trashbin between 0.4s and 1.4s in meters?,V3MX,DS,,none,row never attempted,meters
2830,captured_0054a,What is the orange ball's displacement between 0.5s and 1.0s in meters? ,V3MC,DS,,none,row never attempted,meters
2831,captured_0054a,What is the soccer ball's displacement between 1.0s and 1.4s in meters? ,V3MC,DS,0.5,vlm-sentinel,,meters
2832,captured_0054a,What is the soccer ball's diameter in cm? ,V3MC,DS,,none,row never attempted,cm
2833,captured_0054a,What is the orange ball's diameter in cm? ,V3MC,DS,22.0,vlm-sentinel,,cm
2834,captured_0054a,What is the white ball's diameter in cm? ,V3MC,DS,,none,row never attempted,cm
2835,captured_0054a,What is the soccer ball's velocity at 0.5s in m/s? ,V3MC,DD,,none,model answered zero; declining,m/s
2836,captured_0054a,What is the velocity of the green ball at 1.0s in m/s? ,V3MC,DD,2.21,vlm-sentinel,,m/s
2837,captured_0054a,What is the velocity of the white ball at 1.0s in m/s? ,V3MC,DD,2.7,vlm-sentinel,,m/s
2838,captured_0054a,What is the velocity of the green ball at 1.5s in m/s? ,V3MC,DD,1.8,vlm-sentinel,,m/s
2839,captured_0054a,What is the velocity of the pink ball at 1.5s in m/s? ,V3MC,DD,2.0,vlm-sentinel,,m/s
2840,captured_0054a,What is the distance between the orange ball and the soccer ball at 1.0s in meters? ,V3MC,DS,,none,row never attempted,meters
2841,captured_0054a,What is the distance between the green ball and the pink ball at 1.0s in meters? ,V3MC,DS,,none,model answered zero; declining,meters
2842,captured_0054as,What is the orange ball's displacement between 0.5s and 1.0s in meters? ,V3MS,DS,,none,row never attempted,meters
2843,captured_0054as,What is the soccer ball's displacement between 1.0s and 1.4s in meters? ,V3MS,DS,1.2,vlm-sentinel,,meters
2844,captured_0054as,What is the soccer ball's diameter in cm? ,V3MS,DS,,none,row never attempted,cm
2845,captured_0054as,What is the orange ball's diameter in cm? ,V3MS,DS,22.0,vlm-sentinel,,cm
2846,captured_0054as,What is the white ball's diameter in cm? ,V3MS,DS,,none,row never attempted,cm
2847,captured_0054as,What is the soccer ball's velocity at 0.5s in m/s? ,V3MS,DD,,none,model answered zero; declining,m/s
2848,captured_0054as,What is the velocity of the green ball at 1.0s in m/s? ,V3MS,DD,2.21,vlm-sentinel,,m/s
2849,captured_0054as,What is the velocity of the white ball at 1.0s in m/s? ,V3MS,DD,2.7,vlm-sentinel,,m/s
2850,captured_0054as,What is the velocity of the green ball at 1.5s in m/s? ,V3MS,DD,2.7,vlm-sentinel,,m/s
2851,captured_0054as,What is the velocity of the white ball at 1.5s in m/s? ,V3MS,DD,3.8,vlm-sentinel,,m/s
2852,captured_0054as,What is the distance between the orange ball and the soccer ball at 1.0s in meters? ,V3MS,DS,,none,row never attempted,meters
2853,captured_0054as,What is the distance between the green ball and the white ball at 1.0s in meters? ,V3MS,DS,,none,row never attempted,meters
2854,captured_0054ax,What is the orange ball's displacement between 0.5s and 1.0s in meters? ,V3MX,DS,,none,row never attempted,meters
2855,captured_0054ax,What is the soccer ball's displacement between 1.0s and 1.4s in meters? ,V3MX,DS,1.2,vlm-sentinel,,meters
2856,captured_0054ax,What is the white ball's diameter in cm? ,V3MX,DS,22.0,vlm-sentinel,,cm
2857,captured_0054ax,What is the orange ball's diameter in cm? ,V3MX,DS,22.0,vlm-sentinel,,cm
2858,captured_0054ax,What is the soccer ball's velocity at 0.5s in m/s? ,V3MX,DD,,none,model answered zero; declining,m/s
2859,captured_0054ax,What is the velocity of the green ball at 1.0s in m/s? ,V3MX,DD,2.21,vlm-sentinel,,m/s
2860,captured_0054ax,What is the velocity of the white ball at 1.0s in m/s? ,V3MX,DD,2.7,vlm-sentinel,,m/s
2861,captured_0054ax,What is the velocity of the green ball at 1.5s in m/s? ,V3MX,DD,2.21,vlm-sentinel,,m/s
2862,captured_0054ax,What is the velocity of the pink ball at 1.5s in m/s? ,V3MX,DD,2.2,vlm-sentinel,,m/s
2863,captured_0054ax,What is the distance between the orange ball and the soccer ball at 1.0s in meters? ,V3MX,DS,,none,row never attempted,meters
2864,captured_0054ax,What is the distance between the green ball and the white ball at 1.0s in meters? ,V3MX,DS,,none,row never attempted,meters
2865,captured_0054b,What is the orange ball's displacement between 0.5s and 1.0s in meters? ,V3MC,DS,,none,row never attempted,meters
2866,captured_0054b,What is the soccer ball's displacement between 1.0s and 1.4s in meters? ,V3MC,DS,0.85,vlm-sentinel,,meters
2867,captured_0054b,What is the soccer ball's diameter in cm? ,V3MC,DS,,none,row never attempted,cm
2868,captured_0054b,What is the orange ball's diameter in cm? ,V3MC,DS,22.0,vlm-sentinel,,cm
2869,captured_0054b,What is the white ball's diameter in cm? ,V3MC,DS,,none,row never attempted,cm
2870,captured_0054b,What is the soccer ball's velocity at 0.5s in m/s? ,V3MC,DD,,none,model answered zero; declining,m/s
2871,captured_0054b,What is the velocity of the green ball at 1.0s in m/s? ,V3MC,DD,1.45,vlm-sentinel,,m/s
2872,captured_0054b,What is the velocity of the white ball at 1.0s in m/s? ,V3MC,DD,,none,row never attempted,m/s
2873,captured_0054b,What is the velocity of the green ball at 1.5s in m/s? ,V3MC,DD,2.0,vlm-sentinel,,m/s
2874,captured_0054b,What is the velocity of the white ball at 1.5s in m/s? ,V3MC,DD,2.8,vlm-sentinel,,m/s
2875,captured_0054b,What is the distance between the orange ball and the soccer ball at 1.0s in meters? ,V3MC,DS,,none,row never attempted,meters
2876,captured_0054b,What is the distance between the green ball and the white ball at 1.0s in meters? ,V3MC,DS,,none,row never attempted,meters
2877,captured_0054bs,What is the orange ball's displacement between 0.5s and 1.0s in meters? ,V3MS,DS,,none,row never attempted,meters
2878,captured_0054bs,What is the soccer ball's displacement between 1.0s and 1.4s in meters? ,V3MS,DS,,none,row never attempted,meters
2879,captured_0054bs,What is the soccer ball's diameter in cm? ,V3MS,DS,21.0,vlm-sentinel,,cm
2880,captured_0054bs,What is the orange ball's diameter in cm? ,V3MS,DS,,none,row never attempted,cm
2881,captured_0054bs,What is the white ball's diameter in cm? ,V3MS,DS,8.0,vlm-sentinel,,cm
2882,captured_0054bs,What is the soccer ball's velocity at 0.5s in m/s? ,V3MS,DD,2.21,vlm-sentinel,,m/s
2883,captured_0054bs,What is the velocity of the green ball at 1.0s in m/s? ,V3MS,DD,1.3,vlm-sentinel,,m/s
2884,captured_0054bs,What is the velocity of the white ball at 1.0s in m/s? ,V3MS,DD,,none,row never attempted,m/s
2885,captured_0054bs,What is the velocity of the green ball at 1.5s in m/s? ,V3MS,DD,1.8,vlm-sentinel,,m/s
2886,captured_0054bs,What is the velocity of the white ball at 1.5s in m/s? ,V3MS,DD,1.1,vlm-sentinel,,m/s
2887,captured_0054bs,What is the distance between the orange ball and the soccer ball at 1.0s in meters? ,V3MS,DS,,none,row never attempted,meters
2888,captured_0054bs,What is the distance between the green ball and the white ball at 1.0s in meters? ,V3MS,DS,,none,row never attempted,meters
2889,captured_0054bx,What is the orange ball's displacement between 0.5s and 1.0s in meters? ,V3MX,DS,,none,row never attempted,meters
2890,captured_0054bx,What is the soccer ball's displacement between 1.0s and 1.4s in meters? ,V3MX,DS,,none,row never attempted,meters
2891,captured_0054bx,What is the soccer ball's diameter in cm? ,V3MX,DS,14.4,vlm-sentinel,,cm
2892,captured_0054bx,What is the orange ball's diameter in cm? ,V3MX,DS,,none,row never attempted,cm
2893,captured_0054bx,What is the white ball's diameter in cm? ,V3MX,DS,8.0,vlm-sentinel,,cm
2894,captured_0054bx,What is the soccer ball's velocity at 0.5s in m/s? ,V3MX,DD,0.5,vlm-last-number,,m/s
2895,captured_0054bx,What is the velocity of the green ball at 1.0s in m/s? ,V3MX,DD,1.4,vlm-sentinel,,m/s
2896,captured_0054bx,What is the velocity of the white ball at 1.0s in m/s? ,V3MX,DD,1.34,vlm-sentinel,,m/s
2897,captured_0054bx,What is the velocity of the green ball at 1.5s in m/s? ,V3MX,DD,1.8,vlm-sentinel,,m/s
2898,captured_0054bx,What is the velocity of the white ball at 1.5s in m/s? ,V3MX,DD,1.3,vlm-sentinel,,m/s
2899,captured_0054bx,What is the distance between the orange ball and the soccer ball at 1.0s in meters? ,V3MX,DS,,none,row never attempted,meters
2900,captured_0054bx,What is the distance between the green ball and the white ball at 1.0s in meters? ,V3MX,DS,,none,row never attempted,meters
2901,captured_0061,What is the diameter of the yoga ball in cm? ,V3MC,DS,,none,row never attempted,cm
2902,captured_0061,What is the diameter of the soccer ball in cm? ,V3MC,DS,22.0,vlm-sentinel,,cm
2903,captured_0061,What is the distance between the basketball and the yoga ball at 2.0s in meters?,V3MC,DS,0.5,vlm-sentinel,,meters
2904,captured_0061,What is the velocity of the soccer ball at 0.6s in m/s?,V3MC,DD,,none,row never attempted,m/s
2905,captured_0061,What is the velocity of the soccer ball at 0.9s in m/s?,V3MC,DD,,none,row never attempted,m/s
2906,captured_0061,What is the velocity of the basketball at 1.1s in m/s?,V3MC,DD,2.0,vlm-sentinel,,m/s
2907,captured_0061,What is the velocity of the basketball at 1.6s in m/s?,V3MC,DD,,none,row never attempted,m/s
2908,captured_0061s,What is the diameter of the yoga ball in cm? ,V3MS,DS,30.0,vlm-sentinel,,cm
2909,captured_0061s,What is the diameter of the soccer ball in cm? ,V3MS,DS,20.0,vlm-sentinel,,cm
2910,captured_0061s,What is the distance between the basketball and the yoga ball at 2.0s in meters?,V3MS,DS,,none,row never attempted,meters
2911,captured_0061s,What is the velocity of the soccer ball at 0.6s in m/s?,V3MS,DD,,none,row never attempted,m/s
2912,captured_0061s,What is the velocity of the soccer ball at 0.9s in m/s?,V3MS,DD,,none,row never attempted,m/s
2913,captured_0061s,What is the velocity of the basketball at 1.1s in m/s?,V3MS,DD,2.51,vlm-sentinel,,m/s
2914,captured_0061s,What is the velocity of the basketball at 1.6s in m/s?,V3MS,DD,,none,row never attempted,m/s
2915,captured_0061x,What is the diameter of the yoga ball in cm? ,V3MX,DS,65.0,vlm-sentinel,,cm
2916,captured_0061x,What is the diameter of the soccer ball in cm? ,V3MX,DS,22.0,vlm-sentinel,,cm
2917,captured_0061x,What is the distance between the basketball and the yoga ball at 2.0s in meters?,V3MX,DS,0.1,vlm-sentinel,,meters
2918,captured_0061x,What is the velocity of the soccer ball at 0.6s in m/s?,V3MX,DD,1.17,vlm-sentinel,,m/s
2919,captured_0061x,What is the velocity of the soccer ball at 0.9s in m/s?,V3MX,DD,,none,row never attempted,m/s
2920,captured_0061x,What is the velocity of the basketball at 1.1s in m/s?,V3MX,DD,2.08,vlm-sentinel,,m/s
2921,captured_0061x,What is the velocity of the basketball at 1.6s in m/s?,V3MX,DD,,none,row never attempted,m/s
2922,captured_0062,What is the length of the whiteboard in cm? ,V3MC,DS,,none,row never attempted,cm
2923,captured_0062,What is the width of the whiteboard in cm? ,V3MC,DS,60.0,vlm-sentinel,,cm
2924,captured_0062,What is the length of the blue shoppingbag in cm? ,V3MC,DS,45.0,vlm-sentinel,,cm
2925,captured_0062,What is the width of the blue shoppingbag in cm? ,V3MC,DS,20.0,vlm-sentinel,,cm
2926,captured_0062,What is the length of the white box in cm? ,V3MC,DS,40.0,vlm-sentinel,,cm
2927,captured_0062,What is the width of the white box in cm? ,V3MC,DS,,none,row never attempted,cm
2928,captured_0062,What is the height of the mario toy in cm? ,V3MC,DS,15.0,vlm-sentinel,,cm
2929,captured_0062,What is the height of the trashbin in cm? ,V3MC,DS,35.0,vlm-sentinel,,cm
2930,captured_0062s,What is the length of the whiteboard in cm? ,V3MS,DS,,none,row never attempted,cm
2931,captured_0062s,What is the width of the whiteboard in cm? ,V3MS,DS,100.0,vlm-sentinel,,cm
2932,captured_0062s,What is the length of the blue shoppingbag in cm? ,V3MS,DS,,none,row never attempted,cm
2933,captured_0062s,What is the width of the blue shoppingbag in cm? ,V3MS,DS,,none,row never attempted,cm
2934,captured_0062s,What is the length of the white box in cm? ,V3MS,DS,60.0,vlm-sentinel,,cm
2935,captured_0062s,What is the width of the white box in cm? ,V3MS,DS,60.0,vlm-sentinel,,cm
2936,captured_0062s,What is the height of the mario toy in cm? ,V3MS,DS,12.0,vlm-sentinel,,cm
2937,captured_0062s,What is the height of the trashbin in cm? ,V3MS,DS,,none,row never attempted,cm
2938,captured_0062x,What is the length of the whiteboard in cm? ,V3MX,DS,,none,row never attempted,cm
2939,captured_0062x,What is the width of the whiteboard in cm? ,V3MX,DS,112.0,vlm-sentinel,,cm
2940,captured_0062x,What is the length of the blue shoppingbag in cm? ,V3MX,DS,38.0,vlm-sentinel,,cm
2941,captured_0062x,What is the width of the blue shoppingbag in cm? ,V3MX,DS,35.0,vlm-sentinel,,cm
2942,captured_0062x,What is the length of the white box in cm? ,V3MX,DS,,none,row never attempted,cm
2943,captured_0062x,What is the width of the white box in cm? ,V3MX,DS,,none,row never attempted,cm
2944,captured_0062x,What is the height of the mario toy in cm? ,V3MX,DS,,none,row never attempted,cm
2945,captured_0062x,What is the height of the trashbin in cm? ,V3MX,DS,35.0,vlm-sentinel,,cm
2946,internet_0001_segmented,What is the length of the black car in meters? ,S2SC,SS,,none,row never attempted,meters
2947,internet_0001_segmented,What is the width of the black car in meters? ,S2SC,SS,,none,row never attempted,meters
2948,internet_0001_segmented,What is the speed of the black car in m/s? ,S2SC,SD,,none,row never attempted,m/s
2949,internet_0002_segmented,What is the length of the red car in meters? ,S2SC,SS,1.83,vlm-sentinel,,meters
2950,internet_0002_segmented,What is the width of the red car in meters? ,S2SC,SS,1.83,vlm-sentinel,,meters
2951,internet_0002_segmented,What is the speed of the red car in m/s? ,S2SC,SD,12.2,vlm-sentinel,,m/s
2952,internet_0003_segmented,What is the diameter of the pizza in cm? ,S2MC,SS,,none,row never attempted,cm
2953,internet_0003_segmented,What is the diameter of the wine glass in cm? ,S2MC,SS,,none,row never attempted,cm
2954,internet_0003_segmented,What is the velocity of the pizza cutter in cm/s at 0.2s? ,S2MC,SD,50.0,vlm-sentinel,,cm/s
2955,internet_0003_segmented,What is the diameter of a pepperoni on the pizza in cm? ,S2MC,SS,,none,row never attempted,cm
2956,internet_0005_segmented,What is the distance between the two black road signs in meters? ,V2MC,DS,,none,row never attempted,meters
2957,internet_0005_segmented,What is the height of the woman in yellow in meters? ,V2MC,DS,,none,row never attempted,meters
2958,internet_0005_segmented,What is the length of the light right above the woman's head in meters? ,V2MC,DS,,none,row never attempted,meters
2959,internet_0005_segmented,What is the side length of the floor tiles in meters? ,V2MC,DS,0.5,vlm-sentinel,,meters
2960,internet_0008_segmented,What is the average speed of the sailboat in m/s? ,S2MC,SD,,none,model answered zero; declining,m/s
2961,internet_0008_segmented,What is the average speed of the speedboat in m/s? ,S2MC,SD,10.0,vlm-sentinel,,m/s
2962,internet_0008_segmented,What is the length of the speedboat in meters? ,S2MC,SS,,none,row never attempted,meters
2963,internet_0010_segmented,How tall is the shooter in cm? ,S2MC,SS,,none,row never attempted,cm
2964,internet_0010_segmented,What is the velocity of the ball at 2.00s in cm/s? ,S2MC,SD,1960.0,vlm-sentinel,,cm/s
2965,internet_0017_segmented,What is the diameter of the round container in cm? ,S2MS,SS,,none,row never attempted,cm
2966,internet_0017_segmented,What is the length of the keyboard in cm? ,S2MS,SS,,none,row never attempted,cm
2967,internet_0017_segmented,What is the width of the keyboard in cm? ,S2MS,SS,,none,row never attempted,cm
2968,internet_0017_segmented,What is the length of the pen in cm? ,S2MS,SS,,none,row never attempted,cm
2969,internet_0017_segmented,What is moving speed of the user's (middle) fingertip at 0.4s in cm/s? ,S2MS,SD,,none,row never attempted,cm/s
2970,internet_0019_segmented,What is the size of the ball in cm? ,A2MC,DS,20.0,vlm-sentinel,,cm
2971,internet_0019_segmented,What is the height of the person standing in the middle in cm? ,A2MC,DS,150.0,vlm-sentinel,,cm
2972,internet_0019_segmented,What is the height of the person on the left (the passer) in cm? ,A2MC,DS,120.0,vlm-sentinel,,cm
2973,internet_0019_segmented,What is the height of the person on the right (the receiver) in cm? ,A2MC,DS,150.0,vlm-sentinel,,cm
2974,internet_0019_segmented,What is the initial distance between the passer and the receiver in meters?,A2MC,DS,2.5,vlm-sentinel,,meters
2975,internet_0019_segmented,What is the velocity of the ball at 1.00s in m/s? ,A2MC,DD,9.8,vlm-sentinel,,m/s
2976,internet_0019_segmented,What is the (average) horizontal velocity of the ball in m/s? ,A2MC,DD,,none,model answered zero; declining,m/s
2977,internet_0021_segmented,What is the average speed of the airplane in m/s? ,S2SS,SD,,none,row never attempted,m/s
2978,internet_0021_segmented,What is the distance between the airplane and the roof top at 0s in meters?,S2SS,SS,1000.0,vlm-sentinel,,meters
2979,internet_0021_segmented,What is the the displacement of the airplane from 0s to 2.00s in meters? ,S2SS,SS,,none,row never attempted,meters
2980,internet_0025_segmented,What is the length of the canoe in meters? ,S2SC,SS,6.1,vlm-sentinel,,meters
2981,internet_0025_segmented,What is the average speed of the canoe in m/s?,S2SC,SD,0.5,vlm-sentinel,,m/s
2982,internet_0025_segmented,What is the displacement of the canoe in the first 5 seconds in meters?,S2SC,SS,,none,model answered zero; declining,meters
2983,internet_0026_segmented,What is the sitting height of the baby in cm?,S2MC,SS,,none,row never attempted,cm
2984,internet_0026_segmented,What is the distance between the baby and the man in meters? ,S2MC,SS,,none,row never attempted,meters
2985,internet_0026_segmented,What is the length of the toy truck in cm?,S2MC,SS,,none,row never attempted,cm
2986,internet_0026_segmented,What is the height of the toy truck in cm?,S2MC,SS,,none,row never attempted,cm
2987,internet_0026_segmented,What is the speed of the toy truck at 0.50s in cm/s? ,S2MC,SD,,none,model answered zero; declining,cm/s
2988,internet_0026_segmented,What is the average speed of the toy truck in cm/s? ,S2MC,SD,1.5,vlm-sentinel,,cm/s
2989,internet_0027_segmented,What is the initial distance between the black ball and the purple ball in cm? ,S2MS,SS,,none,row never attempted,cm
2990,internet_0027_segmented,What is the white ball's average velocity in 1.00s to 2.00s in cm/s? ,S2MS,SD,10.0,vlm-sentinel,,cm/s
2991,internet_0027_segmented,What is the velocity of the orange ball at 1.00s in cm/s? ,S2MS,SD,,none,row never attempted,cm/s
2992,internet_0027_segmented,What is the final distance between the purple ball and the black ball in cm? ,S2MS,SS,12.5,vlm-sentinel,,cm
2993,internet_0027_segmented,What is the acceleration of the yellow balloon the left at 2.00s in cm/s^2? ,S2MS,SD,0.01,vlm-sentinel,,cm/s^2
2994,internet_0028,What is the length of the blue and grey bag in meters?,V2MC,DS,,none,row never attempted,meters
2995,internet_0028,What is the length of the orange suitcase in meters?,V2MC,DS,,none,row never attempted,meters
2996,internet_0029,What is the diameter of the ball in cm? ,A2SS,DS,10.0,vlm-sentinel,,cm
2997,internet_0029,What is the velocity of the ball at 0.20s in m/s? ,A2SS,DD,,none,row never attempted,m/s
2998,internet_0029,What is the velocity of the ball at 0.40s in m/s? ,A2SS,DD,,none,row never attempted,m/s
2999,internet_0029,What is the distance of the ball from the desk at 0.40s in meters? ,A2SS,DS,0.78,vlm-sentinel,,meters
3000,internet_0029,What is the distance of the ball from the desk at 0.30s in meters? ,A2SS,DS,,none,row never attempted,meters
3001,internet_0029,What is the displacement of the ball from 0.30s to 0.40s in meters? ,A2SS,DS,0.049,vlm-sentinel,,meters
3002,internet_0030,What is the boat's moving distance between 0.5s to 1.0s in meters? ,S2SC,SS,,none,row never attempted,meters
3003,internet_0030,What is the boat's moving distance between 0.5s to 1.37s in meters? ,S2SC,SS,,none,row never attempted,meters
3004,internet_0030,What is the speed of the boat between 0.5s to 1s in m/s? ,S2SC,SD,6.4,vlm-sentinel,,m/s
3005,internet_0030,What is the speed of the boat between 0.5s to 1.37s in m/s? ,S2SC,SD,3.68,vlm-sentinel,,m/s
3006,internet_0030,What is the average acceleration of the boat over 0.5 s to 1.37 s in m/s^2?,S2SC,SD,,none,model answered zero; declining,m/s^2
3007,internet_0031,What is the distance traveled by the player in white shirt from 0.5 to 5.53 in meters?,S2MS,SS,,none,row never attempted,meters
3008,internet_0031,What is the distance traveled by the player in black shirt from 0.5s to 5.53s in meters?,S2MS,SS,,none,row never attempted,meters
3009,internet_0031,What is the speed of the player in white shirt from 0.5 to 5.53 in m/s?,S2MS,SD,1.5,vlm-sentinel,,m/s
3010,internet_0031,What is the speed of the player in black shirt from 0.5 to 5.53 in m/s?,S2MS,SD,1.47,vlm-sentinel,,m/s
3011,internet_0031,What is the width of football pitch in meters?,S2MS,SD,,none,row never attempted,meters
3012,internet_0032,What is the distance traveled by the boat from 0s to 2s in meters?,S2SC,SS,1.5,vlm-sentinel,,meters
3013,internet_0032,What is the distance traveled by the boat from 2s to 4.5s in meters?,S2SC,SS,,none,row never attempted,meters
3014,internet_0032,What is the distance traveled by the boat from 4.5s to 7s in meters?,S2SC,SS,,none,row never attempted,meters
3015,internet_0032,What is the average speed of the boat from 0s to 2s in m/s?,S2SC,SD,,none,model answered zero; declining,m/s
3016,internet_0032,What is the average speed of the boat from 2s to 4.5s in m/s?,S2SC,SD,0.01,vlm-sentinel,,m/s
3017,internet_0032,What is the average speed of the boat from 4.5s to 7s in m/s?,S2SC,SD,,none,model answered zero; declining,m/s
3018,internet_0032,What is the acceleration of the boat from 0s-2s to 2s-4.5s in m/s^2?,S2SC,SD,,none,model answered zero; declining,m/s^2
3019,internet_0032,What is the acceleration of the boat from 2s-4.5s to 4.5s-7s in m/s^2?,S2SC,SD,,none,model answered zero; declining,m/s^2
3020,internet_0032,What is the acceleration of the boat over 0-7s in m/s^2?,S2SC,SD,0.01,vlm-sentinel,,m/s^2
3021,internet_0033,What is the speed of the plate of tomatoes from 0s to 0.52s in m/s?,S2MC,SD,0.19,vlm-sentinel,,m/s
3022,internet_0033,What is the speed of the plate of tomatoes from 1s to 1.6s in m/s?,S2MC,SD,0.17,vlm-sentinel,,m/s
3023,internet_0033,What is the size of avocado in cm?,S2MC,SS,,none,row never attempted,cm
3024,internet_0033,What is the size of baguette in cm?,S2MC,SS,,none,row never attempted,cm
3025,internet_0034,What is the displacement of toilet paper roll from 0.5s to 1.73s in cm? ,S2SC,SS,,none,row never attempted,cm
3026,internet_0034,What is the speed of toilet paper roll over 0.5s to 1.73s in cm/s?,S2SC,SD,,none,row never attempted,cm/s
3027,internet_0034,What is the width of thumbnail in cm?,S2SC,SS,,none,row never attempted,cm
3028,internet_0035,What is the speed of the toilet paper core from 0s to 0.83s in cm/s?,S2SC,SD,,none,row never attempted,cm/s
3029,internet_0035,What is the width of thumbnail in cm?,S2SC,SS,,none,row never attempted,cm
3030,internet_0035,What is the displacement of toilet paper core from rom start to 0.83s in cm?,S2SC,SS,,none,row never attempted,cm
3031,internet_0036,What is the length of the US one-dollar bill in mm?,S2SS,SS,,none,row never attempted,mm
3032,internet_0036,What is the speed of the bottom hand moves between 0s to 1.4s in m/s?,S2SS,SD,,none,row never attempted,m/s
3033,internet_0036,What is the speed of the bottom hand moves between 1.72s to 2.6s in m/s?,S2SS,SD,,none,row never attempted,m/s
3034,internet_0036,What is the speed of the top hand moves between 1.4s to 2.2s in m/s?,S2SS,SD,,none,row never attempted,m/s
3035,internet_0037,What is the speed of the swimming woman between 0s to 2.07s in m/s?,S2SC,SD,,none,row never attempted,m/s
3036,internet_0037,What is the speed of the swimming woman between 2.07s to 5.20s in m/s?,S2SC,SD,,none,row never attempted,m/s
3037,internet_0037,What is the speed of the swimming woman between 0s to 5.20s in m/s?,S2SC,SD,,none,row never attempted,m/s
3038,internet_0037,What is the acceleration of the swimming woman between 0s to 5.20s in m/s^2?,S2SC,SD,0.1,vlm-sentinel,,m/s^2
3039,internet_0037,What is the width of the swimming pool in meters?,S2SC,SS,,none,row never attempted,meters
3040,internet_0038,What is the length of the Apple Magic Mouse in cm? ,S2MS,SS,8.6,vlm-sentinel,,cm
3041,internet_0038,What is the length of the MacBook in cm? ,S2MS,SS,,none,row never attempted,cm
3042,internet_0038,What is the width of the MacBook in cm? ,S2MS,SS,,none,row never attempted,cm
3043,internet_0038,What is the length of the spacebar in cm? ,S2MS,SS,,none,row never attempted,cm
3044,internet_0038,What is the speed of the right hand moves between 0s to 0.54s in m/s?,S2MS,SD,,none,row never attempted,m/s
3045,internet_0039,What is the speed of the swimming man between 0s to 1s in m/s?,S2SC,SD,2.5,vlm-sentinel,,m/s
3046,internet_0039,What is the speed of the swimming man between 1 to 2.33s in m/s?,S2SC,SD,10.72,vlm-sentinel,,m/s
3047,internet_0039,What is the speed of the swimming man between 0s to 2.33s in m/s?,S2SC,SD,10.73,vlm-sentinel,,m/s
3048,internet_0039,What is the acceleration of the swimming man between 0s to 2.33s in m/s^2?,S2SC,SD,,none,model answered zero; declining,m/s^2
3049,internet_0039,What is the distance between the two lane ropes in meters?,S2SC,SS,,none,row never attempted,meters
3050,internet_0040,What's the length of the credit card in cm?,S2SS,SS,,none,row never attempted,cm
3051,internet_0040,What is the displacement of credit card from rom start to 0.73s in cm?,S2SS,SS,,none,model answered zero; declining,cm
3052,internet_0040,What is the speed of credit card from rom start to 0.73s in cm/s?,S2SS,SD,,none,model answered zero; declining,cm/s
3053,internet_0041,What is the displacement of the middle duck in cm?,S2MC,SS,,none,model answered zero; declining,cm
3054,internet_0041,What is the average speed of the middle duck in cm/s?,S2MC,SD,,none,model answered zero; declining,cm/s
3055,internet_0041,What is the distance between the pillars of the arches on the ground in cm?,S2MC,SS,,none,row never attempted,cm
3056,internet_0041,What is the height of the arches on the ground in cm?,S2MC,SS,,none,row never attempted,cm
3057,internet_0041,What is the distance between the pillars of the arches on the second floor in cm?,S2MC,SS,99.0,vlm-sentinel,,cm
3058,internet_0041,What is the height of the arches on the second floor in cm?,S2MC,SS,,none,row never attempted,cm
3059,internet_0042,What is the width of the white car in meters?,S2MS,SS,,none,row never attempted,meters
3060,internet_0042,What is the width of the black car in meters?,S2MS,SS,,none,row never attempted,meters
3061,internet_0042,What is the length of the black car in meters?,S2MS,SS,,none,row never attempted,meters
3062,internet_0042,What is the width of the road in meters?,S2MS,SS,10.5,vlm-sentinel,,meters
3063,internet_0042,What is the width of the bridge in meters?,S2MS,SS,12.5,vlm-sentinel,,meters
3064,internet_0042,What is the average speed of the white car in m/s?,S2MS,SD,30.0,vlm-sentinel,,m/s
3065,internet_0043,What is the diameter of the white ball in cm? ,V2MS,DS,4.5,vlm-sentinel,,cm
3066,internet_0043,What is the height of the kettle in cm? ,V2MS,DS,,none,row never attempted,cm
3067,internet_0043,What is the height of the white cylinder in cm? ,V2MS,DS,,none,row never attempted,cm
3068,internet_0043,What is the height of the green bottle in cm? ,V2MS,DS,,none,row never attempted,cm
3069,internet_0043,What is the height of the plastic bottle in cm? ,V2MS,DS,,none,row never attempted,cm
3070,internet_0043,What is the height of the plate in cm? ,V2MS,DS,,none,row never attempted,cm
3071,internet_0043,What is the distance between the kettle and the plate in cm? ,V2MS,DS,,none,row never attempted,cm
3072,internet_0043,What is the distance between the cylinder and the plastic bottle in cm? ,V2MS,DS,,none,model answered zero; declining,cm
3073,internet_0044,What is the diameter of the white ball in cm? ,V2MS,DS,,none,row never attempted,cm
3074,internet_0044,What is the height of the kettle in cm? ,V2MS,DS,,none,row never attempted,cm
3075,internet_0044,What is the height of the white cylinder in cm? ,V2MS,DS,,none,row never attempted,cm
3076,internet_0044,What is the height of the green bottle in cm? ,V2MS,DS,,none,row never attempted,cm
3077,internet_0044,What is the height of the plastic bottle in cm? ,V2MS,DS,,none,row never attempted,cm
3078,internet_0044,What is the height of the plate in cm? ,V2MS,DS,,none,row never attempted,cm
3079,internet_0044,What is the distance between the kettle and the plate in cm? ,V2MS,DS,,none,row never attempted,cm
3080,internet_0044,What is the distance between the cylinder and the plastic bottle in cm? ,V2MS,DS,,none,row never attempted,cm
3081,internet_0044,What is the velocity of the white ball at 1.50s in m/s^2? ,V2MS,DS,14.7,vlm-sentinel,,m/s
3082,internet_0044,What is the velocity of the white ball at 2.50s in m/s^2? ,V2MS,DS,,none,row never attempted,m/s^2
3083,internet_0045,What is the diameter of the rolling cylinder in cm? ,V2MS,DS,,none,row never attempted,cm
3084,internet_0045,What is the height of the green bottle in cm? ,V2MS,DS,,none,row never attempted,cm
3085,internet_0045,What is the height of the plastic bottle in cm? ,V2MS,DS,,none,row never attempted,cm
3086,internet_0045,What is the height of the plate in cm? ,V2MS,DS,,none,row never attempted,cm
3087,internet_0045,What is the distance between the two bottles in cm? ,V2MS,DS,,none,row never attempted,cm
3088,internet_0045,What is the distance between the kettle and the plate in cm? ,V2MS,DS,,none,row never attempted,cm
3089,internet_0046,What is the velocity of the cup at 1.00s in m/s?,S2SS,SD,0.07,vlm-sentinel,,m/s
3090,internet_0046,What is the velocity of the cup at 1.10s in m/s?,S2SS,SD,0.12,vlm-sentinel,,m/s
3091,internet_0046,What is the velocity of the cup at 1.20s in m/s?,S2SS,SD,0.08,vlm-sentinel,,m/s
3092,internet_0046,What is the displacement of the cup between 1.00s and 1.10s in cm? ,S2SS,SS,,none,row never attempted,cm
3093,internet_0046,What is the displacement of the cup between 1.10s and 1.30s in cm? ,S2SS,SS,,none,row never attempted,cm
3094,internet_0046,What is the acceleration of the cup at 1.10s in m/s^2?,S2SS,SD,,none,model answered zero; declining,m/s^2
3095,internet_0047,What is the diameter of the rolling ball in cm? ,V2SS,DS,,none,row never attempted,cm
3096,internet_0047,What is distance between the two vertical red lines in meters? ,V2SS,DS,,none,row never attempted,meters
3097,internet_0047,What is distance between the ball and the white line in meters? ,V2SS,DS,,none,row never attempted,meters
3098,internet_0047,What is displacement of the ball between 0.10s and 0.30sin meters? ,V2SS,DS,,none,row never attempted,
3099,internet_0047,What is distance between the red vertical line on the left and the white line in meters? ,V2SS,DS,,none,row never attempted,meters
3100,internet_0047,What is width of the lines on the floor in cm? ,V2SS,DS,,none,row never attempted,cm
3101,internet_0048,What is the diameter of the ball in cm? ,A2SS,DS,,none,row never attempted,cm
3102,internet_0048,What is the width of a single piece wall pad in cm? ,A2SS,DS,60.0,vlm-sentinel,,cm
3103,internet_0048,What is the height of the height of the wall pads in cm? ,A2SS,DS,,none,row never attempted,cm
3104,internet_0048,What is the distance between the ball and the floor at 1.50s in meters?,A2SS,DS,2.5,vlm-sentinel,,meters
3105,internet_0048,What is the displacement of the ball between 1.20s and 1.80s in meters? ,A2SS,DS,3.3,vlm-sentinel,,meters
3106,internet_0048,What is the velocity of the ball at 1.50s in m/s?,A2SS,DD,,none,row never attempted,m/s
3107,internet_0048,What is the height of the walking person in meters?,A2SS,DS,,none,row never attempted,meters
3108,internet_0048,What is the average walking speed of the walking person between 2.50s and 3.50s in m/s?,A2SS,DD,2.5,vlm-sentinel,,m/s
3109,internet_0049,What is the height of the person riding scooter in meters?,V2MC,DS,,none,row never attempted,meters
3110,internet_0049,What is the height of the gray table in meters?,V2MC,DS,1.2,vlm-sentinel,,meters
3111,internet_0049,What is the height of the gray chairs in meters?,V2MC,DS,,none,row never attempted,meters
3112,internet_0049,What is the height of the brown table in meters?,V2MC,DS,,none,row never attempted,meters
3113,internet_0049,What is the length of the brown table in meters?,V2MC,DS,,none,row never attempted,meters
3114,internet_0049,What is the height of the canopy in meters?,V2MC,DS,3.5,vlm-sentinel,,meters
3115,internet_0049,What is the distance between the middle brown table and the gray table in meters?,V2MC,DS,,none,row never attempted,meters
3116,internet_0050,What is the height of the person riding scooter in meters?,V2MC,DS,1.7,vlm-sentinel,,meters
3117,internet_0050,What is the height of the right basketball stand in meters?,V2MC,DS,,none,row never attempted,meters
3118,internet_0050,What is the height of the left basketball stand in meters?,V2MC,DS,,none,row never attempted,meters
3119,internet_0050,What is the distance of the bird to ground in meters?,V2MC,DS,,none,row never attempted,meters
3120,internet_0050,What is the distance between the two basketball stands in meters?,V2MC,DS,,none,row never attempted,meters
3121,internet_0050,What is the width of the left basketball backboard in meters?,V2MC,DS,,none,row never attempted,meters
3122,internet_0050,What is the height of the left basketball backboard in meters?,V2MC,DS,,none,row never attempted,meters
3123,internet_0051,What is the height of the person riding scooter in meters?,V2MC,DS,,none,row never attempted,meters
3124,internet_0051,What is the width of the green car in meters?,V2MC,DS,1.8,vlm-sentinel,,meters
3125,internet_0051,What is the height of the green car in meters?,V2MC,DS,,none,row never attempted,meters
3126,internet_0051,What is the height of the tree in the middle of the video in meters?,V2MC,DS,5.1,vlm-sentinel,,meters
3127,internet_0051,What is the distance between the brown and green car in meters?,V2MC,DS,,none,row never attempted,meters
3128,internet_0052,What is the height of the person riding scooter in meters?,V2MC,DS,1.7,vlm-sentinel,,meters
3129,internet_0052,What is the distance between the two closest tall trees in meters? ,V2MC,DS,,none,row never attempted,meters
3130,internet_0052,What is the height of the no-parking sign in meters?,V2MC,DS,,none,row never attempted,meters
3131,internet_0052,What is the width of the no-parking sign in meters?,V2MC,DS,,none,row never attempted,meters
3132,internet_0052,What is the height of the scooter in meters?,V2MC,DS,,none,row never attempted,meters
3133,internet_0052,What is the wheel-to-wheel width of the scooter in meters?,V2MC,DS,0.75,vlm-sentinel,,meters
3134,internet_0053,What is the height of the person riding scooter in meters?,V2MC,DS,1.7,vlm-sentinel,,meters
3135,internet_0053,What is the height of the lamp in meters?,V2MC,DS,2.55,vlm-sentinel,,meters
3136,internet_0053,What is the wheel-to-wheel width of the scooter in meters?,V2MC,DS,0.75,vlm-sentinel,,meters
3137,internet_0053,What is the height of the scooter in meters?,V2MC,DS,0.85,vlm-sentinel,,meters
3138,internet_0053,What is the height of the sign on the ground in meters?,V2MC,DS,,none,row never attempted,meters
3139,internet_0053,What is the width of the sign on the ground in meters?,V2MC,DS,0.6,vlm-sentinel,,meters
3140,internet_0053,What is the height of the fire hydrant in meters?,V2MC,DS,,none,row never attempted,meters
3141,internet_0053,What is the width of the bench in meters?,V2MC,DS,1.2,vlm-sentinel,,meters
3142,internet_0053,What is the height of the bench in meters?,V2MC,DS,0.9,vlm-sentinel,,meters
3143,internet_0053,What is the height of the trash bin in meters?,V2MC,DS,0.85,vlm-sentinel,,meters
3144,internet_0054,What is the height of the person riding scooter in meters?,V2MC,DS,1.7,vlm-sentinel,,meters
3145,internet_0054,What is the length of the brown chairs in meters?,V2MC,DS,,none,row never attempted,meters
3146,internet_0054,What is the height of the canopy in meters?,V2MC,DS,3.2,vlm-sentinel,,meters
3147,internet_0054,What is the width of the canopy in meters?,V2MC,DS,,none,row never attempted,meters
3148,internet_0054,What is the height of the scooter in meters?,V2MC,DS,0.85,vlm-sentinel,,meters
3149,internet_0054,What is the wheel-to-wheel width of the scooter in meters?,V2MC,DS,1.2,vlm-sentinel,,meters
3150,internet_0055,What is the height of the walking person in meters?,V2MC,DS,,none,row never attempted,meters
3151,internet_0055,What is the height of the DO NOT ENTER sign in meters?,V2MC,DS,1.8,vlm-sentinel,,meters
3152,internet_0055,What is the width of the DO NOT ENTER sign in meters?,V2MC,DS,,none,row never attempted,meters
3153,internet_0055,What is the distance of the DO NOT ENTER sign to the ground in meters?,V2MC,DS,,none,row never attempted,meters
3154,internet_0055,What is the height of the Bicycle sign in meters?,V2MC,DS,,none,row never attempted,meters
3155,internet_0055,What is the width of the Bicycle sign in meters?,V2MC,DS,,none,row never attempted,meters
3156,internet_0055,What is the distance of the Bicycle sign to the ground in meters?,V2MC,DS,,none,row never attempted,meters
3157,internet_0055,What is the width of the YIELD sign in meters?,V2MC,DS,,none,row never attempted,meters
3158,internet_0056,What is the height of the person riding scooter in meters?,V2MC,DS,1.7,vlm-sentinel,,meters
3159,internet_0056,What is the distance between the two closest tall trees in meters? ,V2MC,DS,,none,row never attempted,meters
3160,internet_0056,What is the height of the left most tree in meters?,V2MC,DS,,none,row never attempted,meters
3161,internet_0057,What is the height of the person in meters? ,A2MS,DS,,none,row never attempted,meters
3162,internet_0057,What is the distance between the basket and the floor in meters? ,A2MS,DS,,none,row never attempted,meters
3163,internet_0057,What is the velocity of the ball at 2.00s in m/s?,A2MS,DD,,none,row never attempted,m/s
3164,internet_0057,What is the velocity of the ball at 3.00s in m/s?,A2MS,DD,,none,row never attempted,m/s
3165,internet_0057,What is the distance between the basket and the ball at 3.00s in meters?,A2MS,DS,44.1,vlm-sentinel,,meters
3166,internet_0057,What is the distance between the person and the ball at 3.00s in meters?,A2MS,DS,44.1,vlm-sentinel,,meters
3167,internet_0057,What is the distance between the ball and the floor at 4.00s in meters? ,A2MS,DS,1.2,vlm-sentinel,,meters
3168,internet_0057,What is the person's average walking speed from 3.50s to 5.00s in m/s? ,A2MS,DD,2.3,vlm-sentinel,,m/s
3169,internet_0057,What is the displacement of the ball between 2.00s and 4.00s in meters? ,A2MS,DS,19.6,vlm-sentinel,,meters
3170,internet_0058,What is the height of the person in meters? ,A2MS,DS,1.75,vlm-sentinel,,meters
3171,internet_0058,What is the distance between the basket and the floor in meters? ,A2MS,DS,,none,row never attempted,meters
3172,internet_0058,What is the velocity of the ball at 1.00s in m/s?,A2MS,DD,,none,row never attempted,m/s
3173,internet_0058,What is the distance between the ball and the floor at 1.00s in meters? ,A2MS,DS,,none,row never attempted,meters
3174,internet_0058,What is the distance between the ball and the basket at 1.00s in meters? ,A2MS,DS,1.5,vlm-sentinel,,meters
3175,internet_0058,What is the velocity of the ball at 2.00s in m/s?,A2MS,DD,,none,row never attempted,m/s
3176,internet_0058,What is the distance between the ball and the floor at 2.00s in meters? ,A2MS,DS,1.5,vlm-sentinel,,meters
3177,internet_0058,What is the distance between the ball and the floor at 1.40s in meters? ,A2MS,DS,3.5,vlm-sentinel,,meters
3178,internet_0058, What is the average speed of the ball between 1.40s and 2.00s in m/s?,A2MS,DD,10.3,vlm-sentinel,,m/s
3179,internet_0059,What is the diameter of the ball in cm? ,A2SS,DS,,none,row never attempted,cm
3180,internet_0059,What is the length of the billboard in the middle in cm?,A2SS,DS,,none,row never attempted,cm
3181,internet_0059,What is the height of the billboard on the left in cm?,A2SS,DS,,none,row never attempted,cm
3182,internet_0059,What is the height of the billboard on the right in cm?,A2SS,DS,,none,row never attempted,cm
3183,internet_0059,What is distance between the left edge of the left billboard and the right edge of the right bill board in cm? ,A2SS,DS,,none,row never attempted,cm
3184,internet_0059,What is velocity of the ball at 2.50s in m/s?,A2SS,DD,,none,row never attempted,m/s
3185,internet_0059,What is velocity of the ball at 3.00s in m/s? ,A2SS,DD,,none,row never attempted,m/s
3186,internet_0059,What is the average velocity of the ball between 2.50s and 3.20s in m/s? ,A2SS,DD,,none,row never attempted,m/s
3187,internet_0059,What is the displacement of the ball between 2.50s and 3.00s in meters?,A2SS,DS,,none,row never attempted,meters
3188,internet_0060,What is the length of the pink box in cm?,A2SS,DS,,none,row never attempted,cm
3189,internet_0060,What is the width of the pink box in cm?,A2SS,DS,,none,row never attempted,cm
3190,internet_0060,What is the distance between the pink box and the floor at 0.00s in meters?,A2SS,DS,1.5,vlm-sentinel,,meters
3191,internet_0060,What is the velocity of the box at 2.00s in m/s?,A2SS,DD,,none,row never attempted,m/s
3192,internet_0060,What is the displacement of the box between 0.00s and 2.00s in meters?,A2SS,DS,,none,row never attempted,meters
3193,internet_0060,What is displacement of the box between 2.20s and 3.00s in meters?,A2SS,DS,,none,row never attempted,meters
3194,internet_0061,What is the width of the acorn in cm? ,A2SS,DS,,none,row never attempted,cm
3195,internet_0061,What is the height of the acorn in cm? ,A2SS,DS,,none,row never attempted,cm
3196,internet_0061,What is the velocity of the acorn at 1.40s in m/s? ,A2SS,DD,,none,row never attempted,m/s
3197,internet_0061,What is the distance between the bottom of the acorn and the chair surface at 1.40s in cm?,A2SS,DS,960.4,vlm-last-number,,cm
3198,internet_0061,What is the distance between the bottom of the acorn and the chair surface at 1.80s in cm? ,A2SS,DS,,none,row never attempted,cm
3199,internet_0061,What is the displacement of the acorn between 1.30s and 1.40s in cm? ,A2SS,DS,,none,row never attempted,cm
3200,internet_0062,What is the length of the longer side of the wallet in cm? ,A2SS,DS,,none,row never attempted,cm
3201,internet_0062,What is the length of the shorter side of the wallet in cm? ,A2SS,DS,,none,row never attempted,cm
3202,internet_0062,What is the velocity of the wallet at 2.50s in m/s? ,A2SS,DD,,none,row never attempted,m/s
3203,internet_0062,What is the distance between the bottom corner of the wallet and the floor at 2.50s in m/s? ,A2SS,DS,,none,row never attempted,m/s
3204,internet_0062,What is the displacement of the wallet between 2.20s and 2.50s in meters?,A2SS,DS,0.3,vlm-sentinel,,meters
3205,internet_0062,What is the velocity of the wallet at 2.60s in m/s? ,A2SS,DD,,none,row never attempted,m/s
3206,internet_0063,What is the height of the water bottle in cm?,A2SS,DS,,none,row never attempted,cm
3207,internet_0063,What is the diameter of the water bottle in cm? ,A2SS,DS,,none,row never attempted,cm
3208,internet_0063,What is the velocity of the water bottle at 1.50s in m/s?,A2SS,DD,14.7,vlm-sentinel,,m/s
3209,internet_0063,What is the velocity of the water bottle at 1.70s in m/s?,A2SS,DD,,none,row never attempted,m/s
3210,internet_0063,What is the displacement of the water bottle between 1.50s and 1.70s in meters?,A2SS,DS,,none,row never attempted,meters
3211,internet_0063,What is the distance between the bottom of the water bottle and the floor at 1.50s in meters?,A2SS,DS,,none,row never attempted,meters
3212,internet_0064,What is the height of the person in meters? ,A2MS,DS,1.7,vlm-sentinel,,meters
3213,internet_0064,What is the velocity of the ball at 3.0s in m/s? ,A2MS,DD,,none,row never attempted,m/s
3214,internet_0064,What is the velocity of the ball at 3.6s in m/s? ,A2MS,DD,,none,row never attempted,m/s
3215,internet_0064,What is the velocity of the person at 4.4s in m/s? ,A2MS,DD,1.2,vlm-sentinel,,m/s
3216,internet_0064,What is the distance between the bottom of the ball and the floor at 3.5s in meters?,A2MS,DS,0.56,vlm-sentinel,,meters
3217,internet_0064,What is the displacement of the ball between 3.50s and 3.70s in meters? ,A2MS,DS,1.4,vlm-sentinel,,meters
3218,internet_0064,What is the displacement of the person between 4.00s and 5.00s in meters? ,A2MS,DS,,none,row never attempted,meters
3219,internet_0064,What is the diameter of the ball in cm? ,A2MS,DS,,none,row never attempted,cm
3220,internet_0065,What is the velocity of the ball at 0.20s in m/s? ,A2SS,DD,,none,model answered zero; declining,m/s
3221,internet_0065,What is the velocity of the ball at 0.30s in m/s? ,A2SS,DD,,none,model answered zero; declining,m/s
3222,internet_0065,What is the velocity of the ball at 0.40s in m/s? ,A2SS,DD,,none,model answered zero; declining,m/s
3223,internet_0065,What is the velocity of the ball at 0.50s in m/s? ,A2SS,DD,,none,model answered zero; declining,m/s
3224,internet_0065,What is the displacement of the ball between 0.20s and 0.30 in meters?,A2SS,DS,,none,row never attempted,meters
3225,internet_0065,What is the displacement of the ball between 0.30s and 0.40s in meters?,A2SS,DS,,none,row never attempted,meters
3226,internet_0065,What is the displacement of the ball between 0.40s and 0.50s in meters?,A2SS,DS,,none,row never attempted,meters
3227,internet_0065,What is the diameter of the ball in cm? ,A2SS,DS,,none,row never attempted,cm
3228,internet_0066,What is the diameter of the ball in cm? ,A2SS,DS,,none,row never attempted,cm
3229,internet_0066,What is the velocity of the ball at 1.80s in m/s?,A2SS,DD,,none,model answered zero; declining,m/s
3230,internet_0066,What is the velocity of the ball at 1.90s in m/s?,A2SS,DD,,none,model answered zero; declining,m/s
3231,internet_0066,What is the velocity of the ball at 2.00s in m/s?,A2SS,DD,,none,model answered zero; declining,m/s
3232,internet_0066,What is the velocity of the ball at 2.10s in m/s?,A2SS,DD,,none,model answered zero; declining,m/s
3233,internet_0066,What is the velocity of the ball at 2.20s in m/s?,A2SS,DD,2.2,vlm-last-number,,m/s
3234,internet_0066,What is the displacement of the ball between 1.70s and 1.80s in meters?,A2SS,DS,3.5,vlm-sentinel,,meters
3235,internet_0066,What is the displacement of the ball between 1.80s and 1.90s in meters?,A2SS,DS,3.5,vlm-sentinel,,meters
3236,internet_0066,What is the displacement of the ball between 1.90s and 2.00s in meters?,A2SS,DS,3.5,vlm-sentinel,,meters
3237,internet_0066,What is the displacement of the ball between 2.00s and 2.10s in meters?,A2SS,DS,,none,model answered zero; declining,meters
3238,internet_0067,What is the acceleration of the acorn at 0.17s in m/s^2? ,S2SS,DD,,none,model answered zero; declining,m/s^2
3239,internet_0067,What is the velocity of the acorn at 0.17s in m/s? ,S2SS,DD,0.5,vlm-sentinel,,m/s
3240,internet_0067,What is the velocity of the acorn at 0.20s in m/s? ,S2SS,DD,0.3,vlm-sentinel,,m/s
3241,internet_0067,What is the width of the acorn in cm? ,S2SS,DS,,none,row never attempted,cm
3242,internet_0068,What is the height of the acorn in cm? ,A2SS,DS,,none,row never attempted,cm
3243,internet_0068,What is the velocity of the acorn at 2.00s in m/s? ,A2SS,DD,2.0,vlm-last-number,,m/s
3244,internet_0068,What is the velocity of the acorn at 2.10s in m/s? ,A2SS,DD,,none,row never attempted,m/s
3245,internet_0068,What is the velocity of the acorn at 2.30s in m/s? ,A2SS,DD,,none,row never attempted,m/s
3246,internet_0068,What is the displacement of the acorn between 2.00s and 2.10s in cm?,A2SS,DS,,none,row never attempted,cm
3247,internet_0068,What is the displacement of the acorn between 2.10s and 2.20s in cm?,A2SS,DS,,none,row never attempted,cm
3248,internet_0068,What is the displacement of the acorn between 2.20s and 2.30s in cm?,A2SS,DS,5.2,vlm-sentinel,,cm
3249,internet_0068,What is the displacement of the acorn between 2.30s and 2.40s in cm?,A2SS,DS,3.8,vlm-sentinel,,cm
3250,internet_0069,What is the height of the cup in cm? ,A2SS,DS,12.0,vlm-sentinel,,cm
3251,internet_0069,What is the velocity of the cup at 2.00s in m/s?,A2SS,DD,,none,model answered zero; declining,m/s
3252,internet_0069,What is the velocity of the cup at 2.10s in m/s?,A2SS,DD,0.3,vlm-last-number,,m/s
3253,internet_0069,What is the velocity of the cup at 2.20s in m/s?,A2SS,DD,0.064,vlm-sentinel,,m/s
3254,internet_0069,What is the velocity of the cup at 2.30s in m/s?,A2SS,DD,,none,row never attempted,m/s
3255,internet_0069,What is the displacement of the cup between 2.00s and 2.10s in cm? ,A2SS,DS,,none,row never attempted,cm
3256,internet_0069,What is the displacement of the cup between 2.10s and 2.30s in cm? ,A2SS,DS,5.76,vlm-sentinel,,cm
3257,internet_0069,What is the displacement of the cup between 2.30s and 2.50s in cm? ,A2SS,DS,6.4,vlm-sentinel,,cm
3258,internet_0070,What is the length of the speedboat in meters?,V2SC,DS,3.5,vlm-sentinel,,meters
3259,internet_0070,What is the height of the speedboat in meters?,V2SC,DS,,none,row never attempted,meters
3260,internet_0070,What is the displacement of the speedboat between 1.00s and 4.00s in meters?,V2SC,DS,,none,row never attempted,meters
3261,internet_0070,What is the displacement of the speedboat between 2.00s and 3.00s in meters?,V2SC,DS,,none,row never attempted,meters
3262,internet_0070,What is the velocity of the speed boat at 2.00s? ,V2SC,DD,,none,row never attempted,
3263,internet_0071,What is the diameter of the toilet paper roll in cm?,S2SS,SS,,none,row never attempted,cm
3264,internet_0071,What is the length of the toilet paper holder in cm?,S2SS,SS,,none,row never attempted,cm
3265,internet_0071,What is the length of a wall tile in cm?,S2SS,SS,,none,row never attempted,cm
3266,internet_0071,What is the height of a wall tile in cm? ,S2SS,SS,10.0,vlm-sentinel,,cm
3267,internet_0071,What is the moving velocity of the toilet paper at 0.50s in cm/s? ,S2SS,SD,,none,row never attempted,cm/s
3268,internet_0071,What is the moving velocity of the toilet paper at 1.00s in cm/s? ,S2SS,SD,,none,row never attempted,cm/s
3269,internet_0071,What is the average moving velocity of the toilet paper from 0.50s to 1.50s in cm/s? ,S2SS,SD,,none,row never attempted,cm/s
3270,internet_0072,What is the width of the credit card in cm? ,S2SS,SS,,none,row never attempted,cm
3271,internet_0072,What is the moving velocity of the credit card at 0.50s in cm/s?,S2SS,SD,,none,model answered zero; declining,cm/s
3272,internet_0072,What is the moving velocity of the credit card at 1.00s in cm/s?,S2SS,SD,,none,model answered zero; declining,cm/s
3273,internet_0072,What is the acceleration of the credit card at 0.50s in cm/s? ,S2SS,SD,,none,model answered zero; declining,cm/s^2
3274,internet_0073,What is the distance between the blue bag and the yellow bag in meters? ,S2MC,SS,0.05,vlm-sentinel,,meters
3275,internet_0073,What is the width of the red package in meters?,S2MC,SS,,none,row never attempted,meters
3276,internet_0073,What is the height of the red package in meters?,S2MC,SS,,none,row never attempted,meters
3277,internet_0073,What is the width of the package in the middle of the read package and the blue bag in meters?,S2MC,SS,,none,row never attempted,meters
3278,internet_0073,What is the height of the package in the middle of the read package and the blue bag in meters?,S2MC,SS,0.15,vlm-sentinel,,meters
3279,internet_0073,What is the distance between the red package and the blue bag in meters?,S2MC,SS,,none,row never attempted,meters
3280,internet_0073,What is the displacement of the blue bag between 2.00s and 3.50s in meters? ,S2MC,SS,,none,row never attempted,meters
3281,internet_0074,What is the total length of the pickle ball court in meters? ,S2MS,SS,,none,row never attempted,meters
3282,internet_0074,What is the distance between the two players at 0.00s in meters? ,S2MS,SS,,none,row never attempted,meters
3283,internet_0074,What is the velocity of the ball at 1.00s in m/s? ,S2MS,SD,120.0,vlm-sentinel,,m/s
3284,internet_0074,What is the distance between the ball and the net at 1.00s in meters? ,S2MS,SS,,none,row never attempted,meters
3285,internet_0074,What is the distance between the ball and the nearest player at 2.00s in meters? ,S2MS,SS,,none,row never attempted,meters
3286,internet_0074,What is the velocity of the ball at 3.00s in m/s? ,S2MS,SD,100.0,vlm-sentinel,,m/s
3287,internet_0074,What is the length of the net in meters?,S2MS,SS,,none,row never attempted,meters
3288,internet_0074,What is the distance between the two players at 4.50s in meters?,S2MS,SS,,none,row never attempted,meters
