id,video_id,video_source,video_type,fps,inference_type,question,ground_truth_prior,depth_info,parsed_value
1,simulation_0007,simulation,S2MC,24,SS,What is the width of the wooden pier in meters?,length of boat = 3.62m,,
2,simulation_0007,simulation,S2MC,24,SS,What is the length of the pier in meters?,length of boat = 3.62m,,
3,simulation_0007,simulation,S2MC,24,SS,"When t=3s, what is the minimum distance from the outer end of the pier to the boat in meters?",length of boat = 3.62m,,
4,simulation_0007,simulation,S2MC,24,SD,What is the speed of the boat at 1.0s in m/s?,length of boat = 3.62m,,
5,simulation_0012,simulation,V2MC,24,DS,What is the total width of the house from eave to eave in meters?,speed of the bird =6m/s,,
6,simulation_0012,simulation,V2MC,24,DS,What is the body length of the bird in meters?,speed of the bird =6m/s,,
7,simulation_0012,simulation,V2MC,24,DS,How wide is the bird's wingspan when it spreads its wings in meters?,speed of the bird =6m/s,,
8,simulation_0020,simulation,A2MC,30,DS,What is the height of the person in meters?,gravity acc = 9.8m/s^2,,
9,simulation_0020,simulation,A2MC,30,DD,What is the velocity of the ball at 0.0s in m/s?,gravity acc = 9.8m/s^2,,
10,simulation_0020,simulation,A2MC,30,DS,What is the diameter of the ball in meters?,gravity acc = 9.8m/s^2,,
11,simulation_0041,simulation,S2MC,24,SS,What is the length of the boat in meters?,height of the person = 1.75m,,
12,simulation_0041,simulation,S2MC,24,SS,What is the width of the boat in meters?,height of the person = 1.75m,,
13,simulation_0041,simulation,S2MC,24,SD,What is the speed of the boat at 1.0s in m/s?,height of the person = 1.75m,,
14,simulation_0041,simulation,S2MC,24,SD,What is the speed of the person at 1.0s in m/s?,height of the person = 1.75m,,
15,simulation_0047,simulation,V2MC,33,DS,What is the width of the telephone booth in meters?,speed of the walking person = 1.236m/s,,
16,simulation_0047,simulation,V2MC,33,DS,What is the length of the planter area between the two staircases in meters?,speed of the walking person = 1.236m/s,,
17,simulation_0047,simulation,V2MC,33,DS,What is the length of the moving bicycle in meters?,speed of the walking person = 1.236m/s,,
18,simulation_0047,simulation,V2MC,33,DD,What is the speed of the moving bicycle at 1.0s in m/s?,speed of the walking person = 1.236m/s,,
19,simulation_0053,simulation,A2MC,30,DD,What is the speed of the green car at 2.0s in m/s?,acceleration of the orange car = -2.86m/s^2,,
20,simulation_0053,simulation,A2MC,30,DS,What is the length of the orange car in meters?,acceleration of the orange car = -2.86m/s^2,,
21,simulation_0053,simulation,A2MC,30,DS,What is the length of the green car in meters?,acceleration of the orange car = -2.86m/s^2,,
22,simulation_0053,simulation,A2MC,30,DS,What is the distance between the two black lamps in meters?,acceleration of the orange car = -2.86m/s^2,,
23,simulation_0053,simulation,A2MC,30,DD,What is the walking speed of the person at 2.0s in meters?,acceleration of the orange car = -2.86m/s^2,,
24,simulation_0054,simulation,A2MC,30,DD,What is the speed of the green car at 2.0s in m/s?,acceleration of the orange car = -2.86m/s^2,,
25,simulation_0054,simulation,A2MC,30,DS,What is the length of the orange car in meters?,acceleration of the orange car = -2.86m/s^2,,
26,simulation_0054,simulation,A2MC,30,DS,What is the length of the green car in meters?,acceleration of the orange car = -2.86m/s^2,,
27,simulation_0054,simulation,A2MC,30,DS,What is the distance between the two black lamps in meters?,acceleration of the orange car = -2.86m/s^2,,
28,simulation_0054,simulation,A2MC,30,DS,What is the width of the orange car in meters?,acceleration of the orange car = -2.86m/s^2,,
29,simulation_0054,simulation,A2MC,30,DS,What is the width of the green car in meters?,acceleration of the orange car = -2.86m/s^2,,
30,simulation_0057,simulation,A2MC,30,DS,What is the length of the orange car in meters?,acceleration of the orange car = -2.86m/s^2,,
31,simulation_0057,simulation,A2MC,30,DS,What is the distance between the two black lamps in meters?,acceleration of the orange car = -2.86m/s^2,,
32,simulation_0057,simulation,A2MC,30,DS,What is the width of the orange car in meters?,acceleration of the orange car = -2.86m/s^2,,
33,simulation_0068,simulation,A2MS,24,DD,What is the speed of the yellow car at 2.5s in m/s？,acceleration of the white car = 4m/s^2,,
34,simulation_0068,simulation,A2MS,24,DS,What is the length of the turning yellow car in meters?,acceleration of the white car = 4m/s^2,,
35,simulation_0068,simulation,A2MS,24,DS,What is the width of the turning yellow car in meters?,acceleration of the white car = 4m/s^2,,
36,simulation_0068,simulation,A2MS,24,DS,What is the width of the white car in meters?,acceleration of the white car = 4m/s^2,,
37,simulation_0068,simulation,A2MS,24,DS,What is the length of the white car in meters？,acceleration of the white car = 4m/s^2,,
38,simulation_0069,simulation,A2MS,24,DD,What is the speed of the walking pedestrian at 1.0s in m/s?,acceleration of the white car = 4m/s^2,,
39,simulation_0069,simulation,A2MS,24,DS,What is the width of the white car in meters?,acceleration of the white car = 4m/s^2,,
40,simulation_0069,simulation,A2MS,24,DS,What is the length of the white car in meters？,acceleration of the white car = 4m/s^2,,
41,simulation_0070,simulation,S2MS,24,SD,What is the speed of the turing yellow car at 2.5s in m/s?,length of the yellow car = 5.44m,,
42,simulation_0070,simulation,S2MS,24,SS,What is the width of the turning yellow car in meters?,length of the yellow car = 5.44m,,
43,simulation_0070,simulation,S2MS,24,SD,What is the speed of the bicycle at 1.0s in m/s?,length of the yellow car = 5.44m,,
44,simulation_0071,simulation,S2MS,24,SD,What is the speed of the turing yellow car at 2.5s in m/s?,length of the yellow car = 5.44m,,
45,simulation_0071,simulation,S2MS,24,SS,What is the width of the turning yellow car in meters?,length of the yellow car = 5.44m,,
46,simulation_0071,simulation,S2MS,24,SD,What is the speed of the walking pedestrian at 1.0s in m/s?,length of the yellow car = 5.44m,,
47,simulation_0072,simulation,V2MS,24,DD,What is the speed of the walking pedestrian at 1.0s in m/s?,speed of the bicycle = 5.33m/s,,
48,simulation_0073,simulation,V2MS,24,DS,What is the width of the white car in meters?,speed of the bicycle = 5.33m/s,,
49,simulation_0073,simulation,V2MS,24,DS,What is the length of the white car in meters？,speed of the bicycle = 5.33m/s,,
50,simulation_0073,simulation,V2MS,24,DS,What is the distance between the white car and the bicycle at 1.0s in meters?,speed of the bicycle = 5.33m/s,,
51,simulation_0073,simulation,V2MS,24,DS,What is the  distance between the white car and the bicycle at 2.0s in meters?,speed of the bicycle = 5.33m/s,,
52,simulation_0073,simulation,V2MS,24,DD,What is the acceleration of the white car at 1.0s in m/s^2?,speed of the bicycle = 5.33m/s,,
53,simulation_0073,simulation,V2MS,24,DS,What is the side length of the square earthen platform in meters?,speed of the bicycle = 5.33m/s,,
54,simulation_0073,simulation,V2MS,24,DD,What is the speed of the white car at 1.0s in m/s?,speed of the bicycle = 5.33m/s,,
55,simulation_0075,simulation,S2MS,24,SS,What is the length of the turning yellow car in meters?,length of the white car = 6m,,
56,simulation_0075,simulation,S2MS,24,SD,What is the speed of the walking pedestrian at 1.0s in m/s?,length of the white car = 6m,,
57,simulation_0075,simulation,S2MS,24,SD,What is the speed of the turing yellow car at 2.5s in m/s?,length of the white car = 6m,,
58,simulation_0075,simulation,S2MS,24,SS,What is the width of the turning yellow car in meters?,length of the white car = 6m,,
59,simulation_0075,simulation,S2MS,24,SS,What is the width of the purple car in meters?,length of the white car = 6m,,
60,simulation_0075,simulation,S2MS,24,SS,What is the length of the purple car in meters?,length of the white car = 6m,,
61,simulation_0075,simulation,S2MS,24,SD,What is the speed of the bicycle at 1.0s in m/s?,length of the white car = 6m,,
62,simulation_0075,simulation,S2MS,24,SS,What is the side length of the square earthen platform in meters?,length of the white car = 6m,,
63,simulation_0075,simulation,S2MS,24,SS,What is the width of the white car in meters?,length of the white car = 6m,,
64,simulation_0075,simulation,S2MS,24,SD,What is the acceleration of the white car at 1.0s in m/s^2?,length of the white car = 6m,,
65,simulation_0075,simulation,S2MS,24,SS,What is the width of the green car in meters?,length of the white car = 6m,,
66,simulation_0075,simulation,S2MS,24,SS,What is the length of the green car in meters?,length of the white car = 6m,,
67,simulation_0076,simulation,V2MX,24,DD,What is the speed of the person in the white shirt at 1.0s in m/s?,speed of the person in the black shirt = 1m/s,,
68,simulation_0076,simulation,V2MX,24,DS,What is the distance between the person in the black shirt and the person in the white shirt at 1.0s in meters?,speed of the person in the black shirt = 1m/s,,
69,simulation_0076,simulation,V2MX,24,DS,What is the distance between the person in the black shirt and the person in the white shirt at 2.0s in meters?,speed of the person in the black shirt = 1m/s,,
70,simulation_0077,simulation,V2MX,24,DD,What is the speed of the person in the white shirt at 1.0s in m/s?,speed of the person in the black shirt = 1m/s,,
71,simulation_0077,simulation,V2MX,24,DS,What is the distance between the person in the black shirt and the person in the white shirt at 1.0s in meters?,speed of the person in the black shirt = 1m/s,,
72,simulation_0077,simulation,V2MX,24,DS,What is the distance between the person in the black shirt and the person in the white shirt at 2.0s in meters?,speed of the person in the black shirt = 1m/s,,
73,simulation_0078,simulation,V2MX,24,DD,What is the speed of the person in the black shirt at 1.0s in m/s?,speed of the person in the white shirt = 1.3m/s,,
74,simulation_0078,simulation,V2MX,24,DS,What is the distance between the person in the black shirt and the person in the white shirt at 1.0s in meters?,speed of the person in the white shirt = 1.3m/s,,
75,simulation_0078,simulation,V2MX,24,DS,What is the distance between the person in the black shirt and the person in the white shirt at 2.0s in meters?,speed of the person in the white shirt = 1.3m/s,,
76,simulation_0079,simulation,S2MX,24,SD,What is the speed of the walking person at 1.0s in m/s?,length of the bike = 1.7m,,
77,simulation_0079,simulation,S2MX,24,SD,What is the speed of the bike at 1.0s in m/s?,length of the bike = 1.7m,,
78,simulation_0079,simulation,S2MX,24,SS,What is the distance between the walking person and the bike at 1.0s in meters?,length of the bike = 1.7m,,
79,simulation_0079,simulation,S2MX,24,SS,What is the distance between the walking person and the bike at 0.5s in meters?,length of the bike = 1.7m,,
80,simulation_0080,simulation,S2MX,24,SD,What is the speed of the walking person at 0.5s in m/s?,length of the bike = 1.7m,,
81,simulation_0080,simulation,S2MX,24,SD,What is the speed of the bike at 0.5s in m/s?,length of the bike = 1.7m,,
82,simulation_0080,simulation,S2MX,24,SS,What is the distance between the walking person and the bike at 0.5 s in meters?,length of the bike = 1.7m,,
83,simulation_0080,simulation,S2MX,24,SS,What is the distance between the walking person and the bike at 1.0s in meters?,length of the bike = 1.7m,,
84,simulation_0081,simulation,S2MX,24,SD,What is the speed of the walking person at 0.5s in m/s?,length of the bike = 1.7m,,
85,simulation_0081,simulation,S2MX,24,SD,What is the speed of the bike at 0.5s in m/s?,length of the bike = 1.7m,,
86,simulation_0081,simulation,S2MX,24,SS,What is the distance between the walking person and the bike at 0.5 s in meters?,length of the bike = 1.7m,,
87,simulation_0081,simulation,S2MX,24,SS,What is the distance between the walking person and the bike at 1.0 s in meters?,length of the bike = 1.7m,,
88,simulation_0082,simulation,S2MX,24,SS,What is the width of the yellow car in meters?,length of the yellow car = 5.67m,,
89,simulation_0082,simulation,S2MX,24,SS,What is the length of the black and white car in meters?,length of the yellow car = 5.67m,,
90,simulation_0082,simulation,S2MX,24,SS,What is the width of the black and white car in meters?,length of the yellow car = 5.67m,,
91,simulation_0082,simulation,S2MX,24,SS,What is the distance between the yellow car and the black and white car at 1.0s in meters?,length of the yellow car = 5.67m,,
92,simulation_0082,simulation,S2MX,24,SS,What is the distance between the yellow car and the black and white car at 2.0s in meters?,length of the yellow car = 5.67m,,
93,simulation_0082,simulation,S2MX,24,SD,What is the speed of the yellow car at 1.0s in m/s？,length of the yellow car = 5.67m,,
94,simulation_0082,simulation,S2MX,24,SD,What is the speed of the black and white car at 1.0s in m/s?,length of the yellow car = 5.67m,,
95,simulation_0083,simulation,S2MX,24,SS,What is the width of the yellow car in meters?,length of the yellow car = 5.67m,,
96,simulation_0083,simulation,S2MX,24,SS,What is the length of the black and white car in meters?,length of the yellow car = 5.67m,,
97,simulation_0083,simulation,S2MX,24,SS,What is the width of the black and white car in meters?,length of the yellow car = 5.67m,,
98,simulation_0083,simulation,S2MX,24,SS,What is the distance between the yellow car and the black and white car at 1.0s in meters?,length of the yellow car = 5.67m,,
99,simulation_0083,simulation,S2MX,24,SS,What is the distance between the yellow car and the black and white car at 2.0s in meters?,length of the yellow car = 5.67m,,
100,simulation_0083,simulation,S2MX,24,SD,What is the speed of the yellow car at 1.0s in m/s？,length of the yellow car = 5.67m,,
101,simulation_0083,simulation,S2MX,24,SD,What is the speed of the black and white car at 1.0s in m/s?,length of the yellow car = 5.67m,,
102,simulation_0084,simulation,V2MX,24,DS,What is the length of the yellow car in meters?,speed of the yellow car = 5.07m/s,,
103,simulation_0084,simulation,V2MX,24,DS,What is the width of the yellow car in meters?,speed of the yellow car = 5.07m/s,,
104,simulation_0084,simulation,V2MX,24,DS,What is the length of the black and white car in meters?,speed of the yellow car = 5.07m/s,,
105,simulation_0084,simulation,V2MX,24,DS,What is the width of the black and white car in meters?,speed of the yellow car = 5.07m/s,,
106,simulation_0084,simulation,V2MX,24,DS,What is the distance between the yellow car and the black and white car at 1.0s in meters?,speed of the yellow car = 5.07m/s,,
107,simulation_0084,simulation,V2MX,24,DS,What is the distance between the yellow car and the black and white car at 2.0s in meters?,speed of the yellow car = 5.07m/s,,
108,simulation_0084,simulation,V2MX,24,DD,What is the speed of the black and white car at 1.0s in m/s?,length of the yellow car = 5.67m,,
109,simulation_0085,simulation,A2MX,24,DD,What is the speed of the bike at 1.0s in m/s?,acceleration of the car = 4.03m/s^2,,
110,simulation_0085,simulation,A2MX,24,DS,What is the length of the bike in meters?,acceleration of the car = 4.03m/s^2,,
111,simulation_0085,simulation,A2MX,24,DS,What is the length of the car in meters?,acceleration of the car = 4.03m/s^2,,
112,simulation_0085,simulation,A2MX,24,DS,What is the width of the car in meters?,acceleration of the car = 4.03m/s^2,,
113,simulation_0085,simulation,A2MX,24,DS,What is the distance between the car and the bike at 1.0s in meters?,acceleration of the car = 4.03m/s^2,,
114,simulation_0085,simulation,A2MX,24,DS,What is the distance between the car and the bike at 2.0s in meters?,acceleration of the car = 4.03m/s^2,,
115,simulation_0085,simulation,A2MX,24,DD,What is the speed of the car at 1.5s in m/s?,acceleration of the car = 4.03m/s^2,,
116,simulation_0086,simulation,A2MX,24,DD,What is the speed of the bike at 1.0s in m/s?,acceleration of the car = 4.03m/s^2,,
117,simulation_0086,simulation,A2MX,24,DS,What is the length of the bike in meters?,acceleration of the car = 4.03m/s^2,,
118,simulation_0086,simulation,A2MX,24,DS,What is the length of the car in meters?,acceleration of the car = 4.03m/s^2,,
119,simulation_0086,simulation,A2MX,24,DS,What is the width of the car in meters?,acceleration of the car = 4.03m/s^2,,
120,simulation_0086,simulation,A2MX,24,DS,What is the distance between the car and the bike at 1.0s in meters?,acceleration of the car = 4.03m/s^2,,
121,simulation_0086,simulation,A2MX,24,DS,What is the distance between the car and the bike at 2.0s in meters?,acceleration of the car = 4.03m/s^2,,
122,simulation_0086,simulation,A2MX,24,DD,What is the speed of the car at 1.5s in m/s?,acceleration of the car = 4.03m/s^2,,
123,simulation_0087,simulation,V2MX,24,DD,What is the acceleration of the car at 1.0s in m/s^2?,speed of the bike = 5.07m/s,,
124,simulation_0087,simulation,V2MX,24,DS,What is the length of the bike in meters?,acceleration of the car = 4.03m/s^2,,
125,simulation_0087,simulation,V2MX,24,DS,What is the length of the car in meters?,acceleration of the car = 4.03m/s^2,,
126,simulation_0087,simulation,V2MX,24,DS,What is the width of the car in meters?,acceleration of the car = 4.03m/s^2,,
127,simulation_0087,simulation,V2MX,24,DS,What is the distance between the car and the bike at 0.5 s in meters?,acceleration of the car = 4.03m/s^2,,
128,simulation_0087,simulation,V2MX,24,DS,What is the distance between the car and the bike at 1.0s in meters?,acceleration of the car = 4.03m/s^2,,
129,simulation_0087,simulation,V2MX,24,DD,What is the speed of the car at 1.0s in m/s?,acceleration of the car = 4.03m/s^2,,
130,simulation_0088,simulation,V2MX,24,DD,What is the speed of the small bird at 0.3s in m/s?,speed of the big bird = 17.98m/s,,
131,simulation_0088,simulation,V2MX,24,DS,What is the distance between the big bird and the small bird at 0.3s in meters?,speed of the big bird = 17.98m/s,,
132,simulation_0088,simulation,V2MX,24,DS,What is the body length of the big bird in meters?,speed of the big bird = 17.98m/s,,
133,simulation_0088,simulation,V2MX,24,DS,What is the width (wingspan) of the big bird in meters?,speed of the big bird = 17.98m/s,,
134,simulation_0088,simulation,V2MX,24,DS,What is the body length of the small bird in meters?,speed of the big bird = 17.98m/s,,
135,simulation_0088,simulation,V2MX,24,DS,What is the width (wingspan) of the small bird in meters?,speed of the big bird = 17.98m/s,,
136,simulation_0089,simulation,S2MX,24,SS,What is the length of the big bird in meters?,length of the small bird = 0.94m,,
137,simulation_0089,simulation,S2MX,24,SS,What is the width of the big bird in meters?,length of the small bird = 0.94m,,
138,simulation_0089,simulation,S2MX,24,SS,What is the width (wingspan) of the small bird in meters?,length of the small bird = 0.94m,,
139,simulation_0089,simulation,S2MX,24,SD,What is the speed of the small bird at 0.3s in m/s?,length of the small bird = 0.94m,,
140,simulation_0089,simulation,S2MX,24,SD,What is the speed of the big bird at 0.3s in m/s?,length of the small bird = 0.94m,,
141,simulation_0089,simulation,S2MX,24,SS,What is the distance between the big bird and the small bird at 0.3s in meters?,length of the small bird = 0.94m,,
142,simulation_0090,simulation,V2MX,24,DD,What is the speed of the big bird at 0.2s in m/s?,speed of the small bird = 11m/s,,
143,simulation_0090,simulation,V2MX,24,DS,What is the distance between the big bird and the small bird at 0.3s in meters?,speed of the small bird = 11m/s,,
144,simulation_0090,simulation,V2MX,24,DS,What is the body length of the big bird in meters?,speed of the small bird = 11m/s,,
145,simulation_0090,simulation,V2MX,24,DS,What is the body length of the small bird in meters?,speed of the small bird = 11m/s,,
146,simulation_0091,simulation,V2MX,24,DD,What is the speed of the big bird at 0.3s in m/s?,speed of the small bird = 11m/s,,
147,simulation_0091,simulation,V2MX,24,DS,What is the distance between the big bird and the small bird at 0.3s in meters?,speed of the small bird = 11m/s,,
148,simulation_0091,simulation,V2MX,24,DS,What is the length of the big bird in meters?,speed of the small bird = 11m/s,,
149,simulation_0091,simulation,V2MX,24,DS,What is the length of the small bird in meters?,speed of the small bird = 11m/s,,
150,simulation_0092,simulation,S2MX,24,SS,What is the height of the car in meters?,length of the car = 5.67m,,
151,simulation_0092,simulation,S2MX,24,SS,What is the length of the plane in meters?,length of the car = 5.67m,,
152,simulation_0092,simulation,S2MX,24,SS,What is the height of the plane in meters?,length of the car = 5.67m,,
153,simulation_0092,simulation,S2MX,24,SD,What is the speed of the plane at 1.0s in m/s?,length of the car = 5.67m,,
154,simulation_0092,simulation,S2MX,24,SD,What is the speed of the car at 1.0s in m/s?,length of the car = 5.67m,,
155,simulation_0093,simulation,S2MX,24,SS,What is the height of the car in meters?,length of the car = 5.67m,,
156,simulation_0093,simulation,S2MX,24,SS,What is the length of the plane in meters?,length of the car = 5.67m,,
157,simulation_0093,simulation,S2MX,24,SS,What is the height of the plane in meters?,length of the car = 5.67m,,
158,simulation_0093,simulation,S2MX,24,SD,What is the speed of the plane at 0.5s in m/s?,length of the car = 5.67m,,
159,simulation_0093,simulation,S2MX,24,SD,What is the speed of the car at 1.0s in m/s?,length of the car = 5.67m,,
160,simulation_0094,simulation,V2MX,24,DS,What is the length of the car in meters?,speed of the car = 30m/s,,
161,simulation_0094,simulation,V2MX,24,DS,What is the height of the car in meters?,speed of the car = 30m/s,,
162,simulation_0094,simulation,V2MX,24,DS,What is the length of the plane in meters?,speed of the car = 30m/s,,
163,simulation_0094,simulation,V2MX,24,DS,What is the height of the plane in meters?,speed of the car = 30m/s,,
164,simulation_0095,simulation,A2MX,24,DD,What is the speed of the plane at 0.5s in m/s?,acceleration of the car = 10m/s^2,,
165,simulation_0095,simulation,A2MX,24,DS,What is the length of the car in meters?,acceleration of the car = 10m/s^2,,
166,simulation_0095,simulation,A2MX,24,DS,What is the height of the car in meters?,acceleration of the car = 10m/s^2,,
167,simulation_0095,simulation,A2MX,24,DS,What is the length of the plane in meters?,acceleration of the car = 10m/s^2,,
168,simulation_0095,simulation,A2MX,24,DS,What is the height of the plane in meters?,acceleration of the car = 10m/s^2,,
169,simulation_0096,simulation,A2MX,24,DD,What is the speed of the plane at 0.3s in m/s?,acceleration of the car = 10m/s^2,,
170,simulation_0096,simulation,A2MX,24,DS,What is the length of the car in meters?,acceleration of the car = 10m/s^2,,
171,simulation_0096,simulation,A2MX,24,DS,What is the height of the car in meters?,acceleration of the car = 10m/s^2,,
172,simulation_0096,simulation,A2MX,24,DS,What is the length of the plane in meters?,acceleration of the car = 10m/s^2,,
173,simulation_0096,simulation,A2MX,24,DS,What is the height of the plane in meters?,acceleration of the car = 10m/s^2,,
174,simulation_0097,simulation,A2MX,24,DD,What is the speed of the plane at 0.3s in m/s?,acceleration of the car = 10m/s^2,,
175,simulation_0097,simulation,A2MX,24,DS,What is the length of the car in meters?,acceleration of the car = 10m/s^2,,
176,simulation_0097,simulation,A2MX,24,DS,What is the height of the car in meters?,acceleration of the car = 10m/s^2,,
177,simulation_0097,simulation,A2MX,24,DS,What is the length of the plane in meters?,acceleration of the car = 10m/s^2,,
178,simulation_0097,simulation,A2MX,24,DS,What is the height of the plane in meters?,acceleration of the car = 10m/s^2,,
179,simulation_0098,simulation,V2MS,24,DD,What is the speed of the boat at 1.0s in m/s?,speed of the shark = 3m/s,,
180,simulation_0098,simulation,V2MS,24,DS,What is the length of the boat in meters?,speed of the shark = 3m/s,,
181,simulation_0098,simulation,V2MS,24,DS,What is the length of the shark in meters?,speed of the shark = 3m/s,,
182,simulation_0098,simulation,V2MS,24,DS,What is the height of the shark in meters?,speed of the shark = 3m/s,,
183,simulation_0099,simulation,S2MS,24,SD,What is the speed of the boat at 1.0s in m/s?,length of the boat = 10m,,
184,simulation_0099,simulation,S2MS,24,SD,What is the speed of the shark at 1.0s in m/s?,length of the boat = 10m,,
185,simulation_0099,simulation,S2MS,24,SS,What is the length of the shark in meters?,length of the boat = 10m,,
186,simulation_0099,simulation,S2MS,24,SS,What is the height of the shark in meters?,length of the boat = 10m,,
187,simulation_0100,simulation,S2MS,24,SD,What is the speed of the boat at 1.0s in m/s?,length of the boat = 10m,,
188,simulation_0100,simulation,S2MS,24,SD,What is the speed of the shark at 1.0s in m/s?,length of the boat = 10m,,
189,simulation_0100,simulation,S2MS,24,SS,What is the length of the shark in meters?,length of the boat = 10m,,
190,simulation_0100,simulation,S2MS,24,SS,What is the height of the shark in meters?,length of the boat = 10m,,
191,simulation_0101,simulation,A2MS,24,DD,What is the speed of the shark at 0.0s in m/s?,acceleration of the shark = 1m/s^2,,
192,simulation_0101,simulation,A2MS,24,DD,What is the speed of the boat at 1.0s in m/s?,acceleration of the shark = 1m/s^2,,
193,simulation_0101,simulation,A2MS,24,DS,What is the length of the boat in meters?,acceleration of the shark = 1m/s^2,,
194,simulation_0101,simulation,A2MS,24,DS,What is the length of the shark in meters?,acceleration of the shark = 1m/s^2,,
195,simulation_0101,simulation,A2MS,24,DS,What is the height of the shark in meters?,acceleration of the shark = 1m/s^2,,
196,simulation_0102,simulation,A2MS,24,DD,What is the speed of the shark at 0.0s in m/s?,acceleration of the shark = 1m/s^2,,
197,simulation_0102,simulation,A2MS,24,DD,What is the speed of the boat at 1.0s in m/s?,acceleration of the shark = 1m/s^2,,
198,simulation_0102,simulation,A2MS,24,DS,What is the length of the boat in meters?,acceleration of the shark = 1m/s^2,,
199,simulation_0102,simulation,A2MS,24,DS,What is the length of the shark in meters?,acceleration of the shark = 1m/s^2,,
200,simulation_0102,simulation,A2MS,24,DS,What is the height of the shark in meters?,acceleration of the shark = 1m/s^2,,
201,simulation_0102,simulation,A2MS,24,DS,What is the distance between the shark and the boat at 0.5s in meters?,acceleration of the shark = 1m/s^2,,
202,simulation_0103,simulation,A2MS,24,DD,What is the speed of the shark at 0.0s in m/s?,acceleration of the shark = 1m/s^2,,
203,simulation_0103,simulation,A2MS,24,DD,What is the speed of the boat at 1.0s in m/s?,acceleration of the shark = 1m/s^2,,
204,simulation_0103,simulation,A2MS,24,DS,What is the length of the boat in meters?,acceleration of the shark = 1m/s^2,,
205,simulation_0103,simulation,A2MS,24,DS,What is the length of the shark in meters?,acceleration of the shark = 1m/s^2,,
206,simulation_0103,simulation,A2MS,24,DS,What is the height of the shark in meters?,acceleration of the shark = 1m/s^2,,
207,simulation_0103,simulation,A2MS,24,DS,What is the distance between the shark and the boat at 0.5s in meters?,acceleration of the shark = 1m/s^2,,
208,simulation_0104,simulation,V2MX,24,DS,What is the diagonal length of the phone in meters?,the lifting speed of the charging post = 0.2m/s,,
209,simulation_0104,simulation,V2MX,24,DS,What is the diameter of the gray truncated cone on the charging post in meters?,the lifting speed of the charging post = 0.2m/s,,
210,simulation_0104,simulation,V2MX,24,DS,What is the extension of the charging post at 0.5s in meters?,the lifting speed of the charging post = 0.2m/s,,
211,simulation_0105,simulation,A2MX,24,DS,What is the height of the ice cube in meters?,gravity acc = 9.8m/s^2,,
212,simulation_0105,simulation,A2MX,24,DS,What is the height of the teacup with the plate in meters?,gravity acc = 9.8m/s^2,,
213,simulation_0105,simulation,A2MX,24,DS,What is the width of the teacup with the plate in meters?,gravity acc = 9.8m/s^2,,
214,simulation_0105,simulation,A2MX,24,DD,What is the velocity of the ice cube at 1.0s in m/s?,gravity acc = 9.8m/s^2,,
215,simulation_0106,simulation,V2MX,24,DD,What is the velocity of the left virus at 1.0s in m/s?,speed of the right virus = 1.5667m/s,,
216,simulation_0106,simulation,V2MX,24,DS,What is the distance between two viruses at 1.0s in meters?,speed of the right virus = 1.5667m/s,,
217,simulation_0106,simulation,V2MX,24,DS,What is the distance between two viruses at 2.0s in meters?,speed of the right virus = 1.5667m/s,,
218,simulation_0107,simulation,V2MX,24,DD,What is the velocity of the left virus at 1.0s in m/s?,speed of the right virus = 1.7393m/s,,
219,simulation_0107,simulation,V2MX,24,DS,What is the distance between two viruses at 1.0s in meters?,speed of the right virus = 1.7393m/s,,
220,simulation_0107,simulation,V2MX,24,DS,What is the distance between two viruses at 2.0s in meters?,speed of the right virus = 1.7393m/s,,
221,simulation_0108,simulation,V2MX,24,DD,What is the velocity of the left virus at 1.0s in m/s?,speed of the left virus = 1.7393m/s,,
222,simulation_0108,simulation,V2MX,24,DS,What is the distance between two viruses at 1.0s in meters?,speed of the left virus = 1.7393m/s,,
223,simulation_0108,simulation,V2MX,24,DS,What is the distance between two viruses at 2.0s in meters?,speed of the left virus = 1.7393m/s,,
224,simulation_0111,simulation,V2MC,24,DS,What is the length of the boat in meters?,speed of the boat = 2m/s,,
225,simulation_0111,simulation,V2MC,24,DS,What is the width of the boat in meters?,speed of the boat = 2m/s,,
226,simulation_0111,simulation,V2MC,24,DS,What is the width of the bridge in meters?,speed of the boat = 2m/s,,
227,simulation_0112,simulation,V2MC,24,DS,What is the thickness of the bridge in meters?,speed of the car = 6.66m/s,,
228,simulation_0112,simulation,V2MC,24,DS,What is the height of the car in meters?,speed of the car = 6.66m/s,,
229,simulation_0112,simulation,V2MC,24,DS,What is the diameter of the wheel in meters?,speed of the car = 6.66m/s,,
230,simulation_0112,simulation,V2MC,24,DS,What is the length of the car in meters?,speed of the car = 6.66m/s,,
231,simulation_0113,simulation,S2MC,24,SD,What is the speed of the swim ring at 1.0s in m/s?,diameter of the swim ring = 1m,,
232,simulation_0113,simulation,S2MC,24,SS,What is the side length of the pool in meters?,diameter of the swim ring = 1m,,
233,simulation_0114,simulation,A2SC,24,DS,What is the width of the plane in meters?,acceleration of the plane = 18m/s^2,,
234,simulation_0114,simulation,A2SC,24,DS,What is the length of the plane in meters?,acceleration of the plane = 18m/s^2,,
235,simulation_0114,simulation,A2SC,24,DD,What is the speed of the plane at 1.5s in m/s?,acceleration of the plane = 18m/s^2,,
236,simulation_0116,simulation,A2MC,24,DS,What is the length of the football in meters?,gravity acc = 9.8m/s^2,,
237,simulation_0116,simulation,A2MC,24,DS,What is the width of the football in meters?,gravity acc = 9.8m/s^2,,
238,simulation_0116,simulation,A2MC,24,DS,What is the height of he middle yellow door in meters?,gravity acc = 9.8m/s^2,,
239,simulation_0116,simulation,A2MC,24,DS,What is the width of the middle yellow door in meters?,gravity acc = 9.8m/s^2,,
240,simulation_0116,simulation,A2MC,24,DD,What is the speed of the football at 0.5s in m/s?,gravity acc = 9.8m/s^2,,
241,simulation_0117,simulation,A2MS,24,DS,What is the diameter of the ball in meters?,gravity acc = 9.8m/s^2,,
242,simulation_0117,simulation,A2MS,24,DS,What is the height of the door in meters?,gravity acc = 9.8m/s^2,,
243,simulation_0117,simulation,A2MS,24,DS,What is the width of the door in meters?,gravity acc = 9.8m/s^2,,
244,simulation_0117,simulation,A2MS,24,DS,What is the length of the electronic lock in meters?,gravity acc = 9.8m/s^2,,
245,simulation_0117,simulation,A2MS,24,DS,What is the width of the electronic lock in meters?,gravity acc = 9.8m/s^2,,
246,simulation_0118,simulation,V2MC,24,DS,What is the total displacement of the toy car in meters?,speed of the toy car = 0.05m/s,,
247,simulation_0118,simulation,V2MC,24,DS,What  is the length of the toy car in meters?,speed of the toy car = 0.05m/s,,
248,simulation_0118,simulation,V2MC,24,DS,What is the diameter of the disc in meters?,speed of the toy car = 0.05m/s,,
249,simulation_0118,simulation,V2MC,24,DS,What is the length of the book in meters?,speed of the toy car = 0.05m/s,,
250,simulation_0118,simulation,V2MC,24,DS,What is the length of the table in meters?,speed of the toy car = 0.05m/s,,
251,simulation_0118,simulation,V2MC,24,DS,What is the width of the table in meters?,speed of the toy car = 0.05m/s,,
252,simulation_0119,simulation,V2MC,24,DS,What is the diameter of the moving chess piece in meters?,speed of the chess = 0.04m/s,,
253,simulation_0119,simulation,V2MC,24,DS,What is the side length of the chessboard in meters?,speed of the chess = 0.04m/s,,
254,simulation_0119,simulation,V2MC,24,DS,What is the length of the dark grey square tray placed next to the chessboard in meters?,speed of the chess = 0.04m/s,,
255,simulation_0119,simulation,V2MC,24,DS,What is the side length of the table in meters?,speed of the chess = 0.04m/s,,
256,simulation_0119,simulation,V2MC,24,DS,What is the distance moved by the chess piece in meters?,speed of the chess = 0.04m/s,,
257,simulation_0120,simulation,V2MC,24,DS,What is the length of the sofa in meters?,speed of the robot cleaner = 1m/s,,
258,simulation_0120,simulation,V2MC,24,DS,What is the length of the TV in meters?,speed of the robot cleaner = 1m/s,,
259,simulation_0120,simulation,V2MC,24,DS,What is the diameter of the robot cleaner in meters?,speed of the robot cleaner = 1m/s,,
260,simulation_0120,simulation,V2MC,24,DS,What is the side length of the chessboard in meters?,speed of the robot cleaner = 1m/s,,
261,simulation_0120,simulation,V2MC,24,DS,What is the length of the square tray placed next to the chessboard with two art sculptures on it in meters?,speed of the robot cleaner = 1m/s,,
262,simulation_0121,simulation,S2MS,30,SD,What is the speed of the left first ball at 0.5s in m/s?,diameter of the ball = 2m,,
263,simulation_0121,simulation,S2MS,30,SD,What is the speed of the left first ball at 1.0s in m/s?,diameter of the ball = 2m,,
264,simulation_0122,simulation,A2SC,25,DS,What is the length of the sword in meters?,gravity acc = 9.8m/s^2,,
265,simulation_0123,simulation,V2MC,24,DS,What is the length of the blue rolling cup in meters?,speed of the cup = 0.338m/s,,
266,simulation_0123,simulation,V2MC,24,DS,What is the diameter of the blue rolling cup in meters?,speed of the cup = 0.338m/s,,
267,simulation_0123,simulation,V2MC,24,DS,What is the length of the green toothbrush lying on the sink in meters?,speed of the cup = 0.338m/s,,
268,simulation_0123,simulation,V2MC,24,DS,What is the diameter of the blue cup with the blue toothbrush in meters?,speed of the cup = 0.338m/s,,
269,simulation_0123,simulation,V2MC,24,DS,What is the length of the largest towel of the three stacked towels on the sink in meters?,speed of the cup = 0.338m/s,,
270,simulation_0123,simulation,V2MC,24,DS,What is the width of the largest towel of the three stacked towels on the sink in meters?,speed of the cup = 0.338m/s,,
271,simulation_0124,simulation,V2MC,24,DD,What is the speed of the grey and red car at 1.0s in m/s?,speed of the black car = 26.085m/s,,
272,simulation_0124,simulation,V2MC,24,DS,What is the length of the grey and red car in meters?,speed of the black car = 26.085m/s,,
273,simulation_0124,simulation,V2MC,24,DS,What is the width of the grey and red car in meters?,speed of the black car = 26.085m/s,,
274,simulation_0124,simulation,V2MC,24,DS,What is the length of the black car in meters?,speed of the black car = 26.085m/s,,
275,simulation_0124,simulation,V2MC,24,DS,What is the width of the black car in meters?,speed of the black car = 26.085m/s,,
276,simulation_0124,simulation,V2MC,24,DS,What is the distance between the two cars at 1.0s in meters?,speed of the black car = 26.085m/s,,
277,simulation_0124,simulation,V2MC,24,DS,What is the smallest distance between the two cars in meters?,speed of the black car = 26.085m/s,,
278,simulation_0125,simulation,V2MC,24,DS,What is the height of the potted plant in meters?,speed of the person = 1.22 m/s,,
279,simulation_0125,simulation,V2MC,24,DS,What is the height of the house in meters?,speed of the person = 1.22 m/s,,
280,simulation_0125,simulation,V2MC,24,DS,What is the width of the house in meters?,speed of the person = 1.22 m/s,,
281,simulation_0125,simulation,V2MC,24,DS,What is the height of the person in meters?,speed of the person = 1.22 m/s,,
282,simulation_0126,simulation,S2MS,24,SS,What is the diameter of the handle in meters?,diameter of the puck = 0.074m,,
283,simulation_0126,simulation,S2MS,24,SD,What is the speed of the puck at 0.5s in m/s?,diameter of the puck = 0.074m,,
284,simulation_0126,simulation,S2MS,24,SD,What is the speed of the puck at 2.0s in m/s?,diameter of the puck = 0.074m,,
285,simulation_0126,simulation,S2MS,24,SS,What is the horizontal distance between the two handles in meters?,diameter of the puck = 0.074m,,
286,simulation_0126,simulation,S2MS,24,SS,What is the shortest distance between the puck and the handle on the right in meters?,diameter of the puck = 0.074m,,
287,simulation_0127,simulation,V2MC,24,DD,What is the speed of the blue car at 1.0s in m/s?,speed of the bike = 24m/s,,
288,simulation_0127,simulation,V2MC,24,DS,What is the width of the blue car in meters?,speed of the bike = 24m/s,,
289,simulation_0127,simulation,V2MC,24,DS,What is the length of the blue car in meters?,speed of the bike = 24m/s,,
290,simulation_0127,simulation,V2MC,24,DS,What is the length of the bike in meters?,speed of the bike = 24m/s,,
291,simulation_0127,simulation,V2MC,24,DS,What is the width of the red car in meters?,speed of the bike = 24m/s,,
292,simulation_0127,simulation,V2MC,24,DS,What is the length of the red car in meters?,speed of the bike = 24m/s,,
293,simulation_0127,simulation,V2MC,24,DS,What is the width of the dark green car in meters?,speed of the bike = 24m/s,,
294,simulation_0127,simulation,V2MC,24,DS,What is the length of the dark green car in meters?,speed of the bike = 24m/s,,
295,simulation_0128,simulation,A2MC,24,DS,What is the diameter of the ball in meters?,gravity acceleration = 9.8m/s^2,,
296,simulation_0128,simulation,A2MC,24,DS,What is the length of the forklift in meters?,gravity acceleration = 9.8m/s^2,,
297,simulation_0128,simulation,A2MC,24,DS,What is the height of the forklift in meters?,gravity acceleration = 9.8m/s^2,,
298,simulation_0129,simulation,A2MC,24,DS,What is the diameter of the ball in meters?,gravity acceleration = 9.8m/s^2,,
299,simulation_0129,simulation,A2MC,24,DS,What is the length of the forklift in meters?,gravity acceleration = 9.8m/s^2,,
300,simulation_0129,simulation,A2MC,24,DS,What is the height of the forklift in meters?,gravity acceleration = 9.8m/s^2,,
301,simulation_0130,simulation,V2MC,24,DS,What is the length of the car in meters?,speed of the car = 11.155m/s,,
302,simulation_0130,simulation,V2MC,24,DS,What is the width of the car in meters?,speed of the car = 11.155m/s,,
303,simulation_0130,simulation,V2MC,24,DS,What is the length of the white airplane in meters?,speed of the car = 11.155m/s,,
304,simulation_0130,simulation,V2MC,24,DS,What is the width of the white airplane in meters?,speed of the car = 11.155m/s,,
305,simulation_0130,simulation,V2MC,24,DS,What is the length of the helicopter in meters?,speed of the car = 11.155m/s,,
306,simulation_0130,simulation,V2MC,24,DS,What is the width of the helicopter in meters?,speed of the car = 11.155m/s,,
307,simulation_0130,simulation,V2MC,24,DD,What is the speed of the white airplane at 1.0s in m/s?,speed of the car = 11.155m/s,,
308,simulation_0131,simulation,V2SX,24,DS,What is the width of the hot air balloon in meters?,speed of the hot air balloon = 4m/s,,
309,simulation_0131,simulation,V2SX,24,DS,What is the height of the hot air balloon in meters?,speed of the hot air balloon = 4m/s,,
310,simulation_0263,simulation,A2SS,24,DS,What is the length of the spacecraft in meters?,acceleration of the spacecraft = 4m/s^2,,
311,simulation_0132,simulation,A2MC,120,DS,What is the diameter of the apple in meters?,gravity acceleration = 9.8m/s^2,,
312,simulation_0132,simulation,A2MC,120,DS,What is the height of the table in meters?,gravity acceleration = 9.8m/s^2,,
313,simulation_0132,simulation,A2MC,120,DD,"What is the horizontal speed of the apple while it is in the air, in m/s?",gravity acceleration = 9.8m/s^2,,
314,simulation_0132,simulation,A2MC,120,DS,"What is the horizontal distance of the apple during its parabolic motion, in meters?",gravity acceleration = 9.8m/s^2,,
315,simulation_0133,simulation,A2MS,30,DS,What is the diameter of the apple in meters?,gravity acceleration = 9.8m/s^2,,
316,simulation_0133,simulation,A2MS,30,DS,What is the height of the table in meters?,gravity acceleration = 9.8m/s^2,,
317,simulation_0133,simulation,A2MS,30,DD,"What is the horizontal speed of the apple when it leaves the table, in m/s?",gravity acceleration = 9.8m/s^2,,
318,simulation_0133,simulation,A2MS,30,DS,"What is the horizontal displacement of the apple during its parabolic motion, in meters?",gravity acceleration = 9.8m/s^2,,
319,simulation_0133,simulation,A2MS,30,DD,"What is the speed of the apple at time 1.2s, in m/s?",gravity acceleration = 9.8m/s^2,,
320,simulation_0134,simulation,S2MC,24,SS,"What is the length of the toast, in meters?",height of the toaster = 0.166m,,
321,simulation_0134,simulation,S2MC,24,SS,"What is the length of the toaster, in meters?",height of the toaster = 0.166m,,
322,simulation_0134,simulation,S2MC,24,SS,What is the peak vertical displacement of the bread slice (relative to its starting position) in meters?,height of the toaster = 0.166m,,
323,simulation_0134,simulation,S2MC,24,SD,"What is the acceleration of the bread slice at time1.75 s, in m/s^2?",height of the toaster = 0.166m,,
324,simulation_0135,simulation,S2MC,24,SS,What is the length of the toaster in meters?,diameter of the cup = 0.087m,,
325,simulation_0135,simulation,S2MC,24,SS,What is the height of the power outlet in meters?,diameter of the cup = 0.087m,,
326,simulation_0135,simulation,S2MC,24,SD,"What is the speed of the cup at time 1s, in m/s?",diameter of the cup = 0.087m,,
327,simulation_0135,simulation,S2MC,24,SD,What is the speed of the cup at time 2.25s in m/s?,diameter of the cup = 0.087m,,
328,simulation_0136,simulation,S2MC,24,SS,What is the length of the toaster in meters?,diameter of the cup = 0.087m,,
329,simulation_0136,simulation,S2MC,24,SD,"What is the speed of the cup at time 1s, in m/s?",diameter of the cup = 0.087m,,
330,simulation_0136,simulation,S2MC,24,SD,What is the speed of the cup at time 2.25s in m/s?,diameter of the cup = 0.087m,,
331,simulation_0137,simulation,V2MC,60,DS,What is the total length of the bird’s flight path in meters?,speed of the bird = 9.146m/s,,
332,simulation_0137,simulation,V2MC,60,DS,What is the length of the house in meters?,speed of the bird = 9.146m/s,,
333,simulation_0137,simulation,V2MC,60,DS,What is the height of the house in meters?,speed of the bird = 9.146m/s,,
334,simulation_0137,simulation,V2MC,60,DS,"What is the distance from the bird to the roof at 1s, in meters?",speed of the bird = 9.146m/s,,
335,simulation_0142,simulation,V2MC,24,DS,What is the height of the man in meters?,walking speed = 1.693m/s,,
336,simulation_0142,simulation,V2MC,24,DS,What is the total distance the man walked in meters?,walking speed = 1.693m/s,,
337,simulation_0142,simulation,V2MC,24,DS,What is the side length of the floor tile in meters?,walking speed = 1.693m/s,,
338,simulation_0142,simulation,V2MC,24,DS,What is the height from the floor to the ceiling in meters?,walking speed = 1.693m/s,,
339,simulation_0145,simulation,S2MC,24,SS,What is the diameter of the tire in meters?,length of the rocket = 2.9m,,
340,simulation_0145,simulation,S2MC,24,SD,What is the average speed of the rocket from beginning to end in m/s?,length of the rocket = 2.9m,,
341,simulation_0145,simulation,S2MC,24,SD,What is the speed of the rocket at time 1s in m/s?,length of the rocket = 2.9m,,
342,simulation_0145,simulation,S2MC,24,SD,What is the acceleration of the rocket at time 1s in m/s^2?,length of the rocket = 2.9m,,
343,simulation_0148,simulation,S2MC,24,SD,What is the speed of the train at time 1s in m/s?,width of the side windows on this train (not the door windows) = 1.8m,,
344,simulation_0148,simulation,S2MC,24,SD,What is the speed of the train at time 0.5s in m/s?,width of the side windows on this train (not the door windows) = 1.8m,,
345,simulation_0148,simulation,S2MC,24,SD,What is the acceleration of the train at time 0.5s in m/s^2?,width of the side windows on this train (not the door windows) = 1.8m,,
346,simulation_0148,simulation,S2MC,24,SS,What is the length of the door on the train in meters?,width of the side windows on this train (not the door windows) = 1.8m,,
347,simulation_0148,simulation,S2MC,24,SS,"What is the height, in meters, of the white pillar in the center of the semicircular arch?",width of the side windows on this train (not the door windows) = 1.8m,,
348,simulation_0153,simulation,S2SC,24,SS,What is the length of the blue car in meters (including the extending wire)?,diameter of the tire of the blue car = 0.369m,,
349,simulation_0153,simulation,S2SC,24,SD,What is the speed of the blue car at time 1s in m/s?,diameter of the tire of the blue car = 0.369m,,
350,simulation_0153,simulation,S2SC,24,SD,What is the acceleration of the blue car at time 1s in m/s^2?,diameter of the tire of the blue car = 0.369m,,
351,simulation_0153,simulation,S2SC,24,SD,What is the speed of the blue car at time 1.5s in m/s?,diameter of the tire of the blue car = 0.369m,,
352,simulation_0153,simulation,S2SC,24,SD,What is the acceleration of the blue car at time 1.5s in m/s^2?,diameter of the tire of the blue car = 0.369m,,
353,simulation_0154,simulation,V2SC,24,DS,What is the length of the shark in meters?,speed of the shark = 7 m/s,,
354,simulation_0154,simulation,V2SC,24,DS,What is the displacement of the shark in meters?,speed of the shark = 7 m/s,,
355,simulation_0155,simulation,V2SS,24,DS,What is the length of the shark in meters?,speed of the shark = 7 m/s,,
356,simulation_0155,simulation,V2SS,24,DS,What is the displacement of the shark in meters?,speed of the shark = 7 m/s,,
357,simulation_0156,simulation,V2MS,24,DS,What is the length of the shark in meters?,speed of the shark = 7 m/s,,
358,simulation_0156,simulation,V2MS,24,DS,What is the displacement of the shark in meters?,speed of the shark = 7 m/s,,
359,simulation_0156,simulation,V2MS,24,DD,What is the speed of the turtle at 1s in m/s?,speed of the shark = 7 m/s,,
360,simulation_0156,simulation,V2MS,24,DS,What is the length of the turtle in meters?,speed of the shark = 7 m/s,,
361,simulation_0157,simulation,A2SS,24,DS,What is the length of the turtle in meters?,acceleration of the turtle = 2.639 m/s^2,,
362,simulation_0157,simulation,A2SS,24,DD,What is the speed of the turtle at time 1s in m/s?,acceleration of the turtle = 2.639 m/s^2,,
363,simulation_0157,simulation,A2SS,24,DD,What is the speed of the turtle at time 1.5s in m/s?,acceleration of the turtle = 2.639 m/s^2,,
364,simulation_0158,simulation,A2MS,24,DS,What is the length of the turtle in meters?,acceleration of the turtle = 2.639 m/s^2,,
365,simulation_0158,simulation,A2MS,24,DD,What is the speed of the turtle at time 1s in m/s?,acceleration of the turtle = 2.639 m/s^2,,
366,simulation_0158,simulation,A2MS,24,DD,What is the speed of the turtle at time 1.5s in m/s?,acceleration of the turtle = 2.639 m/s^2,,
367,simulation_0158,simulation,A2MS,24,DS,How long is the shark in meters?,acceleration of the turtle = 2.639 m/s^2,,
368,simulation_0158,simulation,A2MS,24,DS,What is the length of the shark in meters?,acceleration of the turtle = 2.639 m/s^2,,
369,simulation_0158,simulation,A2MS,24,DD,What is the acceleration of the shark at 1s in m/s^2?,acceleration of the turtle = 2.639 m/s^2,,
370,simulation_0158,simulation,A2MS,24,DD,What is the speed of the shark at time 1s in m/s?,acceleration of the turtle = 2.639 m/s^2,,
371,simulation_0158,simulation,A2MS,24,DD,What is the speed of the shark at time 1.5s in m/s?,acceleration of the turtle = 2.639 m/s^2,,
372,simulation_0160,simulation,S2MC,30,SS,What is the length of the billiard table in meters?,diameter of the ball = 0.0757m,,
373,simulation_0160,simulation,S2MC,30,SS,What is the width of the billiard table in meters?,diameter of the ball = 0.0757m,,
374,simulation_0160,simulation,S2MC,30,SS,What is the diameter of the pockets on the billiard table in meters?,diameter of the ball = 0.0757m,,
375,simulation_0160,simulation,S2MC,30,SD,What is the speed of the ball at time 0.5s in m/s?,diameter of the ball = 0.0757m,,
376,simulation_0160,simulation,S2MC,30,SD,What is the speed of the ball at time 1s in m/s?,diameter of the ball = 0.0757m,,
377,simulation_0162,simulation,S2SC,24,SD,What is the speed of the ball at time 1s in m/s?,diameter of the ball = 0.21m,,
378,simulation_0162,simulation,S2SC,24,SD,What is the acceleration of the ball at time 1s in m/s^2?,diameter of the ball = 0.21m,,
379,simulation_0162,simulation,S2SC,24,SD,What is the speed of the ball at time 2s in m/s?,diameter of the ball = 0.21m,,
380,simulation_0162,simulation,S2SC,24,SD,What is the acceleration of the ball at time 2s in m/s^2?,diameter of the ball = 0.21m,,
381,simulation_0163,simulation,S2MC,24,SD,What is the speed of the ball at time 0.5s in m/s?,diameter of the ball = 0.21m,,
382,simulation_0163,simulation,S2MC,24,SD,What is the acceleration of the ball at time 0.5s in m/s^2?,diameter of the ball = 0.21m,,
383,simulation_0163,simulation,S2MC,24,SD,What is the speed of the ball at time 1s in m/s?,diameter of the ball = 0.21m,,
384,simulation_0163,simulation,S2MC,24,SD,What is the acceleration of the ball at time 1s in m/s^2?,diameter of the ball = 0.21m,,
385,simulation_0163,simulation,S2MC,24,SS,What is the height of the bowling pin in meters?,diameter of the ball = 0.21m,,
386,simulation_0165,simulation,V2MC,24,DS,What is the diameter of the bike's wheel in meters?,speed of the bike = 5.52m/s,,
387,simulation_0165,simulation,V2MC,24,DS,What is the width of the road that the bike is crossing through in meters?,speed of the bike = 5.52m/s,,
388,simulation_0165,simulation,V2MC,24,DS,What is the length of the bike in meters?,speed of the bike = 5.52m/s,,
389,simulation_0166,simulation,V2MC,24,DS,What is the diameter of the bike's wheel in meters?,speed of the bike = 5.52m/s,,
390,simulation_0166,simulation,V2MC,24,DS,What is the width of the road that the bike is crossing through in meters?,speed of the bike = 5.52m/s,,
391,simulation_0166,simulation,V2MC,24,DS,What is the length of the bike in meters?,speed of the bike = 5.52m/s,,
392,simulation_0166,simulation,V2MC,24,DS,What is the length of the police car in meters?,speed of the bike = 5.52m/s,,
393,simulation_0166,simulation,V2MC,24,DS,What is the diameter of the police car's tire in meters?,speed of the bike = 5.52m/s,,
394,simulation_0166,simulation,V2MC,24,DD,What is the speed of the police car at 1s in m/s?,speed of the bike = 5.52m/s,,
395,simulation_0167,simulation,V2MC,24,DS,What is the width of the road that the bike crossed through in meters?,speed of the bike = 5.52m/s,,
396,simulation_0167,simulation,V2MC,24,DS,What is the length of the bike in meters?,speed of the bike = 5.52m/s,,
397,simulation_0167,simulation,V2MC,24,DS,What is the length of the police car in meters?,speed of the bike = 5.52m/s,,
398,simulation_0167,simulation,V2MC,24,DS,What is the width of the police car in meters?,speed of the bike = 5.52m/s,,
399,simulation_0167,simulation,V2MC,24,DD,What is the speed of the police car at 1s in m/s?,speed of the bike = 5.52m/s,,
400,simulation_0167,simulation,V2MC,24,DS,What is the width of the road that the bike and the car are on in meters?,speed of the bike = 5.52m/s,,
401,simulation_0169,simulation,S2SS,24,SD,What is the speed of the astronaut at time 0.5s in m/s?,height of the astronaut = 2.2m,,
402,simulation_0169,simulation,S2SS,24,SD,What is the acceleration of the astronaut at time 0.5s in m/s^2?,height of the astronaut = 2.2m,,
403,simulation_0169,simulation,S2SS,24,SD,What is the speed of the astronaut at time 1s in m/s?,height of the astronaut = 2.2m,,
404,simulation_0169,simulation,S2SS,24,SD,What is the acceleration of the astronaut at time 1s in m/s^2?,height of the astronaut = 2.2m,,
405,simulation_0169,simulation,S2SS,24,SD,What is the speed of the astronaut at time 2s in m/s?,height of the astronaut = 2.2m,,
406,simulation_0169,simulation,S2SS,24,SD,What is the acceleration of the astronaut at time 2s in m/s^2?,height of the astronaut = 2.2m,,
407,simulation_0169,simulation,S2SS,24,SD,What is the speed of the astronaut at time 3s in m/s?,height of the astronaut = 2.2m,,
408,simulation_0169,simulation,S2SS,24,SD,What is the acceleration of the astronaut at time 3s in m/s^2?,height of the astronaut = 2.2m,,
409,simulation_0171,simulation,S2SS,24,SD,What is the speed of the astronaut at time 0.5s in m/s?,height of the astronaut = 2.2m,,
410,simulation_0171,simulation,S2SS,24,SD,What is the acceleration of the astronaut at time 0.5s in m/s^2?,height of the astronaut = 2.2m,,
411,simulation_0171,simulation,S2SS,24,SD,What is the speed of the astronaut at time 1s in m/s?,height of the astronaut = 2.2m,,
412,simulation_0171,simulation,S2SS,24,SD,What is the acceleration of the astronaut at time 1s in m/s^2?,height of the astronaut = 2.2m,,
413,simulation_0171,simulation,S2SS,24,SD,What is the speed of the astronaut at time 2s in m/s?,height of the astronaut = 2.2m,,
414,simulation_0171,simulation,S2SS,24,SD,What is the acceleration of the astronaut at time 2s in m/s^2?,height of the astronaut = 2.2m,,
415,simulation_0171,simulation,S2SS,24,SD,What is the speed of the astronaut at time 3s in m/s?,height of the astronaut = 2.2m,,
416,simulation_0171,simulation,S2SS,24,SD,What is the acceleration of the astronaut at time 3s in m/s^2?,height of the astronaut = 2.2m,,
417,simulation_0173,simulation,V2MC,24,DS,What is the length of the airplane in meters?,speed of the airplane = 153.582m/s,,
418,simulation_0173,simulation,V2MC,24,DS,What is the height of the stone cliff on the beach in meters?,speed of the airplane = 153.582m/s,,
419,simulation_0173,simulation,V2MC,24,DS,What is the diameter of the rear wheels on an aircraft landing gear in meters?,speed of the airplane = 153.582m/s,,
420,simulation_0175,simulation,V2MC,24,DS,What is the length of the airplane in meters?,speed of the airplane = 153.582m/s,,
421,simulation_0175,simulation,V2MC,24,DS,What is the height of the stone cliff on the beach in meters?,speed of the airplane = 153.582m/s,,
422,simulation_0175,simulation,V2MC,24,DS,What is the diameter of the rear wheels on an aircraft landing gear in meters?,speed of the airplane = 153.582m/s,,
423,simulation_0177,simulation,V2SC,24,DS,What is the height of the elephant in meters?,speed of the elephant = 1.424m/s,,
424,simulation_0177,simulation,V2SC,24,DS,What is the displacement of the elephant in meters?,speed of the elephant = 1.424m/s,,
425,simulation_0178,simulation,V2MC,24,DD,What is the speed of the small elephant at 1s in m/s?,speed of the big elephant = 2.313m/s,,
426,simulation_0178,simulation,V2MC,24,DS,What is the height of the big elephant in meters?,speed of the big elephant = 2.313m/s,,
427,simulation_0178,simulation,V2MC,24,DD,What is the height of the small elephant in meters?,speed of the big elephant = 2.313m/s,,
428,simulation_0178,simulation,V2MC,24,DS,What is the displacement of the big elephant in meters?,speed of the big elephant = 2.313m/s,,
429,simulation_0178,simulation,V2MC,24,DS,What is the displacement of the small elephant in meters?,speed of the big elephant = 2.313m/s,,
430,simulation_0179,simulation,A2MC,24,DS,What is the length of the trolley in meters?,acceleration of the trolley = 1.507m/s,,
431,simulation_0179,simulation,A2MC,24,DS,What is the height of the trolley in meters?,acceleration of the trolley = 1.507m/s,,
432,simulation_0179,simulation,A2MC,24,DS,What is the height of the entrance gate (including the frame) in meters?,acceleration of the trolley = 1.507m/s,,
433,simulation_0179,simulation,A2MC,24,DS,What is the length of the side of the orange tiles on the floor in meters?,acceleration of the trolley = 1.507m/s,,
434,simulation_0179,simulation,A2MC,24,DD,What is the speed of the trolley at time 1s in m/s?,acceleration of the trolley = 1.507m/s,,
435,simulation_0179,simulation,A2MC,24,DD,What is the speed of the trolley at time 2s in m/s?,acceleration of the trolley = 1.507m/s,,
436,simulation_0181,simulation,A2MC,24,DD,What is the acceleration of the box from 0s to 0.3s in m/s^2?,acceleration of the box after 0.75s = 2.338m/s^2,,
437,simulation_0181,simulation,A2MC,24,DD,What is the speed of the box at time 1s in m/s?,acceleration of the box after 0.75s = 2.338m/s^2,,
438,simulation_0181,simulation,A2MC,24,DD,What is the speed of the box at time 1.5s in m/s?,acceleration of the box after 0.75s = 2.338m/s^2,,
439,simulation_0181,simulation,A2MC,24,DS,What is the width of the box in meters?,acceleration of the box after 0.75s = 2.338m/s^2,,
440,simulation_0181,simulation,A2MC,24,DS,What is the height of the box in meters?,acceleration of the box after 0.75s = 2.338m/s^2,,
441,simulation_0183,simulation,A2MC,24,DD,What is the acceleration of the box from 0s to 0.3s in m/s^2?,acceleration of the tool box after 1.25s = 1.58m/s^2,,
442,simulation_0183,simulation,A2MC,24,DD,What is the speed of the box at time 1s in m/s?,acceleration of the tool box after 1.25s = 1.58m/s^2,,
443,simulation_0183,simulation,A2MC,24,DD,What is the speed of the box at time 1.5s in m/s?,acceleration of the tool box after 1.25s = 1.58m/s^2,,
444,simulation_0183,simulation,A2MC,24,DS,What is the length of the box in meters?,acceleration of the tool box after 1.25s = 1.58m/s^2,,
445,simulation_0183,simulation,A2MC,24,DS,What is the height of the box in meters?,acceleration of the tool box after 1.25s = 1.58m/s^2,,
446,simulation_0185,simulation,A2MC,24,DD,What is the acceleration of the box from 0s to 0.3s in m/s^2?,acceleration of the gift box after 1s = 3.18m/s^2,,
447,simulation_0185,simulation,A2MC,24,DD,What is the speed of the box at time 1s in m/s?,acceleration of the gift box after 1s = 3.18m/s^2,,
448,simulation_0185,simulation,A2MC,24,DD,What is the speed of the box at time 1.5s in m/s?,acceleration of the gift box after 1s = 3.18m/s^2,,
449,simulation_0185,simulation,A2MC,24,DS,What is the length of the box in meters?,acceleration of the gift box after 1s = 3.18m/s^2,,
450,simulation_0185,simulation,A2MC,24,DS,What is the height of the box in meters?,acceleration of the gift box after 1s = 3.18m/s^2,,
451,simulation_0187,simulation,A2SS,30,DS,What is the length of the truck in meters?,acceleration of the truck = 10.757m/s^2,,
452,simulation_0187,simulation,A2SS,30,DS,What is the height of the truck in meters?,acceleration of the truck = 10.757m/s^2,,
453,simulation_0187,simulation,A2SS,30,DS,What is the diameter of the truck's tire in meters?,acceleration of the truck = 10.757m/s^2,,
454,simulation_0187,simulation,A2SS,30,DD,What is the speed of the truck at time 1s in m/s?,acceleration of the truck = 10.757m/s^2,,
455,simulation_0187,simulation,A2SS,30,DD,What is the speed of the truck at time 1.5s in m/s?,acceleration of the truck = 10.757m/s^2,,
456,simulation_0189,simulation,V2MS,120,DS,What is the length of the box in meters?,speed of the box = 0.094m/s,,
457,simulation_0189,simulation,V2MS,120,DS,What is the height of the box in meters?,speed of the box = 0.094m/s,,
458,simulation_0189,simulation,V2MS,120,DS,What is the length of the truck in meters?,speed of the box = 0.094m/s,,
459,simulation_0189,simulation,V2MS,120,DS,What is the height of the truck(at time 0s) in meters?,speed of the box = 0.094m/s,,
460,simulation_0189,simulation,V2MS,120,DS,What is the diameter of the truck's tire in meters?,speed of the box = 0.094m/s,,
461,simulation_0190,simulation,S2MS,120,DS,What is the height of the truck(at time 0s) in meters?,width of the box = 1.33m,,
462,simulation_0190,simulation,S2MS,120,DS,What is the width of the truck in meters?,width of the box = 1.33m,,
463,simulation_0190,simulation,S2MS,120,DS,What is the height of the box in meters?,width of the box = 1.33m,,
464,simulation_0190,simulation,S2MS,120,DD,What is the speed of the box at time 1s in m/s?,width of the box = 1.33m,,
465,simulation_0190,simulation,S2MS,120,DD,What is the speed of the box at time 2s in m/s?,width of the box = 1.33m,,
466,simulation_0191,simulation,A2MS,120,DS,What is the width of the box in meters?,acceleration of the box before 0.6s = 9.8m/s,,
467,simulation_0191,simulation,A2MS,120,DS,What is the height of the box in meters?,acceleration of the box before 0.6s = 9.8m/s,,
468,simulation_0191,simulation,A2MS,120,DS,What is the length of the truck in meters?,acceleration of the box before 0.6s = 9.8m/s,,
469,simulation_0191,simulation,A2MS,120,DS,What is the height of the truck in meters?,acceleration of the box before 0.6s = 9.8m/s,,
470,simulation_0191,simulation,A2MS,120,DS,What is the diameter of the truck's tire in meters?,acceleration of the box before 0.6s = 9.8m/s,,
471,simulation_0191,simulation,A2MS,120,DD,What is the speed of the box at time 0.2s in m/s?,acceleration of the box before 0.6s = 9.8m/s,,
472,simulation_0191,simulation,A2MS,120,DD,What is the speed of the box at time 0.4s in m/s?,acceleration of the box before 0.6s = 9.8m/s,,
473,simulation_0192,simulation,A2MS,120,DS,What is the height of the box in meters?,acceleration of the box before 0.6s = 9.8m/s,,
474,simulation_0192,simulation,A2MS,120,DS,What is the width of the truck in meters?,acceleration of the box before 0.6s = 9.8m/s,,
475,simulation_0192,simulation,A2MS,120,DS,What is the width of the box in meters?,acceleration of the box before 0.6s = 9.8m/s,,
476,simulation_0192,simulation,A2MS,120,DD,What is the speed of the box at time 0.2s in m/s?,acceleration of the box before 0.6s = 9.8m/s,,
477,simulation_0192,simulation,A2MS,120,DD,What is the speed of the box at time 0.4s in m/s?,acceleration of the box before 0.6s = 9.8m/s,,
478,simulation_0193,simulation,V2MC,30,DS,What is the diameter of the model of Callisto(the outermost planet) in meters?,Callisto's model speed(the outermost planet) = 0.627 m/s,,
479,simulation_0193,simulation,V2MC,30,DS,What is the diameter of the model of Jupiter (the one at the center) in meters?,Callisto's model speed(the outermost planet) = 0.627 m/s,,
480,simulation_0193,simulation,V2MC,30,DD,What is the speed of the model of Io at 1s in m/s?,Callisto's model speed(the outermost planet) = 0.627 m/s,,
481,simulation_0193,simulation,V2MC,30,DD,What is the speed of the model of Europa at 1s in m/s?,Callisto's model speed(the outermost planet) = 0.627 m/s,,
482,simulation_0193,simulation,V2MC,30,DD,What is the speed of the model of Ganymede at 1s in m/s?,Callisto's model speed(the outermost planet) = 0.627 m/s,,
483,simulation_0193,simulation,V2MC,30,DS,What is the diameter of the model of Io in meters?,Callisto's model speed(the outermost planet) = 0.627 m/s,,
484,simulation_0193,simulation,V2MC,30,DS,What is the diameter of the model of Europa in meters?,Callisto's model speed(the outermost planet) = 0.627 m/s,,
485,simulation_0193,simulation,V2MC,30,DS,What is the diameter of the model of Ganymede in meters?,Callisto's model speed(the outermost planet) = 0.627 m/s,,
486,simulation_0193,simulation,V2MC,30,DS,What is the orbital diameter of the Io model in meters?,Callisto's model speed(the outermost planet) = 0.627 m/s,,
487,simulation_0193,simulation,V2MC,30,DS,What is the orbital diameter of the Europa model in meters?,Callisto's model speed(the outermost planet) = 0.627 m/s,,
488,simulation_0193,simulation,V2MC,30,DS,What is the orbital diameter of the Ganymede model in meters?,Callisto's model speed(the outermost planet) = 0.627 m/s,,
489,simulation_0193,simulation,V2MC,30,DS,What is the orbital diameter of the Callisto model in meters?,Callisto's model speed(the outermost planet) = 0.627 m/s,,
490,simulation_0194,simulation,V2MS,30,DS,What is the orbital diameter of the Callisto model in meters?,Callisto's model speed(the outermost planet) = 0.627 m/s,,
491,simulation_0194,simulation,V2MS,30,DS,What is the diameter of the model of Callisto in meters?,Callisto's model speed(the outermost planet) = 0.627 m/s,,
492,simulation_0194,simulation,V2MS,30,DS,What is the diameter of the model of Jupiter (the one at the center) in meters?,Callisto's model speed(the outermost planet) = 0.627 m/s,,
493,simulation_0196,simulation,V2MS,30,DS,What is the diameter of the plunge tube in meters?,speed of the bubble in the drop = 0.00144m/s,,
494,simulation_0196,simulation,V2MS,30,DS,What is the horizontal length of the droplet in meters?,speed of the bubble in the drop = 0.00144m/s,,
495,simulation_0196,simulation,V2MS,30,DS,What is the horizontal length of the “skynova” text on the bottle in meters?,speed of the bubble in the drop = 0.00144m/s,,
496,simulation_0196,simulation,V2MS,30,DS,What is the vertical height of the “skynova” lettering on the bottle in meters?,speed of the bubble in the drop = 0.00144m/s,,
497,simulation_0197,simulation,S2MS,30,SS,What is the diameter of the plunge tube in meters?,the horizontal width of the “skynova” text on the bottle = 0.00188m,,
498,simulation_0197,simulation,S2MS,30,SS,What is the width of the droplet in meters?,the horizontal width of the “skynova” text on the bottle = 0.00188m,,
499,simulation_0197,simulation,S2MS,30,SS,What is the vertical height of the “skynova” lettering on the bottle in meters?,the horizontal width of the “skynova” text on the bottle = 0.00188m,,
500,simulation_0197,simulation,S2MS,30,SS,What is the diameter of the bottle's neck in meters?,the horizontal width of the “skynova” text on the bottle = 0.00188m,,
501,simulation_0197,simulation,S2MS,30,SS,What is the diameter of the bottle's body in meters?,the horizontal width of the “skynova” text on the bottle = 0.00188m,,
502,simulation_0197,simulation,S2MS,30,SD,What is the speed of the bubble at time 0.5s in m/s?,the horizontal width of the “skynova” text on the bottle = 0.00188m,,
503,simulation_0197,simulation,S2MS,30,SD,What is the speed of the bubble at time 0.8s in m/s?,the horizontal width of the “skynova” text on the bottle = 0.00188m,,
504,simulation_0197,simulation,S2MS,30,SD,What is the speed of the bubble at time 1s in m/s?,the horizontal width of the “skynova” text on the bottle = 0.00188m,,
505,simulation_0198,simulation,A2MC,60,DS,What is the height of the droplet in meters?,acceleration of the droplet = 9.7m/s^2,,
506,simulation_0198,simulation,A2MC,60,DS,What is the horizontal length of the droplet in meters?,acceleration of the droplet = 9.7m/s^2,,
507,simulation_0198,simulation,A2MC,60,DS,What is the diameter of the bottle's neck in meters?,acceleration of the droplet = 9.7m/s^2,,
508,simulation_0198,simulation,A2MC,60,DS,What is the diameter of the bottle's body in meters?,acceleration of the droplet = 9.7m/s^2,,
509,simulation_0198,simulation,A2MC,60,DS,What is the horizontal length of the “skynova” text on the bottle in meters?,acceleration of the droplet = 9.7m/s^2,,
510,simulation_0198,simulation,A2MC,60,DS,What is the vertical height of the “skynova” lettering on the bottle in meters?,acceleration of the droplet = 9.7m/s^2,,
511,simulation_0198,simulation,A2MC,60,DD,What is the speed of the droplet at time 0.2s in m/s?,acceleration of the droplet = 9.7m/s^2,,
512,simulation_0198,simulation,A2MC,60,DD,What is the speed of the droplet at time 0.05s in m/s?,acceleration of the droplet = 9.7m/s^2,,
513,simulation_0198,simulation,A2MC,60,DD,What is the speed of the droplet at time 0.1s in m/s?,acceleration of the droplet = 9.7m/s^2,,
514,simulation_0199,simulation,A2MS,60,DS,What is the height of the droplet in meters?,acceleration of the droplet = 9.7m/s^2,,
515,simulation_0199,simulation,A2MS,60,DS,What is the horizontal length of the droplet in meters?,acceleration of the droplet = 9.7m/s^2,,
516,simulation_0199,simulation,A2MS,60,DS,What is the diameter of the bottle's neck in meters?,acceleration of the droplet = 9.7m/s^2,,
517,simulation_0199,simulation,A2MS,60,DS,What is the diameter of the bottle's body in meters?,acceleration of the droplet = 9.7m/s^2,,
518,simulation_0199,simulation,A2MS,60,DS,What is the horizontal width of the “skynova” text on the bottle in meters?,acceleration of the droplet = 9.7m/s^2,,
519,simulation_0199,simulation,A2MS,60,DS,What is the vertical height of the “skynova” lettering on the bottle in meters?,acceleration of the droplet = 9.7m/s^2,,
520,simulation_0199,simulation,A2MS,60,DD,What is the speed of the droplet at time 0.2s in m/s?,acceleration of the droplet = 9.7m/s^2,,
521,simulation_0199,simulation,A2MS,60,DD,What is the speed of the droplet at time 0.05s in m/s?,acceleration of the droplet = 9.7m/s^2,,
522,simulation_0199,simulation,A2MS,60,DD,What is the speed of the droplet at time 0.1s in m/s?,acceleration of the droplet = 9.7m/s^2,,
523,simulation_0200,simulation,A2MS,60,DS,What is the height of the droplet in meters?,acceleration of the droplet = 9.7m/s^2,,
524,simulation_0200,simulation,A2MS,60,DS,What is the horizontal length of the droplet in meters?,acceleration of the droplet = 9.7m/s^2,,
525,simulation_0200,simulation,A2MS,60,DS,What is the diameter of the bottle's neck in meters?,acceleration of the droplet = 9.7m/s^2,,
526,simulation_0200,simulation,A2MS,60,DS,What is the diameter of the bottle's body in meters?,acceleration of the droplet = 9.7m/s^2,,
527,simulation_0200,simulation,A2MS,60,DS,What is the vertical height of the “skynova” lettering on the bottle in meters?,acceleration of the droplet = 9.7m/s^2,,
528,simulation_0200,simulation,A2MS,60,DD,What is the speed of the droplet at time 0.2s in m/s?,acceleration of the droplet = 9.7m/s^2,,
529,simulation_0200,simulation,A2MS,60,DD,What is the speed of the droplet at time 0.05s in m/s?,acceleration of the droplet = 9.7m/s^2,,
530,simulation_0200,simulation,A2MS,60,DD,What is the speed of the droplet at time 0.1s in m/s?,acceleration of the droplet = 9.7m/s^2,,
531,simulation_0203,simulation,A2MC,24,DS,What is the length of the table in meters?,acceleration of the magnifying glass before 0.5s = 9.8m/s^2,,
532,simulation_0203,simulation,A2MC,24,DS,What is the length of the typewriter in meters?,acceleration of the magnifying glass before 0.5s = 9.8m/s^2,,
533,simulation_0203,simulation,A2MC,24,DS,What is the height of the typewriter in meters?,acceleration of the magnifying glass before 0.5s = 9.8m/s^2,,
534,simulation_0203,simulation,A2MC,24,DS,What is the width of the paper next to the magnifying glass in meters?,acceleration of the magnifying glass before 0.5s = 9.8m/s^2,,
535,simulation_0203,simulation,A2MC,24,DS,What is the length of the letter placed under the gun in meters?,acceleration of the magnifying glass before 0.5s = 9.8m/s^2,,
536,simulation_0203,simulation,A2MC,24,DD,What is the speed of the magnifying glass at time 0.125s in m/s?,acceleration of the magnifying glass before 0.5s = 9.8m/s^2,,
537,simulation_0203,simulation,A2MC,24,DD,What is the speed of the magnifying glass at time 0.25s in m/s?,acceleration of the magnifying glass before 0.5s = 9.8m/s^2,,
538,simulation_0203,simulation,A2MC,24,DD,What is the speed of the magnifying glass at time 0.333s in m/s?,acceleration of the magnifying glass before 0.5s = 9.8m/s^2,,
539,simulation_0204,simulation,A2MS,24,DS,What is the length of the table in meters?,acceleration of the magnifying glass before 0.5s = 9.8m/s^2,,
540,simulation_0204,simulation,A2MS,24,DS,What is the length of the typewriter in meters?,acceleration of the magnifying glass before 0.5s = 9.8m/s^2,,
541,simulation_0204,simulation,A2MS,24,DS,What is the height of the typewriter in meters?,acceleration of the magnifying glass before 0.5s = 9.8m/s^2,,
542,simulation_0204,simulation,A2MS,24,DS,What is the length of the letter placed under the gun in meters?,acceleration of the magnifying glass before 0.5s = 9.8m/s^2,,
543,simulation_0204,simulation,A2MS,24,DD,What is the speed of the magnifying glass at time 0.125s in m/s?,acceleration of the magnifying glass before 0.5s = 9.8m/s^2,,
544,simulation_0204,simulation,A2MS,24,DD,What is the speed of the magnifying glass at time 0.25s in m/s?,acceleration of the magnifying glass before 0.5s = 9.8m/s^2,,
545,simulation_0204,simulation,A2MS,24,DD,What is the speed of the magnifying glass at time 0.333s in m/s?,acceleration of the magnifying glass before 0.5s = 9.8m/s^2,,
546,simulation_0207,simulation,A2MC,24,DS,What is the length of the table in meters?,acceleration of the typewriter before 0.45s = 9.8m/s^2,,
547,simulation_0207,simulation,A2MC,24,DS,What is the length of the typewriter in meters?,acceleration of the typewriter before 0.45s = 9.8m/s^2,,
548,simulation_0207,simulation,A2MC,24,DS,What is the height of the typewriter in meters?,acceleration of the typewriter before 0.45s = 9.8m/s^2,,
549,simulation_0207,simulation,A2MC,24,DS,What is the width of the paper next to the typewriter in meters?,acceleration of the typewriter before 0.45s = 9.8m/s^2,,
550,simulation_0207,simulation,A2MC,24,DS,What is the length of the letter placed under the gun in meters?,acceleration of the typewriter before 0.45s = 9.8m/s^2,,
551,simulation_0207,simulation,A2MC,24,DD,What is the speed of the typewriter at time 0.125s in m/s?,acceleration of the typewriter before 0.45s = 9.8m/s^2,,
552,simulation_0207,simulation,A2MC,24,DD,What is the speed of the typewriter at time 0.25s in m/s?,acceleration of the typewriter before 0.45s = 9.8m/s^2,,
553,simulation_0207,simulation,A2MC,24,DD,What is the speed of the typewriter at time 0.333s in m/s?,acceleration of the typewriter before 0.45s = 9.8m/s^2,,
554,simulation_0208,simulation,A2MS,24,DS,What is the length of the table in meters?,acceleration of the typewriter before 0.45s = 9.8m/s^2,,
555,simulation_0208,simulation,A2MS,24,DS,What is the length of the typewriter in meters?,acceleration of the typewriter before 0.45s = 9.8m/s^2,,
556,simulation_0208,simulation,A2MS,24,DS,What is the height of the typewriter in meters?,acceleration of the typewriter before 0.45s = 9.8m/s^2,,
557,simulation_0208,simulation,A2MS,24,DS,What is the length of the letter placed under the gun in meters?,acceleration of the typewriter before 0.45s = 9.8m/s^2,,
558,simulation_0208,simulation,A2MS,24,DD,What is the speed of the typewriter at time 0.125s in m/s?,acceleration of the typewriter before 0.45s = 9.8m/s^2,,
559,simulation_0208,simulation,A2MS,24,DD,What is the speed of the typewriter at time 0.25s in m/s?,acceleration of the typewriter before 0.45s = 9.8m/s^2,,
560,simulation_0208,simulation,A2MS,24,DD,What is the speed of the typewriter at time 0.333s in m/s?,acceleration of the typewriter before 0.45s = 9.8m/s^2,,
561,simulation_0210,simulation,V2MS,24,DS,What is the length of the black cat (including its tail) in meters?,speed of the black cat = 0.94m/s,,
562,simulation_0210,simulation,V2MS,24,DS,What is the height of the black cat (including its tail) in meters?,speed of the black cat = 0.94m/s,,
563,simulation_0210,simulation,V2MS,24,DS,What is the length of the wooden bench in meters?,speed of the black cat = 0.94m/s,,
564,simulation_0210,simulation,V2MS,24,DS,What is the height of the wooden bench in meters?,speed of the black cat = 0.94m/s,,
565,simulation_0210,simulation,V2MS,24,DS,What is the height of the lampshade of the table lamp in meters?,speed of the black cat = 0.94m/s,,
566,simulation_0210,simulation,V2MS,24,DS,What is the diameter of the lampshade of the table lamp in meters?,speed of the black cat = 0.94m/s,,
567,simulation_0210,simulation,V2MS,24,DS,What is the height of the table lamp in meters?,speed of the black cat = 0.94m/s,,
568,simulation_0210,simulation,V2MS,24,DS,What is the height of the vase in meters?,speed of the black cat = 0.94m/s,,
569,simulation_0210,simulation,V2MS,24,DS,What is the height of the floor mirror in meters?,speed of the black cat = 0.94m/s,,
570,simulation_0210,simulation,V2MS,24,DS,What is the width of the floor mirror in meters?,speed of the black cat = 0.94m/s,,
571,simulation_0213,simulation,V2MC,24,DS,What is the length of the black cat (including its tail) in meters?,speed of the black cat = 0.94m/s,,
572,simulation_0213,simulation,V2MC,24,DS,What is the height of the black cat (including its tail) in meters?,speed of the black cat = 0.94m/s,,
573,simulation_0213,simulation,V2MC,24,DS,What is the length of the wooden bench in meters?,speed of the black cat = 0.94m/s,,
574,simulation_0213,simulation,V2MC,24,DS,What is the height of the wooden bench in meters?,speed of the black cat = 0.94m/s,,
575,simulation_0213,simulation,V2MC,24,DS,What is the height of the lampshade of the table lamp in meters?,speed of the black cat = 0.94m/s,,
576,simulation_0213,simulation,V2MC,24,DS,What is the diameter of the lampshade of the table lamp in meters?,speed of the black cat = 0.94m/s,,
577,simulation_0213,simulation,V2MC,24,DS,What is the height of the table lamp in meters?,speed of the black cat = 0.94m/s,,
578,simulation_0213,simulation,V2MC,24,DS,What is the height of the vase in meters?,speed of the black cat = 0.94m/s,,
579,simulation_0213,simulation,V2MC,24,DS,What is the height of the floor mirror in meters?,speed of the black cat = 0.94m/s,,
580,simulation_0213,simulation,V2MC,24,DS,What is the width of the floor mirror in meters?,speed of the black cat = 0.94m/s,,
581,simulation_0213,simulation,V2MC,24,DD,What is the speed of the dog at time 1s in m/s?,speed of the black cat = 0.94m/s,,
582,simulation_0213,simulation,V2MC,24,DD,What is the speed of the dog at time 1.5s in m/s?,speed of the black cat = 0.94m/s,,
583,simulation_0213,simulation,V2MC,24,DS,What is the length of the dog (including its tail) in meters?,speed of the black cat = 0.94m/s,,
584,simulation_0213,simulation,V2MC,24,DS,What is the height of the dog (including its tail) in meters?,speed of the black cat = 0.94m/s,,
585,simulation_0214,simulation,V2MC,24,DS,What is the length of the black cat (including its tail) in meters?,speed of the black cat = 0.94m/s,,
586,simulation_0214,simulation,V2MC,24,DS,What is the length of the wooden bench in meters?,speed of the black cat = 0.94m/s,,
587,simulation_0214,simulation,V2MC,24,DS,What is the width of the wooden bench in meters?,speed of the black cat = 0.94m/s,,
588,simulation_0214,simulation,V2MC,24,DS,What is the length of the TV stand in meters?,speed of the black cat = 0.94m/s,,
589,simulation_0214,simulation,V2MC,24,DS,What is the width of the TV stand in meters?,speed of the black cat = 0.94m/s,,
590,simulation_0214,simulation,V2MC,24,DS,What is the diameter of the lampshade of the table lamp in meters?,speed of the black cat = 0.94m/s,,
591,simulation_0214,simulation,V2MC,24,DS,What is the width of the floor mirror in meters?,speed of the black cat = 0.94m/s,,
592,simulation_0214,simulation,V2MC,24,DD,What is the speed of the dog at time 1s in m/s?,speed of the black cat = 0.94m/s,,
593,simulation_0214,simulation,V2MC,24,DD,What is the speed of the dog at time 1.5s in m/s?,speed of the black cat = 0.94m/s,,
594,simulation_0214,simulation,V2MC,24,DS,What is the length of the dog (including its tail) in meters?,speed of the black cat = 0.94m/s,,
595,simulation_0214,simulation,V2MC,24,DS,What is the diameter of the white fur carpet in meters?,speed of the black cat = 0.94m/s,,
596,simulation_0214,simulation,V2MC,24,DS,What is the length of the white sofa in meters?,speed of the black cat = 0.94m/s,,
597,simulation_0214,simulation,V2MC,24,DS,What is the width of the white sofa in meters?,speed of the black cat = 0.94m/s,,
598,simulation_0215,simulation,V2MC,24,DS,What is the length of the black cat (including its tail) in meters?,speed of the black cat = 0.94m/s,,
599,simulation_0215,simulation,V2MC,24,DS,What is the length of the wooden bench in meters?,speed of the black cat = 0.94m/s,,
600,simulation_0215,simulation,V2MC,24,DS,What is the width of the wooden bench in meters?,speed of the black cat = 0.94m/s,,
601,simulation_0215,simulation,V2MC,24,DS,What is the length of the TV stand in meters?,speed of the black cat = 0.94m/s,,
602,simulation_0215,simulation,V2MC,24,DS,What is the width of the TV stand in meters?,speed of the black cat = 0.94m/s,,
603,simulation_0215,simulation,V2MC,24,DS,What is the diameter of the lampshade of the table lamp in meters?,speed of the black cat = 0.94m/s,,
604,simulation_0215,simulation,V2MC,24,DS,What is the diameter of the vase in meters?,speed of the black cat = 0.94m/s,,
605,simulation_0215,simulation,V2MC,24,DS,What is the width of the floor mirror in meters?,speed of the black cat = 0.94m/s,,
606,simulation_0215,simulation,V2MC,24,DS,What is the diameter of the white fur carpet in meters?,speed of the black cat = 0.94m/s,,
607,simulation_0215,simulation,V2MC,24,DS,What is the length of the white sofa in meters?,speed of the black cat = 0.94m/s,,
608,simulation_0215,simulation,V2MC,24,DS,What is the width of the white sofa in meters?,speed of the black cat = 0.94m/s,,
609,simulation_0216,simulation,V2MC,24,DS,What is the length of the black cat (including its tail) in meters?,speed of the black cat = 0.94m/s,,
610,simulation_0216,simulation,V2MC,24,DS,What is the height of the black cat (including its tail) in meters?,speed of the black cat = 0.94m/s,,
611,simulation_0216,simulation,V2MC,24,DS,What is the length of the wooden bench in meters?,speed of the black cat = 0.94m/s,,
612,simulation_0216,simulation,V2MC,24,DS,What is the height of the wooden bench in meters?,speed of the black cat = 0.94m/s,,
613,simulation_0216,simulation,V2MC,24,DS,What is the height of the lampshade of the table lamp in meters?,speed of the black cat = 0.94m/s,,
614,simulation_0216,simulation,V2MC,24,DS,What is the diameter of the lampshade of the table lamp in meters?,speed of the black cat = 0.94m/s,,
615,simulation_0216,simulation,V2MC,24,DS,What is the height of the table lamp in meters?,speed of the black cat = 0.94m/s,,
616,simulation_0216,simulation,V2MC,24,DS,What is the height of the vase in meters?,speed of the black cat = 0.94m/s,,
617,simulation_0216,simulation,V2MC,24,DS,What is the height of the floor mirror in meters?,speed of the black cat = 0.94m/s,,
618,simulation_0216,simulation,V2MC,24,DS,What is the length of the floor mirror in meters?,speed of the black cat = 0.94m/s,,
619,simulation_0216,simulation,V2MC,24,DS,What is the length of the TV in meters?,speed of the black cat = 0.94m/s,,
620,simulation_0216,simulation,V2MC,24,DS,What is the height of the TV in meters?,speed of the black cat = 0.94m/s,,
621,simulation_0216,simulation,V2MC,24,DS,What is the length of the TV stand in meters?,speed of the black cat = 0.94m/s,,
622,simulation_0216,simulation,V2MC,24,DS,What is the height of the TV stand in meters?,speed of the black cat = 0.94m/s,,
623,simulation_0217,simulation,V2MC,24,DS,What is the length of the black cat (including its tail) in meters?,speed of the black cat = 0.94m/s,,
624,simulation_0217,simulation,V2MC,24,DS,What is the length of the TV in meters?,speed of the black cat = 0.94m/s,,
625,simulation_0217,simulation,V2MC,24,DS,What is the length of the wooden bench in meters?,speed of the black cat = 0.94m/s,,
626,simulation_0217,simulation,V2MC,24,DS,What is the width of the wooden bench in meters?,speed of the black cat = 0.94m/s,,
627,simulation_0217,simulation,V2MC,24,DS,What is the width of the TV stand in meters?,speed of the black cat = 0.94m/s,,
628,simulation_0217,simulation,V2MC,24,DS,What is the diameter of the lampshade of the table lamp in meters?,speed of the black cat = 0.94m/s,,
629,simulation_0217,simulation,V2MC,24,DS,What is the diameter of the vase in meters?,speed of the black cat = 0.94m/s,,
630,simulation_0217,simulation,V2MC,24,DS,What is the width of the floor mirror in meters?,speed of the black cat = 0.94m/s,,
631,simulation_0217,simulation,V2MC,24,DD,What is the speed of the dog at time 1s in m/s?,speed of the black cat = 0.94m/s,,
632,simulation_0217,simulation,V2MC,24,DD,What is the speed of the dog at time 1.5s in m/s?,speed of the black cat = 0.94m/s,,
633,simulation_0217,simulation,V2MC,24,DS,What is the length of the dog (including its tail) in meters?,speed of the black cat = 0.94m/s,,
634,simulation_0217,simulation,V2MC,24,DS,What is the diameter of the white fur carpet in meters?,speed of the black cat = 0.94m/s,,
635,simulation_0217,simulation,V2MC,24,DS,What is the length of the white sofa in meters?,speed of the black cat = 0.94m/s,,
636,simulation_0217,simulation,V2MC,24,DS,What is the width of the white sofa in meters?,speed of the black cat = 0.94m/s,,
637,simulation_0218,simulation,V2MC,24,DS,What is the length of the big robot in meters?,speed of the big robot = 5.924m/s,,
638,simulation_0218,simulation,V2MC,24,DS,What is the height of the big robot in meters?,speed of the big robot = 5.924m/s,,
639,simulation_0218,simulation,V2MC,24,DS,What is the length in meters of the long side of a marked parking space on the ground?,speed of the big robot = 5.924m/s,,
640,simulation_0218,simulation,V2MC,24,DS,What is the outer diameter of the robot's tires in meters?,speed of the big robot = 5.924m/s,,
641,simulation_0219,simulation,V2MC,24,DS,What is the length of the big robot in meters?,speed of the big robot = 5.924m/s,,
642,simulation_0219,simulation,V2MC,24,DS,What is the height of the big robot in meters?,speed of the big robot = 5.924m/s,,
643,simulation_0219,simulation,V2MC,24,DS,What is the length in meters of the long side of a marked parking space on the ground?,speed of the big robot = 5.924m/s,,
644,simulation_0219,simulation,V2MC,24,DS,What is the outer diameter of the robot's tires in meters?,speed of the big robot = 5.924m/s,,
645,simulation_0219,simulation,V2MC,24,DD,What is the speed of the small robot at 1s in m/s?,speed of the big robot = 5.924m/s,,
646,simulation_0219,simulation,V2MC,24,DS,What is the height of the small robot in meters?,speed of the big robot = 5.924m/s,,
647,simulation_0220,simulation,V2MC,24,DS,What is the length in meters of the long side of a marked parking space on the ground?,speed of the small robot = 0.82m/s,,
648,simulation_0220,simulation,V2MC,24,DS,What is the height of the small robot in meters?,speed of the small robot = 0.82m/s,,
649,simulation_0221,simulation,S2MC,24,SS,What is the length of the wooden bench in meters?,diameter of the vacuum cleaner = 0.438m,,
650,simulation_0221,simulation,S2MC,24,SS,What is the width of the wooden bench in meters?,diameter of the vacuum cleaner = 0.438m,,
651,simulation_0221,simulation,S2MC,24,SS,What is the length of the TV stand in meters?,diameter of the vacuum cleaner = 0.438m,,
652,simulation_0221,simulation,S2MC,24,SS,What is the width of the TV stand in meters?,diameter of the vacuum cleaner = 0.438m,,
653,simulation_0221,simulation,S2MC,24,SS,What is the diameter of the lampshade of the table lamp in meters?,diameter of the vacuum cleaner = 0.438m,,
654,simulation_0221,simulation,S2MC,24,SS,What is the diameter of the vase in meters?,diameter of the vacuum cleaner = 0.438m,,
655,simulation_0221,simulation,S2MC,24,SS,What is the width of the floor mirror in meters?,diameter of the vacuum cleaner = 0.438m,,
656,simulation_0221,simulation,S2MC,24,SS,What is the diameter of the white fur carpet in meters?,diameter of the vacuum cleaner = 0.438m,,
657,simulation_0221,simulation,S2MC,24,SS,What is the length of the white sofa in meters?,diameter of the vacuum cleaner = 0.438m,,
658,simulation_0221,simulation,S2MC,24,SS,What is the width of the white sofa in meters?,diameter of the vacuum cleaner = 0.438m,,
659,simulation_0221,simulation,S2MC,24,SD,What is the speed of the vacuum cleaner at time 0.5s in m/s?,diameter of the vacuum cleaner = 0.438m,,
660,simulation_0221,simulation,S2MC,24,SD,What is the acceleration of the vacuum cleaner at time 0.5s in m/s^2?,diameter of the vacuum cleaner = 0.438m,,
661,simulation_0221,simulation,S2MC,24,SD,What is the speed of the vacuum cleaner at time 1s in m/s?,diameter of the vacuum cleaner = 0.438m,,
662,simulation_0221,simulation,S2MC,24,SD,What is the acceleration of the vacuum cleaner at time 1s in m/s^2?,diameter of the vacuum cleaner = 0.438m,,
663,simulation_0221,simulation,S2MC,24,SD,What is the speed of the vacuum cleaner at time 2s in m/s?,diameter of the vacuum cleaner = 0.438m,,
664,simulation_0221,simulation,S2MC,24,SD,What is the acceleration of the vacuum cleaner at time 2s in m/s^2?,diameter of the vacuum cleaner = 0.438m,,
665,simulation_0222,simulation,S2MS,24,SS,What is the length of the wooden bench in meters?,diameter of the vacuum cleaner = 0.438m,,
666,simulation_0222,simulation,S2MS,24,SS,What is the width of the wooden bench in meters?,diameter of the vacuum cleaner = 0.438m,,
667,simulation_0222,simulation,S2MS,24,SS,What is the length of the TV stand in meters?,diameter of the vacuum cleaner = 0.438m,,
668,simulation_0222,simulation,S2MS,24,SS,What is the width of the TV stand in meters?,diameter of the vacuum cleaner = 0.438m,,
669,simulation_0222,simulation,S2MS,24,SS,What is the diameter of the lampshade of the table lamp in meters?,diameter of the vacuum cleaner = 0.438m,,
670,simulation_0222,simulation,S2MS,24,SS,What is the diameter of the vase in meters?,diameter of the vacuum cleaner = 0.438m,,
671,simulation_0222,simulation,S2MS,24,SS,What is the width of the floor mirror in meters?,diameter of the vacuum cleaner = 0.438m,,
672,simulation_0222,simulation,S2MS,24,SS,What is the diameter of the white fur carpet in meters?,diameter of the vacuum cleaner = 0.438m,,
673,simulation_0222,simulation,S2MS,24,SS,What is the length of the white sofa in meters?,diameter of the vacuum cleaner = 0.438m,,
674,simulation_0222,simulation,S2MS,24,SS,What is the width of the white sofa in meters?,diameter of the vacuum cleaner = 0.438m,,
675,simulation_0222,simulation,S2MS,24,SD,What is the speed of the vacuum cleaner at time 0.5s in m/s?,diameter of the vacuum cleaner = 0.438m,,
676,simulation_0222,simulation,S2MS,24,SD,What is the acceleration of the vacuum cleaner at time 0.5s in m/s^2?,diameter of the vacuum cleaner = 0.438m,,
677,simulation_0222,simulation,S2MS,24,SD,What is the speed of the vacuum cleaner at time 1s in m/s?,diameter of the vacuum cleaner = 0.438m,,
678,simulation_0222,simulation,S2MS,24,SD,What is the acceleration of the vacuum cleaner at time 1s in m/s^2?,diameter of the vacuum cleaner = 0.438m,,
679,simulation_0222,simulation,S2MS,24,SD,What is the speed of the vacuum cleaner at time 2s in m/s?,diameter of the vacuum cleaner = 0.438m,,
680,simulation_0222,simulation,S2MS,24,SD,What is the acceleration of the vacuum cleaner at time 2s in m/s^2?,diameter of the vacuum cleaner = 0.438m,,
681,simulation_0223,simulation,S2MC,24,SS,What is the length(horizontal) of the chinese chess board in meters?,diameter of one chinese chess = 0.097m,,
682,simulation_0223,simulation,S2MC,24,SS,What is the width(vertical) of the chinese chess board in meters?,diameter of one chinese chess = 0.097m,,
683,simulation_0223,simulation,S2MC,24,SD,What is the speed of the moving red general chess at time 0.5s in m/s?,diameter of one chinese chess = 0.097m,,
684,simulation_0223,simulation,S2MC,24,SD,What is the acceleration of the moving red general chess at time 0.5s in m/s^2?,diameter of one chinese chess = 0.097m,,
685,simulation_0223,simulation,S2MC,24,SD,What is the speed of the moving red general chess at time 1s in m/s?,diameter of one chinese chess = 0.097m,,
686,simulation_0223,simulation,S2MC,24,SD,What is the acceleration of the moving red general chess at time 1s in m/s^2?,diameter of one chinese chess = 0.097m,,
687,simulation_0223,simulation,S2MC,24,SD,What is the speed of the moving red general chess at time 1.5s in m/s?,diameter of one chinese chess = 0.097m,,
688,simulation_0223,simulation,S2MC,24,SD,What is the acceleration of the moving red general chess at time 1.5s in m/s^2?,diameter of one chinese chess = 0.097m,,
689,simulation_0224,simulation,S2MC,24,SS,What is the length of the chinese chess board in meters?,diameter of one chinese chess = 0.097m,,
690,simulation_0224,simulation,S2MC,24,SD,What is the speed of the moving chess at time 0.5s in m/s?,diameter of one chinese chess = 0.097m,,
691,simulation_0224,simulation,S2MC,24,SD,What is the acceleration of the moving chess at time 0.5s in m/s^2?,diameter of one chinese chess = 0.097m,,
692,simulation_0224,simulation,S2MC,24,SD,What is the speed of the moving chess at time 1s in m/s?,diameter of one chinese chess = 0.097m,,
693,simulation_0224,simulation,S2MC,24,SD,What is the acceleration of the moving chess at time 1s in m/s^2?,diameter of one chinese chess = 0.097m,,
694,simulation_0224,simulation,S2MC,24,SD,What is the speed of the moving chess at time 1.5s in m/s?,diameter of one chinese chess = 0.097m,,
695,simulation_0224,simulation,S2MC,24,SD,What is the acceleration of the moving chess at time 1.5s in m/s^2?,diameter of one chinese chess = 0.097m,,
696,simulation_0225,simulation,V2MC,24,DS,What is the length of the black cat (including its tail) in meters?,speed of the black cat = 1.041m/s,,
697,simulation_0225,simulation,V2MC,24,DS,What is the height of the black cat (including its tail) in meters?,speed of the black cat = 1.041m/s,,
698,simulation_0225,simulation,V2MC,24,DS,What is the width of the beach chair in meters?,speed of the black cat = 1.041m/s,,
699,simulation_0225,simulation,V2MC,24,DS,What is the width of the pool tiles (horizontal side) in meters?,speed of the black cat = 1.041m/s,,
700,simulation_0226,simulation,V2MC,24,DS,What is the length of the black cat (including its tail) in meters?,speed of the black cat = 1.041m/s,,
701,simulation_0226,simulation,V2MC,24,DS,What is the width of the beach chair in meters?,speed of the black cat = 1.041m/s,,
702,simulation_0226,simulation,V2MC,24,DS,What is the width of the pool tiles (horizontal side) in meters?,speed of the black cat = 1.041m/s,,
703,simulation_0227,simulation,V2MC,24,DS,What is the length of the black cat (including its tail) in meters?,speed of the black cat = 1.041m/s,,
704,simulation_0227,simulation,V2MC,24,DS,What is the height of the black cat (including its tail) in meters?,speed of the black cat = 1.041m/s,,
705,simulation_0227,simulation,V2MC,24,DS,What is the width of the beach chair in meters?,speed of the black cat = 1.041m/s,,
706,simulation_0227,simulation,V2MC,24,DS,What is the width of the pool tiles (horizontal side) in meters?,speed of the black cat = 1.041m/s,,
707,simulation_0227,simulation,V2MC,24,DS,What is the length of the swimming ring in meters?,speed of the black cat = 1.041m/s,,
708,simulation_0227,simulation,V2MC,24,DS,What is the height of the swimming ring in meters?,speed of the black cat = 1.041m/s,,
709,simulation_0227,simulation,V2MC,24,DD,What is the speed of the swimming ring at time 0.5s in m/s?,speed of the black cat = 1.041m/s,,
710,simulation_0228,simulation,V2MC,24,DS,What is the length of the black cat (including its tail) in meters?,speed of the black cat = 1.041m/s,,
711,simulation_0228,simulation,V2MC,24,DS,What is the width of the beach chair in meters?,speed of the black cat = 1.041m/s,,
712,simulation_0228,simulation,V2MC,24,DS,What is the width of the paving stones in meters?,speed of the black cat = 1.041m/s,,
713,simulation_0228,simulation,V2MC,24,DS,What is the length of the swimming ring in meters?,speed of the black cat = 1.041m/s,,
714,simulation_0228,simulation,V2MC,24,DD,What is the speed of the swimming ring at time 0.5s in m/s?,speed of the black cat = 1.041m/s,,
715,simulation_0229,simulation,S2MC,24,SS,What is the diameter of the clock in meters?,length of the chalkboard = 5m,,
716,simulation_0229,simulation,S2MC,24,SS,What is the height of the chalkboard in meters?,length of the chalkboard = 5m,,
717,simulation_0229,simulation,S2MC,24,SS,What is the width of the orange chair next to the blackboard in meters?,length of the chalkboard = 5m,,
718,simulation_0229,simulation,S2MC,24,SS,What is the length of the teacher's table in meters?,length of the chalkboard = 5m,,
719,simulation_0229,simulation,S2MC,24,SS,What is the ceiling height of the room in meters?,length of the chalkboard = 5m,,
720,simulation_0229,simulation,S2MC,24,SD,What is the speed of the paper airplane at time 1s in m/s?,length of the chalkboard = 5m,,
721,simulation_0229,simulation,S2MC,24,SD,What is the acceleration of the paper airplane at time 1s in m/s^2?,length of the chalkboard = 5m,,
722,simulation_0229,simulation,S2MC,24,SD,What is the speed of the paper airplane at time 1.25s in m/s?,length of the chalkboard = 5m,,
723,simulation_0229,simulation,S2MC,24,SD,What is the acceleration of the paper airplane at time 1.25s in m/s^2?,length of the chalkboard = 5m,,
724,simulation_0230,simulation,S2MC,24,SS,What is the diameter of the clock in meters?,length of the chalkboard = 5m,,
725,simulation_0230,simulation,S2MC,24,SS,What is the height of the chalkboard in meters?,length of the chalkboard = 5m,,
726,simulation_0230,simulation,S2MC,24,SS,What is the width of the orange chair next to the blackboard in meters?,length of the chalkboard = 5m,,
727,simulation_0230,simulation,S2MC,24,SS,What is the length of the teacher's table in meters?,length of the chalkboard = 5m,,
728,simulation_0230,simulation,S2MC,24,SS,What is the ceiling height of the room in meters?,length of the chalkboard = 5m,,
729,simulation_0230,simulation,S2MC,24,SD,What is the speed of the paper airplane at time 1s in m/s?,length of the chalkboard = 5m,,
730,simulation_0230,simulation,S2MC,24,SD,What is the acceleration of the paper airplane at time 1s in m/s^2?,length of the chalkboard = 5m,,
731,simulation_0230,simulation,S2MC,24,SD,What is the speed of the paper airplane at time 1.25s in m/s?,length of the chalkboard = 5m,,
732,simulation_0230,simulation,S2MC,24,SD,What is the acceleration of the paper airplane at time 1.25s in m/s^2?,length of the chalkboard = 5m,,
733,simulation_0230,simulation,S2MC,24,SS,What is the length of the black cat (including its tail) in meters?,length of the chalkboard = 5m,,
734,simulation_0230,simulation,S2MC,24,SS,What is the height of the black cat (including its tail) in meters?,length of the chalkboard = 5m,,
735,simulation_0230,simulation,S2MC,24,SD,What is the average speed of the black cat from the beginning to the end in m/s?,length of the chalkboard = 5m,,
736,simulation_0231,simulation,V2MC,24,DS,What is the height of the chalkboard in meters?,speed of the black cat = 0.714m/s,,
737,simulation_0231,simulation,V2MC,24,DS,What is the width of the orange chair next to the blackboard in meters?,speed of the black cat = 0.714m/s,,
738,simulation_0231,simulation,V2MC,24,DS,What is the length of the teacher's table in meters?,speed of the black cat = 0.714m/s,,
739,simulation_0231,simulation,V2MC,24,DS,What is the ceiling height of the room in meters?,speed of the black cat = 0.714m/s,,
740,simulation_0231,simulation,V2MC,24,DD,What is the speed of the paper airplane at time 1s in m/s?,speed of the black cat = 0.714m/s,,
741,simulation_0231,simulation,V2MC,24,DD,What is the acceleration of the paper airplane at time 1s in m/s^2?,speed of the black cat = 0.714m/s,,
742,simulation_0231,simulation,V2MC,24,DD,What is the speed of the paper airplane at time 1.25s in m/s?,speed of the black cat = 0.714m/s,,
743,simulation_0231,simulation,V2MC,24,DD,What is the acceleration of the paper airplane at time 1.25s in m/s^2?,speed of the black cat = 0.714m/s,,
744,simulation_0231,simulation,V2MC,24,DS,What is the length of the black cat (including its tail) in meters?,speed of the black cat = 0.714m/s,,
745,simulation_0231,simulation,V2MC,24,DS,What is the height of the black cat (including its tail) in meters?,speed of the black cat = 0.714m/s,,
746,simulation_0231,simulation,V2MC,24,DS,What is the length of the chalkboard in meters?,speed of the black cat = 0.714m/s,,
747,simulation_0231,simulation,V2MC,24,DS,What is the diameter of the clock in meters?,speed of the black cat = 0.714m/s,,
748,simulation_0232,simulation,V2MS,24,DS,What is the width of the chair next to the blackboard in meters?,speed of the black cat = 0.714m/s,,
749,simulation_0232,simulation,V2MS,24,DS,What is the length of the teacher's table in meters?,speed of the black cat = 0.714m/s,,
750,simulation_0232,simulation,V2MS,24,DS,What is the ceiling height of the room in meters?,speed of the black cat = 0.714m/s,,
751,simulation_0232,simulation,V2MS,24,DD,What is the speed of the paper airplane at time 1s in m/s?,speed of the black cat = 0.714m/s,,
752,simulation_0232,simulation,V2MS,24,DD,What is the acceleration of the paper airplane at time 1s in m/s^2?,speed of the black cat = 0.714m/s,,
753,simulation_0232,simulation,V2MS,24,DD,What is the speed of the paper airplane at time 1.25s in m/s?,speed of the black cat = 0.714m/s,,
754,simulation_0232,simulation,V2MS,24,DD,What is the acceleration of the paper airplane at time 1.25s in m/s^2?,speed of the black cat = 0.714m/s,,
755,simulation_0232,simulation,V2MS,24,DS,What is the length of the black cat (including its tail) in meters?,speed of the black cat = 0.714m/s,,
756,simulation_0232,simulation,V2MS,24,DS,What is the height of the black cat (including its tail) in meters?,speed of the black cat = 0.714m/s,,
757,simulation_0232,simulation,V2MS,24,DS,What is the diameter of the clock in meters?,speed of the black cat = 0.714m/s,,
758,simulation_0233,simulation,V2MC,24,DS,What is the length of the black cat (including its tail) in meters?,speed of the black cat = 0.714m/s,,
759,simulation_0233,simulation,V2MC,24,DS,What is the width of the chair in meters?,speed of the black cat = 0.714m/s,,
760,simulation_0233,simulation,V2MC,24,DS,What is the length of the chair in meters?,speed of the black cat = 0.714m/s,,
761,simulation_0234,simulation,S2MC,24,SS,What is the length of the white basketball backboard in meters?,diameter of the basketball = 0.282m,,
762,simulation_0234,simulation,S2MC,24,SS,What is the height of the white basketball backboard in meters?,diameter of the basketball = 0.282m,,
763,simulation_0234,simulation,S2MC,24,SS,What is the height of the green section on the wall in meters?,diameter of the basketball = 0.282m,,
764,simulation_0234,simulation,S2MC,24,SD,What is the speed of the basketball at time 0.5s in m/s?,diameter of the basketball = 0.282m,,
765,simulation_0234,simulation,S2MC,24,SD,What is the acceleration of the basketball at time 0.5s in m/s^2?,diameter of the basketball = 0.282m,,
766,simulation_0234,simulation,S2MC,24,SD,What is the speed of the basketball at time 1.5s in m/s?,diameter of the basketball = 0.282m,,
767,simulation_0234,simulation,S2MC,24,SD,What is the acceleration of the basketball at time 1.5s in m/s^2?,diameter of the basketball = 0.282m,,
768,simulation_0235,simulation,S2MS,24,SS,What is the height of the trophy next to the basketball in meters?,diameter of the basketball = 0.282m,,
769,simulation_0235,simulation,S2MS,24,SS,What is the length of each small pane of the window in meters?,diameter of the basketball = 0.282m,,
770,simulation_0235,simulation,S2MS,24,SS,What is the height of each small pane of the window in meters?,diameter of the basketball = 0.282m,,
771,simulation_0235,simulation,S2MS,24,SS,What is the height of the green section on the wall in meters?,diameter of the basketball = 0.282m,,
772,simulation_0235,simulation,S2MS,24,SD,What is the speed of the basketball at time 0.5s in m/s?,diameter of the basketball = 0.282m,,
773,simulation_0235,simulation,S2MS,24,SD,What is the acceleration of the basketball at time 0.5s in m/s^2?,diameter of the basketball = 0.282m,,
774,simulation_0235,simulation,S2MS,24,SD,What is the speed of the basketball at time 1.5s in m/s?,diameter of the basketball = 0.282m,,
775,simulation_0235,simulation,S2MS,24,SD,What is the acceleration of the basketball at time 1.5s in m/s^2?,diameter of the basketball = 0.282m,,
776,simulation_0236,simulation,V2MC,24,DS,What is the height of the brown horse in meters?,speed of the horse at the back = 0.874m/s,,
777,simulation_0236,simulation,V2MC,24,DS,What is the length of the brown horse in meters?,speed of the horse at the back = 0.874m/s,,
778,simulation_0236,simulation,V2MC,24,DS,What is the height of the house in meters?,speed of the horse at the back = 0.874m/s,,
779,simulation_0236,simulation,V2MC,24,DS,What is the width of the house in meters?,speed of the horse at the back = 0.874m/s,,
780,simulation_0236,simulation,V2MC,24,DS,What is the height of each glass window in meters?,speed of the horse at the back = 0.874m/s,,
781,simulation_0236,simulation,V2MC,24,DS,What is the width of each glass window in meters?,speed of the horse at the back = 0.874m/s,,
782,simulation_0237,simulation,V2MC,24,DS,What is the length of the brown horse in meters?,speed of the horse at the back = 0.874m/s,,
783,simulation_0237,simulation,V2MC,24,DS,What is the width of the house in meters?,speed of the horse at the back = 0.874m/s,,
784,simulation_0237,simulation,V2MC,24,DS,What is the length of the house in meters?,speed of the horse at the back = 0.874m/s,,
785,simulation_0238,simulation,V2MC,24,DS,What is the height of the brown horse in meters?,speed of the horse at the back = 0.874m/s,,
786,simulation_0238,simulation,V2MC,24,DS,What is the length of the brown horse in meters?,speed of the horse at the back = 0.874m/s,,
787,simulation_0238,simulation,V2MC,24,DS,What is the height of the house in meters?,speed of the horse at the back = 0.874m/s,,
788,simulation_0238,simulation,V2MC,24,DS,What is the width of the house in meters?,speed of the horse at the back = 0.874m/s,,
789,simulation_0238,simulation,V2MC,24,DS,What is the height of each glass window in meters?,speed of the horse at the back = 0.874m/s,,
790,simulation_0238,simulation,V2MC,24,DS,What is the width of each glass window in meters?,speed of the horse at the back = 0.874m/s,,
791,simulation_0238,simulation,V2MC,24,DD,What is the speed of the horse in the front in m/s?,speed of the horse at the back = 0.874m/s,,
792,simulation_0238,simulation,V2MC,24,DS,What is the height of the horse in the front in meters?,speed of the horse at the back = 0.874m/s,,
793,simulation_0238,simulation,V2MC,24,DS,What is the length of the horse in the front in meters?,speed of the horse at the back = 0.874m/s,,
794,simulation_0239,simulation,V2MC,24,DS,What is the length of the horse at the back in meters?,speed of the horse at the back = 0.874m/s,,
795,simulation_0239,simulation,V2MC,24,DS,What is the width of the house in meters?,speed of the horse at the back = 0.874m/s,,
796,simulation_0239,simulation,V2MC,24,DS,What is the length of the house in meters?,speed of the horse at the back = 0.874m/s,,
797,simulation_0239,simulation,V2MC,24,DD,What is the speed of the horse in the front at 1s in m/s?,speed of the horse at the back = 0.874m/s,,
798,simulation_0239,simulation,V2MC,24,DS,What is the length of the horse in the front in meters?,speed of the horse at the back = 0.874m/s,,
799,simulation_0240,simulation,V2MC,24,DS,What is the height of the horse at the back in meters?,speed of the horse at the back = 0.874m/s,,
800,simulation_0240,simulation,V2MC,24,DS,What is the length of the horse at the back in meters?,speed of the horse at the back = 0.874m/s,,
801,simulation_0240,simulation,V2MC,24,DS,What is the height of the house in meters?,speed of the horse at the back = 0.874m/s,,
802,simulation_0240,simulation,V2MC,24,DS,What is the width of the house in meters?,speed of the horse at the back = 0.874m/s,,
803,simulation_0240,simulation,V2MC,24,DS,What is the height of each glass window in meters?,speed of the horse at the back = 0.874m/s,,
804,simulation_0240,simulation,V2MC,24,DS,What is the width of each glass window in meters?,speed of the horse at the back = 0.874m/s,,
805,simulation_0240,simulation,V2MC,24,DD,What is the speed of the horse in the front at 1s in m/s?,speed of the horse at the back = 0.874m/s,,
806,simulation_0240,simulation,V2MC,24,DS,What is the height of the horse in the front in meters?,speed of the horse at the back = 0.874m/s,,
807,simulation_0240,simulation,V2MC,24,DS,What is the length of the horse in the front in meters?,speed of the horse at the back = 0.874m/s,,
808,simulation_0240,simulation,V2MC,24,DD,What is the speed of the rabbit at 1s in m/s?,speed of the horse at the back = 0.874m/s,,
809,simulation_0240,simulation,V2MC,24,DS,What is the length of the rabbit in meters?,speed of the horse at the back = 0.874m/s,,
810,simulation_0241,simulation,V2MC,24,DS,What is the length of the brown horse in meters?,speed of the horse at the back = 0.874m/s,,
811,simulation_0241,simulation,V2MC,24,DS,What is the width of the house in meters?,speed of the horse at the back = 0.874m/s,,
812,simulation_0241,simulation,V2MC,24,DS,What is the length of the house in meters?,speed of the horse at the back = 0.874m/s,,
813,simulation_0241,simulation,V2MC,24,DD,What is the speed of the white horse at 1s in m/s?,speed of the horse at the back = 0.874m/s,,
814,simulation_0241,simulation,V2MC,24,DS,What is the length of the white horse in meters?,speed of the horse at the back = 0.874m/s,,
815,simulation_0241,simulation,V2MC,24,DS,What is the length of the rabbit in meters?,speed of the horse at the back = 0.874m/s,,
816,simulation_0241,simulation,V2MC,24,DD,What is the speed of the rabbit at 1s in m/s?,speed of the horse at the back = 0.874m/s,,
817,simulation_0243,simulation,V2MC,30,DS,What is the height of the antelope in meters？,speed of the antelope = 1.277m/s,,
818,simulation_0243,simulation,V2MC,30,DS,What is the length of the antelope in meters?,speed of the antelope = 1.277m/s,,
819,simulation_0243,simulation,V2MC,30,DS,What is the height of the tree on the left in meters?,speed of the antelope = 1.277m/s,,
820,simulation_0244,simulation,V2MC,30,DS,What is the height of the antelope in meters？,speed of the antelope = 1.277m/s,,
821,simulation_0244,simulation,V2MC,30,DS,What is the length of the antelope in meters?,speed of the antelope = 1.277m/s,,
822,simulation_0244,simulation,V2MC,30,DS,What is the height of the tree on the left in meters?,speed of the antelope = 1.277m/s,,
823,simulation_0244,simulation,V2MC,30,DD,What is the speed of the rabbit in m/s?,speed of the antelope = 1.277m/s,,
824,simulation_0244,simulation,V2MC,30,DS,What is the height of the rabbit in meters?,speed of the antelope = 1.277m/s,,
825,simulation_0244,simulation,V2MC,30,DS,What is the length of the rabbit in meters?,speed of the antelope = 1.277m/s,,
826,simulation_0245,simulation,V2MS,30,DS,What is the height of the antelope in meters？,speed of the antelope = 1.277m/s,,
827,simulation_0245,simulation,V2MS,30,DS,What is the length of the antelope in meters?,speed of the antelope = 1.277m/s,,
828,simulation_0245,simulation,V2MS,30,DD,What is the speed of the rabbit at 1s in m/s?,speed of the antelope = 1.277m/s,,
829,simulation_0245,simulation,V2MS,30,DS,What is the height of the rabbit in meters?,speed of the antelope = 1.277m/s,,
830,simulation_0245,simulation,V2MS,30,DS,What is the length of the rabbit in meters?,speed of the antelope = 1.277m/s,,
831,simulation_0246,simulation,V2MS,30,DS,What is the length of the antelope in meters?,speed of the antelope = 1.277m/s,,
832,simulation_0246,simulation,V2MS,30,DD,What is the speed of the rabbit at 1s in m/s?,speed of the antelope = 1.277m/s,,
833,simulation_0246,simulation,V2MS,30,DS,What is the length of the rabbit in meters?,speed of the antelope = 1.277m/s,,
834,simulation_0248,simulation,V2MS,24,DS,What is the height of the horse at the back in meters?,speed of the horse at the back = 0.874m/s,,
835,simulation_0248,simulation,V2MS,24,DS,What is the length of the horse at the back in meters?,speed of the horse at the back = 0.874m/s,,
836,simulation_0248,simulation,V2MS,24,DD,What is the speed of the horse in the front at 1s in m/s?,speed of the horse at the back = 0.874m/s,,
837,simulation_0248,simulation,V2MS,24,DS,What is the height of the horse in the front in meters?,speed of the horse at the back = 0.874m/s,,
838,simulation_0248,simulation,V2MS,24,DS,What is the length of horse in the front in meters?,speed of the horse at the back = 0.874m/s,,
839,simulation_0248,simulation,V2MS,24,DD,What is the speed of the rabbit at 1s in m/s?,speed of the horse at the back = 0.874m/s,,
840,simulation_0248,simulation,V2MS,24,DS,What is the length of the rabbit in meters?,speed of the horse at the back = 0.874m/s,,
841,simulation_0248,simulation,V2MS,24,DS,What is the height of the rabbit in meters?,speed of the horse at the back = 0.874m/s,,
842,simulation_0249,simulation,V2MS,24,DS,What is the length of the horse at the back in meters?,speed of the horse at the back = 0.874m/s,,
843,simulation_0249,simulation,V2MS,24,DD,What is the speed of the horse in the front at 1s in m/s?,speed of the horse at the back = 0.874m/s,,
844,simulation_0249,simulation,V2MS,24,DS,What is the length of horse in the front in meters?,speed of the horse at the back = 0.874m/s,,
845,simulation_0249,simulation,V2MS,24,DS,What is the length of the rabbit in meters?,speed of the horse at the back = 0.874m/s,,
846,simulation_0249,simulation,V2MS,24,DD,What is the speed of the rabbit at 1s in m/s?,speed of the horse at the back = 0.874m/s,,
847,simulation_0251,simulation,S2SS,24,SD,What is the speed of the soccer ball at time 0.5s in m/s?,diameter of the soccer ball = 0.344m,,
848,simulation_0251,simulation,S2SS,24,SD,What is the speed of the soccer ball at time 2s in m/s?,diameter of the soccer ball = 0.344m,,
849,simulation_0251,simulation,S2SS,24,SD,What is the speed of the soccer ball at time 1s in m/s?,diameter of the soccer ball = 0.344m,,
850,simulation_0251,simulation,S2SS,24,SD,What is the speed of the soccer ball at time 1.5s in m/s?,diameter of the soccer ball = 0.344m,,
851,simulation_0252,simulation,S2SS,24,SD,What is the speed of the soccer ball at time 0.5s in m/s?,diameter of the soccer ball = 0.344m,,
852,simulation_0252,simulation,S2SS,24,SD,What is the speed of the soccer ball at time 1s in m/s?,diameter of the soccer ball = 0.344m,,
853,simulation_0252,simulation,S2SS,24,SD,What is the speed of the soccer ball at time 1.5s in m/s?,diameter of the soccer ball = 0.344m,,
854,simulation_0252,simulation,S2SS,24,SD,What is the speed of the soccer ball at time 2s in m/s?,diameter of the soccer ball = 0.344m,,
855,simulation_0253,simulation,S2SS,24,SD,What is the speed of the box at time 0.5s in m/s?,width of the box (side parallel to the slope) = 0.611m,,
856,simulation_0253,simulation,S2SS,24,SD,What is the speed of the box at time 1s in m/s?,width of the box (side parallel to the slope) = 0.611m,,
857,simulation_0253,simulation,S2SS,24,SD,What is the speed of the box at time 1.5s in m/s?,width of the box (side parallel to the slope) = 0.611m,,
858,simulation_0253,simulation,S2SS,24,SD,What is the speed of the box at time 1.75s in m/s?,width of the box (side parallel to the slope) = 0.611m,,
859,simulation_0253,simulation,S2SS,24,SD,What is the acceleration of the box at time 0.5s in m/s^2?,width of the box (side parallel to the slope) = 0.611m,,
860,simulation_0253,simulation,S2SS,24,SD,What is the acceleration of the box at time 1s in m/s^2?,width of the box (side parallel to the slope) = 0.611m,,
861,simulation_0253,simulation,S2SS,24,SD,What is the acceleration of the box at time 1.5s in m/s^2?,width of the box (side parallel to the slope) = 0.611m,,
862,simulation_0253,simulation,S2SS,24,SD,What is the acceleration of the box at time 1.75s in m/s^2?,width of the box (side parallel to the slope) = 0.611m,,
863,simulation_0254,simulation,S2SS,24,SD,What is the speed of the tennis ball at time 0.5s in m/s?,diameter of the tennis ball = 0.17m,,
864,simulation_0254,simulation,S2SS,24,SD,What is the speed of the tennis ball at time 1s in m/s?,diameter of the tennis ball = 0.17m,,
865,simulation_0254,simulation,S2SS,24,SD,What is the speed of the tennis ball at time 1.5s in m/s?,diameter of the tennis ball = 0.17m,,
866,simulation_0254,simulation,S2SS,24,SD,What is the speed of the tennis ball at time 1.75s in m/s?,diameter of the tennis ball = 0.17m,,
867,simulation_0254,simulation,S2SS,24,SD,What is the acceleration of the tennis ball at time 0.5s in m/s^2?,diameter of the tennis ball = 0.17m,,
868,simulation_0254,simulation,S2SS,24,SD,What is the acceleration of the tennis ball at time 1s in m/s^2?,diameter of the tennis ball = 0.17m,,
869,simulation_0254,simulation,S2SS,24,SD,What is the acceleration of the tennis ball at time 1.5s in m/s^2?,diameter of the tennis ball = 0.17m,,
870,simulation_0254,simulation,S2SS,24,SD,What is the acceleration of the tennis ball at time 1.75s in m/s^2?,diameter of the tennis ball = 0.17m,,
871,simulation_0255,simulation,S2SS,24,SD,What is the speed of the tennis ball at time 0.5s in m/s?,diameter of the tennis ball = 0.17m,,
872,simulation_0255,simulation,S2SS,24,SD,What is the speed of the tennis ball at time 1s in m/s?,diameter of the tennis ball = 0.17m,,
873,simulation_0255,simulation,S2SS,24,SD,What is the speed of the tennis ball at time 1.5s in m/s?,diameter of the tennis ball = 0.17m,,
874,simulation_0255,simulation,S2SS,24,SD,What is the acceleration of the tennis ball at time 0.5s in m/s^2?,diameter of the tennis ball = 0.17m,,
875,simulation_0255,simulation,S2SS,24,SD,What is the acceleration of the tennis ball at time 1s in m/s^2?,diameter of the tennis ball = 0.17m,,
876,simulation_0255,simulation,S2SS,24,SD,What is the acceleration of the tennis ball at time 1.5s in m/s^2?,diameter of the tennis ball = 0.17m,,
877,simulation_0256,simulation,S2SS,24,SD,What is the speed of the tennis ball at time 0.5s in m/s?,diameter of the tennis ball = 0.17m,,
878,simulation_0256,simulation,S2SS,24,SD,What is the speed of the tennis ball at time 1s in m/s?,diameter of the tennis ball = 0.17m,,
879,simulation_0256,simulation,S2SS,24,SD,What is the speed of the tennis ball at time 1.5s in m/s?,diameter of the tennis ball = 0.17m,,
880,simulation_0256,simulation,S2SS,24,SD,What is the acceleration of the tennis ball at time 0.5s in m/s^2?,diameter of the tennis ball = 0.17m,,
881,simulation_0256,simulation,S2SS,24,SD,What is the acceleration of the tennis ball at time 1s in m/s^2?,diameter of the tennis ball = 0.17m,,
882,simulation_0256,simulation,S2SS,24,SD,What is the acceleration of the tennis ball at time 1.5s in m/s^2?,diameter of the tennis ball = 0.17m,,
883,simulation_0257,simulation,A2MC,30,DS,What is the height of the plant in meters?,acceleration of the plant before 0.5s = 9.8m/s^2,,
884,simulation_0257,simulation,A2MC,30,DS,What is the diameter (width) of the plant in meters?,acceleration of the plant before 0.5s = 9.8m/s^2,,
885,simulation_0257,simulation,A2MC,30,DS,What is the width (longer side) of the table in meters?,acceleration of the plant before 0.5s = 9.8m/s^2,,
886,simulation_0257,simulation,A2MC,30,DS,What is the width (longer side) of the AC in meters?,acceleration of the plant before 0.5s = 9.8m/s^2,,
887,simulation_0257,simulation,A2MC,30,DS,"What is the width of the phone placed to the right of the plant, in meters?",acceleration of the plant before 0.5s = 9.8m/s^2,,
888,simulation_0257,simulation,A2MC,30,DD,What is the speed of the plant at time 0.2s in m/s?,acceleration of the plant before 0.5s = 9.8m/s^2,,
889,simulation_0257,simulation,A2MC,30,DD,What is the speed of the plant at time 0.4s in m/s?,acceleration of the plant before 0.5s = 9.8m/s^2,,
890,simulation_0258,simulation,A2MC,30,DS,What is the height of the plant in meters?,acceleration of the pen before 0.5s = 9.8m/s^2,,
891,simulation_0258,simulation,A2MC,30,DS,What is the diameter (width) of the plant in meters?,acceleration of the pen before 0.5s = 9.8m/s^2,,
892,simulation_0258,simulation,A2MC,30,DS,What is the width (longer side) of the table in meters?,acceleration of the pen before 0.5s = 9.8m/s^2,,
893,simulation_0258,simulation,A2MC,30,DS,What is the width (longer side) of the AC in meters?,acceleration of the pen before 0.5s = 9.8m/s^2,,
894,simulation_0258,simulation,A2MC,30,DS,"What is the width of the phone placed to the right of the plant, in meters?",acceleration of the pen before 0.5s = 9.8m/s^2,,
895,simulation_0258,simulation,A2MC,30,DD,What is the speed of the pen at time 0.2s in m/s?,acceleration of the pen before 0.5s = 9.8m/s^2,,
896,simulation_0258,simulation,A2MC,30,DD,What is the speed of the pen at time 0.4s in m/s?,acceleration of the pen before 0.5s = 9.8m/s^2,,
897,simulation_0259,simulation,A2MC,30,DS,What is the height of the red cup in meters?,acceleration of the red cup before 0.5s = 9.8m/s^2,,
898,simulation_0259,simulation,A2MC,30,DS,What is the height of the plant in meters?,acceleration of the red cup before 0.5s = 9.8m/s^2,,
899,simulation_0259,simulation,A2MC,30,DS,What is the diameter（width) of the plant in meters?,acceleration of the red cup before 0.5s = 9.8m/s^2,,
900,simulation_0259,simulation,A2MC,30,DS,What is the width(long side) of the table in meters?,acceleration of the red cup before 0.5s = 9.8m/s^2,,
901,simulation_0259,simulation,A2MC,30,DS,What is the width(long side) of the AC in meters?,acceleration of the red cup before 0.5s = 9.8m/s^2,,
902,simulation_0259,simulation,A2MC,30,DS,"What is the width of the iPhone placed to the right of the plant, in meters?",acceleration of the red cup before 0.5s = 9.8m/s^2,,
903,simulation_0259,simulation,A2MC,30,DD,What is the speed of the red cup at time 0.2s in m/s?,acceleration of the red cup before 0.5s = 9.8m/s^2,,
904,simulation_0259,simulation,A2MC,30,DD,What is the speed of the red cup at time 0.4s in m/s?,acceleration of the red cup before 0.5s = 9.8m/s^2,,
905,simulation_0259,simulation,A2MC,30,DS,What is the height of the mug in meters?,acceleration of the red cup before 0.5s = 9.8m/s^2,,
906,simulation_0259,simulation,A2MC,30,DS,What is the long side of the bag in meters?,acceleration of the red cup before 0.5s = 9.8m/s^2,,
907,simulation_0260,simulation,A2MC,30,DS,What is the height of the red cup in meters?,acceleration of the mug cup before 0.5s = 9.8m/s^2,,
908,simulation_0260,simulation,A2MC,30,DS,What is the height of the plant in meters?,acceleration of the mug cup before 0.5s = 9.8m/s^2,,
909,simulation_0260,simulation,A2MC,30,DS,What is the diameter (width) of the plant in meters?,acceleration of the mug cup before 0.5s = 9.8m/s^2,,
910,simulation_0260,simulation,A2MC,30,DS,What is the width (longer side) of the table in meters?,acceleration of the mug cup before 0.5s = 9.8m/s^2,,
911,simulation_0260,simulation,A2MC,30,DS,What is the width (longer side) of the AC in meters?,acceleration of the mug cup before 0.5s = 9.8m/s^2,,
912,simulation_0260,simulation,A2MC,30,DS,"What is the width of the iphone placed to the right of the plant, in meters?",acceleration of the mug cup before 0.5s = 9.8m/s^2,,
913,simulation_0260,simulation,A2MC,30,DD,What is the speed of the mug at time 0.2s in m/s?,acceleration of the mug cup before 0.5s = 9.8m/s^2,,
914,simulation_0260,simulation,A2MC,30,DD,What is the speed of the mug at time 0.4s in m/s?,acceleration of the mug cup before 0.5s = 9.8m/s^2,,
915,simulation_0260,simulation,A2MC,30,DS,What is the height of the mug in meters?,acceleration of the mug cup before 0.5s = 9.8m/s^2,,
916,simulation_0260,simulation,A2MC,30,DS,What is the long side of the bag in meters?,acceleration of the mug cup before 0.5s = 9.8m/s^2,,
917,simulation_0261,simulation,A2SS,24,DS,What is the height of the mug in meters?,acceleration of the mug cup before 1s = 9.8m/s^2,,
918,simulation_0261,simulation,A2SS,24,DD,What is the speed of the mug at time 0.2s in m/s?,acceleration of the mug cup before 1s = 9.8m/s^2,,
919,simulation_0261,simulation,A2SS,24,DD,What is the speed of the mug at time 0.4s in m/s?,acceleration of the mug cup before 1s = 9.8m/s^2,,
920,simulation_0261,simulation,A2SS,24,DD,What is the speed of the mug at time 0.625s in m/s?,acceleration of the mug cup before 1s = 9.8m/s^2,,
921,simulation_0262,simulation,A2SS,24,DS,What is the height of the red cup in meters?,acceleration of the red cup before 0.75s = 9.8m/s^2,,
922,simulation_0262,simulation,A2SS,24,DD,What is the speed of the red cup at time 0.25s in m/s?,acceleration of the red cup before 0.75s = 9.8m/s^2,,
923,simulation_0262,simulation,A2SS,24,DD,What is the speed of the red cup at time 0.5s in m/s?,acceleration of the red cup before 0.75s = 9.8m/s^2,,
924,simulation_0262,simulation,A2SS,24,DD,What is the speed of the red cup at time 0.625s in m/s?,acceleration of the red cup before 0.75s = 9.8m/s^2,,
925,simulation_0263,simulation,A2SS,24,DS,What is the length of the spacecraft in meters?,acceleration of the spacecraft at 1.0s = 4m/s^2,,
926,simulation_0263,simulation,A2SS,24,DS,What is the width of the spacecraft in meters?,acceleration of the spacecraft at 1.0s = 4m/s^2,,
927,simulation_0263,simulation,A2SS,24,DD,What is the speed of the spacecraft at 0.5s in m/s?,acceleration of the spacecraft at 1.0s = 4m/s^2,,
928,simulation_0263,simulation,A2SS,24,DD,What is the speed of the spacecraft at 1.0s in m/s?,acceleration of the spacecraft at 1.0s = 4m/s^2,,
929,simulation_0264,simulation,A2SS,24,DS,What is the length of the spacecraft in meters?,acceleration of the spacecraft at 1.0s = 4m/s^2,,
930,simulation_0264,simulation,A2SS,24,DS,What is the height of the spacecraft in meters?,acceleration of the spacecraft at 1.0s = 4m/s^2,,
931,simulation_0264,simulation,A2SS,24,DD,What is the speed of the spacecraft at 0.5s in m/s?,acceleration of the spacecraft at 1.0s = 4m/s^2,,
932,simulation_0264,simulation,A2SS,24,DD,What is the speed of the spacecraft at 1.0s in m/s?,acceleration of the spacecraft at 1.0s = 4m/s^2,,
933,simulation_0265,simulation,A2SS,24,DS,What is the length of the spacecraft in meters?,acceleration of the spacecraft at 1.0s = 4m/s^2,,
934,simulation_0265,simulation,A2SS,24,DS,What is the width of the spacecraft in meters?,acceleration of the spacecraft at 1.0s = 4m/s^2,,
935,simulation_0265,simulation,A2SS,24,DD,What is the speed of the spacecraft at 0.5s in m/s?,acceleration of the spacecraft at 1.0s = 4m/s^2,,
936,simulation_0265,simulation,A2SS,24,DD,What is the speed of the spacecraft at 1.0s in m/s?,acceleration of the spacecraft at 1.0s = 4m/s^2,,
937,simulation_0266,simulation,A2SC,24,DS,What is the length of the spacecraft in meters?,acceleration of the spacecraft at 1.0s = 4m/s^2,,
938,simulation_0266,simulation,A2SC,24,DS,What is the width of the spacecraft in meters?,acceleration of the spacecraft at 1.0s = 4m/s^2,,
939,simulation_0266,simulation,A2SC,24,DD,What is the speed of the spacecraft at 0.5s in m/s?,acceleration of the spacecraft at 1.0s = 4m/s^2,,
940,simulation_0266,simulation,A2SC,24,DD,What is the speed of the spacecraft at 1.0s in m/s?,acceleration of the spacecraft at 1.0s = 4m/s^2,,
941,simulation_0267,simulation,A2SC,24,DS,What is the length of the spacecraft in meters?,acceleration of the spacecraft at 1.0s = 4m/s^2,,
942,simulation_0267,simulation,A2SC,24,DS,What is the height of the spacecraft in meters?,acceleration of the spacecraft at 1.0s = 4m/s^2,,
943,simulation_0267,simulation,A2SC,24,DD,What is the speed of the spacecraft at 0.5s in m/s?,acceleration of the spacecraft at 1.0s = 4m/s^2,,
944,simulation_0267,simulation,A2SC,24,DD,What is the speed of the spacecraft at 1.0s in m/s?,acceleration of the spacecraft at 1.0s = 4m/s^2,,
945,simulation_0268,simulation,A2SC,24,DS,What is the length of the spacecraft in meters?,acceleration of the spacecraft at 1.0s = 4m/s^2,,
946,simulation_0268,simulation,A2SC,24,DS,What is the width of the spacecraft in meters?,acceleration of the spacecraft at 1.0s = 4m/s^2,,
947,simulation_0268,simulation,A2SC,24,DD,What is the speed of the spacecraft at 0.5s in m/s?,acceleration of the spacecraft at 1.0s = 4m/s^2,,
948,simulation_0268,simulation,A2SC,24,DD,What is the speed of the spacecraft at 1.0s in m/s?,acceleration of the spacecraft at 1.0s = 4m/s^2,,
949,simulation_0269,simulation,A2SS,24,DS,What is the body length of the phoenix in meters?,acceleration of the phoenix at 2.0s = 2m/s^2,,
950,simulation_0269,simulation,A2SS,24,DS,What is the width (wing span) of the phoenix in meters?,acceleration of the phoenix at 2.0s = 2m/s^2,,
951,simulation_0269,simulation,A2SS,24,DD,What is the speed of the phoenix at 0.5s in m/s?,acceleration of the phoenix at 2.0s = 2m/s^2,,
952,simulation_0269,simulation,A2SS,24,DD,What is the speed of the phoenix at 1.0s in m/s?,acceleration of the phoenix at 2.0s = 2m/s^2,,
953,simulation_0270,simulation,A2SS,24,DS,What is the length of the phoenix in meters?,acceleration of the phoenix at 2.0s = 2m/s^2,,
954,simulation_0270,simulation,A2SS,24,DS,What is the height of the phoenix in meters?,acceleration of the phoenix at 2.0s = 2m/s^2,,
955,simulation_0270,simulation,A2SS,24,DD,What is the speed of the phoenix at 0.5s in m/s?,acceleration of the phoenix at 2.0s = 2m/s^2,,
956,simulation_0270,simulation,A2SS,24,DD,What is the speed of the phoenix at 1.0s in m/s?,acceleration of the phoenix at 2.0s = 2m/s^2,,
957,simulation_0271,simulation,A2SS,24,DS,What is the body length of the phoenix in meters?,acceleration of the phoenix at 2.0s = 2m/s^2,,
958,simulation_0271,simulation,A2SS,24,DS,What is the width (wing span) of the phoenix in meters?,acceleration of the phoenix at 2.0s = 2m/s^2,,
959,simulation_0271,simulation,A2SS,24,DD,What is the speed of the phoenix at 0.5s in m/s?,acceleration of the phoenix at 2.0s = 2m/s^2,,
960,simulation_0271,simulation,A2SS,24,DD,What is the speed of the phoenix at 1.0s in m/s?,acceleration of the phoenix at 2.0s = 2m/s^2,,
961,simulation_0272,simulation,A2SC,24,DS,What is the body length of the phoenix in meters?,acceleration of the phoenix at 2.0s = 2m/s^2,,
962,simulation_0272,simulation,A2SC,24,DS,What is the width (wing span) of the phoenix in meters?,acceleration of the phoenix at 2.0s = 2m/s^2,,
963,simulation_0272,simulation,A2SC,24,DD,What is the speed of the phoenix at 0.5s in m/s?,acceleration of the phoenix at 2.0s = 2m/s^2,,
964,simulation_0272,simulation,A2SC,24,DD,What is the speed of the phoenix at 1.0s in m/s?,acceleration of the phoenix at 2.0s = 2m/s^2,,
965,simulation_0273,simulation,A2SC,24,DS,What is the body length of the phoenix in meters?,acceleration of the phoenix at 2.0s = 2m/s^2,,
966,simulation_0273,simulation,A2SC,24,DD,What is the speed of the phoenix at 0.5s in m/s?,acceleration of the phoenix at 2.0s = 2m/s^2,,
967,simulation_0273,simulation,A2SC,24,DD,What is the speed of the phoenix at 1.0s in m/s?,acceleration of the phoenix at 2.0s = 2m/s^2,,
968,simulation_0274,simulation,S2SS,24,SS,What is the width of the raccoon in meters?,length of the raccoon = 1.51m,,
969,simulation_0274,simulation,S2SS,24,SD,What is the speed of the raccoon at 1.0s in m/s?,length of the raccoon (tail included) = 1.51m,,
970,simulation_0274,simulation,S2SS,24,SS,"What is the displacement of the raccoon from 0.5 s to 1.0 s, in meters?",length of the raccoon (tail included) = 1.51m,,
971,simulation_0275,simulation,S2SS,24,SS,What is the height of the raccoon in meters?,length of the raccoon (tail included) = 1.51m,,
972,simulation_0275,simulation,S2SS,24,SD,What is the speed of the raccoon at 1.0s in m/s?,length of the raccoon (tail included) = 1.51m,,
973,simulation_0275,simulation,S2SS,24,SS,"What is the displacement of the raccoon from 0.5 s to 1.0 s, in meters?",length of the raccoon (tail included) = 1.51m,,
974,simulation_0276,simulation,S2SC,24,SS,What is the width of the raccoon in meters?,length of the raccoon (tail included) = 1.51m,,
975,simulation_0276,simulation,S2SC,24,SD,What is the speed of the raccoon at 1.0s in m/s?,length of the raccoon (tail included) = 1.51m,,
976,simulation_0276,simulation,S2SC,24,SS,"What is the displacement of the raccoon from 0.5 s to 1.0 s, in meters?",length of the raccoon (tail included) = 1.51m,,
977,simulation_0277,simulation,S2SC,24,SS,What is the height of the raccoon in meters?,length of the raccoon (tail included) = 1.51m,,
978,simulation_0277,simulation,S2SC,24,SD,What is the speed of the raccoon at 1.0s in m/s?,length of the raccoon (tail included) = 1.51m,,
979,simulation_0277,simulation,S2SC,24,SS,"What is the displacement of the raccoon from 0.5 s to 1.0 s, in meters?",length of the raccoon (tail included) = 1.51m,,
980,simulation_0278,simulation,V2SS,24,DS,What is the length of the whale in meters?,speed of the whale = 1.67m/s,,
981,simulation_0278,simulation,V2SS,24,DS,What is the width of the whale in meters?,speed of the whale = 1.67m/s,,
982,simulation_0278,simulation,V2SS,24,DS,"What is the displacement of the whale from 0.5 s to 1.0 s, in meters?",speed of the whale = 1.67m/s,,
983,simulation_0279,simulation,V2SS,24,DS,What is the length of the whale in meters?,speed of the whale = 1.67m/s,,
984,simulation_0279,simulation,V2SS,24,DS,What is the height of the whale in meters?,speed of the whale = 1.67m/s,,
985,simulation_0279,simulation,V2SS,24,DS,"What is the displacement of the whale from 0.5 s to 1.0 s, in meters?",speed of the whale = 1.67m/s,,
986,simulation_0280,simulation,S2SC,24,DS,What is the speed of the whale at 1.0s in m/s?,length of the whale = 19.17m,,
987,simulation_0280,simulation,S2SC,24,DS,What is the height of the whale in meters?,length of the whale = 19.17m,,
988,simulation_0280,simulation,S2SC,24,DS,"What is the displacement of the whale from 0.5 s to 1.0 s, in meters?",length of the whale = 19.17m,,
989,simulation_0281,simulation,S2SC,24,DS,What is the speed of the whale at 1.0s in m/s?,length of the whale = 19.17m,,
990,simulation_0281,simulation,S2SC,24,DS,What is the width of the whale in meters?,length of the whale = 19.17m,,
991,simulation_0281,simulation,S2SC,24,DS,"What is the displacement of the whale from 0.5 s to 1.0 s, in meters?",length of the whale = 19.17m,,
992,simulation_0282,simulation,V2SS,24,DS,What is the body length of the dragon in meters?,speed of the dragon = 1.29m/s,,
993,simulation_0282,simulation,V2SS,24,DS,What is the width (wing span) of the dragon in meters?,speed of the dragon = 1.29m/s,,
994,simulation_0282,simulation,V2SS,24,DS,"What is the displacement of the dragon from 0.5 s to 1.0 s, in meters?",speed of the dragon = 1.29m/s,,
995,simulation_0283,simulation,S2SC,24,SD,What is the speed of the dragon at 1.0s in m/s?,length of the dragon = 0.75m,,
996,simulation_0283,simulation,S2SC,24,SS,"What is the displacement of the dragon from 0.5s to 1.0s, in meters?",length of the dragon = 0.75m,,
997,simulation_0284,simulation,V2SS,25,DS,What is the length of the plane in meters?,speed of the plane = 22.16 m/s,,
998,simulation_0284,simulation,V2SS,25,DS,What is the width of the plane in meters?,speed of the plane = 22.16 m/s,,
999,simulation_0284,simulation,V2SS,25,DS,"What is the displacement of the plane from 0.5s to 1.0s, in meters?",speed of the plane = 22.16 m/s,,
1000,simulation_0285,simulation,V2SS,25,DS,What is the length of the plane in meters?,speed of the plane = 22.16 m/s,,
1001,simulation_0285,simulation,V2SS,25,DS,What is the height of the plane in meters?,speed of the plane = 22.16 m/s,,
1002,simulation_0285,simulation,V2SS,25,DS,"What is the displacement of the plane from 0.5 s to 1.0 s, in meters?",speed of the plane = 22.16 m/s,,
1003,simulation_0286,simulation,V2SC,25,DS,What is the length of the plane in meters?,speed of the plane = 22.16 m/s,,
1004,simulation_0286,simulation,V2SC,25,DS,What is the width of the plane in meters?,speed of the plane = 22.16 m/s,,
1005,simulation_0286,simulation,V2SC,25,DS,"What is the displacement of the plane from 0.5 s to 1.0 s, in meters?",speed of the plane = 22.16 m/s,,
1006,simulation_0287,simulation,V2SC,25,DS,What is the length of the plane in meters?,speed of the plane = 22.16 m/s,,
1007,simulation_0287,simulation,V2SC,25,DS,What is the height of the plane in meters?,speed of the plane = 22.16 m/s,,
1008,simulation_0287,simulation,V2SC,25,DS,"What is the displacement of the plane from 0.5 s to 1.0 s, in meters?",speed of the plane = 22.16 m/s,,
1009,simulation_0288,simulation,V2SS,24,DS,What is the length of the fish in meters?,speed of the fish = 0.67m/s,,
1010,simulation_0288,simulation,V2SS,24,DS,What is the width of the fish in meters?,speed of the fish = 0.67m/s,,
1011,simulation_0288,simulation,V2SS,24,DS,"What is the displacement of the fish from 0.5 s to 1.0 s, in meters?",speed of the fish = 0.67m/s,,
1012,simulation_0289,simulation,V2SS,24,DS,What is the length of the fish in meters?,speed of the fish = 0.67m/s,,
1013,simulation_0289,simulation,V2SS,24,DS,"What is the displacement of the fish from 0.5 s to 1.0 s, in meters?",speed of the fish = 0.67m/s,,
1014,simulation_0290,simulation,V2SC,24,DS,What is the length of the fish in meters?,speed of the fish = 0.67m/s,,
1015,simulation_0290,simulation,V2SC,24,DS,What is the width of the fish in meters?,speed of the fish = 0.67m/s,,
1016,simulation_0290,simulation,V2SC,24,DS,"What is the displacement of the fish from 0.5 s to 1.0 s, in meters?",speed of the fish = 0.67m/s,,
1017,simulation_0291,simulation,V2SC,24,DS,What is the length of the fish in meters?,speed of the fish = 0.67m/s,,
1018,simulation_0291,simulation,V2SC,24,DS,What is the height of the fish in meters?,speed of the fish = 0.67m/s,,
1019,simulation_0291,simulation,V2SC,24,DS,"What is the displacement of the fish from 0.5 s to 1.0 s, in meters?",speed of the fish = 0.67m/s,,
1020,simulation_0292,simulation,V2SS,24,DS,What is the length of the column below the drone in meters?,speed of the column below the drone =  0.96m/s,,
1021,simulation_0292,simulation,V2SS,24,DS,What is the height of the column below the drone in meters?,speed of the column below the drone =  0.96m/s,,
1022,simulation_0292,simulation,V2SS,24,DS,"What is the displacement of the column below the drone from 0.5 s to 1.0 s, in meters?",speed of the column below the drone =  0.96m/s,,
1023,simulation_0293,simulation,V2SC,24,DS,What is the length of the column below the drone in meters?,speed of the column below the drone =  0.96m/s,,
1024,simulation_0293,simulation,V2SC,24,DS,What is the height of the column below the drone in meters?,speed of the column below the drone =  0.96m/s,,
1025,simulation_0293,simulation,V2SC,24,DS,"What is the displacement of the column below the drone from 0.5 s to 1.0 s, in meters?",speed of the column below the drone =  0.96m/s,,
1026,simulation_0294,simulation,V2SS,24,DS,What is the length of the butterfly's wings in meters?,speed of the butterfly = 0.32m/s,,
1027,simulation_0294,simulation,V2SS,24,DS,"What is the displacement of the butterfly from 0.5 s to 1.0 s, in meters?",speed of the butterfly = 0.32m/s,,
1028,simulation_0295,simulation,V2SC,24,DS,What is the length of the butterfly's wings in meters?,speed of the butterfly = 0.32m/s,,
1029,simulation_0295,simulation,V2SC,24,DS,"What is the displacement of the butterfly from 0.5 s to 1.0 s, in meters?",speed of the butterfly = 0.32m/s,,
1030,simulation_0296,simulation,V2SC,24,DS,What is the width (wing span) of the butterfly in meters?,speed of the butterfly = 0.32m/s,,
1031,simulation_0296,simulation,V2SC,24,DS,What is the length of the butterfly's wings in meters?,speed of the butterfly = 0.32m/s,,
1032,simulation_0296,simulation,V2SC,24,DS,"What is the displacement of the butterfly from 0.5 s to 1.0 s, in meters?",speed of the butterfly = 0.32m/s,,
1033,simulation_0297,simulation,V2SC,24,DS,"What is the displacement of the jellyfish from 0.5 s to 1.0 s, in meters?",speed of the jellyfish = 1.75m/s,,
1034,simulation_0298,simulation,V2SX,24,DS,What is the length of the fire truck in meters?,speed of the fire truck = 11.18m/s,,
1035,simulation_0298,simulation,V2SX,24,DS,What is the width of the fire truck in meters?,speed of the fire truck = 11.18m/s,,
1036,simulation_0298,simulation,V2SX,24,DS,"What is the displacement of the fire truck from 0.5 s to 1.0 s, in meters?",speed of the fire truck = 11.18m/s,,
1037,simulation_0008,simulation,S3MC,24,SS,What is the width of the wooden pier in meters?,height of boat = 0.75m,"t=0s, distance_boat_camera = 7.452 m
t=1s, distance_boat_camera = 6.655m
distance_pier_camera = 11.579m
distance_stairs_camera = 17.623m",
1038,simulation_0008,simulation,S3MC,24,SS,What is the length of the pier from the shore-side edge to the water-side edge in meters?,height of boat = 0.75m,"t=0s, distance_boat_camera = 7.452 m
t=1s, distance_boat_camera = 6.655m
distance_pier_camera = 11.579m
distance_stairs_camera = 17.623m",
1039,simulation_0008,simulation,S3MC,24,SS,"When t=3s, what is the minimum distance from the outer end of the pier to the boat in meters?",height of boat = 0.75m,"t=0s, distance_boat_camera = 7.452 m
t=1s, distance_boat_camera = 6.655m
distance_pier_camera = 11.579m
distance_stairs_camera = 17.623m",
1040,simulation_0008,simulation,S3MC,24,SS,What is the width of the wooden stairs in meters?,height of boat = 0.75m,"t=0s, distance_boat_camera = 7.452 m
t=1s, distance_boat_camera = 6.655m
distance_pier_camera = 11.579m
distance_stairs_camera = 17.623m",
1041,simulation_0008,simulation,S3MC,24,SS,What is the height of the pier deck above the water surface in meters?,height of boat = 0.75m,"t=0s, distance_boat_camera = 7.452 m
t=1s, distance_boat_camera = 6.655m
distance_pier_camera = 11.579m
distance_stairs_camera = 17.623m",
1042,simulation_0008,simulation,S3MC,24,SS,What is the height of the cabin floor above the ground in meters?,height of boat = 0.75m,"t=0s, distance_boat_camera = 7.452 m
t=1s, distance_boat_camera = 6.655m
distance_pier_camera = 11.579m
distance_stairs_camera = 17.623m",
1043,simulation_0008,simulation,S3MC,24,SD,What is the average speed of the boat from 1.0s to 2.0s in m/s?,height of boat = 0.75m,"t=0s, distance_boat_camera = 7.452 m
t=1s, distance_boat_camera = 6.655m
distance_pier_camera = 11.579m
distance_stairs_camera = 17.623m",
1044,simulation_0009,simulation,V3MC,24,DS,What is the length of the boat in meters?,speed of the boat = 1.5 m/s,"t=0s, distance_boat_camera =11.827 m
t=1s, distance_boat_camera = 13.154m
distance_pier_camera = 18.920m
distance_stairs_camera = 23.125m",
1045,simulation_0009,simulation,V3MC,24,DS,What is the width of the boat in meters?,speed of the boat = 1.5 m/s,"t=0s, distance_boat_camera =11.827 m
t=1s, distance_boat_camera = 13.154m
distance_pier_camera = 18.920m
distance_stairs_camera = 23.125m",
1046,simulation_0009,simulation,V3MC,24,DS,What is the height of the boat in meters?,speed of the boat = 1.5 m/s,"t=0s, distance_boat_camera =11.827 m
t=1s, distance_boat_camera = 13.154m
distance_pier_camera = 18.920m
distance_stairs_camera = 23.125m",
1047,simulation_0009,simulation,V3MC,24,DS,What is the width (shorter side) of the wooden pier in meters?,speed of the boat = 1.5 m/s,"t=0s, distance_boat_camera =11.827 m
t=1s, distance_boat_camera = 13.154m
distance_pier_camera = 18.920m
distance_stairs_camera = 23.125m",
1048,simulation_0009,simulation,V3MC,24,DS,What is the length of the pier from the shore-side edge to the water-side edge in meters?,speed of the boat = 1.5 m/s,"t=0s, distance_boat_camera =11.827 m
t=1s, distance_boat_camera = 13.154m
distance_pier_camera = 18.920m
distance_stairs_camera = 23.125m",
1049,simulation_0009,simulation,V3MC,24,DS,"When t=3s, what is the minimum distance from the outer end of the pier to the boat in meters?",speed of the boat = 1.5 m/s,"t=0s, distance_boat_camera =11.827 m
t=1s, distance_boat_camera = 13.154m
distance_pier_camera = 18.920m
distance_stairs_camera = 23.125m",
1050,simulation_0009,simulation,V3MC,24,DS,What is the width of the wooden steps in meters?,speed of the boat = 1.5 m/s,"t=0s, distance_boat_camera =11.827 m
t=1s, distance_boat_camera = 13.154m
distance_pier_camera = 18.920m
distance_stairs_camera = 23.125m",
1051,simulation_0009,simulation,V3MC,24,DS,What is the height of the pier deck above the water surface in meters?,speed of the boat = 1.5 m/s,"t=0s, distance_boat_camera =11.827 m
t=1s, distance_boat_camera = 13.154m
distance_pier_camera = 18.920m
distance_stairs_camera = 23.125m",
1052,simulation_0009,simulation,V3MC,24,DS,What is the height of the cabin floor above the ground in meters?,speed of the boat = 1.5 m/s,"t=0s, distance_boat_camera =11.827 m
t=1s, distance_boat_camera = 13.154m
distance_pier_camera = 18.920m
distance_stairs_camera = 23.125m",
1053,simulation_0010,simulation,V3MC,24,SS,What is the width between the two widest eaves of the small house in meters?,length of the bird = 1.19m,"t=0s, distance_bird_camera = 34.584m
t=1s, distance_bird_camera = 33.999m
distance_cart_camera = 30.374m
distance_house_camera = 55.083m",
1054,simulation_0010,simulation,V3MC,24,SS,What is the height of the house’s door in meters?,length of the bird = 1.19m,"t=0s, distance_bird_camera = 34.584m
t=1s, distance_bird_camera = 33.999m
distance_cart_camera = 30.374m
distance_house_camera = 55.083m",
1055,simulation_0010,simulation,V3MC,24,SS,What is the maximum height of the cart from the ground in meters?,length of the bird = 1.19m,"t=0s, distance_bird_camera = 34.584m
t=1s, distance_bird_camera = 33.999m
distance_cart_camera = 30.374m
distance_house_camera = 55.083m",
1056,simulation_0010,simulation,V3MC,24,SS,What is the diameter of the cart’s wheels in meters?,length of the bird = 1.19m,"t=0s, distance_bird_camera = 34.584m
t=1s, distance_bird_camera = 33.999m
distance_cart_camera = 30.374m
distance_house_camera = 55.083m",
1057,simulation_0010,simulation,V3MC,24,SD,What is the average speed of the bird from 0.5s to 1.0s in m/s?,length of the bird = 1.19m,"t=0s, distance_bird_camera = 34.584m
t=1s, distance_bird_camera = 33.999m
distance_cart_camera = 30.374m
distance_house_camera = 55.083m",
1058,simulation_0011,simulation,A3MC,24,DD,What is the average speed of the bird from 0.5s to 1.0s in m/s?,gravity acc = 9.8m/s^2,"t=0s, distance_bird_camera = 46.654m
t=1s, distance_bird_camera = 43.970m
t=0s, distance_nest_camera = 17.268m
t=1s, distance_nest_camera = 17.248m
distance_cart_camera = 33.235m
distance_house_camera = 63.603m",
1059,simulation_0011,simulation,A3MC,24,DS,What is the height of the house’s door in meters?,gravity acc = 9.8m/s^2,"t=0s, distance_bird_camera = 46.654m
t=1s, distance_bird_camera = 43.970m
t=0s, distance_nest_camera = 17.268m
t=1s, distance_nest_camera = 17.248m
distance_cart_camera = 33.235m
distance_house_camera = 63.603m",
1060,simulation_0011,simulation,A3MC,24,DS,What is the diameter of the cart’s wheels in meters?,gravity acc = 9.8m/s^2,"t=0s, distance_bird_camera = 46.654m
t=1s, distance_bird_camera = 43.970m
t=0s, distance_nest_camera = 17.268m
t=1s, distance_nest_camera = 17.248m
distance_cart_camera = 33.235m
distance_house_camera = 63.603m",
1061,simulation_0011,simulation,A3MC,24,DS,What is the width between the two widest eaves of the house in meters?,gravity acc = 9.8m/s^2,"t=0s, distance_bird_camera = 46.654m
t=1s, distance_bird_camera = 43.970m
t=0s, distance_nest_camera = 17.268m
t=1s, distance_nest_camera = 17.248m
distance_cart_camera = 33.235m
distance_house_camera = 63.603m",
1062,simulation_0011,simulation,A3MC,24,DS,What is the body length of the bird in meters?,gravity acc = 9.8m/s^2,"t=0s, distance_bird_camera = 46.654m
t=1s, distance_bird_camera = 43.970m
t=0s, distance_nest_camera = 17.268m
t=1s, distance_nest_camera = 17.248m
distance_cart_camera = 33.235m
distance_house_camera = 63.603m",
1063,simulation_0011,simulation,A3MC,24,DS,How wide is the bird's wingspan when it spreads its wings in meters?,gravity acc = 9.8m/s^2,"t=0s, distance_bird_camera = 46.654m
t=1s, distance_bird_camera = 43.970m
t=0s, distance_nest_camera = 17.268m
t=1s, distance_nest_camera = 17.248m
distance_cart_camera = 33.235m
distance_house_camera = 63.603m",
1064,simulation_0013,simulation,A3MC,24,DD,What is the flight speed of the bird at 1.0s in m/s?,gravity acc = 9.8m/s^2,"t=0s, distance_nest_camera = 4.932m
t=1s, distance_nest_camera = 4.895m
t=0s, distance_bird_camera = 35.960m
t=1s, distance_bird_camera = 34.077m
distance_cart_camera = 26.342m",
1065,simulation_0013,simulation,A3MC,24,DS,What is the body length of the bird in meters?,gravity acc = 9.8m/s^2,"t=0s, distance_nest_camera = 4.932m
t=1s, distance_nest_camera = 4.895m
t=0s, distance_bird_camera = 35.960m
t=1s, distance_bird_camera = 34.077m
distance_cart_camera = 26.342m",
1066,simulation_0013,simulation,A3MC,24,DS,What is the diameter of the cart’s wheels in meters?,gravity acc = 9.8m/s^2,"t=0s, distance_nest_camera = 4.932m
t=1s, distance_nest_camera = 4.895m
t=0s, distance_bird_camera = 35.960m
t=1s, distance_bird_camera = 34.077m
distance_cart_camera = 26.342m",
1067,simulation_0014,simulation,A3MC,24,DS,What is the height of the house’s door in meters?,gravity acc = 9.8m/s^2,"t=0s, distance_nest_camera = 5.661m
t=1s, distance_nest_camera = 5.630m
distance_cart_camera = 27.562m
distance_house_camera = 55.767m",
1068,simulation_0014,simulation,A3MC,24,DS,What is the diameter of the cart’s wheels in meters?,gravity acc = 9.8m/s^2,"t=0s, distance_nest_camera = 5.661m
t=1s, distance_nest_camera = 5.630m
distance_cart_camera = 27.562m
distance_house_camera = 55.767m",
1069,simulation_0014,simulation,A3MC,24,DS,What is the width between the two widest eaves of the house in meters?,gravity acc = 9.8m/s^2,"t=0s, distance_nest_camera = 5.661m
t=1s, distance_nest_camera = 5.630m
distance_cart_camera = 27.562m
distance_house_camera = 55.767m",
1070,simulation_0014,simulation,A3MC,24,DS,What is the maximum height of the cart from the ground in meters?,gravity acc = 9.8m/s^2,"t=0s, distance_nest_camera = 5.661m
t=1s, distance_nest_camera = 5.630m
distance_cart_camera = 27.562m
distance_house_camera = 55.767m",
1071,simulation_0014,simulation,A3MC,24,DS,What is the height of the rectangular cargo box on the cart in meters?,gravity acc = 9.8m/s^2,"t=0s, distance_nest_camera = 5.661m
t=1s, distance_nest_camera = 5.630m
distance_cart_camera = 27.562m
distance_house_camera = 55.767m",
1072,simulation_0014,simulation,A3MC,24,DS,What is the length of rectangular cargo box on the cart in meters?,gravity acc = 9.8m/s^2,"t=0s, distance_nest_camera = 5.661m
t=1s, distance_nest_camera = 5.630m
distance_cart_camera = 27.562m
distance_house_camera = 55.767m",
1073,simulation_0015,simulation,S3MC,33,SS,What is the height of the central sculpture itself (excluding the pedestal) in meters?,height of the person = 1.87m,"t=0s, distance_human_camera = 12.26m
t=1s, distance_human_camera = 10.97m
distance_the_pedestal_of_the_central _sculpture_and_camera = 9.460m
distance_the central_sculpture_camera = 9.460m
distance_the_nearest_freestanding_art_display_panel = 11.874m",
1074,simulation_0015,simulation,S3MC,33,SS,What is the width of the pedestal (square base) of the central sculpture in meters?,height of the person = 1.87m,"t=0s, distance_human_camera = 12.26m
t=1s, distance_human_camera = 10.97m
distance_the_pedestal_of_the_central _sculpture_and_camera = 9.460m
distance_the central_sculpture_camera = 9.460m
distance_the_nearest_freestanding_art_display_panel = 11.874m",
1075,simulation_0015,simulation,S3MC,33,SS,What is the height of the pedestal (square base) of the central sculpture in meters?,height of the person = 1.87m,"t=0s, distance_human_camera = 12.26m
t=1s, distance_human_camera = 10.97m
distance_the_pedestal_of_the_central _sculpture_and_camera = 9.460m
distance_the central_sculpture_camera = 9.460m
distance_the_nearest_freestanding_art_display_panel = 11.874m",
1076,simulation_0015,simulation,S3MC,33,SS,What is the height of the freestanding art display panel in meters?,height of the person = 1.87m,"t=0s, distance_human_camera = 12.26m
t=1s, distance_human_camera = 10.97m
distance_the_pedestal_of_the_central _sculpture_and_camera = 9.460m
distance_the central_sculpture_camera = 9.460m
distance_the_nearest_freestanding_art_display_panel = 11.874m",
1077,simulation_0015,simulation,S3MC,33,SS,What is the height of the bench seat in the atrium in meters?,height of the person = 1.87m,"t=0s, distance_human_camera = 12.26m
t=1s, distance_human_camera = 10.97m
distance_the_pedestal_of_the_central _sculpture_and_camera = 9.460m
distance_the central_sculpture_camera = 9.460m
distance_the_nearest_freestanding_art_display_panel = 11.874m",
1078,simulation_0015,simulation,S3MC,33,SS,What is the width of the bench seat in the atrium in meters?,height of the person = 1.87m,"t=0s, distance_human_camera = 12.26m
t=1s, distance_human_camera = 10.97m
distance_the_pedestal_of_the_central _sculpture_and_camera = 9.460m
distance_the central_sculpture_camera = 9.460m
distance_the_nearest_freestanding_art_display_panel = 11.874m",
1079,simulation_0015,simulation,S3MC,33,SS,What is the length of the bench seat in the atrium in meters?,height of the person = 1.87m,"t=0s, distance_human_camera = 12.26m
t=1s, distance_human_camera = 10.97m
distance_the_pedestal_of_the_central _sculpture_and_camera = 9.460m
distance_the central_sculpture_camera = 9.460m
distance_the_nearest_freestanding_art_display_panel = 11.874m",
1080,simulation_0015,simulation,S3MC,33,SS,What is the clear height from the floor to the underside of the open roof frame (lattice) in meters?,height of the person = 1.87m,"t=0s, distance_human_camera = 12.26m
t=1s, distance_human_camera = 10.97m
distance_the_pedestal_of_the_central _sculpture_and_camera = 9.460m
distance_the central_sculpture_camera = 9.460m
distance_the_nearest_freestanding_art_display_panel = 11.874m",
1081,simulation_0015,simulation,S3MC,33,SS,What is the vertical depth (thickness) of the open roof frame (top edge to bottom edge) in meters?,height of the person = 1.87m,"t=0s, distance_human_camera = 12.26m
t=1s, distance_human_camera = 10.97m
distance_the_pedestal_of_the_central _sculpture_and_camera = 9.460m
distance_the central_sculpture_camera = 9.460m
distance_the_nearest_freestanding_art_display_panel = 11.874m",
1082,simulation_0015,simulation,S3MC,33,SD,What is the speed of the human at 1.0s in m/s?,height of the person = 1.87m,"t=0s, distance_human_camera = 12.26m
t=1s, distance_human_camera = 10.97m
distance_the_pedestal_of_the_central _sculpture_and_camera = 9.460m
distance_the central_sculpture_camera = 9.460m
distance_the_nearest_freestanding_art_display_panel = 11.874m",
1083,simulation_0017,simulation,V3MC,33,DS,What is the height of the person in meters?,speed of the person = 1.3m/s,"t=0s, distance_human_camera = 5.424m
t=1s, distance_human_camera = 4.886m
distance_bench_camera = 2.267m
distance_the_pedestal_of_the_central _sculpture_and_camera = 5.963m
distance_the central_sculpture_camera = 5.962m
distance_the_freestanding_art_display_panel = 4.223m",
1084,simulation_0017,simulation,V3MC,33,DS,What is the width of the pedestal (square base) of the central sculpture in meters?,speed of the person = 1.3m/s,"t=0s, distance_human_camera = 5.424m
t=1s, distance_human_camera = 4.886m
distance_bench_camera = 2.267m
distance_the_pedestal_of_the_central _sculpture_and_camera = 5.963m
distance_the central_sculpture_camera = 5.962m
distance_the_freestanding_art_display_panel = 4.223m",
1085,simulation_0017,simulation,V3MC,33,DS,What is the height of the pedestal (square base) of the central sculpture in meters?,speed of the person = 1.3m/s,"t=0s, distance_human_camera = 5.424m
t=1s, distance_human_camera = 4.886m
distance_bench_camera = 2.267m
distance_the_pedestal_of_the_central _sculpture_and_camera = 5.963m
distance_the central_sculpture_camera = 5.962m
distance_the_freestanding_art_display_panel = 4.223m",
1086,simulation_0017,simulation,V3MC,33,DS,What is the height of the bench seat in the atrium in meters?,speed of the person = 1.3m/s,"t=0s, distance_human_camera = 5.424m
t=1s, distance_human_camera = 4.886m
distance_bench_camera = 2.267m
distance_the_pedestal_of_the_central _sculpture_and_camera = 5.963m
distance_the central_sculpture_camera = 5.962m
distance_the_freestanding_art_display_panel = 4.223m",
1087,simulation_0017,simulation,V3MC,33,DS,What is the length of the bench seat in the atrium in meters?,speed of the person = 1.3m/s,"t=0s, distance_human_camera = 5.424m
t=1s, distance_human_camera = 4.886m
distance_bench_camera = 2.267m
distance_the_pedestal_of_the_central _sculpture_and_camera = 5.963m
distance_the central_sculpture_camera = 5.962m
distance_the_freestanding_art_display_panel = 4.223m",
1088,simulation_0017,simulation,V3MC,33,DS,What is the height of the central sculpture itself (excluding the pedestal) in meters?,speed of the person = 1.3m/s,"t=0s, distance_human_camera = 5.424m
t=1s, distance_human_camera = 4.886m
distance_bench_camera = 2.267m
distance_the_pedestal_of_the_central _sculpture_and_camera = 5.963m
distance_the central_sculpture_camera = 5.962m
distance_the_freestanding_art_display_panel = 4.223m",
1089,simulation_0017,simulation,V3MC,33,DS,What is the height of the freestanding art display panel in meters?,speed of the person = 1.3m/s,"t=0s, distance_human_camera = 5.424m
t=1s, distance_human_camera = 4.886m
distance_bench_camera = 2.267m
distance_the_pedestal_of_the_central _sculpture_and_camera = 5.963m
distance_the central_sculpture_camera = 5.962m
distance_the_freestanding_art_display_panel = 4.223m",
1090,simulation_0019,simulation,S3MC,33,SD,What is the walking speed of the person at 0.5s in m/s?,height of the person = 1.87m,"t=0s, distance_human_camera = 6.84m
t=1s, distance_human_camera = 6.49m
distance_the_nearest_freestanding_art_display_panel = 11.042m
distance_the_pedestal_of_the_central_sculpture_and_camera = 5.085m
distance_the_central_sculpture_camera = 5.085m",
1091,simulation_0019,simulation,S3MC,33,SS,What is the width of the pedestal (square base) of the central sculpture in meters?,height of the person = 1.87m,"t=0s, distance_human_camera = 6.84m
t=1s, distance_human_camera = 6.49m
distance_the_nearest_freestanding_art_display_panel = 11.042m
distance_the_pedestal_of_the_central_sculpture_and_camera = 5.085m
distance_the_central_sculpture_camera = 5.085m",
1092,simulation_0019,simulation,S3MC,33,SS,What is the height of the pedestal (square base) of the central sculpture in meters?,height of the person = 1.87m,"t=0s, distance_human_camera = 6.84m
t=1s, distance_human_camera = 6.49m
distance_the_nearest_freestanding_art_display_panel = 11.042m
distance_the_pedestal_of_the_central_sculpture_and_camera = 5.085m
distance_the_central_sculpture_camera = 5.085m",
1093,simulation_0019,simulation,S3MC,33,SS,What is the height of the central sculpture itself (excluding the pedestal) in meters?,height of the person = 1.87m,"t=0s, distance_human_camera = 6.84m
t=1s, distance_human_camera = 6.49m
distance_the_nearest_freestanding_art_display_panel = 11.042m
distance_the_pedestal_of_the_central_sculpture_and_camera = 5.085m
distance_the_central_sculpture_camera = 5.085m",
1094,simulation_0019,simulation,S3MC,33,SS,What is the width of the freestanding art display panel in meters?,height of the person = 1.87m,"t=0s, distance_human_camera = 6.84m
t=1s, distance_human_camera = 6.49m
distance_the_nearest_freestanding_art_display_panel = 11.042m
distance_the_pedestal_of_the_central_sculpture_and_camera = 5.085m
distance_the_central_sculpture_camera = 5.085m",
1095,simulation_0019,simulation,S3MC,33,SS,What is the height of the freestanding art display panel in meters?,height of the person = 1.87m,"t=0s, distance_human_camera = 6.84m
t=1s, distance_human_camera = 6.49m
distance_the_nearest_freestanding_art_display_panel = 11.042m
distance_the_pedestal_of_the_central_sculpture_and_camera = 5.085m
distance_the_central_sculpture_camera = 5.085m",
1096,simulation_0021,simulation,S3MC,30,SD,What is the walking speed of the person at 1.0s in m/s?,height of the person = 1.87m,"t=0s, distance_human_camera = 13.882m
t=1s, distance_human_camera = 13.768m
distance_fire_hydrant_camera = 12.565m
distance_streetlight_camera = 12.325m",
1097,simulation_0021,simulation,S3MC,30,SS,What is the height of the fire hydrant in meters?,height of the person = 1.87m,"t=0s, distance_human_camera = 13.882m
t=1s, distance_human_camera = 13.768m
distance_fire_hydrant_camera = 12.565m
distance_streetlight_camera = 12.325m",
1098,simulation_0021,simulation,S3MC,30,SS,What is the height of the streetlight in meters?,height of the person = 1.87m,"t=0s, distance_human_camera = 13.882m
t=1s, distance_human_camera = 13.768m
distance_fire_hydrant_camera = 12.565m
distance_streetlight_camera = 12.325m",
1099,simulation_0022,simulation,S2SS,24,SD,What is the speed of the boat at 1.0s in m/s?,length of the boat = 10m,,
1100,simulation_0022,simulation,S2SS,24,SS,What is the height of the boat in meters?,length of the boat = 10m,,
1101,simulation_0023,simulation,V3MC,24,DD,What is the speed of the boat at 1.0s in m/s?,speed of the eagle = 11.84m/s,"t=1s, distance_eagle_camera = 116.0475m
t=2s, distance_eagle_camera = 108.2756m
t=1s, distance_boat_camera = 103.1570 m
t=2s, distance_boat_camera = 106.0906 m",
1102,simulation_0023,simulation,V3MC,24,DS,What is the height of the boat in meters?,speed of the eagle = 11.84m/s,"t=1s, distance_eagle_camera = 116.0475m
t=2s, distance_eagle_camera = 108.2756m
t=1s, distance_boat_camera = 103.1570 m
t=2s, distance_boat_camera = 106.0906 m",
1103,simulation_0023,simulation,V3MC,24,DS,What is the length of the boat in meters?,speed of the eagle = 11.84m/s,"t=1s, distance_eagle_camera = 116.0475m
t=2s, distance_eagle_camera = 108.2756m
t=1s, distance_boat_camera = 103.1570 m
t=2s, distance_boat_camera = 106.0906 m",
1104,simulation_0023,simulation,V3MC,24,DS,What is the length of the eagle in meters?,speed of the eagle = 11.84m/s,"t=1s, distance_eagle_camera = 116.0475m
t=2s, distance_eagle_camera = 108.2756m
t=1s, distance_boat_camera = 103.1570 m
t=2s, distance_boat_camera = 106.0906 m",
1105,simulation_0023,simulation,V3MC,24,DS,What is the eagle’s wingspan (the distance from the tip of one wing to the tip of the other when fully spread) in meters?,speed of the eagle = 11.84m/s,"t=1s, distance_eagle_camera = 116.0475m
t=2s, distance_eagle_camera = 108.2756m
t=1s, distance_boat_camera = 103.1570 m
t=2s, distance_boat_camera = 106.0906 m",
1106,simulation_0024,simulation,V3MS,24,DS,What is the height of the boat in meters?,speed of the boat = 4m/s,"t=1s, distance_boat_camera = 90.1103 m
t=2s, distance_boat_camera = 90.4360 m",
1107,simulation_0024,simulation,V3MS,24,DS,What is the length of the boat in meters?,speed of the boat = 4m/s,"t=1s, distance_boat_camera = 90.1103 m
t=2s, distance_boat_camera = 90.4360 m",
1108,simulation_0024,simulation,V3MS,24,DS,What is the width of the boat in meters?,speed of the boat = 4m/s,"t=1s, distance_boat_camera = 90.1103 m
t=2s, distance_boat_camera = 90.4360 m",
1109,simulation_0025,simulation,V3MC,24,DD,What is the speed of the eagle at 1.0s in m/s?,speed of the person = 1.3m/s,"t=1s, distance_eagle_camera = 116.0475m
t=2s, distance_eagle_camera = 108.2756m
t=1s, distance_human_camera = 114.8319m
t=2s, distance_human_camera = 114.8356 m",
1110,simulation_0025,simulation,V3MC,24,DS,What is the length of the eagle in meters?,speed of the person = 1.3m/s,"t=1s, distance_eagle_camera = 116.0475m
t=2s, distance_eagle_camera = 108.2756m
t=1s, distance_human_camera = 114.8319m
t=2s, distance_human_camera = 114.8356 m",
1111,simulation_0025,simulation,V3MC,24,DS,What is the eagle’s wingspan (the distance from the tip of one wing to the tip of the other when fully spread) in meters?,speed of the person = 1.3m/s,"t=1s, distance_eagle_camera = 116.0475m
t=2s, distance_eagle_camera = 108.2756m
t=1s, distance_human_camera = 114.8319m
t=2s, distance_human_camera = 114.8356 m",
1112,simulation_0025,simulation,V3MC,24,DS,What is the height of the person in meters?,speed of the person = 1.3m/s,"t=1s, distance_eagle_camera = 116.0475m
t=2s, distance_eagle_camera = 108.2756m
t=1s, distance_human_camera = 114.8319m
t=2s, distance_human_camera = 114.8356 m",
1113,simulation_0026,simulation,S3MC,24,SS,What is the height of the boat in meters?,height of the person = 1.75m,"t=1s, distance_boat_camera = 103.1570 m
t=2s, distance_boat_camera = 106.0906 m
t=1s, distance_human_camera = 114.8319m
t=2s, distance_human_camera = 114.8356 m",
1114,simulation_0026,simulation,S3MC,24,SS,What is the length of the boat in meters?,height of the person = 1.75m,"t=1s, distance_boat_camera = 103.1570 m
t=2s, distance_boat_camera = 106.0906 m
t=1s, distance_human_camera = 114.8319m
t=2s, distance_human_camera = 114.8356 m",
1115,simulation_0026,simulation,S3MC,24,SD,What is the speed of the person at 1.0s in m/s?,height of the person = 1.75m,"t=1s, distance_boat_camera = 103.1570 m
t=2s, distance_boat_camera = 106.0906 m
t=1s, distance_human_camera = 114.8319m
t=2s, distance_human_camera = 114.8356 m",
1116,simulation_0027,simulation,S3MS,24,SD,What is the speed of the person from 1.0s to 2.0s in m/s?,height of the person = 1.75m,"t=1s, distance_human_camera = 100.5638m
t=2s, distance_human_camera = 100.5996m",
1117,simulation_0028,simulation,S3MC,24,SS,What is the eagle’s wingspan (the distance from the tip of one wing to the tip of the other when fully spread) in meters?,length of the eagle = 0.8m,"t=1s, distance_eagle_camera = 100.1405m
t=2s, distance_eagle_camera = 99.5206m",
1118,simulation_0028,simulation,S3MC,24,SD,What is the speed of the eagle at 1.0s in m/s?,length of the eagle = 0.8m,"t=1s, distance_eagle_camera = 100.1405m
t=2s, distance_eagle_camera = 99.5206m",
1119,simulation_0029,simulation,V3MC,24,DS,What is the length of the eagle in meters?,speed of the eagle = 12m/s,"t=1s, distance_boat_camera = 133.9572 m
t=2s, distance_boat_camera = 131.2557 m
t=1s, distance_eagle_camera = 139.7035m
t=2s, distance_eagle_camera = 147.1583m",
1120,simulation_0029,simulation,V3MC,24,DS,What is the height of the boat in meters?,speed of the eagle = 12m/s,"t=1s, distance_boat_camera = 133.9572 m
t=2s, distance_boat_camera = 131.2557 m
t=1s, distance_eagle_camera = 139.7035m
t=2s, distance_eagle_camera = 147.1583m",
1121,simulation_0029,simulation,V3MC,24,DS,What is the length of the boat in meters?,speed of the eagle = 12m/s,"t=1s, distance_boat_camera = 133.9572 m
t=2s, distance_boat_camera = 131.2557 m
t=1s, distance_eagle_camera = 139.7035m
t=2s, distance_eagle_camera = 147.1583m",
1122,simulation_0029,simulation,V3MC,24,DD,What is the speed of the boat at 1.0s in m/s?,speed of the eagle = 12m/s,"t=1s, distance_boat_camera = 133.9572 m
t=2s, distance_boat_camera = 131.2557 m
t=1s, distance_eagle_camera = 139.7035m
t=2s, distance_eagle_camera = 147.1583m",
1123,simulation_0031,simulation,V3MC,24,DS,What is the height of the person in meters?,speed of the person = 1.3m/s,"t=1s, distance_boat_camera = 130.3493 m
t=2s, distance_boat_camera = 133.7433 m
t=1s, distance_human_camera = 139.9543 m
t=2s, distance_human_camera = 139.9833 m
t=1s, distance_eagle_camera = 139.7566 m
t=2s, distance_eagle_camera = 130.2468m",
1124,simulation_0031,simulation,V3MC,24,DS,What is the height of the boat in meters?,speed of the person = 1.3m/s,"t=1s, distance_boat_camera = 130.3493 m
t=2s, distance_boat_camera = 133.7433 m
t=1s, distance_human_camera = 139.9543 m
t=2s, distance_human_camera = 139.9833 m
t=1s, distance_eagle_camera = 139.7566 m
t=2s, distance_eagle_camera = 130.2468m",
1125,simulation_0031,simulation,V3MC,24,DS,What is the length of the boat in meters?,speed of the person = 1.3m/s,"t=1s, distance_boat_camera = 130.3493 m
t=2s, distance_boat_camera = 133.7433 m
t=1s, distance_human_camera = 139.9543 m
t=2s, distance_human_camera = 139.9833 m
t=1s, distance_eagle_camera = 139.7566 m
t=2s, distance_eagle_camera = 130.2468m",
1126,simulation_0031,simulation,V3MC,24,DS,What is the width of the boat in meters?,speed of the person = 1.3m/s,"t=1s, distance_boat_camera = 130.3493 m
t=2s, distance_boat_camera = 133.7433 m
t=1s, distance_human_camera = 139.9543 m
t=2s, distance_human_camera = 139.9833 m
t=1s, distance_eagle_camera = 139.7566 m
t=2s, distance_eagle_camera = 130.2468m",
1127,simulation_0031,simulation,V3MC,24,DD,What is the speed of the boat at 1.0s in m/s?,speed of the person = 1.3m/s,"t=1s, distance_boat_camera = 130.3493 m
t=2s, distance_boat_camera = 133.7433 m
t=1s, distance_human_camera = 139.9543 m
t=2s, distance_human_camera = 139.9833 m
t=1s, distance_eagle_camera = 139.7566 m
t=2s, distance_eagle_camera = 130.2468m",
1128,simulation_0031,simulation,V3MC,24,DS,What is the length of the eagle in meters?,speed of the person = 1.3m/s,"t=1s, distance_boat_camera = 130.3493 m
t=2s, distance_boat_camera = 133.7433 m
t=1s, distance_human_camera = 139.9543 m
t=2s, distance_human_camera = 139.9833 m
t=1s, distance_eagle_camera = 139.7566 m
t=2s, distance_eagle_camera = 130.2468m",
1129,simulation_0031,simulation,V3MC,24,DD,What is the speed of the eagle at 1.0s in m/s?,speed of the person = 1.3m/s,"t=1s, distance_boat_camera = 130.3493 m
t=2s, distance_boat_camera = 133.7433 m
t=1s, distance_human_camera = 139.9543 m
t=2s, distance_human_camera = 139.9833 m
t=1s, distance_eagle_camera = 139.7566 m
t=2s, distance_eagle_camera = 130.2468m",
1130,simulation_0031,simulation,V3MC,24,DS,What is the eagle’s wingspan (the distance from the tip of one wing to the tip of the other when fully spread) in meters?,speed of the person = 1.3m/s,"t=1s, distance_boat_camera = 130.3493 m
t=2s, distance_boat_camera = 133.7433 m
t=1s, distance_human_camera = 139.9543 m
t=2s, distance_human_camera = 139.9833 m
t=1s, distance_eagle_camera = 139.7566 m
t=2s, distance_eagle_camera = 130.2468m",
1131,simulation_0033,simulation,A3MC,30,DD,What is the walking speed of the person at 1.0s in meters?,acceleration of the orange car = -2.86m/s^2,"t=0s, distance_human_camera = 13.780m
t=1s, distance_human_camera = 13.651m
t=0s, distance_orange_car_camera = 12.048m
t=1s, distance_orange_car_camera = 10.432m
t=0s, distance_green_car_camera = 13.077m
t=1s, distance_green_car_camera = 4.630m
distance_fire_hydrant_camera = 12.565m
distance_streetlight_camera = 12.325m",
1132,simulation_0033,simulation,A3MC,30,DS,What is the height of the fire hydrant in meters?,acceleration of the orange car = -2.86m/s^2,"t=0s, distance_human_camera = 13.780m
t=1s, distance_human_camera = 13.651m
t=0s, distance_orange_car_camera = 12.048m
t=1s, distance_orange_car_camera = 10.432m
t=0s, distance_green_car_camera = 13.077m
t=1s, distance_green_car_camera = 4.630m
distance_fire_hydrant_camera = 12.565m
distance_streetlight_camera = 12.325m",
1133,simulation_0033,simulation,A3MC,30,DS,What is the height of the streetlight in meters?,acceleration of the orange car = -2.86m/s^2,"t=0s, distance_human_camera = 13.780m
t=1s, distance_human_camera = 13.651m
t=0s, distance_orange_car_camera = 12.048m
t=1s, distance_orange_car_camera = 10.432m
t=0s, distance_green_car_camera = 13.077m
t=1s, distance_green_car_camera = 4.630m
distance_fire_hydrant_camera = 12.565m
distance_streetlight_camera = 12.325m",
1134,simulation_0033,simulation,A3MC,30,DS,What is the height of the person in meters?,acceleration of the orange car = -2.86m/s^2,"t=0s, distance_human_camera = 13.780m
t=1s, distance_human_camera = 13.651m
t=0s, distance_orange_car_camera = 12.048m
t=1s, distance_orange_car_camera = 10.432m
t=0s, distance_green_car_camera = 13.077m
t=1s, distance_green_car_camera = 4.630m
distance_fire_hydrant_camera = 12.565m
distance_streetlight_camera = 12.325m",
1135,simulation_0033,simulation,A3MC,30,DD,What is the speed of the green car at 1.0s in m/s?,acceleration of the orange car = -2.86m/s^2,"t=0s, distance_human_camera = 13.780m
t=1s, distance_human_camera = 13.651m
t=0s, distance_orange_car_camera = 12.048m
t=1s, distance_orange_car_camera = 10.432m
t=0s, distance_green_car_camera = 13.077m
t=1s, distance_green_car_camera = 4.630m
distance_fire_hydrant_camera = 12.565m
distance_streetlight_camera = 12.325m",
1136,simulation_0033,simulation,A3MC,30,DS,What is the length of the orange car in meters?,acceleration of the orange car = -2.86m/s^2,"t=0s, distance_human_camera = 13.780m
t=1s, distance_human_camera = 13.651m
t=0s, distance_orange_car_camera = 12.048m
t=1s, distance_orange_car_camera = 10.432m
t=0s, distance_green_car_camera = 13.077m
t=1s, distance_green_car_camera = 4.630m
distance_fire_hydrant_camera = 12.565m
distance_streetlight_camera = 12.325m",
1137,simulation_0033,simulation,A3MC,30,DS,What is the height of the orange car in meters?,acceleration of the orange car = -2.86m/s^2,"t=0s, distance_human_camera = 13.780m
t=1s, distance_human_camera = 13.651m
t=0s, distance_orange_car_camera = 12.048m
t=1s, distance_orange_car_camera = 10.432m
t=0s, distance_green_car_camera = 13.077m
t=1s, distance_green_car_camera = 4.630m
distance_fire_hydrant_camera = 12.565m
distance_streetlight_camera = 12.325m",
1138,simulation_0033,simulation,A3MC,30,DS,What is the height of the curb along the road in meters?,acceleration of the orange car = -2.86m/s^2,"t=0s, distance_human_camera = 13.780m
t=1s, distance_human_camera = 13.651m
t=0s, distance_orange_car_camera = 12.048m
t=1s, distance_orange_car_camera = 10.432m
t=0s, distance_green_car_camera = 13.077m
t=1s, distance_green_car_camera = 4.630m
distance_fire_hydrant_camera = 12.565m
distance_streetlight_camera = 12.325m",
1139,simulation_0034,simulation,S3MC,24,SD,What is the average speed of the boat from the beginning to the end in m/s?,height of the person = 1.75m,"t=1s, distance_boat_camera = 96.8995 m
t=2s, distance_boat_camera = 92.8490 m
t=1s, distance_human_camera = 92.1861m
t=2s, distance_human_camera = 92.1960 m
t=1s, distance_eagle_camera = 91.6867m
t=2s, distance_eagle_camera = 103.4262m",
1140,simulation_0034,simulation,S3MC,24,SS,What is the height of the boat in meters?,height of the person = 1.75m,"t=1s, distance_boat_camera = 96.8995 m
t=2s, distance_boat_camera = 92.8490 m
t=1s, distance_human_camera = 92.1861m
t=2s, distance_human_camera = 92.1960 m
t=1s, distance_eagle_camera = 91.6867m
t=2s, distance_eagle_camera = 103.4262m",
1141,simulation_0034,simulation,S3MC,24,SS,What is the width of the boat in meters?,height of the person = 1.75m,"t=1s, distance_boat_camera = 96.8995 m
t=2s, distance_boat_camera = 92.8490 m
t=1s, distance_human_camera = 92.1861m
t=2s, distance_human_camera = 92.1960 m
t=1s, distance_eagle_camera = 91.6867m
t=2s, distance_eagle_camera = 103.4262m",
1142,simulation_0034,simulation,S3MC,24,SD,What is the average speed of the person from the beginning to the end in m/s?,height of the person = 1.75m,"t=1s, distance_boat_camera = 96.8995 m
t=2s, distance_boat_camera = 92.8490 m
t=1s, distance_human_camera = 92.1861m
t=2s, distance_human_camera = 92.1960 m
t=1s, distance_eagle_camera = 91.6867m
t=2s, distance_eagle_camera = 103.4262m",
1143,simulation_0034,simulation,S3MC,24,SS,What is the eagle’s wingspan (the distance from the tip of one wing to the tip of the other when fully spread) in meters?,height of the person = 1.75m,"t=1s, distance_boat_camera = 96.8995 m
t=2s, distance_boat_camera = 92.8490 m
t=1s, distance_human_camera = 92.1861m
t=2s, distance_human_camera = 92.1960 m
t=1s, distance_eagle_camera = 91.6867m
t=2s, distance_eagle_camera = 103.4262m",
1144,simulation_0034,simulation,S3MC,24,SD,What is the average speed of the eagle from the beginning to the end in m/s?,height of the person = 1.75m,"t=1s, distance_boat_camera = 96.8995 m
t=2s, distance_boat_camera = 92.8490 m
t=1s, distance_human_camera = 92.1861m
t=2s, distance_human_camera = 92.1960 m
t=1s, distance_eagle_camera = 91.6867m
t=2s, distance_eagle_camera = 103.4262m",
1145,simulation_0035,simulation,S3MC,24,SD,What is the average speed of the person from the beginning to the end in m/s?,height of the person = 1.75m,"t=1s, distance_human_camera = 139.1030m
t=2s, distance_human_camera = 139.1044 m
t=1s, distance_eagle_camera = 139.7035m
t=2s, distance_eagle_camera = 147.1583m",
1146,simulation_0035,simulation,S3MC,24,SS,What is the eagle’s wingspan (the distance from the tip of one wing to the tip of the other when fully spread) in meters?,height of the person = 1.75m,"t=1s, distance_human_camera = 139.1030m
t=2s, distance_human_camera = 139.1044 m
t=1s, distance_eagle_camera = 139.7035m
t=2s, distance_eagle_camera = 147.1583m",
1147,simulation_0035,simulation,S3MC,24,SD,What is the speed of the eagle from the beginning to the end in m/s?,height of the person = 1.75m,"t=1s, distance_human_camera = 139.1030m
t=2s, distance_human_camera = 139.1044 m
t=1s, distance_eagle_camera = 139.7035m
t=2s, distance_eagle_camera = 147.1583m",
1148,simulation_0035,simulation,S3MC,24,SS,What is the body length of the eagle in meters?,height of the person = 1.75m,"t=1s, distance_human_camera = 139.1030m
t=2s, distance_human_camera = 139.1044 m
t=1s, distance_eagle_camera = 139.7035m
t=2s, distance_eagle_camera = 147.1583m",
1149,simulation_0036,simulation,S3MC,24,SS,What is the height of the boat in meters?,length of the boat = 10m,"t=1s, distance_boat_camera = 133.9572 m
t=2s, distance_boat_camera = 131.2557 m
t=1s, distance_human_camera = 139.1030m
t=2s, distance_human_camera = 139.1044 m",
1150,simulation_0036,simulation,S3MC,24,SS,What is the height of the person in meters?,length of the boat = 10m,"t=1s, distance_boat_camera = 133.9572 m
t=2s, distance_boat_camera = 131.2557 m
t=1s, distance_human_camera = 139.1030m
t=2s, distance_human_camera = 139.1044 m",
1151,simulation_0036,simulation,S3MC,24,SD,What is the speed of the boat from the beginning to the end in m/s?,length of the boat = 10m,"t=1s, distance_boat_camera = 133.9572 m
t=2s, distance_boat_camera = 131.2557 m
t=1s, distance_human_camera = 139.1030m
t=2s, distance_human_camera = 139.1044 m",
1152,simulation_0036,simulation,S3MC,24,SD,What is the average speed of the person from the beginning to the end in m/s?,length of the boat = 10m,"t=1s, distance_boat_camera = 133.9572 m
t=2s, distance_boat_camera = 131.2557 m
t=1s, distance_human_camera = 139.1030m
t=2s, distance_human_camera = 139.1044 m",
1153,simulation_0037,simulation,V3MS,24,DS,What is the height of the person in meters?,speed of the person = 1.3m/s,"t=1s, distance_human_camera = 122.8569 m
t=2s, distance_human_camera = 122.8588 m",
1154,simulation_0039,simulation,V3MC,24,DD,What is the speed of the person at 1.0s in m/s?,speed of the boat = 4m/s,"t=1s, distance_boat_camera = 177.2077 m
t=2s, distance_boat_camera = 177.9993 m
t=1s, distance_human_camera = 182.9249 m
t=2s, distance_human_camera = 183.0167 m
t=1s, distance_eagle_camera = 179.2691 m
t=2s, distance_eagle_camera = 177.1009 m",
1155,simulation_0039,simulation,V3MC,24,DS,What is the length of the boat in meters?,speed of the boat = 4m/s,"t=1s, distance_boat_camera = 177.2077 m
t=2s, distance_boat_camera = 177.9993 m
t=1s, distance_human_camera = 182.9249 m
t=2s, distance_human_camera = 183.0167 m
t=1s, distance_eagle_camera = 179.2691 m
t=2s, distance_eagle_camera = 177.1009 m",
1156,simulation_0039,simulation,V3MC,24,DS,What is the width of the boat in meters?,speed of the boat = 4m/s,"t=1s, distance_boat_camera = 177.2077 m
t=2s, distance_boat_camera = 177.9993 m
t=1s, distance_human_camera = 182.9249 m
t=2s, distance_human_camera = 183.0167 m
t=1s, distance_eagle_camera = 179.2691 m
t=2s, distance_eagle_camera = 177.1009 m",
1157,simulation_0039,simulation,V3MC,24,DS,What is the length of the eagle in meters?,speed of the boat = 4m/s,"t=1s, distance_boat_camera = 177.2077 m
t=2s, distance_boat_camera = 177.9993 m
t=1s, distance_human_camera = 182.9249 m
t=2s, distance_human_camera = 183.0167 m
t=1s, distance_eagle_camera = 179.2691 m
t=2s, distance_eagle_camera = 177.1009 m",
1158,simulation_0039,simulation,V3MC,24,DS,What is the eagle’s wingspan (the distance from the tip of one wing to the tip of the other when fully spread) in meters?,speed of the boat = 4m/s,"t=1s, distance_boat_camera = 177.2077 m
t=2s, distance_boat_camera = 177.9993 m
t=1s, distance_human_camera = 182.9249 m
t=2s, distance_human_camera = 183.0167 m
t=1s, distance_eagle_camera = 179.2691 m
t=2s, distance_eagle_camera = 177.1009 m",
1159,simulation_0039,simulation,V3MC,24,DD,What is the speed of the eagle at 1.0s in m/s?,speed of the boat = 4m/s,"t=1s, distance_boat_camera = 177.2077 m
t=2s, distance_boat_camera = 177.9993 m
t=1s, distance_human_camera = 182.9249 m
t=2s, distance_human_camera = 183.0167 m
t=1s, distance_eagle_camera = 179.2691 m
t=2s, distance_eagle_camera = 177.1009 m",
1160,simulation_0040,simulation,S3MC,24,SS,What is the eagle’s wingspan (the distance from the tip of one wing to the tip of the other when fully spread) in meters?,length of the eagle = 0.8m,"t=1s, distance_human_camera = 182.9249 m
t=2s, distance_human_camera = 183.0167 m
t=1s, distance_eagle_camera = 179.2691 m
t=2s, distance_eagle_camera = 177.1009 m",
1161,simulation_0040,simulation,S3MC,24,SD,What is the speed of the eagle at 1.0s in m/s?,length of the eagle = 0.8m,"t=1s, distance_human_camera = 182.9249 m
t=2s, distance_human_camera = 183.0167 m
t=1s, distance_eagle_camera = 179.2691 m
t=2s, distance_eagle_camera = 177.1009 m",
1162,simulation_0040,simulation,S3MC,24,SD,What is the average of the person at 1.0s in m/s?,length of the eagle = 0.8m,"t=1s, distance_human_camera = 182.9249 m
t=2s, distance_human_camera = 183.0167 m
t=1s, distance_eagle_camera = 179.2691 m
t=2s, distance_eagle_camera = 177.1009 m",
1163,simulation_0042,simulation,V3MC,24,DS,What is the length of the boat in meters?,speed of the eagle = 11.84m/s,"t=1s, distance_eagle_camera = 179.2691 m
t=2s, distance_eagle_camera = 177.1009 m
t=1s, distance_boat_camera = 177.2077 m
t=2s, distance_boat_camera = 177.9993 m",
1164,simulation_0042,simulation,V3MC,24,DS,What is the width of the boat in meters?,speed of the eagle = 11.84m/s,"t=1s, distance_eagle_camera = 179.2691 m
t=2s, distance_eagle_camera = 177.1009 m
t=1s, distance_boat_camera = 177.2077 m
t=2s, distance_boat_camera = 177.9993 m",
1165,simulation_0042,simulation,V3MC,24,DD,What is the speed of the boat at 1.0s in m/s?,speed of the eagle = 11.84m/s,"t=1s, distance_eagle_camera = 179.2691 m
t=2s, distance_eagle_camera = 177.1009 m
t=1s, distance_boat_camera = 177.2077 m
t=2s, distance_boat_camera = 177.9993 m",
1166,simulation_0042,simulation,V3MC,24,DS,What is the length of the eagle in meters?,speed of the eagle = 11.84m/s,"t=1s, distance_eagle_camera = 179.2691 m
t=2s, distance_eagle_camera = 177.1009 m
t=1s, distance_boat_camera = 177.2077 m
t=2s, distance_boat_camera = 177.9993 m",
1167,simulation_0042,simulation,V3MC,24,DS,What is the eagle’s wingspan (the distance from the tip of one wing to the tip of the other when fully spread) in meters?,speed of the eagle = 11.84m/s,"t=1s, distance_eagle_camera = 179.2691 m
t=2s, distance_eagle_camera = 177.1009 m
t=1s, distance_boat_camera = 177.2077 m
t=2s, distance_boat_camera = 177.9993 m",
1168,simulation_0043,simulation,S3MC,24,SS,What is the width of the boat in meters?,length of the boat = 10m,"t=1s, distance_boat_camera = 173.7093 m
t=2s, distance_boat_camera = 174.5515 m",
1169,simulation_0043,simulation,S3MC,24,SD,What is the speed of the boat at 1.0s in m/s?,length of the boat = 10m,"t=1s, distance_boat_camera = 173.7093 m
t=2s, distance_boat_camera = 174.5515 m",
1170,simulation_0043,simulation,S3MC,24,SS,What is the width of the rock in meters?,length of the boat = 10m,"t=1s, distance_boat_camera = 173.7093 m
t=2s, distance_boat_camera = 174.5515 m",
1171,simulation_0044,simulation,S3MC,24,SS,What is the width of the rock in meters?,length of the eagle = 0.8m,"t=1s, distance_eagle_camera = 175.3081m
t=2s, distance_eagle_camera = 172.9881m",
1172,simulation_0044,simulation,S3MC,24,SD,What is the speed of the eagle at 1.0s in m/s?,length of the eagle = 0.8m,"t=1s, distance_eagle_camera = 175.3081m
t=2s, distance_eagle_camera = 172.9881m",
1173,simulation_0044,simulation,S3MC,24,SS,What is the eagle’s wingspan (the distance from the tip of one wing to the tip of the other when fully spread) in meters?,length of the eagle = 0.8m,"t=1s, distance_eagle_camera = 175.3081m
t=2s, distance_eagle_camera = 172.9881m",
1174,simulation_0045,simulation,V3MC,33,DD,What is the speed of the walking person from the beginning to the end in m/s?,speed of the bike = 4.87m/s,"t=1s, distance_bike_camera = 12.1238m
t=2s, distance_bike_camera = 16.9027m
t=1s, distance_human_camera = 17.1691m
t=2s, distance_human_camera = 18.3768m",
1175,simulation_0045,simulation,V3MC,33,DS,What is the height of the walking person in meters?,speed of the bike = 4.87m/s,"t=1s, distance_bike_camera = 12.1238m
t=2s, distance_bike_camera = 16.9027m
t=1s, distance_human_camera = 17.1691m
t=2s, distance_human_camera = 18.3768m",
1176,simulation_0045,simulation,V3MC,33,DS,What is the height of the telephone booth in meters?,speed of the bike = 4.87m/s,"t=1s, distance_bike_camera = 12.1238m
t=2s, distance_bike_camera = 16.9027m
t=1s, distance_human_camera = 17.1691m
t=2s, distance_human_camera = 18.3768m",
1177,simulation_0045,simulation,V3MC,33,DS,What is the distance between the left pillar of the near door and the right pillar of the far door in meters?,speed of the bike = 4.87m/s,"t=1s, distance_bike_camera = 12.1238m
t=2s, distance_bike_camera = 16.9027m
t=1s, distance_human_camera = 17.1691m
t=2s, distance_human_camera = 18.3768m",
1178,simulation_0045,simulation,V3MC,33,DS,"What is the height of the moving bicycle (from the handlebar to the ground, including below the wheel) in meters?",speed of the bike = 4.87m/s,"t=1s, distance_bike_camera = 12.1238m
t=2s, distance_bike_camera = 16.9027m
t=1s, distance_human_camera = 17.1691m
t=2s, distance_human_camera = 18.3768m",
1179,simulation_0045,simulation,V3MC,33,DS,What is the length of the moving bicycle in meters?,speed of the bike = 4.87m/s,"t=1s, distance_bike_camera = 12.1238m
t=2s, distance_bike_camera = 16.9027m
t=1s, distance_human_camera = 17.1691m
t=2s, distance_human_camera = 18.3768m",
1180,simulation_0045,simulation,V3MC,33,DS,What is the diameter of the wheel of the moving bicycle in meters?,speed of the bike = 4.87m/s,"t=1s, distance_bike_camera = 12.1238m
t=2s, distance_bike_camera = 16.9027m
t=1s, distance_human_camera = 17.1691m
t=2s, distance_human_camera = 18.3768m",
1181,simulation_0045,simulation,V3MC,33,DS,What is the height of the first step in front of the door of the nearer house in meters?,speed of the bike = 4.87m/s,"t=1s, distance_bike_camera = 12.1238m
t=2s, distance_bike_camera = 16.9027m
t=1s, distance_human_camera = 17.1691m
t=2s, distance_human_camera = 18.3768m",
1182,simulation_0046,simulation,S3MC,33,SD,What is the speed of the walking person at 1.0s in m/s?,diameter of the moving bicycle wheel = 0.65m,"t=1s, distance_bike_camera = 12.6215m
t=2s, distance_bike_camera = 13.2055m
t=1s, distance_human_camera = 14.7728m
t=2s, distance_human_camera = 15.1766m",
1183,simulation_0046,simulation,S3MC,33,SS,What is the height of the walking person in meters?,diameter of the moving bicycle wheel = 0.65m,"t=1s, distance_bike_camera = 12.6215m
t=2s, distance_bike_camera = 13.2055m
t=1s, distance_human_camera = 14.7728m
t=2s, distance_human_camera = 15.1766m",
1184,simulation_0046,simulation,S3MC,33,SS,What is the height of the telephone booth in meters?,diameter of the moving bicycle wheel = 0.65m,"t=1s, distance_bike_camera = 12.6215m
t=2s, distance_bike_camera = 13.2055m
t=1s, distance_human_camera = 14.7728m
t=2s, distance_human_camera = 15.1766m",
1185,simulation_0046,simulation,S3MC,33,SS,What is the width of the telephone booth in meters?,diameter of the moving bicycle wheel = 0.65m,"t=1s, distance_bike_camera = 12.6215m
t=2s, distance_bike_camera = 13.2055m
t=1s, distance_human_camera = 14.7728m
t=2s, distance_human_camera = 15.1766m",
1186,simulation_0046,simulation,S3MC,33,SS,What is the distance between the left pillar of the near door and the right pillar of the far door in meters?,diameter of the moving bicycle wheel = 0.65m,"t=1s, distance_bike_camera = 12.6215m
t=2s, distance_bike_camera = 13.2055m
t=1s, distance_human_camera = 14.7728m
t=2s, distance_human_camera = 15.1766m",
1187,simulation_0046,simulation,S3MC,33,SS,"What is the height of the moving bicycle (from the handlebar to the ground, including below the wheel) in meters?",diameter of the moving bicycle wheel = 0.65m,"t=1s, distance_bike_camera = 12.6215m
t=2s, distance_bike_camera = 13.2055m
t=1s, distance_human_camera = 14.7728m
t=2s, distance_human_camera = 15.1766m",
1188,simulation_0046,simulation,S3MC,33,SS,What is the length of the moving bicycle in meters?,diameter of the moving bicycle wheel = 0.65m,"t=1s, distance_bike_camera = 12.6215m
t=2s, distance_bike_camera = 13.2055m
t=1s, distance_human_camera = 14.7728m
t=2s, distance_human_camera = 15.1766m",
1189,simulation_0046,simulation,S3MC,33,SS,What is the height of the first step in front of the door of the nearer house in meters?,diameter of the moving bicycle wheel = 0.65m,"t=1s, distance_bike_camera = 12.6215m
t=2s, distance_bike_camera = 13.2055m
t=1s, distance_human_camera = 14.7728m
t=2s, distance_human_camera = 15.1766m",
1190,simulation_0046,simulation,S3MC,33,SD,What is the speed of the moving bicycle from 1.0s to 2.0s in m/s?,diameter of the moving bicycle wheel = 0.65m,"t=1s, distance_bike_camera = 12.6215m
t=2s, distance_bike_camera = 13.2055m
t=1s, distance_human_camera = 14.7728m
t=2s, distance_human_camera = 15.1766m",
1191,simulation_0048,simulation,S3MC,33,SD,What is the speed of the walking person at 1.0s in m/s?,height of the walking person = 1.8m,"t=1s, distance_bike_camera = 16.4919m
t=2s, distance_bike_camera = 11.9277m
t=1s, distance_human_camera = 11.9259m
t=2s, distance_human_camera = 10.8165m",
1192,simulation_0048,simulation,S3MC,33,SS,What is the width of the telephone booth in meters?,height of the walking person = 1.8m,"t=1s, distance_bike_camera = 16.4919m
t=2s, distance_bike_camera = 11.9277m
t=1s, distance_human_camera = 11.9259m
t=2s, distance_human_camera = 10.8165m",
1193,simulation_0048,simulation,S3MC,33,SS,What is the distance between the left pillar of the near door and the right pillar of the far door in meters?,height of the walking person = 1.8m,"t=1s, distance_bike_camera = 16.4919m
t=2s, distance_bike_camera = 11.9277m
t=1s, distance_human_camera = 11.9259m
t=2s, distance_human_camera = 10.8165m",
1194,simulation_0048,simulation,S3MC,33,SS,"What is the height of the moving bicycle (from the handlebar to the ground, including below the wheel) in meters?",height of the walking person = 1.8m,"t=1s, distance_bike_camera = 16.4919m
t=2s, distance_bike_camera = 11.9277m
t=1s, distance_human_camera = 11.9259m
t=2s, distance_human_camera = 10.8165m",
1195,simulation_0048,simulation,S3MC,33,SD,What is the speed of the moving bicycle at 1.0s in m/s?,height of the walking person = 1.8m,"t=1s, distance_bike_camera = 16.4919m
t=2s, distance_bike_camera = 11.9277m
t=1s, distance_human_camera = 11.9259m
t=2s, distance_human_camera = 10.8165m",
1196,simulation_0048,simulation,S3MC,33,SS,What is the diameter of the wheel of the moving bicycle in meters?,height of the walking person = 1.8m,"t=1s, distance_bike_camera = 16.4919m
t=2s, distance_bike_camera = 11.9277m
t=1s, distance_human_camera = 11.9259m
t=2s, distance_human_camera = 10.8165m",
1197,simulation_0049,simulation,V3MC,33,DD,What is the speed of the walking person from 1.0s to 2.0s in m/s?,speed of the bike = 4.87m/s,"t=1s, distance_bike_camera = 14.1134 m
t=2s, distance_bike_camera = 18.9543 m
t=1s, distance_human_camera = 19.0411 m
t=2s, distance_human_camera = 20.2710 m",
1198,simulation_0049,simulation,V3MC,33,DS,What is the height of the walking person in meters?,speed of the bike = 4.87m/s,"t=1s, distance_bike_camera = 14.1134 m
t=2s, distance_bike_camera = 18.9543 m
t=1s, distance_human_camera = 19.0411 m
t=2s, distance_human_camera = 20.2710 m",
1199,simulation_0049,simulation,V3MC,33,DS,What is the height of the telephone booth in meters?,speed of the bike = 4.87m/s,"t=1s, distance_bike_camera = 14.1134 m
t=2s, distance_bike_camera = 18.9543 m
t=1s, distance_human_camera = 19.0411 m
t=2s, distance_human_camera = 20.2710 m",
1200,simulation_0049,simulation,V3MC,33,DS,What is the distance between the left pillar of the near door and the right pillar of the far door in meters?,speed of the bike = 4.87m/s,"t=1s, distance_bike_camera = 14.1134 m
t=2s, distance_bike_camera = 18.9543 m
t=1s, distance_human_camera = 19.0411 m
t=2s, distance_human_camera = 20.2710 m",
1201,simulation_0049,simulation,V3MC,33,DS,What is the diameter of the wheel of the moving bicycle in meters?,speed of the bike = 4.87m/s,"t=1s, distance_bike_camera = 14.1134 m
t=2s, distance_bike_camera = 18.9543 m
t=1s, distance_human_camera = 19.0411 m
t=2s, distance_human_camera = 20.2710 m",
1202,simulation_0050,simulation,V3MC,33,DS,What is the height of the walking person in meters?,speed of the walking person = 1.236m/s,"t=1s, distance_bike_camera = 11.8960 m
t=2s, distance_bike_camera = 14.6419 m
t=1s, distance_human_camera = 15.8652 m
t=2s, distance_human_camera = 16.6708 m",
1203,simulation_0050,simulation,V3MC,33,DS,What is the height of the telephone booth in meters?,speed of the walking person = 1.236m/s,"t=1s, distance_bike_camera = 11.8960 m
t=2s, distance_bike_camera = 14.6419 m
t=1s, distance_human_camera = 15.8652 m
t=2s, distance_human_camera = 16.6708 m",
1204,simulation_0050,simulation,V3MC,33,DS,What is the width of the telephone booth in meters?,speed of the walking person = 1.236m/s,"t=1s, distance_bike_camera = 11.8960 m
t=2s, distance_bike_camera = 14.6419 m
t=1s, distance_human_camera = 15.8652 m
t=2s, distance_human_camera = 16.6708 m",
1205,simulation_0050,simulation,V3MC,33,DS,What is the distance between the left pillar of the near door and the right pillar of the far door in meters?,speed of the walking person = 1.236m/s,"t=1s, distance_bike_camera = 11.8960 m
t=2s, distance_bike_camera = 14.6419 m
t=1s, distance_human_camera = 15.8652 m
t=2s, distance_human_camera = 16.6708 m",
1206,simulation_0050,simulation,V3MC,33,DS,What is the length of the moving bicycle in meters?,speed of the walking person = 1.236m/s,"t=1s, distance_bike_camera = 11.8960 m
t=2s, distance_bike_camera = 14.6419 m
t=1s, distance_human_camera = 15.8652 m
t=2s, distance_human_camera = 16.6708 m",
1207,simulation_0050,simulation,V3MC,33,DD,What is the average speed of the moving bicycle from 1.0s to 2.0s in m/s?,speed of the walking person = 1.236m/s,"t=1s, distance_bike_camera = 11.8960 m
t=2s, distance_bike_camera = 14.6419 m
t=1s, distance_human_camera = 15.8652 m
t=2s, distance_human_camera = 16.6708 m",
1208,simulation_0050,simulation,V3MC,33,DS,"What is the height of the moving bicycle (from the handlebar to the ground, including below the wheel) in meters?",speed of the walking person = 1.236m/s,"t=1s, distance_bike_camera = 11.8960 m
t=2s, distance_bike_camera = 14.6419 m
t=1s, distance_human_camera = 15.8652 m
t=2s, distance_human_camera = 16.6708 m",
1209,simulation_0050,simulation,V3MC,33,DS,What is the diameter of the wheel of the moving bicycle in meters?,speed of the walking person = 1.236m/s,"t=1s, distance_bike_camera = 11.8960 m
t=2s, distance_bike_camera = 14.6419 m
t=1s, distance_human_camera = 15.8652 m
t=2s, distance_human_camera = 16.6708 m",
1210,simulation_0050,simulation,V3MC,33,DS,What is the height of the first step in front of the door of the nearer house in meters?,speed of the walking person = 1.236m/s,"t=1s, distance_bike_camera = 11.8960 m
t=2s, distance_bike_camera = 14.6419 m
t=1s, distance_human_camera = 15.8652 m
t=2s, distance_human_camera = 16.6708 m",
1211,simulation_0052,simulation,A3MC,30,DS,What is the height of the fire hydrant in meters?,acceleration of the orange car = -2.86m/s^2,"t=0s, distance_orange_car_camera = 17.260m
t=1s, distance_orange_car_camera = 15.436m
t=1s, distance_green_car_camera = 10.250m
t=2s, distance_green_car_camera = 12.768m
distance_fire_hydrant_camera = 17.737m
distance_right_streetlight_camera = 17.594m
distance_left_streetlight_camera = 17.706m",
1212,simulation_0052,simulation,A3MC,30,DS,What is the height of the streetlight in meters?,acceleration of the orange car = -2.86m/s^2,"t=0s, distance_orange_car_camera = 17.260m
t=1s, distance_orange_car_camera = 15.436m
t=1s, distance_green_car_camera = 10.250m
t=2s, distance_green_car_camera = 12.768m
distance_fire_hydrant_camera = 17.737m
distance_right_streetlight_camera = 17.594m
distance_left_streetlight_camera = 17.706m",
1213,simulation_0052,simulation,A3MC,30,DD,What is the speed of the green car at 1.0s in m/s?,acceleration of the orange car = -2.86m/s^2,"t=0s, distance_orange_car_camera = 17.260m
t=1s, distance_orange_car_camera = 15.436m
t=1s, distance_green_car_camera = 10.250m
t=2s, distance_green_car_camera = 12.768m
distance_fire_hydrant_camera = 17.737m
distance_right_streetlight_camera = 17.594m
distance_left_streetlight_camera = 17.706m",
1214,simulation_0052,simulation,A3MC,30,DS,What is the length of the orange car in meters?,acceleration of the orange car = -2.86m/s^2,"t=0s, distance_orange_car_camera = 17.260m
t=1s, distance_orange_car_camera = 15.436m
t=1s, distance_green_car_camera = 10.250m
t=2s, distance_green_car_camera = 12.768m
distance_fire_hydrant_camera = 17.737m
distance_right_streetlight_camera = 17.594m
distance_left_streetlight_camera = 17.706m",
1215,simulation_0052,simulation,A3MC,30,DS,What is the height of the orange car in meters?,acceleration of the orange car = -2.86m/s^2,"t=0s, distance_orange_car_camera = 17.260m
t=1s, distance_orange_car_camera = 15.436m
t=1s, distance_green_car_camera = 10.250m
t=2s, distance_green_car_camera = 12.768m
distance_fire_hydrant_camera = 17.737m
distance_right_streetlight_camera = 17.594m
distance_left_streetlight_camera = 17.706m",
1216,simulation_0052,simulation,A3MC,30,DS,What is the height of the curb along the road in meters?,acceleration of the orange car = -2.86m/s^2,"t=0s, distance_orange_car_camera = 17.260m
t=1s, distance_orange_car_camera = 15.436m
t=1s, distance_green_car_camera = 10.250m
t=2s, distance_green_car_camera = 12.768m
distance_fire_hydrant_camera = 17.737m
distance_right_streetlight_camera = 17.594m
distance_left_streetlight_camera = 17.706m",
1217,simulation_0052,simulation,A3MC,30,DS,What is the height of the green car in meters?,acceleration of the orange car = -2.86m/s^2,"t=0s, distance_orange_car_camera = 17.260m
t=1s, distance_orange_car_camera = 15.436m
t=1s, distance_green_car_camera = 10.250m
t=2s, distance_green_car_camera = 12.768m
distance_fire_hydrant_camera = 17.737m
distance_right_streetlight_camera = 17.594m
distance_left_streetlight_camera = 17.706m",
1218,simulation_0052,simulation,A3MC,30,DS,What is the length of the green car in meters?,acceleration of the orange car = -2.86m/s^2,"t=0s, distance_orange_car_camera = 17.260m
t=1s, distance_orange_car_camera = 15.436m
t=1s, distance_green_car_camera = 10.250m
t=2s, distance_green_car_camera = 12.768m
distance_fire_hydrant_camera = 17.737m
distance_right_streetlight_camera = 17.594m
distance_left_streetlight_camera = 17.706m",
1219,simulation_0052,simulation,A3MC,30,DS,What is the distance between the right streetlight and the left streetlight in meters?,acceleration of the orange car = -2.86m/s^2,"t=0s, distance_orange_car_camera = 17.260m
t=1s, distance_orange_car_camera = 15.436m
t=1s, distance_green_car_camera = 10.250m
t=2s, distance_green_car_camera = 12.768m
distance_fire_hydrant_camera = 17.737m
distance_right_streetlight_camera = 17.594m
distance_left_streetlight_camera = 17.706m",
1220,simulation_0055,simulation,A3MC,30,DS,What is the height of the fire hydrant in meters?,acceleration of the orange car = -2.86m/s^2,"t=0s, distance_orange_car_camera = 16.059m
t=1s, distance_orange_car_camera = 11.671m
t=0s, distance_human_camera = 8.313m
t=1s, distance_human_camera = 8.189m
distance_fire_hydrant_camera = 9.207m
distance_streetlight_camera = 8.901m",
1221,simulation_0055,simulation,A3MC,30,DS,What is the height of the streetlight in meters?,acceleration of the orange car = -2.86m/s^2,"t=0s, distance_orange_car_camera = 16.059m
t=1s, distance_orange_car_camera = 11.671m
t=0s, distance_human_camera = 8.313m
t=1s, distance_human_camera = 8.189m
distance_fire_hydrant_camera = 9.207m
distance_streetlight_camera = 8.901m",
1222,simulation_0055,simulation,A3MC,30,DS,What is the length of the orange car in meters?,acceleration of the orange car = -2.86m/s^2,"t=0s, distance_orange_car_camera = 16.059m
t=1s, distance_orange_car_camera = 11.671m
t=0s, distance_human_camera = 8.313m
t=1s, distance_human_camera = 8.189m
distance_fire_hydrant_camera = 9.207m
distance_streetlight_camera = 8.901m",
1223,simulation_0055,simulation,A3MC,30,DS,What is the height of the orange car in meters?,acceleration of the orange car = -2.86m/s^2,"t=0s, distance_orange_car_camera = 16.059m
t=1s, distance_orange_car_camera = 11.671m
t=0s, distance_human_camera = 8.313m
t=1s, distance_human_camera = 8.189m
distance_fire_hydrant_camera = 9.207m
distance_streetlight_camera = 8.901m",
1224,simulation_0055,simulation,A3MC,30,DS,What is the height of the curb along the road in meters?,acceleration of the orange car = -2.86m/s^2,"t=0s, distance_orange_car_camera = 16.059m
t=1s, distance_orange_car_camera = 11.671m
t=0s, distance_human_camera = 8.313m
t=1s, distance_human_camera = 8.189m
distance_fire_hydrant_camera = 9.207m
distance_streetlight_camera = 8.901m",
1225,simulation_0055,simulation,A3MC,30,DD,What is the average walking speed of the person from 1.0s to 2.0s in meters?,acceleration of the orange car = -2.86m/s^2,"t=0s, distance_orange_car_camera = 16.059m
t=1s, distance_orange_car_camera = 11.671m
t=0s, distance_human_camera = 8.313m
t=1s, distance_human_camera = 8.189m
distance_fire_hydrant_camera = 9.207m
distance_streetlight_camera = 8.901m",
1226,simulation_0055,simulation,A3MC,30,DS,What is the height of the person in meters?,acceleration of the orange car = -2.86m/s^2,"t=0s, distance_orange_car_camera = 16.059m
t=1s, distance_orange_car_camera = 11.671m
t=0s, distance_human_camera = 8.313m
t=1s, distance_human_camera = 8.189m
distance_fire_hydrant_camera = 9.207m
distance_streetlight_camera = 8.901m",
1227,simulation_0056,simulation,A3MC,30,DS,What is the height of the fire hydrant in meters?,acceleration of the orange car = -2.86m/s^2,"t=0s, distance_orange_car_camera = 19.377m
t=1s, distance_orange_car_camera = 11.858m
t=0s, distance_green_car_camera = 28.684m
t=1s, distance_green_car_camera = 17.388m
t=0s, distance_human_camera = 4.786m
t=1s, distance_human_camera = 5.159m
distance_fire_hydrant_camera = 4.721m
distance_near_streetlight_camera = 5.201m
distance_far_streetlight_camera =13.174m",
1228,simulation_0056,simulation,A3MC,30,DS,What is the height of the streetlight in meters?,acceleration of the orange car = -2.86m/s^2,"t=0s, distance_orange_car_camera = 19.377m
t=1s, distance_orange_car_camera = 11.858m
t=0s, distance_green_car_camera = 28.684m
t=1s, distance_green_car_camera = 17.388m
t=0s, distance_human_camera = 4.786m
t=1s, distance_human_camera = 5.159m
distance_fire_hydrant_camera = 4.721m
distance_near_streetlight_camera = 5.201m
distance_far_streetlight_camera =13.174m",
1229,simulation_0056,simulation,A3MC,30,DD,What is the average speed of the green car from 0.0s to 1.0s in m/s?,acceleration of the orange car = -2.86m/s^2,"t=0s, distance_orange_car_camera = 19.377m
t=1s, distance_orange_car_camera = 11.858m
t=0s, distance_green_car_camera = 28.684m
t=1s, distance_green_car_camera = 17.388m
t=0s, distance_human_camera = 4.786m
t=1s, distance_human_camera = 5.159m
distance_fire_hydrant_camera = 4.721m
distance_near_streetlight_camera = 5.201m
distance_far_streetlight_camera =13.174m",
1230,simulation_0056,simulation,A3MC,30,DS,What is the width of the orange car in meters?,acceleration of the orange car = -2.86m/s^2,"t=0s, distance_orange_car_camera = 19.377m
t=1s, distance_orange_car_camera = 11.858m
t=0s, distance_green_car_camera = 28.684m
t=1s, distance_green_car_camera = 17.388m
t=0s, distance_human_camera = 4.786m
t=1s, distance_human_camera = 5.159m
distance_fire_hydrant_camera = 4.721m
distance_near_streetlight_camera = 5.201m
distance_far_streetlight_camera =13.174m",
1231,simulation_0056,simulation,A3MC,30,DS,What is the width of the green car in meters?,acceleration of the orange car = -2.86m/s^2,"t=0s, distance_orange_car_camera = 19.377m
t=1s, distance_orange_car_camera = 11.858m
t=0s, distance_green_car_camera = 28.684m
t=1s, distance_green_car_camera = 17.388m
t=0s, distance_human_camera = 4.786m
t=1s, distance_human_camera = 5.159m
distance_fire_hydrant_camera = 4.721m
distance_near_streetlight_camera = 5.201m
distance_far_streetlight_camera =13.174m",
1232,simulation_0056,simulation,A3MC,30,DS,What is the distance between the right streetlight and the left streetlight in meters?,acceleration of the orange car = -2.86m/s^2,"t=0s, distance_orange_car_camera = 19.377m
t=1s, distance_orange_car_camera = 11.858m
t=0s, distance_green_car_camera = 28.684m
t=1s, distance_green_car_camera = 17.388m
t=0s, distance_human_camera = 4.786m
t=1s, distance_human_camera = 5.159m
distance_fire_hydrant_camera = 4.721m
distance_near_streetlight_camera = 5.201m
distance_far_streetlight_camera =13.174m",
1233,simulation_0058,simulation,A3MC,24,DD,What is the speed of the yellow car at 2.5s in m/s？,acceleration of the white car = 4m/s^2,"t=0.58s, distance_human_camera = 18.7297m
t=1.58s, distance_human_camera = 17.6974m
t=0.58s, distance_yellow_car_camera = 25.7041m
t=1.58s, distance_yellow_car_camera = 22.2916m
t=0.58s, distance_white_car_camera = 31.0700m
t=1.58s, distance_white_car_camera = 29.9182m
t=0.58s, distance_bike_camera = 27.8122m
t=1.58s, distance_bike_camera = 27.1221m",
1234,simulation_0058,simulation,A3MC,24,DS,What is the width of the lane in meters?,acceleration of the white car = 4m/s^2,"t=0.58s, distance_human_camera = 18.7297m
t=1.58s, distance_human_camera = 17.6974m
t=0.58s, distance_yellow_car_camera = 25.7041m
t=1.58s, distance_yellow_car_camera = 22.2916m
t=0.58s, distance_white_car_camera = 31.0700m
t=1.58s, distance_white_car_camera = 29.9182m
t=0.58s, distance_bike_camera = 27.8122m
t=1.58s, distance_bike_camera = 27.1221m",
1235,simulation_0058,simulation,A3MC,24,DS,What is the length of the white car in meters？,acceleration of the white car = 4m/s^2,"t=0.58s, distance_human_camera = 18.7297m
t=1.58s, distance_human_camera = 17.6974m
t=0.58s, distance_yellow_car_camera = 25.7041m
t=1.58s, distance_yellow_car_camera = 22.2916m
t=0.58s, distance_white_car_camera = 31.0700m
t=1.58s, distance_white_car_camera = 29.9182m
t=0.58s, distance_bike_camera = 27.8122m
t=1.58s, distance_bike_camera = 27.1221m",
1236,simulation_0058,simulation,A3MC,24,DS,What is the length of the turning yellow car in meters?,acceleration of the white car = 4m/s^2,"t=0.58s, distance_human_camera = 18.7297m
t=1.58s, distance_human_camera = 17.6974m
t=0.58s, distance_yellow_car_camera = 25.7041m
t=1.58s, distance_yellow_car_camera = 22.2916m
t=0.58s, distance_white_car_camera = 31.0700m
t=1.58s, distance_white_car_camera = 29.9182m
t=0.58s, distance_bike_camera = 27.8122m
t=1.58s, distance_bike_camera = 27.1221m",
1237,simulation_0058,simulation,A3MC,24,DS,What is the height of the turning yellow car in meters?,acceleration of the white car = 4m/s^2,"t=0.58s, distance_human_camera = 18.7297m
t=1.58s, distance_human_camera = 17.6974m
t=0.58s, distance_yellow_car_camera = 25.7041m
t=1.58s, distance_yellow_car_camera = 22.2916m
t=0.58s, distance_white_car_camera = 31.0700m
t=1.58s, distance_white_car_camera = 29.9182m
t=0.58s, distance_bike_camera = 27.8122m
t=1.58s, distance_bike_camera = 27.1221m",
1238,simulation_0058,simulation,A3MC,24,DS,What is the diameter of the bicycle wheel in meters?,acceleration of the white car = 4m/s^2,"t=0.58s, distance_human_camera = 18.7297m
t=1.58s, distance_human_camera = 17.6974m
t=0.58s, distance_yellow_car_camera = 25.7041m
t=1.58s, distance_yellow_car_camera = 22.2916m
t=0.58s, distance_white_car_camera = 31.0700m
t=1.58s, distance_white_car_camera = 29.9182m
t=0.58s, distance_bike_camera = 27.8122m
t=1.58s, distance_bike_camera = 27.1221m",
1239,simulation_0058,simulation,A3MC,24,DS,What is the height of the streetlight in meters?,acceleration of the white car = 4m/s^2,"t=0.58s, distance_human_camera = 18.7297m
t=1.58s, distance_human_camera = 17.6974m
t=0.58s, distance_yellow_car_camera = 25.7041m
t=1.58s, distance_yellow_car_camera = 22.2916m
t=0.58s, distance_white_car_camera = 31.0700m
t=1.58s, distance_white_car_camera = 29.9182m
t=0.58s, distance_bike_camera = 27.8122m
t=1.58s, distance_bike_camera = 27.1221m",
1240,simulation_0058,simulation,A3MC,24,DD,What is the speed of the walking pedestrian from 0.0s to 1.0s in m/s?,acceleration of the white car = 4m/s^2,"t=0.58s, distance_human_camera = 18.7297m
t=1.58s, distance_human_camera = 17.6974m
t=0.58s, distance_yellow_car_camera = 25.7041m
t=1.58s, distance_yellow_car_camera = 22.2916m
t=0.58s, distance_white_car_camera = 31.0700m
t=1.58s, distance_white_car_camera = 29.9182m
t=0.58s, distance_bike_camera = 27.8122m
t=1.58s, distance_bike_camera = 27.1221m",
1241,simulation_0058,simulation,A3MC,24,DS,What is the height of the walking pedestrian in meters?,acceleration of the white car = 4m/s^2,"t=0.58s, distance_human_camera = 18.7297m
t=1.58s, distance_human_camera = 17.6974m
t=0.58s, distance_yellow_car_camera = 25.7041m
t=1.58s, distance_yellow_car_camera = 22.2916m
t=0.58s, distance_white_car_camera = 31.0700m
t=1.58s, distance_white_car_camera = 29.9182m
t=0.58s, distance_bike_camera = 27.8122m
t=1.58s, distance_bike_camera = 27.1221m",
1242,simulation_0058,simulation,A3MC,24,DD,What is the speed of the bicycle from the beginning to the end in m/s?,acceleration of the white car = 4m/s^2,"t=0.58s, distance_human_camera = 18.7297m
t=1.58s, distance_human_camera = 17.6974m
t=0.58s, distance_yellow_car_camera = 25.7041m
t=1.58s, distance_yellow_car_camera = 22.2916m
t=0.58s, distance_white_car_camera = 31.0700m
t=1.58s, distance_white_car_camera = 29.9182m
t=0.58s, distance_bike_camera = 27.8122m
t=1.58s, distance_bike_camera = 27.1221m",
1243,simulation_0058,simulation,A3MC,24,DS,What is the width of the green car in meters?,acceleration of the white car = 4m/s^2,"t=0.58s, distance_human_camera = 18.7297m
t=1.58s, distance_human_camera = 17.6974m
t=0.58s, distance_yellow_car_camera = 25.7041m
t=1.58s, distance_yellow_car_camera = 22.2916m
t=0.58s, distance_white_car_camera = 31.0700m
t=1.58s, distance_white_car_camera = 29.9182m
t=0.58s, distance_bike_camera = 27.8122m
t=1.58s, distance_bike_camera = 27.1221m",
1244,simulation_0058,simulation,A3MC,24,DS,What is the width of the purple car in meters?,acceleration of the white car = 4m/s^2,"t=0.58s, distance_human_camera = 18.7297m
t=1.58s, distance_human_camera = 17.6974m
t=0.58s, distance_yellow_car_camera = 25.7041m
t=1.58s, distance_yellow_car_camera = 22.2916m
t=0.58s, distance_white_car_camera = 31.0700m
t=1.58s, distance_white_car_camera = 29.9182m
t=0.58s, distance_bike_camera = 27.8122m
t=1.58s, distance_bike_camera = 27.1221m",
1245,simulation_0059,simulation,A3MC,24,DD,What is the speed of the yellow car at 2.5s in m/s？,acceleration of the white car = 4m/s^2,"t=0.58s, distance_human_camera = 30.9678m
t=1.58s, distance_human_camera = 29.8174m
t=0.58s, distance_yellow_car_camera = 38.5961m
t=1.58s, distance_yellow_car_camera = 35.3917m
t=0.58s, distance_white_car_camera = 43.8120m
t=1.58s, distance_white_car_camera = 43.0028m
t=0.58s, distance_bike_camera = 40.8706m
t=1.58s, distance_bike_camera = 40.4042m",
1246,simulation_0059,simulation,A3MC,24,DS,What is the width of the lane in meters?,acceleration of the white car = 4m/s^2,"t=0.58s, distance_human_camera = 30.9678m
t=1.58s, distance_human_camera = 29.8174m
t=0.58s, distance_yellow_car_camera = 38.5961m
t=1.58s, distance_yellow_car_camera = 35.3917m
t=0.58s, distance_white_car_camera = 43.8120m
t=1.58s, distance_white_car_camera = 43.0028m
t=0.58s, distance_bike_camera = 40.8706m
t=1.58s, distance_bike_camera = 40.4042m",
1247,simulation_0059,simulation,A3MC,24,DS,What is the length of the white car in meters？,acceleration of the white car = 4m/s^2,"t=0.58s, distance_human_camera = 30.9678m
t=1.58s, distance_human_camera = 29.8174m
t=0.58s, distance_yellow_car_camera = 38.5961m
t=1.58s, distance_yellow_car_camera = 35.3917m
t=0.58s, distance_white_car_camera = 43.8120m
t=1.58s, distance_white_car_camera = 43.0028m
t=0.58s, distance_bike_camera = 40.8706m
t=1.58s, distance_bike_camera = 40.4042m",
1248,simulation_0059,simulation,A3MC,24,DS,What is the length of the turning yellow car in meters?,acceleration of the white car = 4m/s^2,"t=0.58s, distance_human_camera = 30.9678m
t=1.58s, distance_human_camera = 29.8174m
t=0.58s, distance_yellow_car_camera = 38.5961m
t=1.58s, distance_yellow_car_camera = 35.3917m
t=0.58s, distance_white_car_camera = 43.8120m
t=1.58s, distance_white_car_camera = 43.0028m
t=0.58s, distance_bike_camera = 40.8706m
t=1.58s, distance_bike_camera = 40.4042m",
1249,simulation_0059,simulation,A3MC,24,DS,What is the height of the turning yellow car in meters?,acceleration of the white car = 4m/s^2,"t=0.58s, distance_human_camera = 30.9678m
t=1.58s, distance_human_camera = 29.8174m
t=0.58s, distance_yellow_car_camera = 38.5961m
t=1.58s, distance_yellow_car_camera = 35.3917m
t=0.58s, distance_white_car_camera = 43.8120m
t=1.58s, distance_white_car_camera = 43.0028m
t=0.58s, distance_bike_camera = 40.8706m
t=1.58s, distance_bike_camera = 40.4042m",
1250,simulation_0059,simulation,A3MC,24,DS,What is the diameter of the bicycle wheel in meters?,acceleration of the white car = 4m/s^2,"t=0.58s, distance_human_camera = 30.9678m
t=1.58s, distance_human_camera = 29.8174m
t=0.58s, distance_yellow_car_camera = 38.5961m
t=1.58s, distance_yellow_car_camera = 35.3917m
t=0.58s, distance_white_car_camera = 43.8120m
t=1.58s, distance_white_car_camera = 43.0028m
t=0.58s, distance_bike_camera = 40.8706m
t=1.58s, distance_bike_camera = 40.4042m",
1251,simulation_0059,simulation,A3MC,24,DS,What is the height of the traffic light in meters?,acceleration of the white car = 4m/s^2,"t=0.58s, distance_human_camera = 30.9678m
t=1.58s, distance_human_camera = 29.8174m
t=0.58s, distance_yellow_car_camera = 38.5961m
t=1.58s, distance_yellow_car_camera = 35.3917m
t=0.58s, distance_white_car_camera = 43.8120m
t=1.58s, distance_white_car_camera = 43.0028m
t=0.58s, distance_bike_camera = 40.8706m
t=1.58s, distance_bike_camera = 40.4042m",
1252,simulation_0059,simulation,A3MC,24,DS,What is the height of the streetlight in meters?,acceleration of the white car = 4m/s^2,"t=0.58s, distance_human_camera = 30.9678m
t=1.58s, distance_human_camera = 29.8174m
t=0.58s, distance_yellow_car_camera = 38.5961m
t=1.58s, distance_yellow_car_camera = 35.3917m
t=0.58s, distance_white_car_camera = 43.8120m
t=1.58s, distance_white_car_camera = 43.0028m
t=0.58s, distance_bike_camera = 40.8706m
t=1.58s, distance_bike_camera = 40.4042m",
1253,simulation_0059,simulation,A3MC,24,DD,What is the speed of the walking pedestrian from the beginning to the end in m/s?,acceleration of the white car = 4m/s^2,"t=0.58s, distance_human_camera = 30.9678m
t=1.58s, distance_human_camera = 29.8174m
t=0.58s, distance_yellow_car_camera = 38.5961m
t=1.58s, distance_yellow_car_camera = 35.3917m
t=0.58s, distance_white_car_camera = 43.8120m
t=1.58s, distance_white_car_camera = 43.0028m
t=0.58s, distance_bike_camera = 40.8706m
t=1.58s, distance_bike_camera = 40.4042m",
1254,simulation_0059,simulation,A3MC,24,DS,What is the height of the walking pedestrian in meters?,acceleration of the white car = 4m/s^2,"t=0.58s, distance_human_camera = 30.9678m
t=1.58s, distance_human_camera = 29.8174m
t=0.58s, distance_yellow_car_camera = 38.5961m
t=1.58s, distance_yellow_car_camera = 35.3917m
t=0.58s, distance_white_car_camera = 43.8120m
t=1.58s, distance_white_car_camera = 43.0028m
t=0.58s, distance_bike_camera = 40.8706m
t=1.58s, distance_bike_camera = 40.4042m",
1255,simulation_0059,simulation,A3MC,24,DD,What is the speed of the bicycle from the beginning to the end in m/s?,acceleration of the white car = 4m/s^2,"t=0.58s, distance_human_camera = 30.9678m
t=1.58s, distance_human_camera = 29.8174m
t=0.58s, distance_yellow_car_camera = 38.5961m
t=1.58s, distance_yellow_car_camera = 35.3917m
t=0.58s, distance_white_car_camera = 43.8120m
t=1.58s, distance_white_car_camera = 43.0028m
t=0.58s, distance_bike_camera = 40.8706m
t=1.58s, distance_bike_camera = 40.4042m",
1256,simulation_0059,simulation,A3MC,24,DS,What is the width of the green car in meters?,acceleration of the white car = 4m/s^2,"t=0.58s, distance_human_camera = 30.9678m
t=1.58s, distance_human_camera = 29.8174m
t=0.58s, distance_yellow_car_camera = 38.5961m
t=1.58s, distance_yellow_car_camera = 35.3917m
t=0.58s, distance_white_car_camera = 43.8120m
t=1.58s, distance_white_car_camera = 43.0028m
t=0.58s, distance_bike_camera = 40.8706m
t=1.58s, distance_bike_camera = 40.4042m",
1257,simulation_0059,simulation,A3MC,24,DS,What is the width of the purple car in meters?,acceleration of the white car = 4m/s^2,"t=0.58s, distance_human_camera = 30.9678m
t=1.58s, distance_human_camera = 29.8174m
t=0.58s, distance_yellow_car_camera = 38.5961m
t=1.58s, distance_yellow_car_camera = 35.3917m
t=0.58s, distance_white_car_camera = 43.8120m
t=1.58s, distance_white_car_camera = 43.0028m
t=0.58s, distance_bike_camera = 40.8706m
t=1.58s, distance_bike_camera = 40.4042m",
1258,simulation_0060,simulation,A3MC,24,DD,What is the speed of the yellow car at 2.5s in m/s？,acceleration of the white car = 4m/s^2,"t=0.58s, distance_human_camera = 34.4785m
t=1.58s, distance_human_camera = 35.6486m
t=0.58s, distance_yellow_car_camera = 26.2275m
t=1.58s, distance_yellow_car_camera = 28.4240m
t=0.58s, distance_white_car_camera = 22.7254m
t=1.58s, distance_white_car_camera = 21.5370m
t=0.58s, distance_bike_camera = 23.5534m
t=1.58s, distance_bike_camera = 23.2262m",
1259,simulation_0060,simulation,A3MC,24,DS,What is the width of the lane in meters?,acceleration of the white car = 4m/s^2,"t=0.58s, distance_human_camera = 34.4785m
t=1.58s, distance_human_camera = 35.6486m
t=0.58s, distance_yellow_car_camera = 26.2275m
t=1.58s, distance_yellow_car_camera = 28.4240m
t=0.58s, distance_white_car_camera = 22.7254m
t=1.58s, distance_white_car_camera = 21.5370m
t=0.58s, distance_bike_camera = 23.5534m
t=1.58s, distance_bike_camera = 23.2262m",
1260,simulation_0060,simulation,A3MC,24,DS,What is the length of the white car in meters？,acceleration of the white car = 4m/s^2,"t=0.58s, distance_human_camera = 34.4785m
t=1.58s, distance_human_camera = 35.6486m
t=0.58s, distance_yellow_car_camera = 26.2275m
t=1.58s, distance_yellow_car_camera = 28.4240m
t=0.58s, distance_white_car_camera = 22.7254m
t=1.58s, distance_white_car_camera = 21.5370m
t=0.58s, distance_bike_camera = 23.5534m
t=1.58s, distance_bike_camera = 23.2262m",
1261,simulation_0060,simulation,A3MC,24,DS,What is the length of the turning yellow car in meters?,acceleration of the white car = 4m/s^2,"t=0.58s, distance_human_camera = 34.4785m
t=1.58s, distance_human_camera = 35.6486m
t=0.58s, distance_yellow_car_camera = 26.2275m
t=1.58s, distance_yellow_car_camera = 28.4240m
t=0.58s, distance_white_car_camera = 22.7254m
t=1.58s, distance_white_car_camera = 21.5370m
t=0.58s, distance_bike_camera = 23.5534m
t=1.58s, distance_bike_camera = 23.2262m",
1262,simulation_0060,simulation,A3MC,24,DS,What is the height of the turning yellow car in meters?,acceleration of the white car = 4m/s^2,"t=0.58s, distance_human_camera = 34.4785m
t=1.58s, distance_human_camera = 35.6486m
t=0.58s, distance_yellow_car_camera = 26.2275m
t=1.58s, distance_yellow_car_camera = 28.4240m
t=0.58s, distance_white_car_camera = 22.7254m
t=1.58s, distance_white_car_camera = 21.5370m
t=0.58s, distance_bike_camera = 23.5534m
t=1.58s, distance_bike_camera = 23.2262m",
1263,simulation_0060,simulation,A3MC,24,DS,What is the diameter of the bicycle wheel in meters?,acceleration of the white car = 4m/s^2,"t=0.58s, distance_human_camera = 34.4785m
t=1.58s, distance_human_camera = 35.6486m
t=0.58s, distance_yellow_car_camera = 26.2275m
t=1.58s, distance_yellow_car_camera = 28.4240m
t=0.58s, distance_white_car_camera = 22.7254m
t=1.58s, distance_white_car_camera = 21.5370m
t=0.58s, distance_bike_camera = 23.5534m
t=1.58s, distance_bike_camera = 23.2262m",
1264,simulation_0060,simulation,A3MC,24,DD,What is the speed of the walking pedestrian from the beginning to the end in m/s?,acceleration of the white car = 4m/s^2,"t=0.58s, distance_human_camera = 34.4785m
t=1.58s, distance_human_camera = 35.6486m
t=0.58s, distance_yellow_car_camera = 26.2275m
t=1.58s, distance_yellow_car_camera = 28.4240m
t=0.58s, distance_white_car_camera = 22.7254m
t=1.58s, distance_white_car_camera = 21.5370m
t=0.58s, distance_bike_camera = 23.5534m
t=1.58s, distance_bike_camera = 23.2262m",
1265,simulation_0060,simulation,A3MC,24,DS,What is the height of the walking pedestrian in meters?,acceleration of the white car = 4m/s^2,"t=0.58s, distance_human_camera = 34.4785m
t=1.58s, distance_human_camera = 35.6486m
t=0.58s, distance_yellow_car_camera = 26.2275m
t=1.58s, distance_yellow_car_camera = 28.4240m
t=0.58s, distance_white_car_camera = 22.7254m
t=1.58s, distance_white_car_camera = 21.5370m
t=0.58s, distance_bike_camera = 23.5534m
t=1.58s, distance_bike_camera = 23.2262m",
1266,simulation_0060,simulation,A3MC,24,DD,What is the average speed of the bicycle from the beginning to the end in m/s?,acceleration of the white car = 4m/s^2,"t=0.58s, distance_human_camera = 34.4785m
t=1.58s, distance_human_camera = 35.6486m
t=0.58s, distance_yellow_car_camera = 26.2275m
t=1.58s, distance_yellow_car_camera = 28.4240m
t=0.58s, distance_white_car_camera = 22.7254m
t=1.58s, distance_white_car_camera = 21.5370m
t=0.58s, distance_bike_camera = 23.5534m
t=1.58s, distance_bike_camera = 23.2262m",
1267,simulation_0060,simulation,A3MC,24,DS,What is the width of the green car in meters?,acceleration of the white car = 4m/s^2,"t=0.58s, distance_human_camera = 34.4785m
t=1.58s, distance_human_camera = 35.6486m
t=0.58s, distance_yellow_car_camera = 26.2275m
t=1.58s, distance_yellow_car_camera = 28.4240m
t=0.58s, distance_white_car_camera = 22.7254m
t=1.58s, distance_white_car_camera = 21.5370m
t=0.58s, distance_bike_camera = 23.5534m
t=1.58s, distance_bike_camera = 23.2262m",
1268,simulation_0060,simulation,A3MC,24,DS,What is the width of the purple car in meters?,acceleration of the white car = 4m/s^2,"t=0.58s, distance_human_camera = 34.4785m
t=1.58s, distance_human_camera = 35.6486m
t=0.58s, distance_yellow_car_camera = 26.2275m
t=1.58s, distance_yellow_car_camera = 28.4240m
t=0.58s, distance_white_car_camera = 22.7254m
t=1.58s, distance_white_car_camera = 21.5370m
t=0.58s, distance_bike_camera = 23.5534m
t=1.58s, distance_bike_camera = 23.2262m",
1269,simulation_0061,simulation,A3MC,24,DD,What is the speed of the yellow car at 2.5s in m/s？,acceleration of the white car = 4m/s^2,"t=0.58s, distance_human_camera = 33.4337m
t=1.58s, distance_human_camera = 32.4161m
t=0.58s, distance_yellow_car_camera = 40.1000m
t=1.58s, distance_yellow_car_camera = 36.4347m
t=0.58s, distance_white_car_camera = 45.5234m
t=1.58s, distance_white_car_camera = 43.9499m
t=0.58s, distance_bike_camera = 41.9010m
t=1.58s, distance_bike_camera = 40.3415m",
1270,simulation_0061,simulation,A3MC,24,DS,What is the width of the lane in meters?,acceleration of the white car = 4m/s^2,"t=0.58s, distance_human_camera = 33.4337m
t=1.58s, distance_human_camera = 32.4161m
t=0.58s, distance_yellow_car_camera = 40.1000m
t=1.58s, distance_yellow_car_camera = 36.4347m
t=0.58s, distance_white_car_camera = 45.5234m
t=1.58s, distance_white_car_camera = 43.9499m
t=0.58s, distance_bike_camera = 41.9010m
t=1.58s, distance_bike_camera = 40.3415m",
1271,simulation_0061,simulation,A3MC,24,DS,What is the length of the white car in meters？,acceleration of the white car = 4m/s^2,"t=0.58s, distance_human_camera = 33.4337m
t=1.58s, distance_human_camera = 32.4161m
t=0.58s, distance_yellow_car_camera = 40.1000m
t=1.58s, distance_yellow_car_camera = 36.4347m
t=0.58s, distance_white_car_camera = 45.5234m
t=1.58s, distance_white_car_camera = 43.9499m
t=0.58s, distance_bike_camera = 41.9010m
t=1.58s, distance_bike_camera = 40.3415m",
1272,simulation_0061,simulation,A3MC,24,DS,What is the length of the turning yellow car in meters?,acceleration of the white car = 4m/s^2,"t=0.58s, distance_human_camera = 33.4337m
t=1.58s, distance_human_camera = 32.4161m
t=0.58s, distance_yellow_car_camera = 40.1000m
t=1.58s, distance_yellow_car_camera = 36.4347m
t=0.58s, distance_white_car_camera = 45.5234m
t=1.58s, distance_white_car_camera = 43.9499m
t=0.58s, distance_bike_camera = 41.9010m
t=1.58s, distance_bike_camera = 40.3415m",
1273,simulation_0061,simulation,A3MC,24,DS,What is the height of the turning yellow car in meters?,acceleration of the white car = 4m/s^2,"t=0.58s, distance_human_camera = 33.4337m
t=1.58s, distance_human_camera = 32.4161m
t=0.58s, distance_yellow_car_camera = 40.1000m
t=1.58s, distance_yellow_car_camera = 36.4347m
t=0.58s, distance_white_car_camera = 45.5234m
t=1.58s, distance_white_car_camera = 43.9499m
t=0.58s, distance_bike_camera = 41.9010m
t=1.58s, distance_bike_camera = 40.3415m",
1274,simulation_0061,simulation,A3MC,24,DS,What is the diameter of the bicycle wheel in meters?,acceleration of the white car = 4m/s^2,"t=0.58s, distance_human_camera = 33.4337m
t=1.58s, distance_human_camera = 32.4161m
t=0.58s, distance_yellow_car_camera = 40.1000m
t=1.58s, distance_yellow_car_camera = 36.4347m
t=0.58s, distance_white_car_camera = 45.5234m
t=1.58s, distance_white_car_camera = 43.9499m
t=0.58s, distance_bike_camera = 41.9010m
t=1.58s, distance_bike_camera = 40.3415m",
1275,simulation_0061,simulation,A3MC,24,DS,What is the height of the traffic light in meters?,acceleration of the white car = 4m/s^2,"t=0.58s, distance_human_camera = 33.4337m
t=1.58s, distance_human_camera = 32.4161m
t=0.58s, distance_yellow_car_camera = 40.1000m
t=1.58s, distance_yellow_car_camera = 36.4347m
t=0.58s, distance_white_car_camera = 45.5234m
t=1.58s, distance_white_car_camera = 43.9499m
t=0.58s, distance_bike_camera = 41.9010m
t=1.58s, distance_bike_camera = 40.3415m",
1276,simulation_0061,simulation,A3MC,24,DS,What is the height of the streetlight in meters?,acceleration of the white car = 4m/s^2,"t=0.58s, distance_human_camera = 33.4337m
t=1.58s, distance_human_camera = 32.4161m
t=0.58s, distance_yellow_car_camera = 40.1000m
t=1.58s, distance_yellow_car_camera = 36.4347m
t=0.58s, distance_white_car_camera = 45.5234m
t=1.58s, distance_white_car_camera = 43.9499m
t=0.58s, distance_bike_camera = 41.9010m
t=1.58s, distance_bike_camera = 40.3415m",
1277,simulation_0061,simulation,A3MC,24,DD,What is the average speed of the walking pedestrian from the beginning to the end in m/s?,acceleration of the white car = 4m/s^2,"t=0.58s, distance_human_camera = 33.4337m
t=1.58s, distance_human_camera = 32.4161m
t=0.58s, distance_yellow_car_camera = 40.1000m
t=1.58s, distance_yellow_car_camera = 36.4347m
t=0.58s, distance_white_car_camera = 45.5234m
t=1.58s, distance_white_car_camera = 43.9499m
t=0.58s, distance_bike_camera = 41.9010m
t=1.58s, distance_bike_camera = 40.3415m",
1278,simulation_0061,simulation,A3MC,24,DS,What is the height of the walking pedestrian in meters?,acceleration of the white car = 4m/s^2,"t=0.58s, distance_human_camera = 33.4337m
t=1.58s, distance_human_camera = 32.4161m
t=0.58s, distance_yellow_car_camera = 40.1000m
t=1.58s, distance_yellow_car_camera = 36.4347m
t=0.58s, distance_white_car_camera = 45.5234m
t=1.58s, distance_white_car_camera = 43.9499m
t=0.58s, distance_bike_camera = 41.9010m
t=1.58s, distance_bike_camera = 40.3415m",
1279,simulation_0061,simulation,A3MC,24,DD,What is the average speed of the bicycle from the beginning to the end in m/s?,acceleration of the white car = 4m/s^2,"t=0.58s, distance_human_camera = 33.4337m
t=1.58s, distance_human_camera = 32.4161m
t=0.58s, distance_yellow_car_camera = 40.1000m
t=1.58s, distance_yellow_car_camera = 36.4347m
t=0.58s, distance_white_car_camera = 45.5234m
t=1.58s, distance_white_car_camera = 43.9499m
t=0.58s, distance_bike_camera = 41.9010m
t=1.58s, distance_bike_camera = 40.3415m",
1280,simulation_0062,simulation,A3MC,24,DD,What is the average speed of the yellow car at 2.5s in m/s？,acceleration of the white car = 4m/s^2,"t=0.58s, distance_human_camera = 17.2804m
t=1.58s, distance_human_camera = 16.1558m
t=0.58s, distance_yellow_car_camera = 24.8550m
t=1.58s, distance_yellow_car_camera = 21.7231m
t=0.58s, distance_white_car_camera = 30.0650m
t=1.58s, distance_white_car_camera = 29.3069m
t=0.58s, distance_bike_camera = 27.1687m
t=1.58s, distance_bike_camera = 27.0656m",
1281,simulation_0062,simulation,A3MC,24,DS,What is the width of the lane in meters?,acceleration of the white car = 4m/s^2,"t=0.58s, distance_human_camera = 17.2804m
t=1.58s, distance_human_camera = 16.1558m
t=0.58s, distance_yellow_car_camera = 24.8550m
t=1.58s, distance_yellow_car_camera = 21.7231m
t=0.58s, distance_white_car_camera = 30.0650m
t=1.58s, distance_white_car_camera = 29.3069m
t=0.58s, distance_bike_camera = 27.1687m
t=1.58s, distance_bike_camera = 27.0656m",
1282,simulation_0062,simulation,A3MC,24,DS,What is the height of the white car in meters？,acceleration of the white car = 4m/s^2,"t=0.58s, distance_human_camera = 17.2804m
t=1.58s, distance_human_camera = 16.1558m
t=0.58s, distance_yellow_car_camera = 24.8550m
t=1.58s, distance_yellow_car_camera = 21.7231m
t=0.58s, distance_white_car_camera = 30.0650m
t=1.58s, distance_white_car_camera = 29.3069m
t=0.58s, distance_bike_camera = 27.1687m
t=1.58s, distance_bike_camera = 27.0656m",
1283,simulation_0062,simulation,A3MC,24,DS,What is the length of the white car in meters？,acceleration of the white car = 4m/s^2,"t=0.58s, distance_human_camera = 17.2804m
t=1.58s, distance_human_camera = 16.1558m
t=0.58s, distance_yellow_car_camera = 24.8550m
t=1.58s, distance_yellow_car_camera = 21.7231m
t=0.58s, distance_white_car_camera = 30.0650m
t=1.58s, distance_white_car_camera = 29.3069m
t=0.58s, distance_bike_camera = 27.1687m
t=1.58s, distance_bike_camera = 27.0656m",
1284,simulation_0062,simulation,A3MC,24,DS,What is the length of the turning yellow car in meters?,acceleration of the white car = 4m/s^2,"t=0.58s, distance_human_camera = 17.2804m
t=1.58s, distance_human_camera = 16.1558m
t=0.58s, distance_yellow_car_camera = 24.8550m
t=1.58s, distance_yellow_car_camera = 21.7231m
t=0.58s, distance_white_car_camera = 30.0650m
t=1.58s, distance_white_car_camera = 29.3069m
t=0.58s, distance_bike_camera = 27.1687m
t=1.58s, distance_bike_camera = 27.0656m",
1285,simulation_0062,simulation,A3MC,24,DS,What is the height of the turning yellow car in meters?,acceleration of the white car = 4m/s^2,"t=0.58s, distance_human_camera = 17.2804m
t=1.58s, distance_human_camera = 16.1558m
t=0.58s, distance_yellow_car_camera = 24.8550m
t=1.58s, distance_yellow_car_camera = 21.7231m
t=0.58s, distance_white_car_camera = 30.0650m
t=1.58s, distance_white_car_camera = 29.3069m
t=0.58s, distance_bike_camera = 27.1687m
t=1.58s, distance_bike_camera = 27.0656m",
1286,simulation_0062,simulation,A3MC,24,DS,What is the width of the turning yellow car in meters?,acceleration of the white car = 4m/s^2,"t=0.58s, distance_human_camera = 17.2804m
t=1.58s, distance_human_camera = 16.1558m
t=0.58s, distance_yellow_car_camera = 24.8550m
t=1.58s, distance_yellow_car_camera = 21.7231m
t=0.58s, distance_white_car_camera = 30.0650m
t=1.58s, distance_white_car_camera = 29.3069m
t=0.58s, distance_bike_camera = 27.1687m
t=1.58s, distance_bike_camera = 27.0656m",
1287,simulation_0062,simulation,A3MC,24,DS,What is the diameter of the bicycle wheel in meters?,acceleration of the white car = 4m/s^2,"t=0.58s, distance_human_camera = 17.2804m
t=1.58s, distance_human_camera = 16.1558m
t=0.58s, distance_yellow_car_camera = 24.8550m
t=1.58s, distance_yellow_car_camera = 21.7231m
t=0.58s, distance_white_car_camera = 30.0650m
t=1.58s, distance_white_car_camera = 29.3069m
t=0.58s, distance_bike_camera = 27.1687m
t=1.58s, distance_bike_camera = 27.0656m",
1288,simulation_0062,simulation,A3MC,24,DS,What is the height of the traffic light in meters?,acceleration of the white car = 4m/s^2,"t=0.58s, distance_human_camera = 17.2804m
t=1.58s, distance_human_camera = 16.1558m
t=0.58s, distance_yellow_car_camera = 24.8550m
t=1.58s, distance_yellow_car_camera = 21.7231m
t=0.58s, distance_white_car_camera = 30.0650m
t=1.58s, distance_white_car_camera = 29.3069m
t=0.58s, distance_bike_camera = 27.1687m
t=1.58s, distance_bike_camera = 27.0656m",
1289,simulation_0062,simulation,A3MC,24,DS,What is the height of the streetlight in meters?,acceleration of the white car = 4m/s^2,"t=0.58s, distance_human_camera = 17.2804m
t=1.58s, distance_human_camera = 16.1558m
t=0.58s, distance_yellow_car_camera = 24.8550m
t=1.58s, distance_yellow_car_camera = 21.7231m
t=0.58s, distance_white_car_camera = 30.0650m
t=1.58s, distance_white_car_camera = 29.3069m
t=0.58s, distance_bike_camera = 27.1687m
t=1.58s, distance_bike_camera = 27.0656m",
1290,simulation_0062,simulation,A3MC,24,DD,What is the average speed of the walking pedestrian from the beginning to the end in m/s?,acceleration of the white car = 4m/s^2,"t=0.58s, distance_human_camera = 17.2804m
t=1.58s, distance_human_camera = 16.1558m
t=0.58s, distance_yellow_car_camera = 24.8550m
t=1.58s, distance_yellow_car_camera = 21.7231m
t=0.58s, distance_white_car_camera = 30.0650m
t=1.58s, distance_white_car_camera = 29.3069m
t=0.58s, distance_bike_camera = 27.1687m
t=1.58s, distance_bike_camera = 27.0656m",
1291,simulation_0062,simulation,A3MC,24,DS,What is the height of the walking pedestrian in meters?,acceleration of the white car = 4m/s^2,"t=0.58s, distance_human_camera = 17.2804m
t=1.58s, distance_human_camera = 16.1558m
t=0.58s, distance_yellow_car_camera = 24.8550m
t=1.58s, distance_yellow_car_camera = 21.7231m
t=0.58s, distance_white_car_camera = 30.0650m
t=1.58s, distance_white_car_camera = 29.3069m
t=0.58s, distance_bike_camera = 27.1687m
t=1.58s, distance_bike_camera = 27.0656m",
1292,simulation_0062,simulation,A3MC,24,DD,What is the average speed of the bicycle from the beginning to the end in m/s?,acceleration of the white car = 4m/s^2,"t=0.58s, distance_human_camera = 17.2804m
t=1.58s, distance_human_camera = 16.1558m
t=0.58s, distance_yellow_car_camera = 24.8550m
t=1.58s, distance_yellow_car_camera = 21.7231m
t=0.58s, distance_white_car_camera = 30.0650m
t=1.58s, distance_white_car_camera = 29.3069m
t=0.58s, distance_bike_camera = 27.1687m
t=1.58s, distance_bike_camera = 27.0656m",
1293,simulation_0063,simulation,A3MC,24,DD,What is the speed of the yellow car at 2.5s in m/s？,acceleration of the white car = 4m/s^2,"t=0.58s, distance_human_camera = 16.6692m
t=1.58s, distance_human_camera = 15.5003m
t=0.58s, distance_yellow_car_camera = 24.8414m
t=1.58s, distance_yellow_car_camera = 22.9530m
t=0.58s, distance_white_car_camera = 29.2444m
t=1.58s, distance_white_car_camera = 29.8093m
t=0.58s, distance_bike_camera = 27.7544m
t=1.58s, distance_bike_camera = 29.4124m",
1294,simulation_0063,simulation,A3MC,24,DS,What is the width of the lane in meters?,acceleration of the white car = 4m/s^2,"t=0.58s, distance_human_camera = 16.6692m
t=1.58s, distance_human_camera = 15.5003m
t=0.58s, distance_yellow_car_camera = 24.8414m
t=1.58s, distance_yellow_car_camera = 22.9530m
t=0.58s, distance_white_car_camera = 29.2444m
t=1.58s, distance_white_car_camera = 29.8093m
t=0.58s, distance_bike_camera = 27.7544m
t=1.58s, distance_bike_camera = 29.4124m",
1295,simulation_0063,simulation,A3MC,24,DS,What is the height of the white car in meters？,acceleration of the white car = 4m/s^2,"t=0.58s, distance_human_camera = 16.6692m
t=1.58s, distance_human_camera = 15.5003m
t=0.58s, distance_yellow_car_camera = 24.8414m
t=1.58s, distance_yellow_car_camera = 22.9530m
t=0.58s, distance_white_car_camera = 29.2444m
t=1.58s, distance_white_car_camera = 29.8093m
t=0.58s, distance_bike_camera = 27.7544m
t=1.58s, distance_bike_camera = 29.4124m",
1296,simulation_0063,simulation,A3MC,24,DS,What is the length of the white car in meters？,acceleration of the white car = 4m/s^2,"t=0.58s, distance_human_camera = 16.6692m
t=1.58s, distance_human_camera = 15.5003m
t=0.58s, distance_yellow_car_camera = 24.8414m
t=1.58s, distance_yellow_car_camera = 22.9530m
t=0.58s, distance_white_car_camera = 29.2444m
t=1.58s, distance_white_car_camera = 29.8093m
t=0.58s, distance_bike_camera = 27.7544m
t=1.58s, distance_bike_camera = 29.4124m",
1297,simulation_0063,simulation,A3MC,24,DS,What is the length of the turning yellow car in meters?,acceleration of the white car = 4m/s^2,"t=0.58s, distance_human_camera = 16.6692m
t=1.58s, distance_human_camera = 15.5003m
t=0.58s, distance_yellow_car_camera = 24.8414m
t=1.58s, distance_yellow_car_camera = 22.9530m
t=0.58s, distance_white_car_camera = 29.2444m
t=1.58s, distance_white_car_camera = 29.8093m
t=0.58s, distance_bike_camera = 27.7544m
t=1.58s, distance_bike_camera = 29.4124m",
1298,simulation_0063,simulation,A3MC,24,DS,What is the height of the turning yellow car in meters?,acceleration of the white car = 4m/s^2,"t=0.58s, distance_human_camera = 16.6692m
t=1.58s, distance_human_camera = 15.5003m
t=0.58s, distance_yellow_car_camera = 24.8414m
t=1.58s, distance_yellow_car_camera = 22.9530m
t=0.58s, distance_white_car_camera = 29.2444m
t=1.58s, distance_white_car_camera = 29.8093m
t=0.58s, distance_bike_camera = 27.7544m
t=1.58s, distance_bike_camera = 29.4124m",
1299,simulation_0063,simulation,A3MC,24,DS,What is the width of the turning yellow car in meters?,acceleration of the white car = 4m/s^2,"t=0.58s, distance_human_camera = 16.6692m
t=1.58s, distance_human_camera = 15.5003m
t=0.58s, distance_yellow_car_camera = 24.8414m
t=1.58s, distance_yellow_car_camera = 22.9530m
t=0.58s, distance_white_car_camera = 29.2444m
t=1.58s, distance_white_car_camera = 29.8093m
t=0.58s, distance_bike_camera = 27.7544m
t=1.58s, distance_bike_camera = 29.4124m",
1300,simulation_0063,simulation,A3MC,24,DS,What is the diameter of the bicycle wheel in meters?,acceleration of the white car = 4m/s^2,"t=0.58s, distance_human_camera = 16.6692m
t=1.58s, distance_human_camera = 15.5003m
t=0.58s, distance_yellow_car_camera = 24.8414m
t=1.58s, distance_yellow_car_camera = 22.9530m
t=0.58s, distance_white_car_camera = 29.2444m
t=1.58s, distance_white_car_camera = 29.8093m
t=0.58s, distance_bike_camera = 27.7544m
t=1.58s, distance_bike_camera = 29.4124m",
1301,simulation_0063,simulation,A3MC,24,DS,What is the height of the traffic light in meters?,acceleration of the white car = 4m/s^2,"t=0.58s, distance_human_camera = 16.6692m
t=1.58s, distance_human_camera = 15.5003m
t=0.58s, distance_yellow_car_camera = 24.8414m
t=1.58s, distance_yellow_car_camera = 22.9530m
t=0.58s, distance_white_car_camera = 29.2444m
t=1.58s, distance_white_car_camera = 29.8093m
t=0.58s, distance_bike_camera = 27.7544m
t=1.58s, distance_bike_camera = 29.4124m",
1302,simulation_0063,simulation,A3MC,24,DS,What is the height of the streetlight in meters?,acceleration of the white car = 4m/s^2,"t=0.58s, distance_human_camera = 16.6692m
t=1.58s, distance_human_camera = 15.5003m
t=0.58s, distance_yellow_car_camera = 24.8414m
t=1.58s, distance_yellow_car_camera = 22.9530m
t=0.58s, distance_white_car_camera = 29.2444m
t=1.58s, distance_white_car_camera = 29.8093m
t=0.58s, distance_bike_camera = 27.7544m
t=1.58s, distance_bike_camera = 29.4124m",
1303,simulation_0063,simulation,A3MC,24,DD,What is the average speed of the walking pedestrian from the beginning to the end in m/s?,acceleration of the white car = 4m/s^2,"t=0.58s, distance_human_camera = 16.6692m
t=1.58s, distance_human_camera = 15.5003m
t=0.58s, distance_yellow_car_camera = 24.8414m
t=1.58s, distance_yellow_car_camera = 22.9530m
t=0.58s, distance_white_car_camera = 29.2444m
t=1.58s, distance_white_car_camera = 29.8093m
t=0.58s, distance_bike_camera = 27.7544m
t=1.58s, distance_bike_camera = 29.4124m",
1304,simulation_0063,simulation,A3MC,24,DS,What is the height of the walking pedestrian in meters?,acceleration of the white car = 4m/s^2,"t=0.58s, distance_human_camera = 16.6692m
t=1.58s, distance_human_camera = 15.5003m
t=0.58s, distance_yellow_car_camera = 24.8414m
t=1.58s, distance_yellow_car_camera = 22.9530m
t=0.58s, distance_white_car_camera = 29.2444m
t=1.58s, distance_white_car_camera = 29.8093m
t=0.58s, distance_bike_camera = 27.7544m
t=1.58s, distance_bike_camera = 29.4124m",
1305,simulation_0063,simulation,A3MC,24,DD,What is the average speed of the bicycle from the beginning to the end in m/s?,acceleration of the white car = 4m/s^2,"t=0.58s, distance_human_camera = 16.6692m
t=1.58s, distance_human_camera = 15.5003m
t=0.58s, distance_yellow_car_camera = 24.8414m
t=1.58s, distance_yellow_car_camera = 22.9530m
t=0.58s, distance_white_car_camera = 29.2444m
t=1.58s, distance_white_car_camera = 29.8093m
t=0.58s, distance_bike_camera = 27.7544m
t=1.58s, distance_bike_camera = 29.4124m",
1306,simulation_0064,simulation,A3MC,24,DD,What is the speed of the yellow car at 2.5s in m/s？,acceleration of the white car = 4m/s^2,"t=0.58s, distance_human_camera = 38.3473m
t=1.58s, distance_human_camera = 38.7220m
t=0.58s, distance_yellow_car_camera = 35.5258m
t=1.58s, distance_yellow_car_camera = 33.0077m
t=0.58s, distance_white_car_camera = 38.1362m
t=1.58s, distance_white_car_camera = 34.0492m
t=0.58s, distance_bike_camera = 33.9976m
t=1.58s, distance_bike_camera = 28.6807m",
1307,simulation_0064,simulation,A3MC,24,DS,What is the width of the lane in meters?,acceleration of the white car = 4m/s^2,"t=0.58s, distance_human_camera = 38.3473m
t=1.58s, distance_human_camera = 38.7220m
t=0.58s, distance_yellow_car_camera = 35.5258m
t=1.58s, distance_yellow_car_camera = 33.0077m
t=0.58s, distance_white_car_camera = 38.1362m
t=1.58s, distance_white_car_camera = 34.0492m
t=0.58s, distance_bike_camera = 33.9976m
t=1.58s, distance_bike_camera = 28.6807m",
1308,simulation_0064,simulation,A3MC,24,DS,What is the height of the white car in meters？,acceleration of the white car = 4m/s^2,"t=0.58s, distance_human_camera = 38.3473m
t=1.58s, distance_human_camera = 38.7220m
t=0.58s, distance_yellow_car_camera = 35.5258m
t=1.58s, distance_yellow_car_camera = 33.0077m
t=0.58s, distance_white_car_camera = 38.1362m
t=1.58s, distance_white_car_camera = 34.0492m
t=0.58s, distance_bike_camera = 33.9976m
t=1.58s, distance_bike_camera = 28.6807m",
1309,simulation_0064,simulation,A3MC,24,DS,What is the width of the white car in meters？,acceleration of the white car = 4m/s^2,"t=0.58s, distance_human_camera = 38.3473m
t=1.58s, distance_human_camera = 38.7220m
t=0.58s, distance_yellow_car_camera = 35.5258m
t=1.58s, distance_yellow_car_camera = 33.0077m
t=0.58s, distance_white_car_camera = 38.1362m
t=1.58s, distance_white_car_camera = 34.0492m
t=0.58s, distance_bike_camera = 33.9976m
t=1.58s, distance_bike_camera = 28.6807m",
1310,simulation_0064,simulation,A3MC,24,DS,What is the length of the turning yellow car in meters?,acceleration of the white car = 4m/s^2,"t=0.58s, distance_human_camera = 38.3473m
t=1.58s, distance_human_camera = 38.7220m
t=0.58s, distance_yellow_car_camera = 35.5258m
t=1.58s, distance_yellow_car_camera = 33.0077m
t=0.58s, distance_white_car_camera = 38.1362m
t=1.58s, distance_white_car_camera = 34.0492m
t=0.58s, distance_bike_camera = 33.9976m
t=1.58s, distance_bike_camera = 28.6807m",
1311,simulation_0064,simulation,A3MC,24,DS,What is the height of the turning yellow car in meters?,acceleration of the white car = 4m/s^2,"t=0.58s, distance_human_camera = 38.3473m
t=1.58s, distance_human_camera = 38.7220m
t=0.58s, distance_yellow_car_camera = 35.5258m
t=1.58s, distance_yellow_car_camera = 33.0077m
t=0.58s, distance_white_car_camera = 38.1362m
t=1.58s, distance_white_car_camera = 34.0492m
t=0.58s, distance_bike_camera = 33.9976m
t=1.58s, distance_bike_camera = 28.6807m",
1312,simulation_0064,simulation,A3MC,24,DS,What is the width of the turning yellow car in meters?,acceleration of the white car = 4m/s^2,"t=0.58s, distance_human_camera = 38.3473m
t=1.58s, distance_human_camera = 38.7220m
t=0.58s, distance_yellow_car_camera = 35.5258m
t=1.58s, distance_yellow_car_camera = 33.0077m
t=0.58s, distance_white_car_camera = 38.1362m
t=1.58s, distance_white_car_camera = 34.0492m
t=0.58s, distance_bike_camera = 33.9976m
t=1.58s, distance_bike_camera = 28.6807m",
1313,simulation_0064,simulation,A3MC,24,DS,What is the diameter of the bicycle wheel in meters?,acceleration of the white car = 4m/s^2,"t=0.58s, distance_human_camera = 38.3473m
t=1.58s, distance_human_camera = 38.7220m
t=0.58s, distance_yellow_car_camera = 35.5258m
t=1.58s, distance_yellow_car_camera = 33.0077m
t=0.58s, distance_white_car_camera = 38.1362m
t=1.58s, distance_white_car_camera = 34.0492m
t=0.58s, distance_bike_camera = 33.9976m
t=1.58s, distance_bike_camera = 28.6807m",
1314,simulation_0064,simulation,A3MC,24,DS,What is the height of the traffic light in meters?,acceleration of the white car = 4m/s^2,"t=0.58s, distance_human_camera = 38.3473m
t=1.58s, distance_human_camera = 38.7220m
t=0.58s, distance_yellow_car_camera = 35.5258m
t=1.58s, distance_yellow_car_camera = 33.0077m
t=0.58s, distance_white_car_camera = 38.1362m
t=1.58s, distance_white_car_camera = 34.0492m
t=0.58s, distance_bike_camera = 33.9976m
t=1.58s, distance_bike_camera = 28.6807m",
1315,simulation_0064,simulation,A3MC,24,DD,What is the average speed of the walking pedestrian from 1.0s to the end in m/s?,acceleration of the white car = 4m/s^2,"t=0.58s, distance_human_camera = 38.3473m
t=1.58s, distance_human_camera = 38.7220m
t=0.58s, distance_yellow_car_camera = 35.5258m
t=1.58s, distance_yellow_car_camera = 33.0077m
t=0.58s, distance_white_car_camera = 38.1362m
t=1.58s, distance_white_car_camera = 34.0492m
t=0.58s, distance_bike_camera = 33.9976m
t=1.58s, distance_bike_camera = 28.6807m",
1316,simulation_0064,simulation,A3MC,24,DS,What is the height of the walking pedestrian in meters?,acceleration of the white car = 4m/s^2,"t=0.58s, distance_human_camera = 38.3473m
t=1.58s, distance_human_camera = 38.7220m
t=0.58s, distance_yellow_car_camera = 35.5258m
t=1.58s, distance_yellow_car_camera = 33.0077m
t=0.58s, distance_white_car_camera = 38.1362m
t=1.58s, distance_white_car_camera = 34.0492m
t=0.58s, distance_bike_camera = 33.9976m
t=1.58s, distance_bike_camera = 28.6807m",
1317,simulation_0064,simulation,A3MC,24,DD,What is the average speed of the bicycle from the beginning to the end in m/s?,acceleration of the white car = 4m/s^2,"t=0.58s, distance_human_camera = 38.3473m
t=1.58s, distance_human_camera = 38.7220m
t=0.58s, distance_yellow_car_camera = 35.5258m
t=1.58s, distance_yellow_car_camera = 33.0077m
t=0.58s, distance_white_car_camera = 38.1362m
t=1.58s, distance_white_car_camera = 34.0492m
t=0.58s, distance_bike_camera = 33.9976m
t=1.58s, distance_bike_camera = 28.6807m",
1318,simulation_0065,simulation,A3MC,24,DD,What is the average speed of the yellow car from the beginning to the end in m/s？,acceleration of the white car = 4m/s^2,"t=0.58s, distance_human_camera = 25.3568m
t=1.58s, distance_human_camera = 25.9200m
t=0.58s, distance_yellow_car_camera = 23.7441m
t=1.58s, distance_yellow_car_camera = 27.0055m
t=0.58s, distance_white_car_camera = 21.3649m
t=1.58s, distance_white_car_camera = 25.2551m
t=0.58s, distance_bike_camera = 25.3360m
t=1.58s, distance_bike_camera = 30.4344m",
1319,simulation_0065,simulation,A3MC,24,DS,What is the width of the lane in meters?,acceleration of the white car = 4m/s^2,"t=0.58s, distance_human_camera = 25.3568m
t=1.58s, distance_human_camera = 25.9200m
t=0.58s, distance_yellow_car_camera = 23.7441m
t=1.58s, distance_yellow_car_camera = 27.0055m
t=0.58s, distance_white_car_camera = 21.3649m
t=1.58s, distance_white_car_camera = 25.2551m
t=0.58s, distance_bike_camera = 25.3360m
t=1.58s, distance_bike_camera = 30.4344m",
1320,simulation_0065,simulation,A3MC,24,DS,What is the height of the white car in meters？,acceleration of the white car = 4m/s^2,"t=0.58s, distance_human_camera = 25.3568m
t=1.58s, distance_human_camera = 25.9200m
t=0.58s, distance_yellow_car_camera = 23.7441m
t=1.58s, distance_yellow_car_camera = 27.0055m
t=0.58s, distance_white_car_camera = 21.3649m
t=1.58s, distance_white_car_camera = 25.2551m
t=0.58s, distance_bike_camera = 25.3360m
t=1.58s, distance_bike_camera = 30.4344m",
1321,simulation_0065,simulation,A3MC,24,DS,What is the width of the white car in meters？,acceleration of the white car = 4m/s^2,"t=0.58s, distance_human_camera = 25.3568m
t=1.58s, distance_human_camera = 25.9200m
t=0.58s, distance_yellow_car_camera = 23.7441m
t=1.58s, distance_yellow_car_camera = 27.0055m
t=0.58s, distance_white_car_camera = 21.3649m
t=1.58s, distance_white_car_camera = 25.2551m
t=0.58s, distance_bike_camera = 25.3360m
t=1.58s, distance_bike_camera = 30.4344m",
1322,simulation_0065,simulation,A3MC,24,DS,What is the length of the turning yellow car in meters?,acceleration of the white car = 4m/s^2,"t=0.58s, distance_human_camera = 25.3568m
t=1.58s, distance_human_camera = 25.9200m
t=0.58s, distance_yellow_car_camera = 23.7441m
t=1.58s, distance_yellow_car_camera = 27.0055m
t=0.58s, distance_white_car_camera = 21.3649m
t=1.58s, distance_white_car_camera = 25.2551m
t=0.58s, distance_bike_camera = 25.3360m
t=1.58s, distance_bike_camera = 30.4344m",
1323,simulation_0065,simulation,A3MC,24,DS,What is the height of the turning yellow car in meters?,acceleration of the white car = 4m/s^2,"t=0.58s, distance_human_camera = 25.3568m
t=1.58s, distance_human_camera = 25.9200m
t=0.58s, distance_yellow_car_camera = 23.7441m
t=1.58s, distance_yellow_car_camera = 27.0055m
t=0.58s, distance_white_car_camera = 21.3649m
t=1.58s, distance_white_car_camera = 25.2551m
t=0.58s, distance_bike_camera = 25.3360m
t=1.58s, distance_bike_camera = 30.4344m",
1324,simulation_0065,simulation,A3MC,24,DS,What is the width of the turning yellow car in meters?,acceleration of the white car = 4m/s^2,"t=0.58s, distance_human_camera = 25.3568m
t=1.58s, distance_human_camera = 25.9200m
t=0.58s, distance_yellow_car_camera = 23.7441m
t=1.58s, distance_yellow_car_camera = 27.0055m
t=0.58s, distance_white_car_camera = 21.3649m
t=1.58s, distance_white_car_camera = 25.2551m
t=0.58s, distance_bike_camera = 25.3360m
t=1.58s, distance_bike_camera = 30.4344m",
1325,simulation_0065,simulation,A3MC,24,DS,What is the diameter of the bicycle wheel in meters?,acceleration of the white car = 4m/s^2,"t=0.58s, distance_human_camera = 25.3568m
t=1.58s, distance_human_camera = 25.9200m
t=0.58s, distance_yellow_car_camera = 23.7441m
t=1.58s, distance_yellow_car_camera = 27.0055m
t=0.58s, distance_white_car_camera = 21.3649m
t=1.58s, distance_white_car_camera = 25.2551m
t=0.58s, distance_bike_camera = 25.3360m
t=1.58s, distance_bike_camera = 30.4344m",
1326,simulation_0065,simulation,A3MC,24,DS,What is the height of the traffic light in meters?,acceleration of the white car = 4m/s^2,"t=0.58s, distance_human_camera = 25.3568m
t=1.58s, distance_human_camera = 25.9200m
t=0.58s, distance_yellow_car_camera = 23.7441m
t=1.58s, distance_yellow_car_camera = 27.0055m
t=0.58s, distance_white_car_camera = 21.3649m
t=1.58s, distance_white_car_camera = 25.2551m
t=0.58s, distance_bike_camera = 25.3360m
t=1.58s, distance_bike_camera = 30.4344m",
1327,simulation_0065,simulation,A3MC,24,DD,What is the average speed of the walking pedestrian from 1.0s to 2.0s in m/s?,acceleration of the white car = 4m/s^2,"t=0.58s, distance_human_camera = 25.3568m
t=1.58s, distance_human_camera = 25.9200m
t=0.58s, distance_yellow_car_camera = 23.7441m
t=1.58s, distance_yellow_car_camera = 27.0055m
t=0.58s, distance_white_car_camera = 21.3649m
t=1.58s, distance_white_car_camera = 25.2551m
t=0.58s, distance_bike_camera = 25.3360m
t=1.58s, distance_bike_camera = 30.4344m",
1328,simulation_0065,simulation,A3MC,24,DS,What is the height of the walking pedestrian in meters?,acceleration of the white car = 4m/s^2,"t=0.58s, distance_human_camera = 25.3568m
t=1.58s, distance_human_camera = 25.9200m
t=0.58s, distance_yellow_car_camera = 23.7441m
t=1.58s, distance_yellow_car_camera = 27.0055m
t=0.58s, distance_white_car_camera = 21.3649m
t=1.58s, distance_white_car_camera = 25.2551m
t=0.58s, distance_bike_camera = 25.3360m
t=1.58s, distance_bike_camera = 30.4344m",
1329,simulation_0065,simulation,A3MC,24,DD,What is the average speed of the bicycle from the beginning to the end in m/s?,acceleration of the white car = 4m/s^2,"t=0.58s, distance_human_camera = 25.3568m
t=1.58s, distance_human_camera = 25.9200m
t=0.58s, distance_yellow_car_camera = 23.7441m
t=1.58s, distance_yellow_car_camera = 27.0055m
t=0.58s, distance_white_car_camera = 21.3649m
t=1.58s, distance_white_car_camera = 25.2551m
t=0.58s, distance_bike_camera = 25.3360m
t=1.58s, distance_bike_camera = 30.4344m",
1330,simulation_0066,simulation,A3MC,24,DD,What is the speed of the yellow car at 2.5s in m/s？,acceleration of the white car = 4m/s^2,"t=0.58s, distance_human_camera = 21.0610m
t=1.58s, distance_human_camera = 21.3488m
t=0.58s, distance_yellow_car_camera = 19.6514m
t=1.58s, distance_yellow_car_camera = 16.5490m
t=0.58s, distance_white_car_camera = 23.5892m
t=1.58s, distance_white_car_camera = 19.9903m
t=0.58s, distance_bike_camera = 19.0650m
t=1.58s, distance_bike_camera = 14.6515m",
1331,simulation_0066,simulation,A3MC,24,DS,What is the width of the lane in meters?,acceleration of the white car = 4m/s^2,"t=0.58s, distance_human_camera = 21.0610m
t=1.58s, distance_human_camera = 21.3488m
t=0.58s, distance_yellow_car_camera = 19.6514m
t=1.58s, distance_yellow_car_camera = 16.5490m
t=0.58s, distance_white_car_camera = 23.5892m
t=1.58s, distance_white_car_camera = 19.9903m
t=0.58s, distance_bike_camera = 19.0650m
t=1.58s, distance_bike_camera = 14.6515m",
1332,simulation_0066,simulation,A3MC,24,DS,What is the width of the white car in meters?,acceleration of the white car = 4m/s^2,"t=0.58s, distance_human_camera = 21.0610m
t=1.58s, distance_human_camera = 21.3488m
t=0.58s, distance_yellow_car_camera = 19.6514m
t=1.58s, distance_yellow_car_camera = 16.5490m
t=0.58s, distance_white_car_camera = 23.5892m
t=1.58s, distance_white_car_camera = 19.9903m
t=0.58s, distance_bike_camera = 19.0650m
t=1.58s, distance_bike_camera = 14.6515m",
1333,simulation_0066,simulation,A3MC,24,DS,What is the length of the white car in meters？,acceleration of the white car = 4m/s^2,"t=0.58s, distance_human_camera = 21.0610m
t=1.58s, distance_human_camera = 21.3488m
t=0.58s, distance_yellow_car_camera = 19.6514m
t=1.58s, distance_yellow_car_camera = 16.5490m
t=0.58s, distance_white_car_camera = 23.5892m
t=1.58s, distance_white_car_camera = 19.9903m
t=0.58s, distance_bike_camera = 19.0650m
t=1.58s, distance_bike_camera = 14.6515m",
1334,simulation_0066,simulation,A3MC,24,DS,What is the height of the white car in meters？,acceleration of the white car = 4m/s^2,"t=0.58s, distance_human_camera = 21.0610m
t=1.58s, distance_human_camera = 21.3488m
t=0.58s, distance_yellow_car_camera = 19.6514m
t=1.58s, distance_yellow_car_camera = 16.5490m
t=0.58s, distance_white_car_camera = 23.5892m
t=1.58s, distance_white_car_camera = 19.9903m
t=0.58s, distance_bike_camera = 19.0650m
t=1.58s, distance_bike_camera = 14.6515m",
1335,simulation_0066,simulation,A3MC,24,DS,What is the length of the turning yellow car in meters?,acceleration of the white car = 4m/s^2,"t=0.58s, distance_human_camera = 21.0610m
t=1.58s, distance_human_camera = 21.3488m
t=0.58s, distance_yellow_car_camera = 19.6514m
t=1.58s, distance_yellow_car_camera = 16.5490m
t=0.58s, distance_white_car_camera = 23.5892m
t=1.58s, distance_white_car_camera = 19.9903m
t=0.58s, distance_bike_camera = 19.0650m
t=1.58s, distance_bike_camera = 14.6515m",
1336,simulation_0066,simulation,A3MC,24,DS,What is the height of the turning yellow car in meters?,acceleration of the white car = 4m/s^2,"t=0.58s, distance_human_camera = 21.0610m
t=1.58s, distance_human_camera = 21.3488m
t=0.58s, distance_yellow_car_camera = 19.6514m
t=1.58s, distance_yellow_car_camera = 16.5490m
t=0.58s, distance_white_car_camera = 23.5892m
t=1.58s, distance_white_car_camera = 19.9903m
t=0.58s, distance_bike_camera = 19.0650m
t=1.58s, distance_bike_camera = 14.6515m",
1337,simulation_0066,simulation,A3MC,24,DS,What is the width of the turning yellow car in meters?,acceleration of the white car = 4m/s^2,"t=0.58s, distance_human_camera = 21.0610m
t=1.58s, distance_human_camera = 21.3488m
t=0.58s, distance_yellow_car_camera = 19.6514m
t=1.58s, distance_yellow_car_camera = 16.5490m
t=0.58s, distance_white_car_camera = 23.5892m
t=1.58s, distance_white_car_camera = 19.9903m
t=0.58s, distance_bike_camera = 19.0650m
t=1.58s, distance_bike_camera = 14.6515m",
1338,simulation_0066,simulation,A3MC,24,DS,What is the diameter of the bicycle wheel in meters?,acceleration of the white car = 4m/s^2,"t=0.58s, distance_human_camera = 21.0610m
t=1.58s, distance_human_camera = 21.3488m
t=0.58s, distance_yellow_car_camera = 19.6514m
t=1.58s, distance_yellow_car_camera = 16.5490m
t=0.58s, distance_white_car_camera = 23.5892m
t=1.58s, distance_white_car_camera = 19.9903m
t=0.58s, distance_bike_camera = 19.0650m
t=1.58s, distance_bike_camera = 14.6515m",
1339,simulation_0066,simulation,A3MC,24,DD,What is the average speed of the walking pedestrian from the beginning to the end in m/s?,acceleration of the white car = 4m/s^2,"t=0.58s, distance_human_camera = 21.0610m
t=1.58s, distance_human_camera = 21.3488m
t=0.58s, distance_yellow_car_camera = 19.6514m
t=1.58s, distance_yellow_car_camera = 16.5490m
t=0.58s, distance_white_car_camera = 23.5892m
t=1.58s, distance_white_car_camera = 19.9903m
t=0.58s, distance_bike_camera = 19.0650m
t=1.58s, distance_bike_camera = 14.6515m",
1340,simulation_0066,simulation,A3MC,24,DS,What is the height of the walking pedestrian in meters?,acceleration of the white car = 4m/s^2,"t=0.58s, distance_human_camera = 21.0610m
t=1.58s, distance_human_camera = 21.3488m
t=0.58s, distance_yellow_car_camera = 19.6514m
t=1.58s, distance_yellow_car_camera = 16.5490m
t=0.58s, distance_white_car_camera = 23.5892m
t=1.58s, distance_white_car_camera = 19.9903m
t=0.58s, distance_bike_camera = 19.0650m
t=1.58s, distance_bike_camera = 14.6515m",
1341,simulation_0066,simulation,A3MC,24,DD,What is the average speed of the bicycle from the beginning to the end in m/s?,acceleration of the white car = 4m/s^2,"t=0.58s, distance_human_camera = 21.0610m
t=1.58s, distance_human_camera = 21.3488m
t=0.58s, distance_yellow_car_camera = 19.6514m
t=1.58s, distance_yellow_car_camera = 16.5490m
t=0.58s, distance_white_car_camera = 23.5892m
t=1.58s, distance_white_car_camera = 19.9903m
t=0.58s, distance_bike_camera = 19.0650m
t=1.58s, distance_bike_camera = 14.6515m",
1342,simulation_0066,simulation,A3MC,24,DS,What is the width of the green car in meters?,acceleration of the white car = 4m/s^2,"t=0.58s, distance_human_camera = 21.0610m
t=1.58s, distance_human_camera = 21.3488m
t=0.58s, distance_yellow_car_camera = 19.6514m
t=1.58s, distance_yellow_car_camera = 16.5490m
t=0.58s, distance_white_car_camera = 23.5892m
t=1.58s, distance_white_car_camera = 19.9903m
t=0.58s, distance_bike_camera = 19.0650m
t=1.58s, distance_bike_camera = 14.6515m",
1343,simulation_0066,simulation,A3MC,24,DS,What is the length of the green car in meters?,acceleration of the white car = 4m/s^2,"t=0.58s, distance_human_camera = 21.0610m
t=1.58s, distance_human_camera = 21.3488m
t=0.58s, distance_yellow_car_camera = 19.6514m
t=1.58s, distance_yellow_car_camera = 16.5490m
t=0.58s, distance_white_car_camera = 23.5892m
t=1.58s, distance_white_car_camera = 19.9903m
t=0.58s, distance_bike_camera = 19.0650m
t=1.58s, distance_bike_camera = 14.6515m",
1344,simulation_0066,simulation,A3MC,24,DS,What is the height of the green car in meters?,acceleration of the white car = 4m/s^2,"t=0.58s, distance_human_camera = 21.0610m
t=1.58s, distance_human_camera = 21.3488m
t=0.58s, distance_yellow_car_camera = 19.6514m
t=1.58s, distance_yellow_car_camera = 16.5490m
t=0.58s, distance_white_car_camera = 23.5892m
t=1.58s, distance_white_car_camera = 19.9903m
t=0.58s, distance_bike_camera = 19.0650m
t=1.58s, distance_bike_camera = 14.6515m",
1345,simulation_0066,simulation,A3MC,24,DS,What is the width of the purple car in meters?,acceleration of the white car = 4m/s^2,"t=0.58s, distance_human_camera = 21.0610m
t=1.58s, distance_human_camera = 21.3488m
t=0.58s, distance_yellow_car_camera = 19.6514m
t=1.58s, distance_yellow_car_camera = 16.5490m
t=0.58s, distance_white_car_camera = 23.5892m
t=1.58s, distance_white_car_camera = 19.9903m
t=0.58s, distance_bike_camera = 19.0650m
t=1.58s, distance_bike_camera = 14.6515m",
1346,simulation_0066,simulation,A3MC,24,DS,What is the height of the purple car in meters?,acceleration of the white car = 4m/s^2,"t=0.58s, distance_human_camera = 21.0610m
t=1.58s, distance_human_camera = 21.3488m
t=0.58s, distance_yellow_car_camera = 19.6514m
t=1.58s, distance_yellow_car_camera = 16.5490m
t=0.58s, distance_white_car_camera = 23.5892m
t=1.58s, distance_white_car_camera = 19.9903m
t=0.58s, distance_bike_camera = 19.0650m
t=1.58s, distance_bike_camera = 14.6515m",
1347,simulation_0067,simulation,A3MC,24,DD,What is the speed of the yellow car at 2.5s in m/s？,acceleration of the white car = 4m/s^2,"t=0.58s, distance_human_camera = 21.6770m
t=1.58s, distance_human_camera = 22.7825m
t=0.58s, distance_yellow_car_camera = 14.7874m
t=1.58s, distance_yellow_car_camera = 18.3786m
t=0.58s, distance_white_car_camera = 10.6240m
t=1.58s, distance_white_car_camera = 12.8097m
t=0.58s, distance_bike_camera = 14.1413m
t=1.58s, distance_bike_camera = 17.8223m",
1348,simulation_0067,simulation,A3MC,24,DS,What is the width of the lane in meters?,acceleration of the white car = 4m/s^2,"t=0.58s, distance_human_camera = 21.6770m
t=1.58s, distance_human_camera = 22.7825m
t=0.58s, distance_yellow_car_camera = 14.7874m
t=1.58s, distance_yellow_car_camera = 18.3786m
t=0.58s, distance_white_car_camera = 10.6240m
t=1.58s, distance_white_car_camera = 12.8097m
t=0.58s, distance_bike_camera = 14.1413m
t=1.58s, distance_bike_camera = 17.8223m",
1349,simulation_0067,simulation,A3MC,24,DS,What is the width of the white car in meters?,acceleration of the white car = 4m/s^2,"t=0.58s, distance_human_camera = 21.6770m
t=1.58s, distance_human_camera = 22.7825m
t=0.58s, distance_yellow_car_camera = 14.7874m
t=1.58s, distance_yellow_car_camera = 18.3786m
t=0.58s, distance_white_car_camera = 10.6240m
t=1.58s, distance_white_car_camera = 12.8097m
t=0.58s, distance_bike_camera = 14.1413m
t=1.58s, distance_bike_camera = 17.8223m",
1350,simulation_0067,simulation,A3MC,24,DS,What is the length of the white car in meters？,acceleration of the white car = 4m/s^2,"t=0.58s, distance_human_camera = 21.6770m
t=1.58s, distance_human_camera = 22.7825m
t=0.58s, distance_yellow_car_camera = 14.7874m
t=1.58s, distance_yellow_car_camera = 18.3786m
t=0.58s, distance_white_car_camera = 10.6240m
t=1.58s, distance_white_car_camera = 12.8097m
t=0.58s, distance_bike_camera = 14.1413m
t=1.58s, distance_bike_camera = 17.8223m",
1351,simulation_0067,simulation,A3MC,24,DS,What is the height of the white car in meters？,acceleration of the white car = 4m/s^2,"t=0.58s, distance_human_camera = 21.6770m
t=1.58s, distance_human_camera = 22.7825m
t=0.58s, distance_yellow_car_camera = 14.7874m
t=1.58s, distance_yellow_car_camera = 18.3786m
t=0.58s, distance_white_car_camera = 10.6240m
t=1.58s, distance_white_car_camera = 12.8097m
t=0.58s, distance_bike_camera = 14.1413m
t=1.58s, distance_bike_camera = 17.8223m",
1352,simulation_0067,simulation,A3MC,24,DS,What is the length of the turning yellow car in meters?,acceleration of the white car = 4m/s^2,"t=0.58s, distance_human_camera = 21.6770m
t=1.58s, distance_human_camera = 22.7825m
t=0.58s, distance_yellow_car_camera = 14.7874m
t=1.58s, distance_yellow_car_camera = 18.3786m
t=0.58s, distance_white_car_camera = 10.6240m
t=1.58s, distance_white_car_camera = 12.8097m
t=0.58s, distance_bike_camera = 14.1413m
t=1.58s, distance_bike_camera = 17.8223m",
1353,simulation_0067,simulation,A3MC,24,DS,What is the height of the turning yellow car in meters?,acceleration of the white car = 4m/s^2,"t=0.58s, distance_human_camera = 21.6770m
t=1.58s, distance_human_camera = 22.7825m
t=0.58s, distance_yellow_car_camera = 14.7874m
t=1.58s, distance_yellow_car_camera = 18.3786m
t=0.58s, distance_white_car_camera = 10.6240m
t=1.58s, distance_white_car_camera = 12.8097m
t=0.58s, distance_bike_camera = 14.1413m
t=1.58s, distance_bike_camera = 17.8223m",
1354,simulation_0067,simulation,A3MC,24,DS,What is the width of the turning yellow car in meters?,acceleration of the white car = 4m/s^2,"t=0.58s, distance_human_camera = 21.6770m
t=1.58s, distance_human_camera = 22.7825m
t=0.58s, distance_yellow_car_camera = 14.7874m
t=1.58s, distance_yellow_car_camera = 18.3786m
t=0.58s, distance_white_car_camera = 10.6240m
t=1.58s, distance_white_car_camera = 12.8097m
t=0.58s, distance_bike_camera = 14.1413m
t=1.58s, distance_bike_camera = 17.8223m",
1355,simulation_0067,simulation,A3MC,24,DS,What is the diameter of the bicycle wheel in meters?,acceleration of the white car = 4m/s^2,"t=0.58s, distance_human_camera = 21.6770m
t=1.58s, distance_human_camera = 22.7825m
t=0.58s, distance_yellow_car_camera = 14.7874m
t=1.58s, distance_yellow_car_camera = 18.3786m
t=0.58s, distance_white_car_camera = 10.6240m
t=1.58s, distance_white_car_camera = 12.8097m
t=0.58s, distance_bike_camera = 14.1413m
t=1.58s, distance_bike_camera = 17.8223m",
1356,simulation_0067,simulation,A3MC,24,DD,What is the average speed of the walking pedestrian from the beginning to the end in m/s?,acceleration of the white car = 4m/s^2,"t=0.58s, distance_human_camera = 21.6770m
t=1.58s, distance_human_camera = 22.7825m
t=0.58s, distance_yellow_car_camera = 14.7874m
t=1.58s, distance_yellow_car_camera = 18.3786m
t=0.58s, distance_white_car_camera = 10.6240m
t=1.58s, distance_white_car_camera = 12.8097m
t=0.58s, distance_bike_camera = 14.1413m
t=1.58s, distance_bike_camera = 17.8223m",
1357,simulation_0067,simulation,A3MC,24,DS,What is the height of the walking pedestrian in meters?,acceleration of the white car = 4m/s^2,"t=0.58s, distance_human_camera = 21.6770m
t=1.58s, distance_human_camera = 22.7825m
t=0.58s, distance_yellow_car_camera = 14.7874m
t=1.58s, distance_yellow_car_camera = 18.3786m
t=0.58s, distance_white_car_camera = 10.6240m
t=1.58s, distance_white_car_camera = 12.8097m
t=0.58s, distance_bike_camera = 14.1413m
t=1.58s, distance_bike_camera = 17.8223m",
1358,simulation_0067,simulation,A3MC,24,DD,What is the average speed of the bicycle from the beginning to the end in m/s?,acceleration of the white car = 4m/s^2,"t=0.58s, distance_human_camera = 21.6770m
t=1.58s, distance_human_camera = 22.7825m
t=0.58s, distance_yellow_car_camera = 14.7874m
t=1.58s, distance_yellow_car_camera = 18.3786m
t=0.58s, distance_white_car_camera = 10.6240m
t=1.58s, distance_white_car_camera = 12.8097m
t=0.58s, distance_bike_camera = 14.1413m
t=1.58s, distance_bike_camera = 17.8223m",
1359,simulation_0067,simulation,A3MC,24,DS,What is the width of the purple car in meters?,acceleration of the white car = 4m/s^2,"t=0.58s, distance_human_camera = 21.6770m
t=1.58s, distance_human_camera = 22.7825m
t=0.58s, distance_yellow_car_camera = 14.7874m
t=1.58s, distance_yellow_car_camera = 18.3786m
t=0.58s, distance_white_car_camera = 10.6240m
t=1.58s, distance_white_car_camera = 12.8097m
t=0.58s, distance_bike_camera = 14.1413m
t=1.58s, distance_bike_camera = 17.8223m",
1360,simulation_0067,simulation,A3MC,24,DS,What is the height of the purple car in meters?,acceleration of the white car = 4m/s^2,"t=0.58s, distance_human_camera = 21.6770m
t=1.58s, distance_human_camera = 22.7825m
t=0.58s, distance_yellow_car_camera = 14.7874m
t=1.58s, distance_yellow_car_camera = 18.3786m
t=0.58s, distance_white_car_camera = 10.6240m
t=1.58s, distance_white_car_camera = 12.8097m
t=0.58s, distance_bike_camera = 14.1413m
t=1.58s, distance_bike_camera = 17.8223m",
1361,simulation_0067,simulation,A3MC,24,DS,What is the length of the purple car in meters?,acceleration of the white car = 4m/s^2,"t=0.58s, distance_human_camera = 21.6770m
t=1.58s, distance_human_camera = 22.7825m
t=0.58s, distance_yellow_car_camera = 14.7874m
t=1.58s, distance_yellow_car_camera = 18.3786m
t=0.58s, distance_white_car_camera = 10.6240m
t=1.58s, distance_white_car_camera = 12.8097m
t=0.58s, distance_bike_camera = 14.1413m
t=1.58s, distance_bike_camera = 17.8223m",
1362,simulation_0074,simulation,S3MS,24,SS,What is the length of the turning yellow car in meters?,length of the white car = 6m,"t=0.58s, distance_human_camera = 37.0747m
t=1.58s, distance_human_camera = 37.8958m
t=0.58s, distance_yellow_car_camera = 31.0495m
t=1.58s, distance_yellow_car_camera = 30.4267m
t=0.58s, distance_white_car_camera = 31.2826m
t=1.58s, distance_white_car_camera = 27.7202m
t=0.58s, distance_bike_camera = 28.6001m
t=1.58s, distance_bike_camera = 24.5118m",
1363,simulation_0074,simulation,S3MS,24,SD,What is the average speed of the walking pedestrian from the beginning to the end in m/s?,length of the white car = 6m,"t=0.58s, distance_human_camera = 37.0747m
t=1.58s, distance_human_camera = 37.8958m
t=0.58s, distance_yellow_car_camera = 31.0495m
t=1.58s, distance_yellow_car_camera = 30.4267m
t=0.58s, distance_white_car_camera = 31.2826m
t=1.58s, distance_white_car_camera = 27.7202m
t=0.58s, distance_bike_camera = 28.6001m
t=1.58s, distance_bike_camera = 24.5118m",
1364,simulation_0074,simulation,S3MS,24,SS,What is the height of the walking pedestrian in meters?,length of the white car = 6m,"t=0.58s, distance_human_camera = 37.0747m
t=1.58s, distance_human_camera = 37.8958m
t=0.58s, distance_yellow_car_camera = 31.0495m
t=1.58s, distance_yellow_car_camera = 30.4267m
t=0.58s, distance_white_car_camera = 31.2826m
t=1.58s, distance_white_car_camera = 27.7202m
t=0.58s, distance_bike_camera = 28.6001m
t=1.58s, distance_bike_camera = 24.5118m",
1365,simulation_0074,simulation,S3MS,24,SD,What is the average speed of the turing yellow car from the beginning to the end in m/s?,length of the white car = 6m,"t=0.58s, distance_human_camera = 37.0747m
t=1.58s, distance_human_camera = 37.8958m
t=0.58s, distance_yellow_car_camera = 31.0495m
t=1.58s, distance_yellow_car_camera = 30.4267m
t=0.58s, distance_white_car_camera = 31.2826m
t=1.58s, distance_white_car_camera = 27.7202m
t=0.58s, distance_bike_camera = 28.6001m
t=1.58s, distance_bike_camera = 24.5118m",
1366,simulation_0074,simulation,S3MS,24,SS,What is the width of the turning yellow car in meters?,length of the white car = 6m,"t=0.58s, distance_human_camera = 37.0747m
t=1.58s, distance_human_camera = 37.8958m
t=0.58s, distance_yellow_car_camera = 31.0495m
t=1.58s, distance_yellow_car_camera = 30.4267m
t=0.58s, distance_white_car_camera = 31.2826m
t=1.58s, distance_white_car_camera = 27.7202m
t=0.58s, distance_bike_camera = 28.6001m
t=1.58s, distance_bike_camera = 24.5118m",
1367,simulation_0074,simulation,S3MS,24,SS,What is the height of the turning yellow car in meters?,length of the white car = 6m,"t=0.58s, distance_human_camera = 37.0747m
t=1.58s, distance_human_camera = 37.8958m
t=0.58s, distance_yellow_car_camera = 31.0495m
t=1.58s, distance_yellow_car_camera = 30.4267m
t=0.58s, distance_white_car_camera = 31.2826m
t=1.58s, distance_white_car_camera = 27.7202m
t=0.58s, distance_bike_camera = 28.6001m
t=1.58s, distance_bike_camera = 24.5118m",
1368,simulation_0074,simulation,S3MS,24,SS,What is the width of the purple car in meters?,length of the white car = 6m,"t=0.58s, distance_human_camera = 37.0747m
t=1.58s, distance_human_camera = 37.8958m
t=0.58s, distance_yellow_car_camera = 31.0495m
t=1.58s, distance_yellow_car_camera = 30.4267m
t=0.58s, distance_white_car_camera = 31.2826m
t=1.58s, distance_white_car_camera = 27.7202m
t=0.58s, distance_bike_camera = 28.6001m
t=1.58s, distance_bike_camera = 24.5118m",
1369,simulation_0074,simulation,S3MS,24,SS,What is the height of the purple car in meters?,length of the white car = 6m,"t=0.58s, distance_human_camera = 37.0747m
t=1.58s, distance_human_camera = 37.8958m
t=0.58s, distance_yellow_car_camera = 31.0495m
t=1.58s, distance_yellow_car_camera = 30.4267m
t=0.58s, distance_white_car_camera = 31.2826m
t=1.58s, distance_white_car_camera = 27.7202m
t=0.58s, distance_bike_camera = 28.6001m
t=1.58s, distance_bike_camera = 24.5118m",
1370,simulation_0074,simulation,S3MS,24,SS,What is the length of the purple car in meters?,length of the white car = 6m,"t=0.58s, distance_human_camera = 37.0747m
t=1.58s, distance_human_camera = 37.8958m
t=0.58s, distance_yellow_car_camera = 31.0495m
t=1.58s, distance_yellow_car_camera = 30.4267m
t=0.58s, distance_white_car_camera = 31.2826m
t=1.58s, distance_white_car_camera = 27.7202m
t=0.58s, distance_bike_camera = 28.6001m
t=1.58s, distance_bike_camera = 24.5118m",
1371,simulation_0074,simulation,S3MS,24,SD,What is the average speed of the bicycle from the beginning to the end in m/s?,length of the white car = 6m,"t=0.58s, distance_human_camera = 37.0747m
t=1.58s, distance_human_camera = 37.8958m
t=0.58s, distance_yellow_car_camera = 31.0495m
t=1.58s, distance_yellow_car_camera = 30.4267m
t=0.58s, distance_white_car_camera = 31.2826m
t=1.58s, distance_white_car_camera = 27.7202m
t=0.58s, distance_bike_camera = 28.6001m
t=1.58s, distance_bike_camera = 24.5118m",
1372,simulation_0074,simulation,S3MS,24,SS,What is the side length of the square earthen platform in meters?,length of the white car = 6m,"t=0.58s, distance_human_camera = 37.0747m
t=1.58s, distance_human_camera = 37.8958m
t=0.58s, distance_yellow_car_camera = 31.0495m
t=1.58s, distance_yellow_car_camera = 30.4267m
t=0.58s, distance_white_car_camera = 31.2826m
t=1.58s, distance_white_car_camera = 27.7202m
t=0.58s, distance_bike_camera = 28.6001m
t=1.58s, distance_bike_camera = 24.5118m",
1373,simulation_0074,simulation,S3MS,24,SS,What is the diameter of the bicycle wheel in meters?,length of the white car = 6m,"t=0.58s, distance_human_camera = 37.0747m
t=1.58s, distance_human_camera = 37.8958m
t=0.58s, distance_yellow_car_camera = 31.0495m
t=1.58s, distance_yellow_car_camera = 30.4267m
t=0.58s, distance_white_car_camera = 31.2826m
t=1.58s, distance_white_car_camera = 27.7202m
t=0.58s, distance_bike_camera = 28.6001m
t=1.58s, distance_bike_camera = 24.5118m",
1374,simulation_0074,simulation,S3MS,24,SS,What is the width of the white car in meters?,length of the white car = 6m,"t=0.58s, distance_human_camera = 37.0747m
t=1.58s, distance_human_camera = 37.8958m
t=0.58s, distance_yellow_car_camera = 31.0495m
t=1.58s, distance_yellow_car_camera = 30.4267m
t=0.58s, distance_white_car_camera = 31.2826m
t=1.58s, distance_white_car_camera = 27.7202m
t=0.58s, distance_bike_camera = 28.6001m
t=1.58s, distance_bike_camera = 24.5118m",
1375,simulation_0074,simulation,S3MS,24,SD,What is the acceleration of the white car at 2.0s in m/s^2?,length of the white car = 6m,"t=0.58s, distance_human_camera = 37.0747m
t=1.58s, distance_human_camera = 37.8958m
t=0.58s, distance_yellow_car_camera = 31.0495m
t=1.58s, distance_yellow_car_camera = 30.4267m
t=0.58s, distance_white_car_camera = 31.2826m
t=1.58s, distance_white_car_camera = 27.7202m
t=0.58s, distance_bike_camera = 28.6001m
t=1.58s, distance_bike_camera = 24.5118m",
1376,simulation_0074,simulation,S3MS,24,SD,What is the height of the white car in meters？,length of the white car = 6m,"t=0.58s, distance_human_camera = 37.0747m
t=1.58s, distance_human_camera = 37.8958m
t=0.58s, distance_yellow_car_camera = 31.0495m
t=1.58s, distance_yellow_car_camera = 30.4267m
t=0.58s, distance_white_car_camera = 31.2826m
t=1.58s, distance_white_car_camera = 27.7202m
t=0.58s, distance_bike_camera = 28.6001m
t=1.58s, distance_bike_camera = 24.5118m",
1377,simulation_0109,simulation,V3MX,24,DS,What is the distance between two cells at 1s in meters?,speed of the red blood cell = 4.7833 m/s,"t=1.0s, distance_left_red_blood_cell_camera = 22.0155 m
t=2.0s, distance_left_red_blood_cell_camera = 24.0333 m",
1378,simulation_0109,simulation,V3MX,24,DS,What is the diameter of the red blood cell in meters？,speed of the red blood cell = 4.7833 m/s,"t=1.0s, distance_left_red_blood_cell_camera = 22.0155 m
t=2.0s, distance_left_red_blood_cell_camera = 24.0333 m",
1379,simulation_0110,simulation,V3MX,24,DS,What is the distance between two cells at 1s in meters?,speed of the red blood cell = 4.7833 m/s,"t=1.0s, distance_left_red_blood_cell_camera = 17.9557 m
t=2.0s, distance_left_red_blood_cell_camera = 22.7150 m",
1380,simulation_0110,simulation,V3MX,24,DS,What is the thickness of the red blood cell in meters？,speed of the red blood cell = 4.7833 m/s,"t=1.0s, distance_left_red_blood_cell_and_camera = 17.9557 m
t=2.0s, distance_left_red_blood_cell_and_camera = 22.7150 m",
1381,simulation_0110,simulation,V3MX,24,DS,What is the diameter of the red blood cell in meters？,speed of the red blood cell = 4.7833 m/s,"t=1.0s, distance_left_red_blood_cell_and_camera = 17.9557 m
t=2.0s, distance_left_red_blood_cell_and_camera = 22.7150 m",
1382,simulation_0143,simulation,S3MC,24,SS,What is the side length of the floor tile in meters?,height of the man = 1.8m,"t=0s, distance_man_camera = 7.21m   
t=0.5s, distance_man_camera = 7.91m",
1383,simulation_0143,simulation,S3MC,24,SD,What is the speed of the man at time 1s in m/s?,height of the man = 1.8m,"t=0s, distance_man_camera = 7.21m   
t=0.5s, distance_man_camera = 7.91m",
1384,simulation_0143,simulation,S3MC,24,SD,What is the speed of the man at time 2s in m/s?,height of the man = 1.8m,"t=0s, distance_man_camera = 7.21m   
t=0.5s, distance_man_camera = 7.91m",
1385,simulation_0143,simulation,S3MC,24,SD,What is the acceleration of the man at time 2.5s in m/s?,height of the man = 1.8m,"t=0s, distance_man_camera = 7.21m   
t=0.5s, distance_man_camera = 7.91m",
1386,simulation_0164,simulation,S3MC,24,SD,What is the speed of the ball at time 0.5s in m/s?,diameter of the ball = 0.21m,t=0.5s distance_bowling_ball_camera = 9.391m,
1387,simulation_0164,simulation,S3MC,24,SD,What is the acceleration of the ball at time 0.5s in m/s^2?,diameter of the ball = 0.21m,t=0.5s distance_bowling_ball_camera = 9.391m,
1388,simulation_0164,simulation,S3MC,24,SD,What is the speed of the ball at time 1s in m/s?,diameter of the ball = 0.21m,t=0.5s distance_bowling_ball_camera = 9.391m,
1389,simulation_0164,simulation,S3MC,24,SD,What is the acceleration of the ball at time 1s in m/s^2?,diameter of the ball = 0.21m,t=0.5s distance_bowling_ball_camera = 9.391m,
1390,simulation_0164,simulation,S3MC,24,SS,What is the height of the bowling pin in meters?,diameter of the ball = 0.21m,t=0.5s distance_bowling_ball_camera = 9.391m,
1391,simulation_0168,simulation,V3MC,24,DS,What is the width of the road that the bike crossed through in meters?,speed of the bike = 5.52m/s,"t=0s, distance_bike_camera = 28.219m
t=0.5s, distance_bike_camera = 25.554m",
1392,simulation_0168,simulation,V3MC,24,DS,What is the length of the bike in meters?,speed of the bike = 5.52m/s,"t=0s, distance_bike_camera = 28.219m
t=0.5s, distance_bike_camera = 25.554m",
1393,simulation_0168,simulation,V3MC,24,DS,What is the length of the police car in meters?,speed of the bike = 5.52m/s,"t=0s, distance_bike_camera = 28.219m
t=0.5s, distance_bike_camera = 25.554m",
1394,simulation_0168,simulation,V3MC,24,DS,What is the width of the police car in meters?,speed of the bike = 5.52m/s,"t=0s, distance_bike_camera = 28.219m
t=0.5s, distance_bike_camera = 25.554m",
1395,simulation_0168,simulation,V3MC,24,DD,What is the average speed of the police car in m/s?,speed of the bike = 5.52m/s,"t=0s, distance_bike_camera = 28.219m
t=0.5s, distance_bike_camera = 25.554m",
1396,simulation_0168,simulation,V3MC,24,DS,What is the width of the road that the bike and the car are on in meters?,speed of the bike = 5.52m/s,"t=0s, distance_bike_camera = 28.219m
t=0.5s, distance_bike_camera = 25.554m",
1397,simulation_0168,simulation,V3MC,24,DS,What is the diameter of the police car's tire in meters?,speed of the bike = 5.52m/s,"t=0s, distance_bike_camera = 28.219m
t=0.5s, distance_bike_camera = 25.554m",
1398,simulation_0168,simulation,V3MC,24,DS,What is the diameter of the bike's wheel in meters?,speed of the bike = 5.52m/s,"t=0s, distance_bike_camera = 28.219m
t=0.5s, distance_bike_camera = 25.554m",
1399,simulation_0170,simulation,S3SS,24,SD,What is the speed of the astronaut at time 0.5s in m/s?,height of the astronaut = 2.2m,"t=1s, distance_astronaut_camera = 23.137m",
1400,simulation_0170,simulation,S3SS,24,SD,What is the acceleration of the astronaut at time 0.5s in m/s^2?,height of the astronaut = 2.2m,"t=1s, distance_astronaut_camera = 23.137m",
1401,simulation_0170,simulation,S3SS,24,SD,What is the speed of the astronaut at time 1s in m/s?,height of the astronaut = 2.2m,"t=1s, distance_astronaut_camera = 23.137m",
1402,simulation_0170,simulation,S3SS,24,SD,What is the acceleration of the astronaut at time 1s in m/s^2?,height of the astronaut = 2.2m,"t=1s, distance_astronaut_camera = 23.137m",
1403,simulation_0170,simulation,S3SS,24,SD,What is the speed of the astronaut at time 2s in m/s?,height of the astronaut = 2.2m,"t=1s, distance_astronaut_camera = 23.137m",
1404,simulation_0170,simulation,S3SS,24,SD,What is the acceleration of the astronaut at time 2s in m/s^2?,height of the astronaut = 2.2m,"t=1s, distance_astronaut_camera = 23.137m",
1405,simulation_0170,simulation,S3SS,24,SD,What is the speed of the astronaut at time 3s in m/s?,height of the astronaut = 2.2m,"t=1s, distance_astronaut_camera = 23.137m",
1406,simulation_0170,simulation,S3SS,24,SD,What is the acceleration of the astronaut at time 3s in m/s^2?,height of the astronaut = 2.2m,"t=1s, distance_astronaut_camera = 23.137m",
1407,simulation_0172,simulation,S3SS,24,SD,What is the speed of the astronaut at time 0.5s in m/s?,height of the astronaut = 2.2m,"t=1s, distance_astronaut_camera = 18.147m",
1408,simulation_0172,simulation,S3SS,24,SD,What is the acceleration of the astronaut at time 0.5s in m/s^2?,height of the astronaut = 2.2m,"t=1s, distance_astronaut_camera = 18.147m",
1409,simulation_0172,simulation,S3SS,24,SD,What is the speed of the astronaut at time 1s in m/s?,height of the astronaut = 2.2m,"t=1s, distance_astronaut_camera = 18.147m",
1410,simulation_0172,simulation,S3SS,24,SD,What is the acceleration of the astronaut at time 1s in m/s^2?,height of the astronaut = 2.2m,"t=1s, distance_astronaut_camera = 18.147m",
1411,simulation_0172,simulation,S3SS,24,SD,What is the speed of the astronaut at time 2s in m/s?,height of the astronaut = 2.2m,"t=1s, distance_astronaut_camera = 18.147m",
1412,simulation_0172,simulation,S3SS,24,SD,What is the acceleration of the astronaut at time 2s in m/s^2?,height of the astronaut = 2.2m,"t=1s, distance_astronaut_camera = 18.147m",
1413,simulation_0172,simulation,S3SS,24,SD,What is the speed of the astronaut at time 3s in m/s?,height of the astronaut = 2.2m,"t=1s, distance_astronaut_camera = 18.147m",
1414,simulation_0172,simulation,S3SS,24,SD,What is the acceleration of the astronaut at time 3s in m/s^2?,height of the astronaut = 2.2m,"t=1s, distance_astronaut_camera = 18.147m",
1415,simulation_0176,simulation,V3MC,24,DS,What is the length of the airplane in meters?,speed of the airplane = 153.582m/s,"t = 0.5s, distance_aircraft_nose_camera = 284.98m   
t =1s, distance_aircraft_nose_camera = 305.627m   
distance_big_rock_camera = 296.350m",
1416,simulation_0176,simulation,V3MC,24,DS,What is the height of the stone cliff on the beach in meters?,speed of the airplane = 153.582m/s,"t = 0.5s, distance_aircraft_nose_camera = 284.98m   
t =1s, distance_aircraft_nose_camera = 305.627m   
distance_big_rock_camera = 296.350m",
1417,simulation_0176,simulation,V3MC,24,DS,What is the diameter of the rear wheels on an aircraft landing gear in meters?,speed of the airplane = 153.582m/s,"t = 0.5s, distance_aircraft_nose_camera = 284.98m   
t =1s, distance_aircraft_nose_camera = 305.627m   
distance_big_rock_camera = 296.350m",
1418,simulation_0180,simulation,A3MC,24,DS,What is the length of the trolley in meters?,acceleration of the trolley = 1.507m/s,"t=0s, distance_trolley_camera = 12.589m   
t=0.5s, distance_trolley_camera = 12.513m",
1419,simulation_0180,simulation,A3MC,24,DS,What is the height of the trolley in meters?,acceleration of the trolley = 1.507m/s,"t=0s, distance_trolley_camera = 12.589m   
t=0.5s, distance_trolley_camera = 12.513m",
1420,simulation_0180,simulation,A3MC,24,DS,What is the height of the entrance gate (including the frame) in meters?,acceleration of the trolley = 1.507m/s,"t=0s, distance_trolley_camera = 12.589m   
t=0.5s, distance_trolley_camera = 12.513m",
1421,simulation_0180,simulation,A3MC,24,DS,What is the length of the side of the orange tiles on the floor in meters?,acceleration of the trolley = 1.507m/s,"t=0s, distance_trolley_camera = 12.589m   
t=0.5s, distance_trolley_camera = 12.513m",
1422,simulation_0180,simulation,A3MC,24,DD,What is the speed of the trolley at time 1s in m/s?,acceleration of the trolley = 1.507m/s,"t=0s, distance_trolley_camera = 12.589m   
t=0.5s, distance_trolley_camera = 12.513m",
1423,simulation_0180,simulation,A3MC,24,DD,What is the speed of the trolley at time 2s in m/s?,acceleration of the trolley = 1.507m/s,"t=0s, distance_trolley_camera = 12.589m   
t=0.5s, distance_trolley_camera = 12.513m",
1424,simulation_0182,simulation,A3SC,24,DD,What is the acceleration of the box at 0.2s in m/s^2?,acceleration of the box after 0.75s = 2.338m/s^2,"t = 0s, distance_box_camera = 9.522m   
t = 0.5s, distance_box_camera = 9.384m",
1425,simulation_0182,simulation,A3SC,24,DD,What is the speed of the box at time 1s in m/s?,acceleration of the box after 0.75s = 2.338m/s^2,"t = 0s, distance_box_camera = 9.522m   
t = 0.5s, distance_box_camera = 9.384m",
1426,simulation_0182,simulation,A3SC,24,DD,What is the speed of the box at time 1.5s in m/s?,acceleration of the box after 0.75s = 2.338m/s^2,"t = 0s, distance_box_camera = 9.522m   
t = 0.5s, distance_box_camera = 9.384m",
1427,simulation_0182,simulation,A3SC,24,DS,What is the length of the box in meters?,acceleration of the box after 0.75s = 2.338m/s^2,"t = 0s, distance_box_camera = 9.522m   
t = 0.5s, distance_box_camera = 9.384m",
1428,simulation_0182,simulation,A3SC,24,DS,What is the height of the box in meters?,acceleration of the box after 0.75s = 2.338m/s^2,"t = 0s, distance_box_camera = 9.522m   
t = 0.5s, distance_box_camera = 9.384m",
1429,simulation_0184,simulation,A3SC,24,DD,What is the acceleration of the box at 0.2s in m/s^2?,acceleration of the tool box after 1.25s = 1.58m/s^2,"t = 0s, distance_box_camera = 9.194m      
t = 0.5s, distance_box_camera = 9.096m",
1430,simulation_0184,simulation,A3SC,24,DD,What is the speed of the box at time 1s in m/s?,acceleration of the tool box after 1.25s = 1.58m/s^2,"t = 0s, distance_box_camera = 9.194m      
t = 0.5s, distance_box_camera = 9.096m",
1431,simulation_0184,simulation,A3SC,24,DD,What is the speed of the box at time 1.5s in m/s?,acceleration of the tool box after 1.25s = 1.58m/s^2,"t = 0s, distance_box_camera = 9.194m      
t = 0.5s, distance_box_camera = 9.096m",
1432,simulation_0184,simulation,A3SC,24,DS,What is the length of the box in meters?,acceleration of the tool box after 1.25s = 1.58m/s^2,"t = 0s, distance_box_camera = 9.194m      
t = 0.5s, distance_box_camera = 9.096m",
1433,simulation_0184,simulation,A3SC,24,DS,What is the height of the box in meters?,acceleration of the tool box after 1.25s = 1.58m/s^2,"t = 0s, distance_box_camera = 9.194m      
t = 0.5s, distance_box_camera = 9.096m",
1434,simulation_0186,simulation,A3SC,24,DD,What is the acceleration of the box at 0.2s in m/s^2?,acceleration of the gift box after 1s = 3.18m/s^2,"t = 0s, distance_gift_box_camera = 9.859m   
t = 0.5s, distance_gift_box_camera = 9.741m",
1435,simulation_0186,simulation,A3SC,24,DD,What is the speed of the box at time 1s in m/s?,acceleration of the gift box after 1s = 3.18m/s^2,"t = 0s, distance_gift_box_camera = 9.859m   
t = 0.5s, distance_gift_box_camera = 9.741m",
1436,simulation_0186,simulation,A3SC,24,DD,What is the speed of the box at time 1.5s in m/s?,acceleration of the gift box after 1s = 3.18m/s^2,"t = 0s, distance_gift_box_camera = 9.859m   
t = 0.5s, distance_gift_box_camera = 9.741m",
1437,simulation_0186,simulation,A3SC,24,DS,What is the length of the box in meters?,acceleration of the gift box after 1s = 3.18m/s^2,"t = 0s, distance_gift_box_camera = 9.859m   
t = 0.5s, distance_gift_box_camera = 9.741m",
1438,simulation_0186,simulation,A3SC,24,DS,What is the height of the box in meters?,acceleration of the gift box after 1s = 3.18m/s^2,"t = 0s, distance_gift_box_camera = 9.859m   
t = 0.5s, distance_gift_box_camera = 9.741m",
1439,simulation_0188,simulation,A3SS,30,DS,What is the length of the truck in meters?,acceleration of the truck = 10.757m/s^2,"t=0.5s, distance_center_of _the_truck_camera = 22.532m   
t =1s, distance_center_of _the_truck_camera = 19.525m",
1440,simulation_0188,simulation,A3SS,30,DS,What is the height of the truck in meters?,acceleration of the truck = 10.757m/s^2,"t=0.5s, distance_center_of _the_truck_camera = 22.532m   
t =1s, distance_center_of _the_truck_camera = 19.525m",
1441,simulation_0188,simulation,A3SS,30,DS,What is the diameter of the truck's tire in meters?,acceleration of the truck = 10.757m/s^2,"t=0.5s, distance_center_of _the_truck_camera = 22.532m   
t =1s, distance_center_of _the_truck_camera = 19.525m",
1442,simulation_0188,simulation,A3SS,30,DD,What is the speed of the truck at time 1s in m/s?,acceleration of the truck = 10.757m/s^2,"t=0.5s, distance_center_of _the_truck_camera = 22.532m   
t =1s, distance_center_of _the_truck_camera = 19.525m",
1443,simulation_0188,simulation,A3SS,30,DD,What is the speed of the truck at time 1.5s in m/s?,acceleration of the truck = 10.757m/s^2,"t=0.5s, distance_center_of _the_truck_camera = 22.532m   
t =1s, distance_center_of _the_truck_camera = 19.525m",
1444,simulation_0188,simulation,A3SS,30,DS,What is the width of the truck in meters?,acceleration of the truck = 10.757m/s^2,"t=0.5s, distance_center_of _the_truck_camera = 22.532m   
t =1s, distance_center_of _the_truck_camera = 19.525m",
1445,simulation_0201,simulation,A3SS,60,DD,What is the speed of the droplet at time 0.2s in m/s?,acceleration of the droplet = 9.7m/s^2,"t=0s, distance_droplet_camera = 0.156m   
t=0.1s, distance_droplet_camera = 0.186m",
1446,simulation_0201,simulation,A3SS,60,DD,What is the speed of the droplet at time 0.05s in m/s?,acceleration of the droplet = 9.7m/s^2,"t=0s, distance_droplet_camera = 0.156m   
t=0.1s, distance_droplet_camera = 0.186m",
1447,simulation_0201,simulation,A3SS,60,DD,What is the speed of the droplet at time 0.1s in m/s?,acceleration of the droplet = 9.7m/s^2,"t=0s, distance_droplet_camera = 0.156m   
t=0.1s, distance_droplet_camera = 0.186m",
1448,simulation_0299,simulation,A3SX,24,DD,"What is the speed of the forklift at 1.0s, in m/s?",acceleration of the forklift = 2m/s^2,"t = 1.0s, distance_forklift_camera = 16.7953 m
t = 2.0s, distance_forklift_camera = 19.0980 m",
1449,simulation_0299,simulation,A3SX,24,DD,"What is the speed of the forklift at 2.0s, in m/s?",acceleration of the forklift = 2m/s^2,"t = 1.0s, distance_forklift_camera = 16.7953 m
t = 2.0s, distance_forklift_camera = 19.0980 m",
1450,simulation_0299,simulation,A3SX,24,DS,What is the length(from the fork tips to the rear bumper) of the forklift in meters?,acceleration of the forklift = 2m/s^2,"t = 1.0s, distance_forklift_camera = 16.7953 m
t = 2.0s, distance_forklift_camera = 19.0980 m",
1451,simulation_0299,simulation,A3SX,24,DS,What is the width(from the left wheel to the right wheel) of the forklift in meters?,acceleration of the forklift = 2m/s^2,"t = 1.0s, distance_forklift_camera = 16.7953 m
t = 2.0s, distance_forklift_camera = 19.0980 m",
1452,simulation_0299,simulation,A3SX,24,DS,What is the height of the forklift in meters?,acceleration of the forklift = 2m/s^2,"t = 1.0s, distance_forklift_camera = 16.7953 m
t = 2.0s, distance_forklift_camera = 19.0980 m",
1453,simulation_0300,simulation,A3SX,24,DD,"What is the speed of the car at 1.0s, in m/s?",acceleration of the car = 5m/s^2,"t = 1.0s, distance_car_camera = 17.8278 m
t = 2.0s, distance_car_camera = 23.1989 m",
1454,simulation_0300,simulation,A3SX,24,DD,"What is the speed of the car at 2.0s, in m/s?",acceleration of the car = 5m/s^2,"t = 1.0s, distance_car_camera = 17.8278 m
t = 2.0s, distance_car_camera = 23.1989 m",
1455,simulation_0300,simulation,A3SX,24,DS,What is the length ((from the front to the back) of the car in meters?,acceleration of the car = 5m/s^2,"t = 1.0s, distance_car_camera = 17.8278 m
t = 2.0s, distance_car_camera = 23.1989 m",
1456,simulation_0300,simulation,A3SX,24,DS,What is the width (from the left wheel to the right wheel) of the car in meters?,acceleration of the car = 5m/s^2,"t = 1.0s, distance_car_camera = 17.8278 m
t = 2.0s, distance_car_camera = 23.1989 m",
1457,simulation_0300,simulation,A3SX,24,DS,What is the height of the car in meters?,acceleration of the car = 5m/s^2,"t = 1.0s, distance_car_camera = 17.8278 m
t = 2.0s, distance_car_camera = 23.1989 m",
1458,simulation_0301,simulation,A3MX,24,DD,"What is the speed of the forklift at 1.0s, in m/s?",acceleration of the forklift = 2m/s^2,"t = 1.0s, distance_forklift_camera = 16.7953 m
t = 2.0s, distance_forklift_camera = 19.0980 m
t = 1.0s, distance_car_camera = 17.8278 m
t = 2.0s, distance_car_camera = 23.1989 m",
1459,simulation_0301,simulation,A3MX,24,DD,"What is the speed of the forklift at 2.0s, in m/s?",acceleration of the forklift = 2m/s^2,"t = 1.0s, distance_forklift_camera = 16.7953 m
t = 2.0s, distance_forklift_camera = 19.0980 m
t = 1.0s, distance_car_camera = 17.8278 m
t = 2.0s, distance_car_camera = 23.1989 m",
1460,simulation_0301,simulation,A3MX,24,DS,What is the length(from the fork tips to the rear bumper) of the forklift in meters?,acceleration of the forklift = 2m/s^2,"t = 1.0s, distance_forklift_camera = 16.7953 m
t = 2.0s, distance_forklift_camera = 19.0980 m
t = 1.0s, distance_car_camera = 17.8278 m
t = 2.0s, distance_car_camera = 23.1989 m",
1461,simulation_0301,simulation,A3MX,24,DS,What is the width(from the left wheel to the right wheel) of the forklift in meters?,acceleration of the forklift = 2m/s^2,"t = 1.0s, distance_forklift_camera = 16.7953 m
t = 2.0s, distance_forklift_camera = 19.0980 m
t = 1.0s, distance_car_camera = 17.8278 m
t = 2.0s, distance_car_camera = 23.1989 m",
1462,simulation_0301,simulation,A3MX,24,DS,What is the height of the forklift in meters?,acceleration of the forklift = 2m/s^2,"t = 1.0s, distance_forklift_camera = 16.7953 m
t = 2.0s, distance_forklift_camera = 19.0980 m
t = 1.0s, distance_car_camera = 17.8278 m
t = 2.0s, distance_car_camera = 23.1989 m",
1463,simulation_0301,simulation,A3MX,24,DD,"What is the speed of the car at 1.0s, in m/s?",acceleration of the forklift = 2m/s^2,"t = 1.0s, distance_forklift_camera = 16.7953 m
t = 2.0s, distance_forklift_camera = 19.0980 m
t = 1.0s, distance_car_camera = 17.8278 m
t = 2.0s, distance_car_camera = 23.1989 m",
1464,simulation_0301,simulation,A3MX,24,DD,"What is the speed of the car at 2.0s, in m/s?",acceleration of the forklift = 2m/s^2,"t = 1.0s, distance_forklift_camera = 16.7953 m
t = 2.0s, distance_forklift_camera = 19.0980 m
t = 1.0s, distance_car_camera = 17.8278 m
t = 2.0s, distance_car_camera = 23.1989 m",
1465,simulation_0301,simulation,A3MX,24,DS,What is the length ((from the front to the back) of the car in meters?,acceleration of the forklift = 2m/s^2,"t = 1.0s, distance_forklift_camera = 16.7953 m
t = 2.0s, distance_forklift_camera = 19.0980 m
t = 1.0s, distance_car_camera = 17.8278 m
t = 2.0s, distance_car_camera = 23.1989 m",
1466,simulation_0301,simulation,A3MX,24,DS,What is the width (from the left wheel to the right wheel) of the car in meters?,acceleration of the forklift = 2m/s^2,"t = 1.0s, distance_forklift_camera = 16.7953 m
t = 2.0s, distance_forklift_camera = 19.0980 m
t = 1.0s, distance_car_camera = 17.8278 m
t = 2.0s, distance_car_camera = 23.1989 m",
1467,simulation_0301,simulation,A3MX,24,DS,What is the height of the car in meters?,acceleration of the forklift = 2m/s^2,"t = 1.0s, distance_forklift_camera = 16.7953 m
t = 2.0s, distance_forklift_camera = 19.0980 m
t = 1.0s, distance_car_camera = 17.8278 m
t = 2.0s, distance_car_camera = 23.1989 m",
1468,simulation_0301,simulation,A3MX,24,DD,What is the acceleration of the car at 2.0s in m/s^2?,acceleration of the forklift = 2m/s^2,"t = 1.0s, distance_forklift_camera = 16.7953 m
t = 2.0s, distance_forklift_camera = 19.0980 m
t = 1.0s, distance_car_camera = 17.8278 m
t = 2.0s, distance_car_camera = 23.1989 m",
1469,simulation_0302,simulation,V3SX,24,DS,What is the body length of the dragon in meters?,speed of the dragon = 1.29m/s,"t = 1.0s, distance_dragon_camera = 5.1661 m
t = 2.0s, distance_dragon_camera = 6.2783 m",
1470,simulation_0302,simulation,V3SX,24,DS,"What is the displacement of the dragon from 0.5 s to 1.0 s, in meters?",speed of the dragon = 1.29m/s,"t = 1.0s, distance_dragon_camera = 5.1661 m
t = 2.0s, distance_dragon_camera = 6.2783 m",
1471,simulation_0303,simulation,V3SX,25,DS,What is the length of the plane in meters?,speed of the plane = 22.16 m/s,"t = 1.0s, distance_plane_camera = 102.6664 m
t = 2.0s, distance_plane_camera = 121.8263 m",
1472,simulation_0303,simulation,V3SX,25,DS,What is the width of the plane in meters?,speed of the plane = 22.16 m/s,"t = 1.0s, distance_plane_camera = 102.6664 m
t = 2.0s, distance_plane_camera = 121.8263 m",
1473,simulation_0303,simulation,V3SX,25,DS,"What is the displacement of the plane from 0.5 s to 1.0 s, in meters?",speed of the plane = 22.16 m/s,"t = 1.0s, distance_plane_camera = 102.6664 m
t = 2.0s, distance_plane_camera = 121.8263 m",
1474,simulation_0304,simulation,V3SX,24,DS,What is the length of the whale in meters?,speed of the whale = 1.67m/s,"t = 1.0s, distance_whale_camera = 33.7307 m
t = 2.0s, distance_whale_camera = 35.1624 m",
1475,simulation_0304,simulation,V3SX,24,DS,"What is the displacement of the whale from 0.5 s to 1.0 s, in meters?",speed of the whale = 1.67m/s,"t = 1.0s, distance_whale_camera = 33.7307 m
t = 2.0s, distance_whale_camera = 35.1624 m",
1476,simulation_0305,simulation,V3SS,24,DS,What is the length of the plane in meters?,speed of the plane = 22.16 m/s,"t = 1.0s, distance_plane_camera = 102.6664 m
t = 2.0s, distance_plane_camera = 121.8263 m",
1477,simulation_0305,simulation,V3SS,24,DS,What is the width of the plane in meters?,speed of the plane = 22.16 m/s,"t = 1.0s, distance_plane_camera = 102.6664 m
t = 2.0s, distance_plane_camera = 121.8263 m",
1478,simulation_0305,simulation,V3SS,24,DS,"What is the displacement of the plane from 0.5 s to 1.0 s, in meters?",speed of the plane = 22.16 m/s,"t = 1.0s, distance_plane_camera = 102.6664 m
t = 2.0s, distance_plane_camera = 121.8263 m",
1479,simulation_0306,simulation,V3SS,24,DS,What is the length of the whale in meters?,speed of the whale = 1.67m/s,"t = 1.0s, distance_whale_camera = 33.7307 m
t = 2.0s, distance_whale_camera = 35.1624 m",
1480,simulation_0306,simulation,V3SS,24,DS,"What is the displacement of the whale from 0.5 s to 1.0 s, in meters?",speed of the whale = 1.67m/s,"t = 1.0s, distance_whale_camera = 33.7307 m
t = 2.0s, distance_whale_camera = 35.1624 m",
1481,simulation_0307,simulation,V3SC,24,DS,What is the length of the plane in meters?,speed of the plane = 22.16 m/s,"t = 1.0s, distance_plane_camera = 102.6664 m
t = 2.0s, distance_plane_camera = 121.8263 m",
1482,simulation_0307,simulation,V3SC,24,DS,What is the width of the plane in meters?,speed of the plane = 22.16 m/s,"t = 1.0s, distance_plane_camera = 102.6664 m
t = 2.0s, distance_plane_camera = 121.8263 m",
1483,simulation_0307,simulation,V3SC,24,DS,"What is the displacement of the plane from 0.5 s to 1.0 s, in meters?",speed of the plane = 22.16 m/s,"t = 1.0s, distance_plane_camera = 102.6664 m
t = 2.0s, distance_plane_camera = 121.8263 m",
1484,simulation_0308,simulation,V3SC,24,DS,What is the length of the whale in meters?,speed of the whale = 1.67m/s,"t = 1.0s, distance_whale_camera = 33.7307 m
t = 2.0s, distance_whale_camera = 35.1624 m",
1485,simulation_0308,simulation,V3SC,24,DS,"What is the displacement of the whale from 0.5 s to 1.0 s, in meters?",speed of the whale = 1.67m/s,"t = 1.0s, distance_whale_camera = 33.7307 m
t = 2.0s, distance_whale_camera = 35.1624 m",
1486,simulation_0309,simulation,V3SC,24,DS,What is the body length of the dragon in meters?,speed of the dragon = 1.29m/s,"t = 1.0s, distance_dragon_camera = 5.2108 m
t = 2.0s, distance_dragon_camera = 6.3261 m",
1487,simulation_0309,simulation,V3SC,24,DS,"What is the displacement of the dragon from 0.5 s to 1.0 s, in meters?",speed of the dragon = 1.29m/s,"t = 1.0s, distance_dragon_camera = 5.2108 m
t = 2.0s, distance_dragon_camera = 6.3261 m",
1488,simulation_0310,simulation,S3SC,24,SD,"What is the speed of the forklift at 1.0s, in m/s?",height of the forklift = 2.47m,"t = 1.0s, distance_forklift_camera = 16.7953 m
t = 2.0s, distance_forklift_camera = 19.0980 m",
1489,simulation_0310,simulation,S3SC,24,SD,"What is the speed of the forklift at 2.0s, in m/s?",height of the forklift = 2.47m,"t = 1.0s, distance_forklift_camera = 16.7953 m
t = 2.0s, distance_forklift_camera = 19.0980 m",
1490,simulation_0310,simulation,S3SC,24,SS,What is the length(from the fork tips to the rear bumper) of the forklift in meters?,height of the forklift = 2.47m,"t = 1.0s, distance_forklift_camera = 16.7953 m
t = 2.0s, distance_forklift_camera = 19.0980 m",
1491,simulation_0310,simulation,S3SC,24,SS,What is the width(from the left wheel to the right wheel) of the forklift in meters?,height of the forklift = 2.47m,"t = 1.0s, distance_forklift_camera = 16.7953 m
t = 2.0s, distance_forklift_camera = 19.0980 m",
1492,simulation_0310,simulation,S3SC,24,SD,What is the acceleration of the forklift at 1.0s in m/s^2?,height of the forklift = 2.47m,"t = 1.0s, distance_forklift_camera = 16.7953 m
t = 2.0s, distance_forklift_camera = 19.0980 m",
1493,simulation_0311,simulation,S3SC,24,SD,"What is the speed of the car at 1.0s, in m/s?",height of the car = 1.15m,"t = 1.0s, distance_car_camera = 17.8278 m
t = 2.0s, distance_car_camera = 23.1989 m",
1494,simulation_0311,simulation,S3SC,24,SD,"What is the speed of the car at 2.0s, in m/s?",height of the car = 1.15m,"t = 1.0s, distance_car_camera = 17.8278 m
t = 2.0s, distance_car_camera = 23.1989 m",
1495,simulation_0311,simulation,S3SC,24,SS,What is the length ((from the front to the back) of the car in meters?,height of the car = 1.15m,"t = 1.0s, distance_car_camera = 17.8278 m
t = 2.0s, distance_car_camera = 23.1989 m",
1496,simulation_0311,simulation,S3SC,24,SS,What is the width (from the left wheel to the right wheel) of the car in meters?,height of the car = 1.15m,"t = 1.0s, distance_car_camera = 17.8278 m
t = 2.0s, distance_car_camera = 23.1989 m",
1497,simulation_0311,simulation,S3SC,24,SD,What is the acceleration of the car at 1.0s in m/s^2?,height of the car = 1.15m,"t = 1.0s, distance_car_camera = 17.8278 m
t = 2.0s, distance_car_camera = 23.1989 m",
1498,simulation_0016,simulation,V3MC,33,DS,What is the width of the pedestal (square base) of the central sculpture in meters?,speed of the person = 1.3m/s,"t=1s, distance_human_camera = 9.24m
t=2s, distance_human_camera = 9.14m
distance_pedestal_square_base_of_the_central_sculpture_camera = 9.967m
distance_left_bench_seat_camera = 10.63m
distance_right_bench_seat_camera = 10.59m",
1499,simulation_0016,simulation,V3MC,33,DS,What is the width of the bench seat in the atrium in meters?,speed of the person = 1.3m/s,"t=1s, distance_human_camera = 9.24m
t=2s, distance_human_camera = 9.14m
distance_pedestal_square_base_of_the_central_sculpture_camera = 9.967m
distance_left_bench_seat_camera = 10.63m
distance_right_bench_seat_camera = 10.59m",
1500,simulation_0016,simulation,V3MC,33,DS,What is the length of the bench seat in the atrium in meters?,speed of the person = 1.3m/s,"t=1s, distance_human_camera = 9.24m
t=2s, distance_human_camera = 9.14m
distance_pedestal_square_base_of_the_central_sculpture_camera = 9.967m
distance_left_bench_seat_camera = 10.63m
distance_right_bench_seat_camera = 10.59m",
1501,simulation_0030,simulation,V3MC,24,DS,What is the length of the eagle in meters?,speed of the eagle = 12m/s,"t=0s, distance_bird_camera = 25.328m
t=0.5s, distance_bird_camera = 24.899m
distance_neonsign_camera = 34.5m",
1502,simulation_0140,simulation,S3MC,24,SS,What is the height of each window frame in meters?,width of each window frame = 1.48m,"t=0s, distance_bird_camera = 25.328m
t=0.5s, distance_bird_camera = 24.899m
distance_neonsign_camera = 34.5m",
1503,simulation_0140,simulation,S3MC,24,SS,What is the width of the letter neon sign in meters?,width of each window frame = 1.48m,"t=0s, distance_bird_camera = 25.328m
t=0.5s, distance_bird_camera = 24.899m
distance_neonsign_camera = 34.5m",
1504,simulation_0140,simulation,S3MC,24,SS,What is the height of the letter neon sign in meters?,width of each window frame = 1.48m,"t=0s, distance_bird_camera = 25.328m
t=0.5s, distance_bird_camera = 24.899m
distance_neonsign_camera = 34.5m",
1505,simulation_0140,simulation,S3MC,24,SS,What is the distance between the bird’s flight path and the wall with the neon sign?,width of each window frame = 1.48m,"t=0s, distance_bird_camera = 25.328m
t=0.5s, distance_bird_camera = 24.899m
distance_neonsign_camera = 34.5m",
1506,simulation_0140,simulation,S3MC,24,SS,What is the total length of the bird’s flight path in meters?,width of each window frame = 1.48m,"t=0s, distance_bird_camera = 25.328m
t=0.5s, distance_bird_camera = 24.899m
distance_neonsign_camera = 34.5m",
1507,simulation_0140,simulation,S3MC,24,SD,What is the velocity of the bird at 1.0s in m/s?,width of each window frame = 1.48m,"t=0s, distance_bird_camera = 25.328m
t=0.5s, distance_bird_camera = 24.899m
distance_neonsign_camera = 34.5m",
1508,simulation_0141,simulation,V3MC,24,DS,What is the height of the man in meters?,walking speed = 1.693m/s,"t=0s, distance_man_camera = 4.15m   
t=0.5s, distance_man_camera = 5.03m",
1509,simulation_0141,simulation,V3MC,24,DS,What is the total distance the man walked in meters?,walking speed = 1.693m/s,"t=0s, distance_man_camera = 4.15m   
t=0.5s, distance_man_camera = 5.03m",
1510,simulation_0141,simulation,V3MC,24,DS,What is the side length of the floor tile in meters?,walking speed = 1.693m/s,"t=0s, distance_man_camera = 4.15m   
t=0.5s, distance_man_camera = 5.03m",
1511,simulation_0141,simulation,V3MC,24,DS,What is the distance from the man’s foot to the left wall in meters?,walking speed = 1.693m/s,"t=0s, distance_man_camera = 4.15m   
t=0.5s, distance_man_camera = 5.03m",
1512,simulation_0141,simulation,V3MC,24,DS,What is the distance from the man’s foot to the right wall in meters?,walking speed = 1.693m/s,"t=0s, distance_man_camera = 4.15m   
t=0.5s, distance_man_camera = 5.03m",
1513,simulation_0144,simulation,S3MC,24,SS,What is the diameter of the tire in meters?,length of the rocket = 2.9m,"t=0s, distance_rocket_camera = 43.064m   
t=0.5s, distance_rocket_camera = 41.127m",
1514,simulation_0144,simulation,S3MC,24,SS,What is the width of the vehicle in meters?,length of the rocket = 2.9m,"t=0s, distance_rocket_camera = 43.064m   
t=0.5s, distance_rocket_camera = 41.127m",
1515,simulation_0144,simulation,S3MC,24,SD,What is the average speed of the rocket in m/s?,length of the rocket = 2.9m,"t=0s, distance_rocket_camera = 43.064m   
t=0.5s, distance_rocket_camera = 41.127m",
1516,simulation_0144,simulation,S3MC,24,SD,What is the speed of the rocket at time 1s in m/s?,length of the rocket = 2.9m,"t=0s, distance_rocket_camera = 43.064m   
t=0.5s, distance_rocket_camera = 41.127m",
1517,simulation_0144,simulation,S3MC,24,SD,What is the acceleration of the rocket at time 1s in m/s^2?,length of the rocket = 2.9m,"t=0s, distance_rocket_camera = 43.064m   
t=0.5s, distance_rocket_camera = 41.127m",
1518,simulation_0144,simulation,S3MC,24,SD,"What is the width of the road the vehicle is on, in meters?",length of the rocket = 2.9m,"t=0s, distance_rocket_camera = 43.064m   
t=0.5s, distance_rocket_camera = 41.127m",
1519,simulation_0149,simulation,S3MC,24,SS,What is the width of the car in meters?,diameter of the tire = 0.764m,"t=0s, distance_yellowCarRightFrontTire_camera = 14.244m",
1520,simulation_0149,simulation,S3MC,24,SS,"What is the height, in meters, of the black-and-white collision warning markings on the pillar?",diameter of the tire = 0.764m,"t=0s, distance_yellowCarRightFrontTire_camera = 14.244m",
1521,simulation_0149,simulation,S3MC,24,SS,"What is the width of the pillar, in meters, with the collision warning markings on it?",diameter of the tire = 0.764m,"t=0s, distance_yellowCarRightFrontTire_camera = 14.244m",
1522,simulation_0149,simulation,S3MC,24,SD,What is the speed of the car at time 0.5s in m/s?,diameter of the tire = 0.764m,"t=0s, distance_yellowCarRightFrontTire_camera = 14.244m",
1523,simulation_0149,simulation,S3MC,24,SD,What is the acceleration of the car at time 0.5s in m/s^2?,diameter of the tire = 0.764m,"t=0s, distance_yellowCarRightFrontTire_camera = 14.244m",
1524,simulation_0149,simulation,S3MC,24,SD,What is the speed of the car at time 1s in m/s?,diameter of the tire = 0.764m,"t=0s, distance_yellowCarRightFrontTire_camera = 14.244m",
1525,simulation_0149,simulation,S3MC,24,SD,What is the acceleration of the car at time 1s in m/s?,diameter of the tire = 0.764m,"t=0s, distance_yellowCarRightFrontTire_camera = 14.244m",
1526,simulation_0150,simulation,S3MC,24,SS,What is the width of the car in meters?,diameter of the tire = 0.764m,"t=0.5s, distance_yellowCarLeftFrontTire_camera = 11.38m,
distance_camera_B1sign = 23.44m",
1527,simulation_0150,simulation,S3MC,24,SS,"What is the height, in meters, of the black-and-white collision warning markings on the pillar?",diameter of the tire = 0.764m,"t=0.5s, distance_yellowCarLeftFrontTire_camera = 11.38m,
distance_camera_B1sign = 23.44m",
1528,simulation_0150,simulation,S3MC,24,SS,"What is the width of the pillar, in meters, with the collision warning markings on it?",diameter of the tire = 0.764m,"t=0.5s, distance_yellowCarLeftFrontTire_camera = 11.38m,
distance_camera_B1sign = 23.44m",
1529,simulation_0150,simulation,S3MC,24,SD,What is the speed of the car at time 0.5s in m/s?,diameter of the tire = 0.764m,"t=0.5s, distance_yellowCarLeftFrontTire_camera = 11.38m,
distance_camera_B1sign = 23.44m",
1530,simulation_0150,simulation,S3MC,24,SD,What is the acceleration of the car at time 0.5s in m/s^2?,diameter of the tire = 0.764m,"t=0.5s, distance_yellowCarLeftFrontTire_camera = 11.38m,
distance_camera_B1sign = 23.44m",
1531,simulation_0150,simulation,S3MC,24,SD,What is the speed of the car at time 1s in m/s?,diameter of the tire = 0.764m,"t=0.5s, distance_yellowCarLeftFrontTire_camera = 11.38m,
distance_camera_B1sign = 23.44m",
1532,simulation_0150,simulation,S3MC,24,SD,What is the acceleration of the car at time 1s in m/s^2?,diameter of the tire = 0.764m,"t=0.5s, distance_yellowCarLeftFrontTire_camera = 11.38m,
distance_camera_B1sign = 23.44m",
1533,simulation_0150,simulation,S3MC,24,SS,"What is the width, in meters, of the 'B1' lettering on the wall behind the car?",diameter of the tire = 0.764m,"t=0.5s, distance_yellowCarLeftFrontTire_camera = 11.38m,
distance_camera_B1sign = 23.44m",
1534,simulation_0150,simulation,S3MC,24,SS,"What is the height, in meters, of the 'B1' lettering on the wall behind the car?",diameter of the tire = 0.764m,"t=0.5s, distance_yellowCarLeftFrontTire_camera = 11.38m,
distance_camera_B1sign = 23.44m",
1535,simulation_0150,simulation,S3MC,24,SS,"What is the distance, in meters, between the pillars on one side?",diameter of the tire = 0.764m,"t=0.5s, distance_yellowCarLeftFrontTire_camera = 11.38m,
distance_camera_B1sign = 23.44m",
1536,simulation_0151,simulation,S3MC,24,SS,"What is the width, in meters, of the blue car?","diameter of the tire of the yellow car = 0.764m
diameter of the tire of the blue car = 0.369m","t=0.5s, distance_yellowCarLeftFrontTire_camera = 11.38m",
1537,simulation_0151,simulation,S3MC,24,SD,What is the speed of the yellow car at time 1s in m/s?,"diameter of the tire of the yellow car = 0.764m
diameter of the tire of the blue car = 0.369m","t=0.5s, distance_yellowCarLeftFrontTire_camera = 11.38m",
1538,simulation_0151,simulation,S3MC,24,SD,What is the acceleration of the yellow car at time 1s in m/s^2?,"diameter of the tire of the yellow car = 0.764m
diameter of the tire of the blue car = 0.369m","t=0.5s, distance_yellowCarLeftFrontTire_camera = 11.38m",
1539,simulation_0151,simulation,S3MC,24,SD,What is the speed of the blue car at time 1s in m/s?,"diameter of the tire of the yellow car = 0.764m
diameter of the tire of the blue car = 0.369m","t=0.5s, distance_yellowCarLeftFrontTire_camera = 11.38m",
1540,simulation_0151,simulation,S3MC,24,SD,What is the acceleration of the blue car at time 1s in m/s^2?,"diameter of the tire of the yellow car = 0.764m
diameter of the tire of the blue car = 0.369m","t=0.5s, distance_yellowCarLeftFrontTire_camera = 11.38m",
1541,simulation_0152,simulation,S3MC,24,SS,"What is the width, in meters, of the blue car?","diameter of the tire of the yellow car = 0.764m
diameter of the tire of the blue car = 0.369m","t=1s, distance_blueCarRightFrontTire_camera = 9.312m",
1542,simulation_0152,simulation,S3MC,24,SD,What is the speed of the yellow car at time 1s in m/s?,"diameter of the tire of the yellow car = 0.764m
diameter of the tire of the blue car = 0.369m","t=1s, distance_blueCarRightFrontTire_camera = 9.312m",
1543,simulation_0152,simulation,S3MC,24,SD,What is the acceleration of the yellow car at time 1s in m/s^2?,"diameter of the tire of the yellow car = 0.764m
diameter of the tire of the blue car = 0.369m","t=1s, distance_blueCarRightFrontTire_camera = 9.312m",
1544,simulation_0152,simulation,S3MC,24,SD,What is the speed of the blue car at time 1s in m/s?,"diameter of the tire of the yellow car = 0.764m
diameter of the tire of the blue car = 0.369m","t=1s, distance_blueCarRightFrontTire_camera = 9.312m",
1545,simulation_0152,simulation,S3MC,24,SD,What is the acceleration of the blue car at time 1s in m/s^2?,"diameter of the tire of the yellow car = 0.764m
diameter of the tire of the blue car = 0.369m","t=1s, distance_blueCarRightFrontTire_camera = 9.312m",
1546,simulation_0159,simulation,A3MS,24,DS,How long is the turtle in meters?,acceleration of the turtle = 2.639 m/s^2,"t=0s, distance_turtle_camera = 15.232m   
t=0.5s, distance_turtle_camera = 14.968m
t=0s, distance_shark_camera = 16.474m
t=0.5s, distance_shark_camera = 15.744m",
1547,simulation_0159,simulation,A3MS,24,DD,What is the speed of the turtle at time 1s in m/s?,acceleration of the turtle = 2.639 m/s^2,"t=0s, distance_turtle_camera = 15.232m   
t=0.5s, distance_turtle_camera = 14.968m
t=0s, distance_shark_camera = 16.474m
t=0.5s, distance_shark_camera = 15.744m",
1548,simulation_0159,simulation,A3MS,24,DD,What is the speed of the turtle at time 1.5s in m/s?,acceleration of the turtle = 2.639 m/s^2,"t=0s, distance_turtle_camera = 15.232m   
t=0.5s, distance_turtle_camera = 14.968m
t=0s, distance_shark_camera = 16.474m
t=0.5s, distance_shark_camera = 15.744m",
1549,simulation_0159,simulation,A3MS,24,DS,How long is the shark in meters?,acceleration of the turtle = 2.639 m/s^2,"t=0s, distance_turtle_camera = 15.232m   
t=0.5s, distance_turtle_camera = 14.968m
t=0s, distance_shark_camera = 16.474m
t=0.5s, distance_shark_camera = 15.744m",
1550,simulation_0159,simulation,A3MS,24,DS,What is the difference in water depth between the centers of the shark’s body and the turtle’s body in meters?,acceleration of the turtle = 2.639 m/s^2,"t=0s, distance_turtle_camera = 15.232m   
t=0.5s, distance_turtle_camera = 14.968m
t=0s, distance_shark_camera = 16.474m
t=0.5s, distance_shark_camera = 15.744m",
1551,simulation_0159,simulation,A3MS,24,DD,What is the acceleration of the shark at 0.5s in m/s^2?,acceleration of the turtle = 2.639 m/s^2,"t=0s, distance_turtle_camera = 15.232m   
t=0.5s, distance_turtle_camera = 14.968m
t=0s, distance_shark_camera = 16.474m
t=0.5s, distance_shark_camera = 15.744m",
1552,simulation_0159,simulation,A3MS,24,DD,What is the speed of the shark at time 1s in m/s?,acceleration of the turtle = 2.639 m/s^2,"t=0s, distance_turtle_camera = 15.232m   
t=0.5s, distance_turtle_camera = 14.968m
t=0s, distance_shark_camera = 16.474m
t=0.5s, distance_shark_camera = 15.744m",
1553,simulation_0159,simulation,A3MS,24,DD,What is the speed of the shark at time 1.5s in m/s?,acceleration of the turtle = 2.639 m/s^2,"t=0s, distance_turtle_camera = 15.232m   
t=0.5s, distance_turtle_camera = 14.968m
t=0s, distance_shark_camera = 16.474m
t=0.5s, distance_shark_camera = 15.744m",
1554,simulation_0195,simulation,V3MS,30,DS,What is the orbital diameter of the Callisto model in meters?,Callisto's model speed = 0.627 m/s,"t=0s, distance_small_Callisto_camera = 13.004m   
t =3s, distance_small_Callisto_camera = 13.856m
distance_big_europa_camera = 16.549m",
1555,simulation_0195,simulation,V3MS,30,DS,What is the diameter of the model of Callisto (orbiting model) in meters?,Callisto's model speed = 0.627 m/s,"t=0s, distance_small_Callisto_camera = 13.004m   
t =3s, distance_small_Callisto_camera = 13.856m
distance_big_europa_camera = 16.549m",
1556,simulation_0195,simulation,V3MS,30,DS,What is the diameter of the model of Jupiter (the one at the center) in meters?,Callisto's model speed = 0.627 m/s,"t=0s, distance_small_Callisto_camera = 13.004m   
t =3s, distance_small_Callisto_camera = 13.856m
distance_big_europa_camera = 16.549m",
1557,simulation_0202,simulation,A3MC,24,DS,What is the length of the table in meters?,acceleration of the magnifying glass before 0.5s = 9.8m/s^2,"t=0s, distance_magnifying_glass_camera = 4.2401m  
t=0.5s, distance_magnifying_glass_camera = 4.4097m  
distance_gun_camera = 4.704m  
distance_desktop_corner_far_right_camera = 5.009m  
distance_desktop_corner_near_camera = 3.593m",
1558,simulation_0202,simulation,A3MC,24,DS,What is the width of the table in meters?,acceleration of the magnifying glass before 0.5s = 9.8m/s^2,"t=0s, distance_magnifying_glass_camera = 4.2401m  
t=0.5s, distance_magnifying_glass_camera = 4.4097m  
distance_gun_camera = 4.704m  
distance_desktop_corner_far_right_camera = 5.009m  
distance_desktop_corner_near_camera = 3.593m",
1559,simulation_0202,simulation,A3MC,24,DS,What is the length of the typewriter in meters?,acceleration of the magnifying glass before 0.5s = 9.8m/s^2,"t=0s, distance_magnifying_glass_camera = 4.2401m  
t=0.5s, distance_magnifying_glass_camera = 4.4097m  
distance_gun_camera = 4.704m  
distance_desktop_corner_far_right_camera = 5.009m  
distance_desktop_corner_near_camera = 3.593m",
1560,simulation_0202,simulation,A3MC,24,DS,What is the width of the typewriter in meters?,acceleration of the magnifying glass before 0.5s = 9.8m/s^2,"t=0s, distance_magnifying_glass_camera = 4.2401m  
t=0.5s, distance_magnifying_glass_camera = 4.4097m  
distance_gun_camera = 4.704m  
distance_desktop_corner_far_right_camera = 5.009m  
distance_desktop_corner_near_camera = 3.593m",
1561,simulation_0202,simulation,A3MC,24,DS,What is the height of the typewriter in meters?,acceleration of the magnifying glass before 0.5s = 9.8m/s^2,"t=0s, distance_magnifying_glass_camera = 4.2401m  
t=0.5s, distance_magnifying_glass_camera = 4.4097m  
distance_gun_camera = 4.704m  
distance_desktop_corner_far_right_camera = 5.009m  
distance_desktop_corner_near_camera = 3.593m",
1562,simulation_0202,simulation,A3MC,24,DS,What is the width of the paper next to the magnifying glass in meters?,acceleration of the magnifying glass before 0.5s = 9.8m/s^2,"t=0s, distance_magnifying_glass_camera = 4.2401m  
t=0.5s, distance_magnifying_glass_camera = 4.4097m  
distance_gun_camera = 4.704m  
distance_desktop_corner_far_right_camera = 5.009m  
distance_desktop_corner_near_camera = 3.593m",
1563,simulation_0202,simulation,A3MC,24,DD,What is the speed of the magnifying glass at time 0.125s in m/s?,acceleration of the magnifying glass before 0.5s = 9.8m/s^2,"t=0s, distance_magnifying_glass_camera = 4.2401m  
t=0.5s, distance_magnifying_glass_camera = 4.4097m  
distance_gun_camera = 4.704m  
distance_desktop_corner_far_right_camera = 5.009m  
distance_desktop_corner_near_camera = 3.593m",
1564,simulation_0202,simulation,A3MC,24,DD,What is the speed of the magnifying glass at time 0.25s in m/s?,acceleration of the magnifying glass before 0.5s = 9.8m/s^2,"t=0s, distance_magnifying_glass_camera = 4.2401m  
t=0.5s, distance_magnifying_glass_camera = 4.4097m  
distance_gun_camera = 4.704m  
distance_desktop_corner_far_right_camera = 5.009m  
distance_desktop_corner_near_camera = 3.593m",
1565,simulation_0202,simulation,A3MC,24,DD,What is the speed of the magnifying glass at time 0.333s in m/s?,acceleration of the magnifying glass before 0.5s = 9.8m/s^2,"t=0s, distance_magnifying_glass_camera = 4.2401m  
t=0.5s, distance_magnifying_glass_camera = 4.4097m  
distance_gun_camera = 4.704m  
distance_desktop_corner_far_right_camera = 5.009m  
distance_desktop_corner_near_camera = 3.593m",
1566,simulation_0205,simulation,A3MS,24,DS,What is the length of the table in meters?,acceleration of the magnifying glass before 0.5s = 9.8m/s^2,"t=0s, distance_magnifying_glass_camera = 4.2401m  
t=0.5s, distance_magnifying_glass_camera = 4.4097m  
distance_gun_camera = 4.704m  
distance_desktop_corner_far_right_camera = 5.009m  
distance_desktop_corner_near_camera = 3.593m",
1567,simulation_0205,simulation,A3MS,24,DS,What is the width of the table in meters?,acceleration of the magnifying glass before 0.5s = 9.8m/s^2,"t=0s, distance_magnifying_glass_camera = 4.2401m  
t=0.5s, distance_magnifying_glass_camera = 4.4097m  
distance_gun_camera = 4.704m  
distance_desktop_corner_far_right_camera = 5.009m  
distance_desktop_corner_near_camera = 3.593m",
1568,simulation_0205,simulation,A3MS,24,DS,What is the length of the typewriter in meters?,acceleration of the magnifying glass before 0.5s = 9.8m/s^2,"t=0s, distance_magnifying_glass_camera = 4.2401m  
t=0.5s, distance_magnifying_glass_camera = 4.4097m  
distance_gun_camera = 4.704m  
distance_desktop_corner_far_right_camera = 5.009m  
distance_desktop_corner_near_camera = 3.593m",
1569,simulation_0205,simulation,A3MS,24,DS,What is the width of the typewriter in meters?,acceleration of the magnifying glass before 0.5s = 9.8m/s^2,"t=0s, distance_magnifying_glass_camera = 4.2401m  
t=0.5s, distance_magnifying_glass_camera = 4.4097m  
distance_gun_camera = 4.704m  
distance_desktop_corner_far_right_camera = 5.009m  
distance_desktop_corner_near_camera = 3.593m",
1570,simulation_0205,simulation,A3MS,24,DS,What is the height of the typewriter in meters?,acceleration of the magnifying glass before 0.5s = 9.8m/s^2,"t=0s, distance_magnifying_glass_camera = 4.2401m  
t=0.5s, distance_magnifying_glass_camera = 4.4097m  
distance_gun_camera = 4.704m  
distance_desktop_corner_far_right_camera = 5.009m  
distance_desktop_corner_near_camera = 3.593m",
1571,simulation_0205,simulation,A3MS,24,DD,What is the speed of the magnifying glass at time 0.125s in m/s?,acceleration of the magnifying glass before 0.5s = 9.8m/s^2,"t=0s, distance_magnifying_glass_camera = 4.2401m  
t=0.5s, distance_magnifying_glass_camera = 4.4097m  
distance_gun_camera = 4.704m  
distance_desktop_corner_far_right_camera = 5.009m  
distance_desktop_corner_near_camera = 3.593m",
1572,simulation_0205,simulation,A3MS,24,DD,What is the speed of the magnifying glass at time 0.25s in m/s?,acceleration of the magnifying glass before 0.5s = 9.8m/s^2,"t=0s, distance_magnifying_glass_camera = 4.2401m  
t=0.5s, distance_magnifying_glass_camera = 4.4097m  
distance_gun_camera = 4.704m  
distance_desktop_corner_far_right_camera = 5.009m  
distance_desktop_corner_near_camera = 3.593m",
1573,simulation_0205,simulation,A3MS,24,DD,What is the speed of the magnifying glass at time 0.333s in m/s?,acceleration of the magnifying glass before 0.5s = 9.8m/s^2,"t=0s, distance_magnifying_glass_camera = 4.2401m  
t=0.5s, distance_magnifying_glass_camera = 4.4097m  
distance_gun_camera = 4.704m  
distance_desktop_corner_far_right_camera = 5.009m  
distance_desktop_corner_near_camera = 3.593m",
1574,simulation_0206,simulation,A3MC,24,DS,What is the length of the table in meters?,acceleration of the typewriter before 0.45s = 9.8m/s^2,"t=0s, distance_typewriter_camera = 4.32m  
t=0.5s, distance_typewriter_camera = 4.501m  
distance_gun_camera = 4.704m  
distance_desktop_corner_far_right_camera = 5.009m  
distance_desktop_corner_closest_to_camera = 3.593m",
1575,simulation_0206,simulation,A3MC,24,DS,What is the width of the table in meters?,acceleration of the typewriter before 0.45s = 9.8m/s^2,"t=0s, distance_typewriter_camera = 4.32m  
t=0.5s, distance_typewriter_camera = 4.501m  
distance_gun_camera = 4.704m  
distance_desktop_corner_far_right_camera = 5.009m  
distance_desktop_corner_closest_to_camera = 3.593m",
1576,simulation_0206,simulation,A3MC,24,DS,What is the length of the typewriter in meters?,acceleration of the typewriter before 0.45s = 9.8m/s^2,"t=0s, distance_typewriter_camera = 4.32m  
t=0.5s, distance_typewriter_camera = 4.501m  
distance_gun_camera = 4.704m  
distance_desktop_corner_far_right_camera = 5.009m  
distance_desktop_corner_closest_to_camera = 3.593m",
1577,simulation_0206,simulation,A3MC,24,DS,What is the width of the typewriter in meters?,acceleration of the typewriter before 0.45s = 9.8m/s^2,"t=0s, distance_typewriter_camera = 4.32m  
t=0.5s, distance_typewriter_camera = 4.501m  
distance_gun_camera = 4.704m  
distance_desktop_corner_far_right_camera = 5.009m  
distance_desktop_corner_closest_to_camera = 3.593m",
1578,simulation_0206,simulation,A3MC,24,DS,What is the height of the typewriter in meters?,acceleration of the typewriter before 0.45s = 9.8m/s^2,"t=0s, distance_typewriter_camera = 4.32m  
t=0.5s, distance_typewriter_camera = 4.501m  
distance_gun_camera = 4.704m  
distance_desktop_corner_far_right_camera = 5.009m  
distance_desktop_corner_closest_to_camera = 3.593m",
1579,simulation_0206,simulation,A3MC,24,DD,What is the speed of the typewriter at time 0.125s in m/s?,acceleration of the typewriter before 0.45s = 9.8m/s^2,"t=0s, distance_typewriter_camera = 4.32m  
t=0.5s, distance_typewriter_camera = 4.501m  
distance_gun_camera = 4.704m  
distance_desktop_corner_far_right_camera = 5.009m  
distance_desktop_corner_closest_to_camera = 3.593m",
1580,simulation_0206,simulation,A3MC,24,DD,What is the speed of the typewriter at time 0.25s in m/s?,acceleration of the typewriter before 0.45s = 9.8m/s^2,"t=0s, distance_typewriter_camera = 4.32m  
t=0.5s, distance_typewriter_camera = 4.501m  
distance_gun_camera = 4.704m  
distance_desktop_corner_far_right_camera = 5.009m  
distance_desktop_corner_closest_to_camera = 3.593m",
1581,simulation_0206,simulation,A3MC,24,DD,What is the speed of the typewriter at time 0.333s in m/s?,acceleration of the typewriter before 0.45s = 9.8m/s^2,"t=0s, distance_typewriter_camera = 4.32m  
t=0.5s, distance_typewriter_camera = 4.501m  
distance_gun_camera = 4.704m  
distance_desktop_corner_far_right_camera = 5.009m  
distance_desktop_corner_closest_to_camera = 3.593m",
1582,simulation_0206,simulation,A3MC,24,DS,What is the width of the paper next to the typewriter in meters?,acceleration of the typewriter before 0.45s = 9.8m/s^2,"t=0s, distance_typewriter_camera = 4.32m  
t=0.5s, distance_typewriter_camera = 4.501m  
distance_gun_camera = 4.704m  
distance_desktop_corner_far_right_camera = 5.009m  
distance_desktop_corner_closest_to_camera = 3.593m",
1583,simulation_0206,simulation,A3MC,24,DS,What is the length of the letter placed under the gun in meters?,acceleration of the typewriter before 0.45s = 9.8m/s^2,"t=0s, distance_typewriter_camera = 4.32m  
t=0.5s, distance_typewriter_camera = 4.501m  
distance_gun_camera = 4.704m  
distance_desktop_corner_far_right_camera = 5.009m  
distance_desktop_corner_closest_to_camera = 3.593m",
1584,simulation_0209,simulation,A3MS,24,DS,What is the length of the table in meters?,acceleration of the typewriter before 0.45s = 9.8m/s^2,"t=0s, distance_typewriter_camera = 4.32m  
t=0.5s, distance_typewriter_camera = 4.501m  
distance_gun_camera = 4.704m",
1585,simulation_0209,simulation,A3MS,24,DS,What is the length of the typewriter in meters?,acceleration of the typewriter before 0.45s = 9.8m/s^2,"t=0s, distance_typewriter_camera = 4.32m  
t=0.5s, distance_typewriter_camera = 4.501m  
distance_gun_camera = 4.704m",
1586,simulation_0209,simulation,A3MS,24,DS,What is the height of the typewriter in meters?,acceleration of the typewriter before 0.45s = 9.8m/s^2,"t=0s, distance_typewriter_camera = 4.32m  
t=0.5s, distance_typewriter_camera = 4.501m  
distance_gun_camera = 4.704m",
1587,simulation_0209,simulation,A3MS,24,DS,What is the length of the letter placed under the gun in meters?,acceleration of the typewriter before 0.45s = 9.8m/s^2,"t=0s, distance_typewriter_camera = 4.32m  
t=0.5s, distance_typewriter_camera = 4.501m  
distance_gun_camera = 4.704m",
1588,simulation_0209,simulation,A3MS,24,DD,What is the speed of the typewriter at time 0.125s in m/s?,acceleration of the typewriter before 0.45s = 9.8m/s^2,"t=0s, distance_typewriter_camera = 4.32m  
t=0.5s, distance_typewriter_camera = 4.501m  
distance_gun_camera = 4.704m",
1589,simulation_0209,simulation,A3MS,24,DD,What is the speed of the typewriter at time 0.25s in m/s?,acceleration of the typewriter before 0.45s = 9.8m/s^2,"t=0s, distance_typewriter_camera = 4.32m  
t=0.5s, distance_typewriter_camera = 4.501m  
distance_gun_camera = 4.704m",
1590,simulation_0209,simulation,A3MS,24,DD,What is the speed of the typewriter at time 0.333s in m/s?,acceleration of the typewriter before 0.45s = 9.8m/s^2,"t=0s, distance_typewriter_camera = 4.32m  
t=0.5s, distance_typewriter_camera = 4.501m  
distance_gun_camera = 4.704m",
1591,simulation_0209,simulation,A3MS,24,DS,What is the width of the table in meters?,acceleration of the typewriter before 0.45s = 9.8m/s^2,"t=0s, distance_typewriter_camera = 4.32m  
t=0.5s, distance_typewriter_camera = 4.501m  
distance_gun_camera = 4.704m",
1592,simulation_0209,simulation,A3MS,24,DS,What is the width of the typewriter in meters?,acceleration of the typewriter before 0.45s = 9.8m/s^2,"t=0s, distance_typewriter_camera = 4.32m  
t=0.5s, distance_typewriter_camera = 4.501m  
distance_gun_camera = 4.704m",
1593,simulation_0211,simulation,V3MS,24,DS,What is the length of the black cat (including its tail) in meters?,speed of the black cat = 0.94m/s,"t=0s, distance_black_cat_camera = 4.199m  
t=1.0s, distance_black_cat_camera = 4.481m  
distance_floor_mirror_bottom_center_camera = 6.407m  
distance_closest_wooden_bench_leg_camera = 5.69m",
1594,simulation_0211,simulation,V3MS,24,DS,What is the height of the black cat (including its tail) in meters?,speed of the black cat = 0.94m/s,"t=0s, distance_black_cat_camera = 4.199m  
t=1.0s, distance_black_cat_camera = 4.481m  
distance_floor_mirror_bottom_center_camera = 6.407m  
distance_closest_wooden_bench_leg_camera = 5.69m",
1595,simulation_0211,simulation,V3MS,24,DS,What is the length of the wooden bench in meters?,speed of the black cat = 0.94m/s,"t=0s, distance_black_cat_camera = 4.199m  
t=1.0s, distance_black_cat_camera = 4.481m  
distance_floor_mirror_bottom_center_camera = 6.407m  
distance_closest_wooden_bench_leg_camera = 5.69m",
1596,simulation_0211,simulation,V3MS,24,DS,What is the height of the wooden bench in meters?,speed of the black cat = 0.94m/s,"t=0s, distance_black_cat_camera = 4.199m  
t=1.0s, distance_black_cat_camera = 4.481m  
distance_floor_mirror_bottom_center_camera = 6.407m  
distance_closest_wooden_bench_leg_camera = 5.69m",
1597,simulation_0211,simulation,V3MS,24,DS,What is the height of the lampshade of the table lamp in meters?,speed of the black cat = 0.94m/s,"t=0s, distance_black_cat_camera = 4.199m  
t=1.0s, distance_black_cat_camera = 4.481m  
distance_floor_mirror_bottom_center_camera = 6.407m  
distance_closest_wooden_bench_leg_camera = 5.69m",
1598,simulation_0211,simulation,V3MS,24,DS,What is the diameter of the lampshade of the table lamp in meters?,speed of the black cat = 0.94m/s,"t=0s, distance_black_cat_camera = 4.199m  
t=1.0s, distance_black_cat_camera = 4.481m  
distance_floor_mirror_bottom_center_camera = 6.407m  
distance_closest_wooden_bench_leg_camera = 5.69m",
1599,simulation_0211,simulation,V3MS,24,DS,What is the height of the table lamp in meters?,speed of the black cat = 0.94m/s,"t=0s, distance_black_cat_camera = 4.199m  
t=1.0s, distance_black_cat_camera = 4.481m  
distance_floor_mirror_bottom_center_camera = 6.407m  
distance_closest_wooden_bench_leg_camera = 5.69m",
1600,simulation_0211,simulation,V3MS,24,DS,What is the height of the vase in meters?,speed of the black cat = 0.94m/s,"t=0s, distance_black_cat_camera = 4.199m  
t=1.0s, distance_black_cat_camera = 4.481m  
distance_floor_mirror_bottom_center_camera = 6.407m  
distance_closest_wooden_bench_leg_camera = 5.69m",
1601,simulation_0211,simulation,V3MS,24,DS,What is the height of the floor mirror in meters?,speed of the black cat = 0.94m/s,"t=0s, distance_black_cat_camera = 4.199m  
t=1.0s, distance_black_cat_camera = 4.481m  
distance_floor_mirror_bottom_center_camera = 6.407m  
distance_closest_wooden_bench_leg_camera = 5.69m",
1602,simulation_0211,simulation,V3MS,24,DS,What is the length of the floor mirror in meters?,speed of the black cat = 0.94m/s,"t=0s, distance_black_cat_camera = 4.199m  
t=1.0s, distance_black_cat_camera = 4.481m  
distance_floor_mirror_bottom_center_camera = 6.407m  
distance_closest_wooden_bench_leg_camera = 5.69m",
1603,simulation_0211,simulation,V3MS,24,DS,What is the distance in meters between the black cat and the camera at 0.5 s?,speed of the black cat = 0.94m/s,"t=0s, distance_black_cat_camera = 4.199m  
t=1.0s, distance_black_cat_camera = 4.481m  
distance_floor_mirror_bottom_center_camera = 6.407m  
distance_closest_wooden_bench_leg_camera = 5.69m",
1604,simulation_0211,simulation,V3MS,24,DS,What is the distance in meters between the black cat and the camera at 1.5 s?,speed of the black cat = 0.94m/s,"t=0s, distance_black_cat_camera = 4.199m  
t=1.0s, distance_black_cat_camera = 4.481m  
distance_floor_mirror_bottom_center_camera = 6.407m  
distance_closest_wooden_bench_leg_camera = 5.69m",
1605,simulation_0212,simulation,V3MC,24,DS,What is the length of the black cat (including its tail) in meters?,speed of the black cat = 0.94m/s,"t=0s, distance_black_cat_camera=4.199m   
t=1.0s, distance_black_cat_camera= 4.481m
t=0s, distance_dog_camera = 5.094m  
t=0.5s, distance_dog_camera = 4.625m
distance_floor_mirror_bottom_center_camera = 6.407m  
distance_closest_wooden_bench_leg_camera = 5.69m",
1606,simulation_0212,simulation,V3MC,24,DS,What is the height of the black cat (including its tail) in meters?,speed of the black cat = 0.94m/s,"t=0s, distance_black_cat_camera=4.199m   
t=1.0s, distance_black_cat_camera= 4.481m
t=0s, distance_dog_camera = 5.094m  
t=0.5s, distance_dog_camera = 4.625m
distance_floor_mirror_bottom_center_camera = 6.407m  
distance_closest_wooden_bench_leg_camera = 5.69m",
1607,simulation_0212,simulation,V3MC,24,DS,What is the length of the wooden bench in meters?,speed of the black cat = 0.94m/s,"t=0s, distance_black_cat_camera=4.199m   
t=1.0s, distance_black_cat_camera= 4.481m
t=0s, distance_dog_camera = 5.094m  
t=0.5s, distance_dog_camera = 4.625m
distance_floor_mirror_bottom_center_camera = 6.407m  
distance_closest_wooden_bench_leg_camera = 5.69m",
1608,simulation_0212,simulation,V3MC,24,DS,What is the height of the wooden bench in meters?,speed of the black cat = 0.94m/s,"t=0s, distance_black_cat_camera=4.199m   
t=1.0s, distance_black_cat_camera= 4.481m
t=0s, distance_dog_camera = 5.094m  
t=0.5s, distance_dog_camera = 4.625m
distance_floor_mirror_bottom_center_camera = 6.407m  
distance_closest_wooden_bench_leg_camera = 5.69m",
1609,simulation_0212,simulation,V3MC,24,DS,What is the height of the lampshade of the table lamp in meters?,speed of the black cat = 0.94m/s,"t=0s, distance_black_cat_camera=4.199m   
t=1.0s, distance_black_cat_camera= 4.481m
t=0s, distance_dog_camera = 5.094m  
t=0.5s, distance_dog_camera = 4.625m
distance_floor_mirror_bottom_center_camera = 6.407m  
distance_closest_wooden_bench_leg_camera = 5.69m",
1610,simulation_0212,simulation,V3MC,24,DS,What is the diameter of the lampshade of the table lamp in meters?,speed of the black cat = 0.94m/s,"t=0s, distance_black_cat_camera=4.199m   
t=1.0s, distance_black_cat_camera= 4.481m
t=0s, distance_dog_camera = 5.094m  
t=0.5s, distance_dog_camera = 4.625m
distance_floor_mirror_bottom_center_camera = 6.407m  
distance_closest_wooden_bench_leg_camera = 5.69m",
1611,simulation_0212,simulation,V3MC,24,DS,What is the height of the table lamp in meters?,speed of the black cat = 0.94m/s,"t=0s, distance_black_cat_camera=4.199m   
t=1.0s, distance_black_cat_camera= 4.481m
t=0s, distance_dog_camera = 5.094m  
t=0.5s, distance_dog_camera = 4.625m
distance_floor_mirror_bottom_center_camera = 6.407m  
distance_closest_wooden_bench_leg_camera = 5.69m",
1612,simulation_0212,simulation,V3MC,24,DS,What is the height of the vase in meters?,speed of the black cat = 0.94m/s,"t=0s, distance_black_cat_camera=4.199m   
t=1.0s, distance_black_cat_camera= 4.481m
t=0s, distance_dog_camera = 5.094m  
t=0.5s, distance_dog_camera = 4.625m
distance_floor_mirror_bottom_center_camera = 6.407m  
distance_closest_wooden_bench_leg_camera = 5.69m",
1613,simulation_0212,simulation,V3MC,24,DS,What is the height of the floor mirror in meters?,speed of the black cat = 0.94m/s,"t=0s, distance_black_cat_camera=4.199m   
t=1.0s, distance_black_cat_camera= 4.481m
t=0s, distance_dog_camera = 5.094m  
t=0.5s, distance_dog_camera = 4.625m
distance_floor_mirror_bottom_center_camera = 6.407m  
distance_closest_wooden_bench_leg_camera = 5.69m",
1614,simulation_0212,simulation,V3MC,24,DS,What is the width of the floor mirror in meters?,speed of the black cat = 0.94m/s,"t=0s, distance_black_cat_camera=4.199m   
t=1.0s, distance_black_cat_camera= 4.481m
t=0s, distance_dog_camera = 5.094m  
t=0.5s, distance_dog_camera = 4.625m
distance_floor_mirror_bottom_center_camera = 6.407m  
distance_closest_wooden_bench_leg_camera = 5.69m",
1615,simulation_0212,simulation,V3MC,24,DS,What is the distance in meters between the black cat and the camera at 0.5 s?,speed of the black cat = 0.94m/s,"t=0s, distance_black_cat_camera=4.199m   
t=1.0s, distance_black_cat_camera= 4.481m
t=0s, distance_dog_camera = 5.094m  
t=0.5s, distance_dog_camera = 4.625m
distance_floor_mirror_bottom_center_camera = 6.407m  
distance_closest_wooden_bench_leg_camera = 5.69m",
1616,simulation_0212,simulation,V3MC,24,DS,What is the distance in meters between the black cat and the camera at 1.5 s?,speed of the black cat = 0.94m/s,"t=0s, distance_black_cat_camera=4.199m   
t=1.0s, distance_black_cat_camera= 4.481m
t=0s, distance_dog_camera = 5.094m  
t=0.5s, distance_dog_camera = 4.625m
distance_floor_mirror_bottom_center_camera = 6.407m  
distance_closest_wooden_bench_leg_camera = 5.69m",
1617,simulation_0212,simulation,V3MC,24,DD,What is the speed of the dog at time 1s in m/s?,speed of the black cat = 0.94m/s,"t=0s, distance_black_cat_camera=4.199m   
t=1.0s, distance_black_cat_camera= 4.481m
t=0s, distance_dog_camera = 5.094m  
t=0.5s, distance_dog_camera = 4.625m
distance_floor_mirror_bottom_center_camera = 6.407m  
distance_closest_wooden_bench_leg_camera = 5.69m",
1618,simulation_0212,simulation,V3MC,24,DD,What is the speed of the dog at time 1.5s in m/s?,speed of the black cat = 0.94m/s,"t=0s, distance_black_cat_camera=4.199m   
t=1.0s, distance_black_cat_camera= 4.481m
t=0s, distance_dog_camera = 5.094m  
t=0.5s, distance_dog_camera = 4.625m
distance_floor_mirror_bottom_center_camera = 6.407m  
distance_closest_wooden_bench_leg_camera = 5.69m",
1619,simulation_0212,simulation,V3MC,24,DS,What is the length of the dog (including its tail) in meters?,speed of the black cat = 0.94m/s,"t=0s, distance_black_cat_camera=4.199m   
t=1.0s, distance_black_cat_camera= 4.481m
t=0s, distance_dog_camera = 5.094m  
t=0.5s, distance_dog_camera = 4.625m
distance_floor_mirror_bottom_center_camera = 6.407m  
distance_closest_wooden_bench_leg_camera = 5.69m",
1620,simulation_0212,simulation,V3MC,24,DS,What is the height of the dog (including its tail) in meters?,speed of the black cat = 0.94m/s,"t=0s, distance_black_cat_camera=4.199m   
t=1.0s, distance_black_cat_camera= 4.481m
t=0s, distance_dog_camera = 5.094m  
t=0.5s, distance_dog_camera = 4.625m
distance_floor_mirror_bottom_center_camera = 6.407m  
distance_closest_wooden_bench_leg_camera = 5.69m",
1621,simulation_0242,simulation,V3MC,24,DS,What is the length of the brown horse in meters?,speed of the brown horse = 0.874m/s,"t=0s, distance_brown_horse_camera=16.288m   
t=1.0s, distance_brown_horse_camera=16.112m 
t=0s, distance_white_horse_camera=14.941m  
t=1.0s, distance_white_horse_camera=14.957m
t=0s, distance_rabbit_camera=14.257m  
t=1.0s, distance_rabbit_camera=14.412m",
1622,simulation_0242,simulation,V3MC,24,DS,What is the width of the house in meters?,speed of the brown horse = 0.874m/s,"t=0s, distance_brown_horse_camera=16.288m   
t=1.0s, distance_brown_horse_camera=16.112m 
t=0s, distance_white_horse_camera=14.941m  
t=1.0s, distance_white_horse_camera=14.957m
t=0s, distance_rabbit_camera=14.257m  
t=1.0s, distance_rabbit_camera=14.412m",
1623,simulation_0242,simulation,V3MC,24,DS,What is the width of each glass window in meters?,speed of the brown horse = 0.874m/s,"t=0s, distance_brown_horse_camera=16.288m   
t=1.0s, distance_brown_horse_camera=16.112m 
t=0s, distance_white_horse_camera=14.941m  
t=1.0s, distance_white_horse_camera=14.957m
t=0s, distance_rabbit_camera=14.257m  
t=1.0s, distance_rabbit_camera=14.412m",
1624,simulation_0242,simulation,V3MC,24,DD,What is the average speed of the white horse in m/s?,speed of the brown horse = 0.874m/s,"t=0s, distance_brown_horse_camera=16.288m   
t=1.0s, distance_brown_horse_camera=16.112m 
t=0s, distance_white_horse_camera=14.941m  
t=1.0s, distance_white_horse_camera=14.957m
t=0s, distance_rabbit_camera=14.257m  
t=1.0s, distance_rabbit_camera=14.412m",
1625,simulation_0242,simulation,V3MC,24,DS,What is the length of the white horse in meters?,speed of the brown horse = 0.874m/s,"t=0s, distance_brown_horse_camera=16.288m   
t=1.0s, distance_brown_horse_camera=16.112m 
t=0s, distance_white_horse_camera=14.941m  
t=1.0s, distance_white_horse_camera=14.957m
t=0s, distance_rabbit_camera=14.257m  
t=1.0s, distance_rabbit_camera=14.412m",
1626,simulation_0242,simulation,V3MC,24,DD,What is the average speed of the rabbit in m/s?,speed of the brown horse = 0.874m/s,"t=0s, distance_brown_horse_camera=16.288m   
t=1.0s, distance_brown_horse_camera=16.112m 
t=0s, distance_white_horse_camera=14.941m  
t=1.0s, distance_white_horse_camera=14.957m
t=0s, distance_rabbit_camera=14.257m  
t=1.0s, distance_rabbit_camera=14.412m",
1627,simulation_0242,simulation,V3MC,24,DS,What is the length of the rabbit in meters?,speed of the brown horse = 0.874m/s,"t=0s, distance_brown_horse_camera=16.288m   
t=1.0s, distance_brown_horse_camera=16.112m 
t=0s, distance_white_horse_camera=14.941m  
t=1.0s, distance_white_horse_camera=14.957m
t=0s, distance_rabbit_camera=14.257m  
t=1.0s, distance_rabbit_camera=14.412m",
1628,simulation_0247,simulation,V2MS,30,DS,What is the length of the rabbit in meters?,speed of the deer = 1.277m/s,"t=0s, distance_rabbit_camera=15.798m  
t=1.0s, distance_rabbit_camera=15.852m",
1629,simulation_0247,simulation,V2MS,30,DS,What is the length of the deer in meters?,speed of the deer = 1.277m/s,"t=0s, distance_rabbit_camera=15.798m  
t=1.0s, distance_rabbit_camera=15.852m",
1630,simulation_0247,simulation,V2MS,30,DD,What is the average speed of the rabbit in m/s?,speed of the deer = 1.277m/s,"t=0s, distance_rabbit_camera=15.798m  
t=1.0s, distance_rabbit_camera=15.852m",
1631,simulation_0312,simulation,S3SX,24,SD,What is the average speed of the star from the beginning to the end in meters?,height of the star = 0.2m,"t=1.0s, distance_star_camera = 6.552m
t=2.0s, distance_star_camera = 8.345m",
1632,simulation_0312,simulation,S3SX,24,SS,What is the width of the star in meters?,height of the star = 0.2m,"t=1.0s, distance_star_camera = 6.552m
t=2.0s, distance_star_camera = 8.345m",
1633,simulation_0312,simulation,S3SX,24,SS,What is the thickness of the star in meters?,height of the star = 0.2m,"t=1.0s, distance_star_camera = 6.552m
t=2.0s, distance_star_camera = 8.345m",
1634,simulation_0009_segmented,segmentation,V3MX,24,DS,What is the length of the boat in meters?,speed of the boat = 1.5 m/s,"t=0s, distance_boat_camera =11.827 m
t=1s, distance_boat_camera = 13.154m
distance_pier_camera = 18.920m
distance_stairs_camera = 23.125m",
1635,simulation_0009_segmented,segmentation,V3MX,24,DS,What is the width of the boat in meters?,speed of the boat = 1.5 m/s,"t=0s, distance_boat_camera =11.827 m
t=1s, distance_boat_camera = 13.154m
distance_pier_camera = 18.920m
distance_stairs_camera = 23.125m",
1636,simulation_0009_segmented,segmentation,V3MX,24,DS,What is the height of the boat in meters?,speed of the boat = 1.5 m/s,"t=0s, distance_boat_camera =11.827 m
t=1s, distance_boat_camera = 13.154m
distance_pier_camera = 18.920m
distance_stairs_camera = 23.125m",
1637,simulation_0009_segmented,segmentation,V3MX,24,DS,What is the width of the wooden pier in meters?,speed of the boat = 1.5 m/s,"t=0s, distance_boat_camera =11.827 m
t=1s, distance_boat_camera = 13.154m
distance_pier_camera = 18.920m
distance_stairs_camera = 23.125m",
1638,simulation_0009_segmented,segmentation,V3MX,24,DS,What is the length of the pier from the shore-side edge to the water-side edge in meters?,speed of the boat = 1.5 m/s,"t=0s, distance_boat_camera =11.827 m
t=1s, distance_boat_camera = 13.154m
distance_pier_camera = 18.920m
distance_stairs_camera = 23.125m",
1639,simulation_0009_segmented,segmentation,V3MX,24,DS,"When t=3s, what is the minimum distance from the outer end of the pier to the boat in meters?",speed of the boat = 1.5 m/s,"t=0s, distance_boat_camera =11.827 m
t=1s, distance_boat_camera = 13.154m
distance_pier_camera = 18.920m
distance_stairs_camera = 23.125m",
1640,simulation_0009_segmented,segmentation,V3MX,24,DS,What is the width of the wooden steps in meters?,speed of the boat = 1.5 m/s,"t=0s, distance_boat_camera =11.827 m
t=1s, distance_boat_camera = 13.154m
distance_pier_camera = 18.920m
distance_stairs_camera = 23.125m",
1641,simulation_0009_segmented,segmentation,V3MX,24,DS,What is the height of the pier deck above the water surface in meters?,speed of the boat = 1.5 m/s,"t=0s, distance_boat_camera =11.827 m
t=1s, distance_boat_camera = 13.154m
distance_pier_camera = 18.920m
distance_stairs_camera = 23.125m",
1642,simulation_0009_segmented,segmentation,V3MX,24,DS,What is the height of the cabin floor above the ground in meters?,speed of the boat = 1.5 m/s,"t=0s, distance_boat_camera =11.827 m
t=1s, distance_boat_camera = 13.154m
distance_pier_camera = 18.920m
distance_stairs_camera = 23.125m",
1643,simulation_0010_segmented,segmentation,V3MX,24,SS,What is the width between the two widest eaves of the small house in meters?,length of the bird = 1.19m,"t=0s, distance_bird_camera = 34.584m
t=1s, distance_bird_camera = 33.999m
distance_cart_camera = 30.374m
distance_house_camera = 55.083m",
1644,simulation_0010_segmented,segmentation,V3MX,24,SS,What is the height of the house’s door in meters?,length of the bird = 1.19m,"t=0s, distance_bird_camera = 34.584m
t=1s, distance_bird_camera = 33.999m
distance_cart_camera = 30.374m
distance_house_camera = 55.083m",
1645,simulation_0010_segmented,segmentation,V3MX,24,SS,What is the maximum height of the cart from the ground in meters?,length of the bird = 1.19m,"t=0s, distance_bird_camera = 34.584m
t=1s, distance_bird_camera = 33.999m
distance_cart_camera = 30.374m
distance_house_camera = 55.083m",
1646,simulation_0010_segmented,segmentation,V3MX,24,SS,What is the diameter of the cart’s wheels in meters?,length of the bird = 1.19m,"t=0s, distance_bird_camera = 34.584m
t=1s, distance_bird_camera = 33.999m
distance_cart_camera = 30.374m
distance_house_camera = 55.083m",
1647,simulation_0010_segmented,segmentation,V3MX,24,SD,What is the average flight speed of the bird in m/s?,length of the bird = 1.19m,"t=0s, distance_bird_camera = 34.584m
t=1s, distance_bird_camera = 33.999m
distance_cart_camera = 30.374m
distance_house_camera = 55.083m",
1648,simulation_0012_segmented,segmentation,V2MX,24,DS,What is the width between the two widest eaves of the house in meters?,speed of the bird =6m/s,,
1649,simulation_0012_segmented,segmentation,V2MX,24,DS,What is the length of the bird in meters?,speed of the bird =6m/s,,
1650,simulation_0012_segmented,segmentation,V2MX,24,DS,How wide is the bird's wingspan when it spreads its wings in meters?,speed of the bird =6m/s,,
1651,simulation_0017_segmented,segmentation,V3MX,33,DS,What is the height of the person in meters?,speed of the person = 1.3m/s,"t=0s, distance_human_camera = 5.424m
t=1s, distance_human_camera = 4.886m
distance_bench_camera = 2.267m
distance_the_pedestal_of_the_central _sculpture_and_camera = 5.963m
distance_the central_sculpture_camera = 5.962m
distance_the_freestanding_art_display_panel = 4.223m",
1652,simulation_0017_segmented,segmentation,V3MX,33,DS,What is the width of the pedestal (square base) of the central sculpture in meters?,speed of the person = 1.3m/s,"t=0s, distance_human_camera = 5.424m
t=1s, distance_human_camera = 4.886m
distance_bench_camera = 2.267m
distance_the_pedestal_of_the_central _sculpture_and_camera = 5.963m
distance_the central_sculpture_camera = 5.962m
distance_the_freestanding_art_display_panel = 4.223m",
1653,simulation_0017_segmented,segmentation,V3MX,33,DS,What is the height of the pedestal (square base) of the central sculpture in meters?,speed of the person = 1.3m/s,"t=0s, distance_human_camera = 5.424m
t=1s, distance_human_camera = 4.886m
distance_bench_camera = 2.267m
distance_the_pedestal_of_the_central _sculpture_and_camera = 5.963m
distance_the central_sculpture_camera = 5.962m
distance_the_freestanding_art_display_panel = 4.223m",
1654,simulation_0017_segmented,segmentation,V3MX,33,DS,What is the height of the bench seat in the atrium in meters?,speed of the person = 1.3m/s,"t=0s, distance_human_camera = 5.424m
t=1s, distance_human_camera = 4.886m
distance_bench_camera = 2.267m
distance_the_pedestal_of_the_central _sculpture_and_camera = 5.963m
distance_the central_sculpture_camera = 5.962m
distance_the_freestanding_art_display_panel = 4.223m",
1655,simulation_0017_segmented,segmentation,V3MX,33,DS,What is the length of the bench seat in the atrium in meters?,speed of the person = 1.3m/s,"t=0s, distance_human_camera = 5.424m
t=1s, distance_human_camera = 4.886m
distance_bench_camera = 2.267m
distance_the_pedestal_of_the_central _sculpture_and_camera = 5.963m
distance_the central_sculpture_camera = 5.962m
distance_the_freestanding_art_display_panel = 4.223m",
1656,simulation_0017_segmented,segmentation,V3MX,33,DS,What is the height of the central sculpture itself (excluding the pedestal) in meters?,speed of the person = 1.3m/s,"t=0s, distance_human_camera = 5.424m
t=1s, distance_human_camera = 4.886m
distance_bench_camera = 2.267m
distance_the_pedestal_of_the_central _sculpture_and_camera = 5.963m
distance_the central_sculpture_camera = 5.962m
distance_the_freestanding_art_display_panel = 4.223m",
1657,simulation_0017_segmented,segmentation,V3MX,33,DS,What is the width of the freestanding art display panel in meters?,speed of the person = 1.3m/s,"t=0s, distance_human_camera = 5.424m
t=1s, distance_human_camera = 4.886m
distance_bench_camera = 2.267m
distance_the_pedestal_of_the_central _sculpture_and_camera = 5.963m
distance_the central_sculpture_camera = 5.962m
distance_the_freestanding_art_display_panel = 4.223m",
1658,simulation_0017_segmented,segmentation,V3MX,33,DS,What is the height of the freestanding art display panel in meters?,speed of the person = 1.3m/s,"t=0s, distance_human_camera = 5.424m
t=1s, distance_human_camera = 4.886m
distance_bench_camera = 2.267m
distance_the_pedestal_of_the_central _sculpture_and_camera = 5.963m
distance_the central_sculpture_camera = 5.962m
distance_the_freestanding_art_display_panel = 4.223m",
1659,simulation_0019_segmented,segmentation,S3MX,33,SD,What is the average walking speed of the person in m/s?,height of the person = 1.87m,"t=0s, distance_human_camera = 6.84m
t=1s, distance_human_camera = 6.49m
distance_the_nearest_freestanding_art_display_panel = 11.042m
distance_the_pedestal_of_the_central_sculpture_and_camera = 5.085m
distance_the central_sculpture_camera = 5.085m",
1660,simulation_0019_segmented,segmentation,S3MX,33,SS,What is the width of the pedestal (square base) of the central sculpture in meters?,height of the person = 1.87m,"t=0s, distance_human_camera = 6.84m
t=1s, distance_human_camera = 6.49m
distance_the_nearest_freestanding_art_display_panel = 11.042m
distance_the_pedestal_of_the_central_sculpture_and_camera = 5.085m
distance_the central_sculpture_camera = 5.085m",
1661,simulation_0019_segmented,segmentation,S3MX,33,SS,What is the height of the pedestal (square base) of the central sculpture in meters?,height of the person = 1.87m,"t=0s, distance_human_camera = 6.84m
t=1s, distance_human_camera = 6.49m
distance_the_nearest_freestanding_art_display_panel = 11.042m
distance_the_pedestal_of_the_central_sculpture_and_camera = 5.085m
distance_the central_sculpture_camera = 5.085m",
1662,simulation_0019_segmented,segmentation,S3MX,33,SS,What is the height of the central sculpture itself (excluding the pedestal) in meters?,height of the person = 1.87m,"t=0s, distance_human_camera = 6.84m
t=1s, distance_human_camera = 6.49m
distance_the_nearest_freestanding_art_display_panel = 11.042m
distance_the_pedestal_of_the_central_sculpture_and_camera = 5.085m
distance_the central_sculpture_camera = 5.085m",
1663,simulation_0019_segmented,segmentation,S3MX,33,SS,What is the width of the freestanding art display panel in meters?,height of the person = 1.87m,"t=0s, distance_human_camera = 6.84m
t=1s, distance_human_camera = 6.49m
distance_the_nearest_freestanding_art_display_panel = 11.042m
distance_the_pedestal_of_the_central_sculpture_and_camera = 5.085m
distance_the central_sculpture_camera = 5.085m",
1664,simulation_0019_segmented,segmentation,S3MX,33,SS,What is the height of the freestanding art display panel in meters?,height of the person = 1.87m,"t=0s, distance_human_camera = 6.84m
t=1s, distance_human_camera = 6.49m
distance_the_nearest_freestanding_art_display_panel = 11.042m
distance_the_pedestal_of_the_central_sculpture_and_camera = 5.085m
distance_the central_sculpture_camera = 5.085m",
1665,simulation_0021_segmented,segmentation,S3MX,30,SD,What is the average walking speed of the person in meters?,height of the person = 1.87m,"t=0s, distance_human_camera = 13.882m
t=1s, distance_human_camera = 13.768m
distance_fire_hydrant_camera = 12.565m
distance_streetlight_camera = 12.325m",
1666,simulation_0021_segmented,segmentation,S3MX,30,SS,What is the height of the fire hydrant in meters?,height of the person = 1.87m,"t=0s, distance_human_camera = 13.882m
t=1s, distance_human_camera = 13.768m
distance_fire_hydrant_camera = 12.565m
distance_streetlight_camera = 12.325m",
1667,simulation_0021_segmented,segmentation,S3MX,30,SS,What is the height of the streetlight in meters?,height of the person = 1.87m,"t=0s, distance_human_camera = 13.882m
t=1s, distance_human_camera = 13.768m
distance_fire_hydrant_camera = 12.565m
distance_streetlight_camera = 12.325m",
1668,simulation_0022_segmented,segmentation,S3MX,24,SD,What is the average walking speed of the person in meters?,length of the boat = 10m,"t=1s, distance_boat_camera = 148.7451 m
t=2s, distance_boat_camera = 146.9726 m",
1669,simulation_0022_segmented,segmentation,S3MX,24,SS,What is the height of the boat in meters?,length of the boat = 10m,"t=1s, distance_boat_camera = 148.7451 m
t=2s, distance_boat_camera = 146.9726 m",
1670,simulation_0022_segmented,segmentation,S3MX,24,SS,What is the length of the rock in meters?,length of the boat = 10m,"t=1s, distance_boat_camera = 148.7451 m
t=2s, distance_boat_camera = 146.9726 m",
1671,simulation_0022_segmented,segmentation,S3MX,24,SS,What is the height of the rock in meters?,length of the boat = 10m,"t=1s, distance_boat_camera = 148.7451 m
t=2s, distance_boat_camera = 146.9726 m",
1672,simulation_0023_segmented,segmentation,V3MX,24,DD,What is the average speed of the boat in m/s?,speed of the eagle = 11.84m/s,"t=1s, distance_eagle_camera = 116.0475m
t=2s, distance_eagle_camera = 108.2756m
t=1s, distance_boat_camera = 103.1570 m
t=2s, distance_boat_camera = 106.0906 m",
1673,simulation_0023_segmented,segmentation,V3MX,24,DS,What is the height of the boat in meters?,speed of the eagle = 11.84m/s,"t=1s, distance_eagle_camera = 116.0475m
t=2s, distance_eagle_camera = 108.2756m
t=1s, distance_boat_camera = 103.1570 m
t=2s, distance_boat_camera = 106.0906 m",
1674,simulation_0023_segmented,segmentation,V3MX,24,DS,What is the length of the boat in meters?,speed of the eagle = 11.84m/s,"t=1s, distance_eagle_camera = 116.0475m
t=2s, distance_eagle_camera = 108.2756m
t=1s, distance_boat_camera = 103.1570 m
t=2s, distance_boat_camera = 106.0906 m",
1675,simulation_0023_segmented,segmentation,V3MX,24,DS,What is the length of the eagle in meters?,speed of the eagle = 11.84m/s,"t=1s, distance_eagle_camera = 116.0475m
t=2s, distance_eagle_camera = 108.2756m
t=1s, distance_boat_camera = 103.1570 m
t=2s, distance_boat_camera = 106.0906 m",
1676,simulation_0023_segmented,segmentation,V3MX,24,DS,What is the eagle’s wingspan (the distance from the tip of one wing to the tip of the other when fully spread) in meters?,speed of the eagle = 11.84m/s,"t=1s, distance_eagle_camera = 116.0475m
t=2s, distance_eagle_camera = 108.2756m
t=1s, distance_boat_camera = 103.1570 m
t=2s, distance_boat_camera = 106.0906 m",
1677,simulation_0024_segmented,segmentation,V3MX,24,DS,What is the height of the boat in meters?,speed of the boat = 4m/s,"t=1s, distance_boat_camera = 90.1103 m
t=2s, distance_boat_camera = 90.4360 m",
1678,simulation_0024_segmented,segmentation,V3MX,24,DS,What is the length of the boat in meters?,speed of the boat = 4m/s,"t=1s, distance_boat_camera = 90.1103 m
t=2s, distance_boat_camera = 90.4360 m",
1679,simulation_0024_segmented,segmentation,V3MX,24,DS,What is the width of the boat in meters?,speed of the boat = 4m/s,"t=1s, distance_boat_camera = 90.1103 m
t=2s, distance_boat_camera = 90.4360 m",
1680,simulation_0024_segmented,segmentation,V3MX,24,DS,What is the length of the rock in meters?,speed of the boat = 4m/s,"t=1s, distance_boat_camera = 90.1103 m
t=2s, distance_boat_camera = 90.4360 m",
1681,simulation_0024_segmented,segmentation,V3MX,24,DS,What is the height of the rock in meters?,speed of the boat = 4m/s,"t=1s, distance_boat_camera = 90.1103 m
t=2s, distance_boat_camera = 90.4360 m",
1682,simulation_0024_segmented,segmentation,V3MX,24,DS,What is the width of the rock in meters?,speed of the boat = 4m/s,"t=1s, distance_boat_camera = 90.1103 m
t=2s, distance_boat_camera = 90.4360 m",
1683,simulation_0025_segmented,segmentation,V3MX,24,DD,What is the average speed of the eagle in m/s?,speed of the person = 1.3m/s,"t=1s, distance_eagle_camera = 116.0475m
t=2s, distance_eagle_camera = 108.2756m
t=1s, distance_human_camera = 114.8319m
t=2s, distance_human_camera = 114.8356 m",
1684,simulation_0025_segmented,segmentation,V3MX,24,DS,What is the length of the eagle in meters?,speed of the person = 1.3m/s,"t=1s, distance_eagle_camera = 116.0475m
t=2s, distance_eagle_camera = 108.2756m
t=1s, distance_human_camera = 114.8319m
t=2s, distance_human_camera = 114.8356 m",
1685,simulation_0025_segmented,segmentation,V3MX,24,DS,What is the eagle’s wingspan (the distance from the tip of one wing to the tip of the other when fully spread) in meters?,speed of the person = 1.3m/s,"t=1s, distance_eagle_camera = 116.0475m
t=2s, distance_eagle_camera = 108.2756m
t=1s, distance_human_camera = 114.8319m
t=2s, distance_human_camera = 114.8356 m",
1686,simulation_0025_segmented,segmentation,V3MX,24,DS,What is the height of the person in meters?,speed of the person = 1.3m/s,"t=1s, distance_eagle_camera = 116.0475m
t=2s, distance_eagle_camera = 108.2756m
t=1s, distance_human_camera = 114.8319m
t=2s, distance_human_camera = 114.8356 m",
1687,simulation_0026_segmented,segmentation,S3MX,24,SS,What is the height of the boat in meters?,height of the person = 1.75m,"t=1s, distance_boat_camera = 103.1570 m
t=2s, distance_boat_camera = 106.0906 m
t=1s, distance_human_camera = 114.8319m
t=2s, distance_human_camera = 114.8356 m",
1688,simulation_0026_segmented,segmentation,S3MX,24,SS,What is the length of the boat in meters?,height of the person = 1.75m,"t=1s, distance_boat_camera = 103.1570 m
t=2s, distance_boat_camera = 106.0906 m
t=1s, distance_human_camera = 114.8319m
t=2s, distance_human_camera = 114.8356 m",
1689,simulation_0026_segmented,segmentation,S3MX,24,SD,What is the average speed of the person in m/s?,height of the person = 1.75m,"t=1s, distance_boat_camera = 103.1570 m
t=2s, distance_boat_camera = 106.0906 m
t=1s, distance_human_camera = 114.8319m
t=2s, distance_human_camera = 114.8356 m",
1690,simulation_0027_segmented,segmentation,S3MX,24,SS,What is the length of the rock in meters?,height of the person = 1.75m,"t=1s, distance_human_camera = 100.5638m
t=2s, distance_human_camera = 100.5996m",
1691,simulation_0027_segmented,segmentation,S3MX,24,SS,What is the height of the rock in meters?,height of the person = 1.75m,"t=1s, distance_human_camera = 100.5638m
t=2s, distance_human_camera = 100.5996m",
1692,simulation_0027_segmented,segmentation,S3MX,24,SS,What is the width of the rock in meters?,height of the person = 1.75m,"t=1s, distance_human_camera = 100.5638m
t=2s, distance_human_camera = 100.5996m",
1693,simulation_0027_segmented,segmentation,S3MX,24,SD,What is the speed of the person in m/s?,height of the person = 1.75m,"t=1s, distance_human_camera = 100.5638m
t=2s, distance_human_camera = 100.5996m",
1694,simulation_0028_segmented,segmentation,S3MX,24,SS,What is the eagle’s wingspan (the distance from the tip of one wing to the tip of the other when fully spread) in meters?,length of the eagle = 0.8m,"t=1s, distance_eagle_camera = 100.1405m
t=2s, distance_eagle_camera = 99.5206m",
1695,simulation_0028_segmented,segmentation,S3MX,24,SD,What is the average speed of the eagle in m/s?,length of the eagle = 0.8m,"t=1s, distance_eagle_camera = 100.1405m
t=2s, distance_eagle_camera = 99.5206m",
1696,simulation_0028_segmented,segmentation,S3MX,24,SS,What is the length of the rock in meters?,length of the eagle = 0.8m,"t=1s, distance_eagle_camera = 100.1405m
t=2s, distance_eagle_camera = 99.5206m",
1697,simulation_0028_segmented,segmentation,S3MX,24,SS,What is the height of the rock in meters?,length of the eagle = 0.8m,"t=1s, distance_eagle_camera = 100.1405m
t=2s, distance_eagle_camera = 99.5206m",
1698,simulation_0028_segmented,segmentation,S3MX,24,SS,What is the width of the rock in meters?,length of the eagle = 0.8m,"t=1s, distance_eagle_camera = 100.1405m
t=2s, distance_eagle_camera = 99.5206m",
1699,simulation_0029_segmented,segmentation,V3MX,24,DS,What is the length of the eagle in meters?,speed of the eagle = 12m/s,"t=1s, distance_boat_camera = 133.9572 m
t=2s, distance_boat_camera = 131.2557 m
t=1s, distance_eagle_camera = 139.7035m
t=2s, distance_eagle_camera = 147.1583m",
1700,simulation_0029_segmented,segmentation,V3MX,24,DS,What is the height of the boat in meters?,speed of the eagle = 12m/s,"t=1s, distance_boat_camera = 133.9572 m
t=2s, distance_boat_camera = 131.2557 m
t=1s, distance_eagle_camera = 139.7035m
t=2s, distance_eagle_camera = 147.1583m",
1701,simulation_0029_segmented,segmentation,V3MX,24,DS,What is the length of the boat in meters?,speed of the eagle = 12m/s,"t=1s, distance_boat_camera = 133.9572 m
t=2s, distance_boat_camera = 131.2557 m
t=1s, distance_eagle_camera = 139.7035m
t=2s, distance_eagle_camera = 147.1583m",
1702,simulation_0029_segmented,segmentation,V3MX,24,DD,What is the average speed of the boat in m/s?,speed of the eagle = 12m/s,"t=1s, distance_boat_camera = 133.9572 m
t=2s, distance_boat_camera = 131.2557 m
t=1s, distance_eagle_camera = 139.7035m
t=2s, distance_eagle_camera = 147.1583m",
1703,simulation_0031_segmented,segmentation,V3MX,24,DS,What is the height of the person in meters?,speed of the person = 1.3m/s,"t=1s, distance_boat_camera = 130.3493 m
t=2s, distance_boat_camera = 133.7433 m
t=1s, distance_human_camera = 139.9543 m
t=2s, distance_human_camera = 139.9833 m
t=1s, distance_eagle_camera = 139.7566 m
t=2s, distance_eagle_camera = 130.2468m",
1704,simulation_0031_segmented,segmentation,V3MX,24,DS,What is the height of the boat in meters?,speed of the person = 1.3m/s,"t=1s, distance_boat_camera = 130.3493 m
t=2s, distance_boat_camera = 133.7433 m
t=1s, distance_human_camera = 139.9543 m
t=2s, distance_human_camera = 139.9833 m
t=1s, distance_eagle_camera = 139.7566 m
t=2s, distance_eagle_camera = 130.2468m",
1705,simulation_0031_segmented,segmentation,V3MX,24,DS,What is the length of the boat in meters?,speed of the person = 1.3m/s,"t=1s, distance_boat_camera = 130.3493 m
t=2s, distance_boat_camera = 133.7433 m
t=1s, distance_human_camera = 139.9543 m
t=2s, distance_human_camera = 139.9833 m
t=1s, distance_eagle_camera = 139.7566 m
t=2s, distance_eagle_camera = 130.2468m",
1706,simulation_0031_segmented,segmentation,V3MX,24,DS,What is the width of the boat in meters?,speed of the person = 1.3m/s,"t=1s, distance_boat_camera = 130.3493 m
t=2s, distance_boat_camera = 133.7433 m
t=1s, distance_human_camera = 139.9543 m
t=2s, distance_human_camera = 139.9833 m
t=1s, distance_eagle_camera = 139.7566 m
t=2s, distance_eagle_camera = 130.2468m",
1707,simulation_0031_segmented,segmentation,V3MX,24,DD,What is the average speed of the boat in m/s?,speed of the person = 1.3m/s,"t=1s, distance_boat_camera = 130.3493 m
t=2s, distance_boat_camera = 133.7433 m
t=1s, distance_human_camera = 139.9543 m
t=2s, distance_human_camera = 139.9833 m
t=1s, distance_eagle_camera = 139.7566 m
t=2s, distance_eagle_camera = 130.2468m",
1708,simulation_0031_segmented,segmentation,V3MX,24,DS,What is the length of the eagle in meters?,speed of the person = 1.3m/s,"t=1s, distance_boat_camera = 130.3493 m
t=2s, distance_boat_camera = 133.7433 m
t=1s, distance_human_camera = 139.9543 m
t=2s, distance_human_camera = 139.9833 m
t=1s, distance_eagle_camera = 139.7566 m
t=2s, distance_eagle_camera = 130.2468m",
1709,simulation_0031_segmented,segmentation,V3MX,24,DD,What is the average speed of the eagle in m/s?,speed of the person = 1.3m/s,"t=1s, distance_boat_camera = 130.3493 m
t=2s, distance_boat_camera = 133.7433 m
t=1s, distance_human_camera = 139.9543 m
t=2s, distance_human_camera = 139.9833 m
t=1s, distance_eagle_camera = 139.7566 m
t=2s, distance_eagle_camera = 130.2468m",
1710,simulation_0031_segmented,segmentation,V3MX,24,DS,What is the eagle’s wingspan (the distance from the tip of one wing to the tip of the other when fully spread) in meters?,speed of the person = 1.3m/s,"t=1s, distance_boat_camera = 130.3493 m
t=2s, distance_boat_camera = 133.7433 m
t=1s, distance_human_camera = 139.9543 m
t=2s, distance_human_camera = 139.9833 m
t=1s, distance_eagle_camera = 139.7566 m
t=2s, distance_eagle_camera = 130.2468m",
1711,simulation_0032_segmented,segmentation,A3MX,30,DS,What is the height of the person in meters?,gravity acc = 9.8m/s^2,"t=1s, distance_ball_camera = 13.7978 m
t=2s, distance_ball_camera = 13.8028 m
t=1.5s, distance_orange_car_camera = 10.1755m
t=2s, distance_orange_car_camera = 10.4022m
t=2.5s, distance_green_car_camera = 4.3204m
t=3s, distance_green_car_camera = 6.9142m",
1712,simulation_0032_segmented,segmentation,A3MX,30,DD,What is the initial velocity of the ball in m/s?,gravity acc = 9.8m/s^2,"t=1s, distance_ball_camera = 13.7978 m
t=2s, distance_ball_camera = 13.8028 m
t=1.5s, distance_orange_car_camera = 10.1755m
t=2s, distance_orange_car_camera = 10.4022m
t=2.5s, distance_green_car_camera = 4.3204m
t=3s, distance_green_car_camera = 6.9142m",
1713,simulation_0032_segmented,segmentation,A3MX,30,DS,What is the diameter of the ball in meters?,gravity acc = 9.8m/s^2,"t=1s, distance_ball_camera = 13.7978 m
t=2s, distance_ball_camera = 13.8028 m
t=1.5s, distance_orange_car_camera = 10.1755m
t=2s, distance_orange_car_camera = 10.4022m
t=2.5s, distance_green_car_camera = 4.3204m
t=3s, distance_green_car_camera = 6.9142m",
1714,simulation_0032_segmented,segmentation,A3MX,30,DD,What is the acceleration of the orange car at 2s in m/s^2?,gravity acc = 9.8m/s^2,"t=1s, distance_ball_camera = 13.7978 m
t=2s, distance_ball_camera = 13.8028 m
t=1.5s, distance_orange_car_camera = 10.1755m
t=2s, distance_orange_car_camera = 10.4022m
t=2.5s, distance_green_car_camera = 4.3204m
t=3s, distance_green_car_camera = 6.9142m",
1715,simulation_0032_segmented,segmentation,A3MX,30,DD,What is the average speed of the green car in m/s?,gravity acc = 9.8m/s^2,"t=1s, distance_ball_camera = 13.7978 m
t=2s, distance_ball_camera = 13.8028 m
t=1.5s, distance_orange_car_camera = 10.1755m
t=2s, distance_orange_car_camera = 10.4022m
t=2.5s, distance_green_car_camera = 4.3204m
t=3s, distance_green_car_camera = 6.9142m",
1716,simulation_0034_segmented,segmentation,S3MX,24,SD,What is the average speed of the boat in m/s?,height of the person = 1.75m,"t=1s, distance_boat_camera = 96.8995 m
t=2s, distance_boat_camera = 92.8490 m
t=1s, distance_human_camera = 92.1861m
t=2s, distance_human_camera = 92.1960 m
t=1s, distance_eagle_camera = 91.6867m
t=2s, distance_eagle_camera = 103.4262m",
1717,simulation_0034_segmented,segmentation,S3MX,24,SS,What is the height of the boat in meters?,height of the person = 1.75m,"t=1s, distance_boat_camera = 96.8995 m
t=2s, distance_boat_camera = 92.8490 m
t=1s, distance_human_camera = 92.1861m
t=2s, distance_human_camera = 92.1960 m
t=1s, distance_eagle_camera = 91.6867m
t=2s, distance_eagle_camera = 103.4262m",
1718,simulation_0034_segmented,segmentation,S3MX,24,SS,What is the width of the boat in meters?,height of the person = 1.75m,"t=1s, distance_boat_camera = 96.8995 m
t=2s, distance_boat_camera = 92.8490 m
t=1s, distance_human_camera = 92.1861m
t=2s, distance_human_camera = 92.1960 m
t=1s, distance_eagle_camera = 91.6867m
t=2s, distance_eagle_camera = 103.4262m",
1719,simulation_0034_segmented,segmentation,S3MX,24,SD,What is the average speed of the person in m/s?,height of the person = 1.75m,"t=1s, distance_boat_camera = 96.8995 m
t=2s, distance_boat_camera = 92.8490 m
t=1s, distance_human_camera = 92.1861m
t=2s, distance_human_camera = 92.1960 m
t=1s, distance_eagle_camera = 91.6867m
t=2s, distance_eagle_camera = 103.4262m",
1720,simulation_0034_segmented,segmentation,S3MX,24,SS,What is the eagle’s wingspan (the distance from the tip of one wing to the tip of the other when fully spread) in meters?,height of the person = 1.75m,"t=1s, distance_boat_camera = 96.8995 m
t=2s, distance_boat_camera = 92.8490 m
t=1s, distance_human_camera = 92.1861m
t=2s, distance_human_camera = 92.1960 m
t=1s, distance_eagle_camera = 91.6867m
t=2s, distance_eagle_camera = 103.4262m",
1721,simulation_0034_segmented,segmentation,S3MX,24,SD,What is the average speed of the eagle in m/s?,height of the person = 1.75m,"t=1s, distance_boat_camera = 96.8995 m
t=2s, distance_boat_camera = 92.8490 m
t=1s, distance_human_camera = 92.1861m
t=2s, distance_human_camera = 92.1960 m
t=1s, distance_eagle_camera = 91.6867m
t=2s, distance_eagle_camera = 103.4262m",
1722,simulation_0035_segmented,segmentation,S3MX,24,SD,What is the average speed of the person in m/s?,height of the person = 1.75m,"t=1s, distance_human_camera = 139.1030m
t=2s, distance_human_camera = 139.1044 m
t=1s, distance_eagle_camera = 139.7035m
t=2s, distance_eagle_camera = 147.1583m",
1723,simulation_0035_segmented,segmentation,S3MX,24,SS,What is the eagle’s wingspan (the distance from the tip of one wing to the tip of the other when fully spread) in meters?,height of the person = 1.75m,"t=1s, distance_human_camera = 139.1030m
t=2s, distance_human_camera = 139.1044 m
t=1s, distance_eagle_camera = 139.7035m
t=2s, distance_eagle_camera = 147.1583m",
1724,simulation_0035_segmented,segmentation,S3MX,24,SD,What is the average speed of the eagle in m/s?,height of the person = 1.75m,"t=1s, distance_human_camera = 139.1030m
t=2s, distance_human_camera = 139.1044 m
t=1s, distance_eagle_camera = 139.7035m
t=2s, distance_eagle_camera = 147.1583m",
1725,simulation_0035_segmented,segmentation,S3MX,24,SS,What is the length of the eagle in meters?,height of the person = 1.75m,"t=1s, distance_human_camera = 139.1030m
t=2s, distance_human_camera = 139.1044 m
t=1s, distance_eagle_camera = 139.7035m
t=2s, distance_eagle_camera = 147.1583m",
1726,simulation_0036_segmented,segmentation,S3MX,24,SS,What is the height of the boat in meters?,length of the boat = 10m,"t=1s, distance_boat_camera = 133.9572 m
t=2s, distance_boat_camera = 131.2557 m
t=1s, distance_human_camera = 139.1030m
t=2s, distance_human_camera = 139.1044 m",
1727,simulation_0036_segmented,segmentation,S3MX,24,SS,What is the height of the person in meters?,length of the boat = 10m,"t=1s, distance_boat_camera = 133.9572 m
t=2s, distance_boat_camera = 131.2557 m
t=1s, distance_human_camera = 139.1030m
t=2s, distance_human_camera = 139.1044 m",
1728,simulation_0036_segmented,segmentation,S3MX,24,SD,What is the average speed of the boat in m/s?,length of the boat = 10m,"t=1s, distance_boat_camera = 133.9572 m
t=2s, distance_boat_camera = 131.2557 m
t=1s, distance_human_camera = 139.1030m
t=2s, distance_human_camera = 139.1044 m",
1729,simulation_0036_segmented,segmentation,S3MX,24,SD,What is the average speed of the person in m/s?,length of the boat = 10m,"t=1s, distance_boat_camera = 133.9572 m
t=2s, distance_boat_camera = 131.2557 m
t=1s, distance_human_camera = 139.1030m
t=2s, distance_human_camera = 139.1044 m",
1730,simulation_0037_segmented,segmentation,V3MX,24,DS,What is the height of the person in meters?,speed of the person = 1.3m/s,"t=1s, distance_human_camera = 122.8569 m
t=2s, distance_human_camera = 122.8588 m",
1731,simulation_0037_segmented,segmentation,V3MX,24,DS,What is the length of the rock in meters?,speed of the person = 1.3m/s,"t=1s, distance_human_camera = 122.8569 m
t=2s, distance_human_camera = 122.8588 m",
1732,simulation_0037_segmented,segmentation,V3MX,24,DS,What is the height of the rock in meters?,speed of the person = 1.3m/s,"t=1s, distance_human_camera = 122.8569 m
t=2s, distance_human_camera = 122.8588 m",
1733,simulation_0038_segmented,segmentation,V3MX,24,DS,What is the length of the rock in meters?,speed of the person = 1.3m/s,"t=1s, distance_human_camera = 179.0908m
t=2s, distance_human_camera = 179.1845m",
1734,simulation_0038_segmented,segmentation,V3MX,24,DS,What is the width of the rock in meters?,speed of the person = 1.3m/s,"t=1s, distance_human_camera = 179.0908m
t=2s, distance_human_camera = 179.1845m",
1735,simulation_0038_segmented,segmentation,V3MX,24,DS,What is the height of the person in meters?,speed of the person = 1.3m/s,"t=1s, distance_human_camera = 179.0908m
t=2s, distance_human_camera = 179.1845m",
1736,simulation_0039_segmented,segmentation,V3MX,24,DS,What is the height of the person in meters?,speed of the boat = 4m/s,"t=1s, distance_boat_camera = 177.2077 m
t=2s, distance_boat_camera = 177.9993 m
t=1s, distance_human_camera = 182.9249 m
t=2s, distance_human_camera = 183.0167 m
t=1s, distance_eagle_camera = 179.2691 m
t=2s, distance_eagle_camera = 177.1009 m",
1737,simulation_0039_segmented,segmentation,V3MX,24,DD,What is the average speed of the person in m/s?,speed of the boat = 4m/s,"t=1s, distance_boat_camera = 177.2077 m
t=2s, distance_boat_camera = 177.9993 m
t=1s, distance_human_camera = 182.9249 m
t=2s, distance_human_camera = 183.0167 m
t=1s, distance_eagle_camera = 179.2691 m
t=2s, distance_eagle_camera = 177.1009 m",
1738,simulation_0039_segmented,segmentation,V3MX,24,DS,What is the height of the boat in meters?,speed of the boat = 4m/s,"t=1s, distance_boat_camera = 177.2077 m
t=2s, distance_boat_camera = 177.9993 m
t=1s, distance_human_camera = 182.9249 m
t=2s, distance_human_camera = 183.0167 m
t=1s, distance_eagle_camera = 179.2691 m
t=2s, distance_eagle_camera = 177.1009 m",
1739,simulation_0039_segmented,segmentation,V3MX,24,DS,What is the length of the boat in meters?,speed of the boat = 4m/s,"t=1s, distance_boat_camera = 177.2077 m
t=2s, distance_boat_camera = 177.9993 m
t=1s, distance_human_camera = 182.9249 m
t=2s, distance_human_camera = 183.0167 m
t=1s, distance_eagle_camera = 179.2691 m
t=2s, distance_eagle_camera = 177.1009 m",
1740,simulation_0039_segmented,segmentation,V3MX,24,DS,What is the width of the boat in meters?,speed of the boat = 4m/s,"t=1s, distance_boat_camera = 177.2077 m
t=2s, distance_boat_camera = 177.9993 m
t=1s, distance_human_camera = 182.9249 m
t=2s, distance_human_camera = 183.0167 m
t=1s, distance_eagle_camera = 179.2691 m
t=2s, distance_eagle_camera = 177.1009 m",
1741,simulation_0039_segmented,segmentation,V3MX,24,DS,What is the length of the eagle in meters?,speed of the boat = 4m/s,"t=1s, distance_boat_camera = 177.2077 m
t=2s, distance_boat_camera = 177.9993 m
t=1s, distance_human_camera = 182.9249 m
t=2s, distance_human_camera = 183.0167 m
t=1s, distance_eagle_camera = 179.2691 m
t=2s, distance_eagle_camera = 177.1009 m",
1742,simulation_0039_segmented,segmentation,V3MX,24,DS,What is the eagle’s wingspan (the distance from the tip of one wing to the tip of the other when fully spread) in meters?,speed of the boat = 4m/s,"t=1s, distance_boat_camera = 177.2077 m
t=2s, distance_boat_camera = 177.9993 m
t=1s, distance_human_camera = 182.9249 m
t=2s, distance_human_camera = 183.0167 m
t=1s, distance_eagle_camera = 179.2691 m
t=2s, distance_eagle_camera = 177.1009 m",
1743,simulation_0039_segmented,segmentation,V3MX,24,DD,What is the average speed of the eagle in m/s?,speed of the boat = 4m/s,"t=1s, distance_boat_camera = 177.2077 m
t=2s, distance_boat_camera = 177.9993 m
t=1s, distance_human_camera = 182.9249 m
t=2s, distance_human_camera = 183.0167 m
t=1s, distance_eagle_camera = 179.2691 m
t=2s, distance_eagle_camera = 177.1009 m",
1744,simulation_0041_segmented,segmentation,S2MX,24,SS,What is the height of the boat in meters?,height of the person = 1.75m,,
1745,simulation_0041_segmented,segmentation,S2MX,24,SS,What is the length of the boat in meters?,height of the person = 1.75m,,
1746,simulation_0041_segmented,segmentation,S2MX,24,SS,What is the width of the boat in meters?,height of the person = 1.75m,,
1747,simulation_0041_segmented,segmentation,S2MX,24,SD,What is the average speed of the boat in m/s?,height of the person = 1.75m,,
1748,simulation_0041_segmented,segmentation,S2MX,24,SD,What is the average speed of the person in m/s?,height of the person = 1.75m,,
1749,simulation_0043_segmented,segmentation,S3MX,24,SS,What is the height of the boat in meters?,length of the boat = 10m,"t=1s, distance_boat_camera = 173.7093 m
t=2s, distance_boat_camera = 174.5515 m",
1750,simulation_0043_segmented,segmentation,S3MX,24,SS,What is the width of the boat in meters?,length of the boat = 10m,"t=1s, distance_boat_camera = 173.7093 m
t=2s, distance_boat_camera = 174.5515 m",
1751,simulation_0043_segmented,segmentation,S3MX,24,SD,What is the average speed of the boat in m/s?,length of the boat = 10m,"t=1s, distance_boat_camera = 173.7093 m
t=2s, distance_boat_camera = 174.5515 m",
1752,simulation_0043_segmented,segmentation,S3MX,24,SS,What is the width of the rock in meters?,length of the boat = 10m,"t=1s, distance_boat_camera = 173.7093 m
t=2s, distance_boat_camera = 174.5515 m",
1753,simulation_0048_segmented,segmentation,S3MX,33,SD,What is the average speed of the walking person in m/s?,height of the walking person = 1.8m,"t=1s, distance_bike_camera = 16.4919m
t=2s, distance_bike_camera = 11.9277m
t=1s, distance_human_camera = 11.9259m
t=2s, distance_human_camera = 10.8165m",
1754,simulation_0048_segmented,segmentation,S3MX,33,SS,What is the width of the telephone booth in meters?,height of the walking person = 1.8m,"t=1s, distance_bike_camera = 16.4919m
t=2s, distance_bike_camera = 11.9277m
t=1s, distance_human_camera = 11.9259m
t=2s, distance_human_camera = 10.8165m",
1755,simulation_0048_segmented,segmentation,S3MX,33,SS,What is the distance between the left pillar of the near door and the right pillar of the far door in meters?,height of the walking person = 1.8m,"t=1s, distance_bike_camera = 16.4919m
t=2s, distance_bike_camera = 11.9277m
t=1s, distance_human_camera = 11.9259m
t=2s, distance_human_camera = 10.8165m",
1756,simulation_0048_segmented,segmentation,S3MX,33,SS,"What is the height of the moving bicycle (from the handlebar to the ground, including below the wheel) in meters?",height of the walking person = 1.8m,"t=1s, distance_bike_camera = 16.4919m
t=2s, distance_bike_camera = 11.9277m
t=1s, distance_human_camera = 11.9259m
t=2s, distance_human_camera = 10.8165m",
1757,simulation_0048_segmented,segmentation,S3MX,33,SD,What is the average speed of the moving bicycle in m/s?,height of the walking person = 1.8m,"t=1s, distance_bike_camera = 16.4919m
t=2s, distance_bike_camera = 11.9277m
t=1s, distance_human_camera = 11.9259m
t=2s, distance_human_camera = 10.8165m",
1758,simulation_0048_segmented,segmentation,S3MX,33,SS,What is the diameter of the wheel of the moving bicycle in meters?,height of the walking person = 1.8m,"t=1s, distance_bike_camera = 16.4919m
t=2s, distance_bike_camera = 11.9277m
t=1s, distance_human_camera = 11.9259m
t=2s, distance_human_camera = 10.8165m",
1759,simulation_0057_segmented,segmentation,A2MX,30,DS,What is the length of the orange car in meters?,acceleration of the orange car = -2.86m/s^2,,
1760,simulation_0057_segmented,segmentation,A2MX,30,DS,What is the distance between the two streetlights in meters?,acceleration of the orange car = -2.86m/s^2,,
1761,simulation_0057_segmented,segmentation,A2MX,30,DS,What is the width of the orange car in meters?,acceleration of the orange car = -2.86m/s^2,,
1762,simulation_0066_segmented,segmentation,A3MX,24,DD,What is the average speed of the yellow car in m/s？,acceleration of the white car = 4m/s^2,"t=0.58s, distance_human_camera = 21.0610m
t=1.58s, distance_human_camera = 21.3488m
t=0.58s, distance_yellow_car_camera = 19.6514m
t=1.58s, distance_yellow_car_camera = 16.5490m
t=0.58s, distance_white_car_camera = 23.5892m
t=1.58s, distance_white_car_camera = 19.9903m
t=0.58s, distance_bike_camera = 19.0650m
t=1.58s, distance_bike_camera = 14.6515m",
1763,simulation_0066_segmented,segmentation,A3MX,24,DS,What is the width of the lane in meters?,acceleration of the white car = 4m/s^2,"t=0.58s, distance_human_camera = 21.0610m
t=1.58s, distance_human_camera = 21.3488m
t=0.58s, distance_yellow_car_camera = 19.6514m
t=1.58s, distance_yellow_car_camera = 16.5490m
t=0.58s, distance_white_car_camera = 23.5892m
t=1.58s, distance_white_car_camera = 19.9903m
t=0.58s, distance_bike_camera = 19.0650m
t=1.58s, distance_bike_camera = 14.6515m",
1764,simulation_0066_segmented,segmentation,A3MX,24,DS,What is the width of the white car in meters?,acceleration of the white car = 4m/s^2,"t=0.58s, distance_human_camera = 21.0610m
t=1.58s, distance_human_camera = 21.3488m
t=0.58s, distance_yellow_car_camera = 19.6514m
t=1.58s, distance_yellow_car_camera = 16.5490m
t=0.58s, distance_white_car_camera = 23.5892m
t=1.58s, distance_white_car_camera = 19.9903m
t=0.58s, distance_bike_camera = 19.0650m
t=1.58s, distance_bike_camera = 14.6515m",
1765,simulation_0066_segmented,segmentation,A3MX,24,DS,What is the length of the white car in meters？,acceleration of the white car = 4m/s^2,"t=0.58s, distance_human_camera = 21.0610m
t=1.58s, distance_human_camera = 21.3488m
t=0.58s, distance_yellow_car_camera = 19.6514m
t=1.58s, distance_yellow_car_camera = 16.5490m
t=0.58s, distance_white_car_camera = 23.5892m
t=1.58s, distance_white_car_camera = 19.9903m
t=0.58s, distance_bike_camera = 19.0650m
t=1.58s, distance_bike_camera = 14.6515m",
1766,simulation_0066_segmented,segmentation,A3MX,24,DS,What is the height of the white car in meters？,acceleration of the white car = 4m/s^2,"t=0.58s, distance_human_camera = 21.0610m
t=1.58s, distance_human_camera = 21.3488m
t=0.58s, distance_yellow_car_camera = 19.6514m
t=1.58s, distance_yellow_car_camera = 16.5490m
t=0.58s, distance_white_car_camera = 23.5892m
t=1.58s, distance_white_car_camera = 19.9903m
t=0.58s, distance_bike_camera = 19.0650m
t=1.58s, distance_bike_camera = 14.6515m",
1767,simulation_0066_segmented,segmentation,A3MX,24,DS,What is the length of the turning yellow car in meters?,acceleration of the white car = 4m/s^2,"t=0.58s, distance_human_camera = 21.0610m
t=1.58s, distance_human_camera = 21.3488m
t=0.58s, distance_yellow_car_camera = 19.6514m
t=1.58s, distance_yellow_car_camera = 16.5490m
t=0.58s, distance_white_car_camera = 23.5892m
t=1.58s, distance_white_car_camera = 19.9903m
t=0.58s, distance_bike_camera = 19.0650m
t=1.58s, distance_bike_camera = 14.6515m",
1768,simulation_0066_segmented,segmentation,A3MX,24,DS,What is the height of the turning yellow car in meters?,acceleration of the white car = 4m/s^2,"t=0.58s, distance_human_camera = 21.0610m
t=1.58s, distance_human_camera = 21.3488m
t=0.58s, distance_yellow_car_camera = 19.6514m
t=1.58s, distance_yellow_car_camera = 16.5490m
t=0.58s, distance_white_car_camera = 23.5892m
t=1.58s, distance_white_car_camera = 19.9903m
t=0.58s, distance_bike_camera = 19.0650m
t=1.58s, distance_bike_camera = 14.6515m",
1769,simulation_0066_segmented,segmentation,A3MX,24,DS,What is the width of the turning yellow car in meters?,acceleration of the white car = 4m/s^2,"t=0.58s, distance_human_camera = 21.0610m
t=1.58s, distance_human_camera = 21.3488m
t=0.58s, distance_yellow_car_camera = 19.6514m
t=1.58s, distance_yellow_car_camera = 16.5490m
t=0.58s, distance_white_car_camera = 23.5892m
t=1.58s, distance_white_car_camera = 19.9903m
t=0.58s, distance_bike_camera = 19.0650m
t=1.58s, distance_bike_camera = 14.6515m",
1770,simulation_0066_segmented,segmentation,A3MX,24,DS,What is the diameter of the bicycle wheel in meters?,acceleration of the white car = 4m/s^2,"t=0.58s, distance_human_camera = 21.0610m
t=1.58s, distance_human_camera = 21.3488m
t=0.58s, distance_yellow_car_camera = 19.6514m
t=1.58s, distance_yellow_car_camera = 16.5490m
t=0.58s, distance_white_car_camera = 23.5892m
t=1.58s, distance_white_car_camera = 19.9903m
t=0.58s, distance_bike_camera = 19.0650m
t=1.58s, distance_bike_camera = 14.6515m",
1771,simulation_0066_segmented,segmentation,A3MX,24,DD,What is the average speed of the walking pedestrian in m/s?,acceleration of the white car = 4m/s^2,"t=0.58s, distance_human_camera = 21.0610m
t=1.58s, distance_human_camera = 21.3488m
t=0.58s, distance_yellow_car_camera = 19.6514m
t=1.58s, distance_yellow_car_camera = 16.5490m
t=0.58s, distance_white_car_camera = 23.5892m
t=1.58s, distance_white_car_camera = 19.9903m
t=0.58s, distance_bike_camera = 19.0650m
t=1.58s, distance_bike_camera = 14.6515m",
1772,simulation_0066_segmented,segmentation,A3MX,24,DS,What is the height of the walking pedestrian in meters?,acceleration of the white car = 4m/s^2,"t=0.58s, distance_human_camera = 21.0610m
t=1.58s, distance_human_camera = 21.3488m
t=0.58s, distance_yellow_car_camera = 19.6514m
t=1.58s, distance_yellow_car_camera = 16.5490m
t=0.58s, distance_white_car_camera = 23.5892m
t=1.58s, distance_white_car_camera = 19.9903m
t=0.58s, distance_bike_camera = 19.0650m
t=1.58s, distance_bike_camera = 14.6515m",
1773,simulation_0066_segmented,segmentation,A3MX,24,DD,What is the average speed of the bicycle in m/s?,acceleration of the white car = 4m/s^2,"t=0.58s, distance_human_camera = 21.0610m
t=1.58s, distance_human_camera = 21.3488m
t=0.58s, distance_yellow_car_camera = 19.6514m
t=1.58s, distance_yellow_car_camera = 16.5490m
t=0.58s, distance_white_car_camera = 23.5892m
t=1.58s, distance_white_car_camera = 19.9903m
t=0.58s, distance_bike_camera = 19.0650m
t=1.58s, distance_bike_camera = 14.6515m",
1774,simulation_0066_segmented,segmentation,A3MX,24,DS,What is the width of the green car in meters?,acceleration of the white car = 4m/s^2,"t=0.58s, distance_human_camera = 21.0610m
t=1.58s, distance_human_camera = 21.3488m
t=0.58s, distance_yellow_car_camera = 19.6514m
t=1.58s, distance_yellow_car_camera = 16.5490m
t=0.58s, distance_white_car_camera = 23.5892m
t=1.58s, distance_white_car_camera = 19.9903m
t=0.58s, distance_bike_camera = 19.0650m
t=1.58s, distance_bike_camera = 14.6515m",
1775,simulation_0066_segmented,segmentation,A3MX,24,DS,What is the length of the green car in meters?,acceleration of the white car = 4m/s^2,"t=0.58s, distance_human_camera = 21.0610m
t=1.58s, distance_human_camera = 21.3488m
t=0.58s, distance_yellow_car_camera = 19.6514m
t=1.58s, distance_yellow_car_camera = 16.5490m
t=0.58s, distance_white_car_camera = 23.5892m
t=1.58s, distance_white_car_camera = 19.9903m
t=0.58s, distance_bike_camera = 19.0650m
t=1.58s, distance_bike_camera = 14.6515m",
1776,simulation_0066_segmented,segmentation,A3MX,24,DS,What is the height of the green car in meters?,acceleration of the white car = 4m/s^2,"t=0.58s, distance_human_camera = 21.0610m
t=1.58s, distance_human_camera = 21.3488m
t=0.58s, distance_yellow_car_camera = 19.6514m
t=1.58s, distance_yellow_car_camera = 16.5490m
t=0.58s, distance_white_car_camera = 23.5892m
t=1.58s, distance_white_car_camera = 19.9903m
t=0.58s, distance_bike_camera = 19.0650m
t=1.58s, distance_bike_camera = 14.6515m",
1777,simulation_0066_segmented,segmentation,A3MX,24,DS,What is the width of the purple car in meters?,acceleration of the white car = 4m/s^2,"t=0.58s, distance_human_camera = 21.0610m
t=1.58s, distance_human_camera = 21.3488m
t=0.58s, distance_yellow_car_camera = 19.6514m
t=1.58s, distance_yellow_car_camera = 16.5490m
t=0.58s, distance_white_car_camera = 23.5892m
t=1.58s, distance_white_car_camera = 19.9903m
t=0.58s, distance_bike_camera = 19.0650m
t=1.58s, distance_bike_camera = 14.6515m",
1778,simulation_0066_segmented,segmentation,A3MX,24,DS,What is the height of the purple car in meters?,acceleration of the white car = 4m/s^2,"t=0.58s, distance_human_camera = 21.0610m
t=1.58s, distance_human_camera = 21.3488m
t=0.58s, distance_yellow_car_camera = 19.6514m
t=1.58s, distance_yellow_car_camera = 16.5490m
t=0.58s, distance_white_car_camera = 23.5892m
t=1.58s, distance_white_car_camera = 19.9903m
t=0.58s, distance_bike_camera = 19.0650m
t=1.58s, distance_bike_camera = 14.6515m",
1779,simulation_0068_segmented,segmentation,A2MX,24,DD,What is the average speed of the yellow car in m/s？,acceleration of the white car = 4m/s^2,,
1780,simulation_0068_segmented,segmentation,A2MX,24,DS,What is the length of the turning yellow car in meters?,acceleration of the white car = 4m/s^2,,
1781,simulation_0068_segmented,segmentation,A2MX,24,DS,What is the width of the turning yellow car in meters?,acceleration of the white car = 4m/s^2,,
1782,simulation_0068_segmented,segmentation,A2MX,24,DS,What is the width of the white car in meters?,acceleration of the white car = 4m/s^2,,
1783,simulation_0068_segmented,segmentation,A2MX,24,DS,What is the length of the white car in meters？,acceleration of the white car = 4m/s^2,,
1784,simulation_0098_segmented,segmentation,V2MX,24,DD,What is the average speed of the boat in m/s?,speed of the shark = 3m/s,,
1785,simulation_0098_segmented,segmentation,V2MX,24,DS,What is the length of the boat in meters?,speed of the shark = 3m/s,,
1786,simulation_0098_segmented,segmentation,V2MX,24,DS,What is the length of the shark in meters?,speed of the shark = 3m/s,,
1787,simulation_0098_segmented,segmentation,V2MX,24,DS,What is the height of the shark in meters?,speed of the shark = 3m/s,,
1788,simulation_0099_segmented,segmentation,S2MX,24,SD,What is the average speed of the boat in m/s?,length of the boat = 10m,,
1789,simulation_0099_segmented,segmentation,S2MX,24,SD,What is the average speed of the shark in m/s?,length of the boat = 10m,,
1790,simulation_0099_segmented,segmentation,S2MX,24,SS,What is the length of the shark in meters?,length of the boat = 10m,,
1791,simulation_0099_segmented,segmentation,S2MX,24,SS,What is the height of the shark in meters?,length of the boat = 10m,,
1792,simulation_0100_segmented,segmentation,S2MX,24,SD,What is the average speed of the boat in m/s?,length of the boat = 10m,,
1793,simulation_0100_segmented,segmentation,S2MX,24,SD,What is the average speed of the shark in m/s?,length of the boat = 10m,,
1794,simulation_0100_segmented,segmentation,S2MX,24,SS,What is the length of the shark in meters?,length of the boat = 10m,,
1795,simulation_0100_segmented,segmentation,S2MX,24,SS,What is the height of the shark in meters?,length of the boat = 10m,,
1796,simulation_0101_segmented,segmentation,A2MX,24,DD,What is the initial speed of the shark in m/s?,acceleration of the shark = 1m/s^2,,
1797,simulation_0101_segmented,segmentation,A2MX,24,DD,What is the average speed of the boat in m/s?,acceleration of the shark = 1m/s^2,,
1798,simulation_0101_segmented,segmentation,A2MX,24,DS,What is the length of the boat in meters?,acceleration of the shark = 1m/s^2,,
1799,simulation_0101_segmented,segmentation,A2MX,24,DS,What is the length of the shark in meters?,acceleration of the shark = 1m/s^2,,
1800,simulation_0101_segmented,segmentation,A2MX,24,DS,What is the height of the shark in meters?,acceleration of the shark = 1m/s^2,,
1801,simulation_0102_segmented,segmentation,A2MX,24,DD,What is the initial speed of the shark in m/s?,acceleration of the shark = 1m/s^2,,
1802,simulation_0102_segmented,segmentation,A2MX,24,DD,What is the average speed of the boat in m/s?,acceleration of the shark = 1m/s^2,,
1803,simulation_0102_segmented,segmentation,A2MX,24,DS,What is the length of the boat in meters?,acceleration of the shark = 1m/s^2,,
1804,simulation_0102_segmented,segmentation,A2MX,24,DS,What is the length of the shark in meters?,acceleration of the shark = 1m/s^2,,
1805,simulation_0102_segmented,segmentation,A2MX,24,DS,What is the height of the shark in meters?,acceleration of the shark = 1m/s^2,,
1806,simulation_0102_segmented,segmentation,A2MX,24,DS,What is the distance between the shark and the boat at 0.5 s in meters?,acceleration of the shark = 1m/s^2,,
1807,simulation_0103_segmented,segmentation,A2MX,24,DD,What is the initial speed of the shark in m/s?,acceleration of the shark = 1m/s^2,,
1808,simulation_0103_segmented,segmentation,A2MX,24,DD,What is the average speed of the boat in m/s?,acceleration of the shark = 1m/s^2,,
1809,simulation_0103_segmented,segmentation,A2MX,24,DS,What is the length of the boat in meters?,acceleration of the shark = 1m/s^2,,
1810,simulation_0103_segmented,segmentation,A2MX,24,DS,What is the length of the shark in meters?,acceleration of the shark = 1m/s^2,,
1811,simulation_0103_segmented,segmentation,A2MX,24,DS,What is the height of the shark in meters?,acceleration of the shark = 1m/s^2,,
1812,simulation_0103_segmented,segmentation,A2MX,24,DS,What is the distance between the shark and the boat at 0.5 s in meters?,acceleration of the shark = 1m/s^2,,
1813,simulation_0112_segmented,segmentation,V2MX,24,DS,What is the height of the car in meters?,speed of the car = 6.66m/s,,
1814,simulation_0112_segmented,segmentation,V2MX,24,DS,What is the diameter of the wheel in meters?,speed of the car = 6.66m/s,,
1815,simulation_0112_segmented,segmentation,V2MX,24,DS,What is the length of the car in meters?,speed of the car = 6.66m/s,,
1816,simulation_0114_segmented,segmentation,A2SX,24,DS,What is the width of the plane in meters?,acceleration of the plane = 18m/s^2,,
1817,simulation_0114_segmented,segmentation,A2SX,24,DS,What is the length of the plane in meters?,acceleration of the plane = 18m/s^2,,
1818,simulation_0114_segmented,segmentation,A2SX,24,DD,What is the speed of the plane at 1.5s in m/s?,acceleration of the plane = 18m/s^2,,
1819,simulation_0115_segmented,segmentation,A2MX,24,DS,What is the length of the boat in meters?,acceleration of the boat = 3m/s^2,,
1820,simulation_0115_segmented,segmentation,A2MX,24,DS,What is the width of the boat in meters?,acceleration of the boat = 3m/s^2,,
1821,simulation_0115_segmented,segmentation,A2MX,24,DD,What is the velocity of the boat at 1s in m/s?,acceleration of the boat = 3m/s^2,,
1822,simulation_0115_segmented,segmentation,A2MX,24,DS,What is the length of the wooden dock beside the boat in meters?,acceleration of the boat = 3m/s^2,,
1823,simulation_0115_segmented,segmentation,A2MX,24,DS,What is the width of the wooden dock beside the boat in meters?,acceleration of the boat = 3m/s^2,,
1824,simulation_0116_segmented,segmentation,A2MX,24,DS,What is the length of the football in meters?,gravity acc = 9.8m/s^2,,
1825,simulation_0116_segmented,segmentation,A2MX,24,DS,What is the width of the football in meters?,gravity acc = 9.8m/s^2,,
1826,simulation_0116_segmented,segmentation,A2MX,24,DS,What is the height of each door in meters?,gravity acc = 9.8m/s^2,,
1827,simulation_0116_segmented,segmentation,A2MX,24,DS,What is the width of each door in meters?,gravity acc = 9.8m/s^2,,
1828,simulation_0116_segmented,segmentation,A2MX,24,DD,What is the speed of the football at 0.5s in m/s?,gravity acc = 9.8m/s^2,,
1829,simulation_0121_segmented,segmentation,S2MX,30,SD,What is the speed of the left first ball at 0.5s in m/s?,diameter of the ball = 2m,,
1830,simulation_0121_segmented,segmentation,S2MX,30,SD,What is the speed of the left first ball at 1s in m/s?,diameter of the ball = 2m,,
1831,simulation_0121_segmented,segmentation,S2MX,30,SD,What is the speed of the right last ball at 2s in m/s?,diameter of the ball = 2m,,
1832,simulation_0123_segmented,segmentation,V2MX,24,DS,What is the length of the rolling cup in meters?,speed of the cup = 0.338m/s,,
1833,simulation_0123_segmented,segmentation,V2MX,24,DS,What is the diameter of the rolling cup in meters?,speed of the cup = 0.338m/s,,
1834,simulation_0123_segmented,segmentation,V2MX,24,DS,What is the length of the toothbrush lying on the sink in meters?,speed of the cup = 0.338m/s,,
1835,simulation_0123_segmented,segmentation,V2MX,24,DS,What is the diameter of the cup with the toothbrush in meters?,speed of the cup = 0.338m/s,,
1836,simulation_0123_segmented,segmentation,V2MX,24,DS,What is the length of the bottom towel of the three stacked towels on the sink in meters?,speed of the cup = 0.338m/s,,
1837,simulation_0123_segmented,segmentation,V2MX,24,DS,What is the width of the bottom towel of the three stacked towels on the sink in meters?,speed of the cup = 0.338m/s,,
1838,simulation_0124_segmented,segmentation,V2MX,24,DD,What is the average speed of the grey and red car in m/s?,speed of the black car = 26.085m/s,,
1839,simulation_0124_segmented,segmentation,V2MX,24,DS,What is the length of the grey and red car in meters?,speed of the black car = 26.085m/s,,
1840,simulation_0124_segmented,segmentation,V2MX,24,DS,What is the width of the grey and red car in meters?,speed of the black car = 26.085m/s,,
1841,simulation_0124_segmented,segmentation,V2MX,24,DS,What is the length of the black car in meters?,speed of the black car = 26.085m/s,,
1842,simulation_0124_segmented,segmentation,V2MX,24,DS,What is the width of the black car in meters?,speed of the black car = 26.085m/s,,
1843,simulation_0124_segmented,segmentation,V2MX,24,DS,What is the horizontal distance between the two cars at 1 s in meters?,speed of the black car = 26.085m/s,,
1844,simulation_0124_segmented,segmentation,V2MX,24,DS,What is the smallest horizontal distance between the two cars in meters?,speed of the black car = 26.085m/s,,
1845,simulation_0128_segmented,segmentation,A2MX,24,DS,What is the diameter of the ball in meters?,gravity acc = 9.8m/s^2,,
1846,simulation_0129_segmented,segmentation,A2MX,24,DS,What is the diameter of the ball in meters?,gravity acc = 9.8m/s^2,,
1847,simulation_0129_segmented,segmentation,A2MX,24,DS,What is the length of the forklift in meters?,gravity acc = 9.8m/s^2,,
1848,simulation_0129_segmented,segmentation,A2MX,24,DS,What is the height of the forklift in meters?,gravity acc = 9.8m/s^2,,
1849,simulation_0145_segmented,segmentation,S2MX,24,SS,What is the diameter of the tire in meters?,length of the rocket = 2.9m,,
1850,simulation_0145_segmented,segmentation,S2MX,24,SD,What is the average speed of the rocket in m/s?,length of the rocket = 2.9m,,
1851,simulation_0145_segmented,segmentation,S2MX,24,SD,What is the speed of the rocket at time 1s in m/s?,length of the rocket = 2.9m,,
1852,simulation_0145_segmented,segmentation,S2MX,24,SD,What is the acceleration of the rocket at time 1s in m/s^2?,length of the rocket = 2.9m,,
1853,simulation_0153_segmented,segmentation,S2SX,24,SS,What is the length of the blue car in meters (including the extending wire)?,diameter of the tire of the blue car = 0.369m,,
1854,simulation_0153_segmented,segmentation,S2SX,24,SD,What is the speed of the blue car at time 1s in m/s?,diameter of the tire of the blue car = 0.369m,,
1855,simulation_0153_segmented,segmentation,S2SX,24,SD,What is the acceleration of the blue car at time 1s in m/s^2?,diameter of the tire of the blue car = 0.369m,,
1856,simulation_0153_segmented,segmentation,S2SX,24,SD,What is the speed of the blue car at time 1.5s in m/s?,diameter of the tire of the blue car = 0.369m,,
1857,simulation_0153_segmented,segmentation,S2SX,24,SD,What is the acceleration of the blue car at time 1.5s in m/s^2?,diameter of the tire of the blue car = 0.369m,,
1858,simulation_0169_segmented,segmentation,S2SX,24,SD,What is the speed of the astronaut at time 0.5s in m/s?,height of the astronaut = 2.2m,,
1859,simulation_0169_segmented,segmentation,S2SX,24,SD,What is the acceleration of the astronaut at time 0.5s in m/s^2?,height of the astronaut = 2.2m,,
1860,simulation_0169_segmented,segmentation,S2SX,24,SD,What is the speed of the astronaut at time 1s in m/s?,height of the astronaut = 2.2m,,
1861,simulation_0169_segmented,segmentation,S2SX,24,SD,What is the acceleration of the astronaut at time 1s in m/s^2?,height of the astronaut = 2.2m,,
1862,simulation_0169_segmented,segmentation,S2SX,24,SD,What is the speed of the astronaut at time 2s in m/s?,height of the astronaut = 2.2m,,
1863,simulation_0169_segmented,segmentation,S2SX,24,SD,What is the acceleration of the astronaut at time 2s in m/s^2?,height of the astronaut = 2.2m,,
1864,simulation_0169_segmented,segmentation,S2SX,24,SD,What is the speed of the astronaut at time 3s in m/s?,height of the astronaut = 2.2m,,
1865,simulation_0169_segmented,segmentation,S2SX,24,SD,What is the acceleration of the astronaut at time 3s in m/s^2?,height of the astronaut = 2.2m,,
1866,simulation_0170_segmented,segmentation,S3SX,24,SD,What is the speed of the astronaut at time 0.5s in m/s?,height of the astronaut = 2.2m,"t=1s, distance_astronaut_camera = 23.137m",
1867,simulation_0170_segmented,segmentation,S3SX,24,SD,What is the acceleration of the astronaut at time 0.5s in m/s^2?,height of the astronaut = 2.2m,"t=1s, distance_astronaut_camera = 23.137m",
1868,simulation_0170_segmented,segmentation,S3SX,24,SD,What is the speed of the astronaut at time 1s in m/s?,height of the astronaut = 2.2m,"t=1s, distance_astronaut_camera = 23.137m",
1869,simulation_0170_segmented,segmentation,S3SX,24,SD,What is the acceleration of the astronaut at time 1s in m/s^2?,height of the astronaut = 2.2m,"t=1s, distance_astronaut_camera = 23.137m",
1870,simulation_0170_segmented,segmentation,S3SX,24,SD,What is the speed of the astronaut at time 2s in m/s?,height of the astronaut = 2.2m,"t=1s, distance_astronaut_camera = 23.137m",
1871,simulation_0170_segmented,segmentation,S3SX,24,SD,What is the acceleration of the astronaut at time 2s in m/s^2?,height of the astronaut = 2.2m,"t=1s, distance_astronaut_camera = 23.137m",
1872,simulation_0170_segmented,segmentation,S3SX,24,SD,What is the speed of the astronaut at time 3s in m/s?,height of the astronaut = 2.2m,"t=1s, distance_astronaut_camera = 23.137m",
1873,simulation_0170_segmented,segmentation,S3SX,24,SD,What is the acceleration of the astronaut at time 3s in m/s^2?,height of the astronaut = 2.2m,"t=1s, distance_astronaut_camera = 23.137m",
1874,simulation_0171_segmented,segmentation,S2SX,24,SD,What is the speed of the astronaut at time 0.5s in m/s?,height of the astronaut = 2.2m,,
1875,simulation_0171_segmented,segmentation,S2SX,24,SD,What is the acceleration of the astronaut at time 0.5s in m/s^2?,height of the astronaut = 2.2m,,
1876,simulation_0171_segmented,segmentation,S2SX,24,SD,What is the speed of the astronaut at time 1s in m/s?,height of the astronaut = 2.2m,,
1877,simulation_0171_segmented,segmentation,S2SX,24,SD,What is the acceleration of the astronaut at time 1s in m/s^2?,height of the astronaut = 2.2m,,
1878,simulation_0171_segmented,segmentation,S2SX,24,SD,What is the speed of the astronaut at time 2s in m/s?,height of the astronaut = 2.2m,,
1879,simulation_0171_segmented,segmentation,S2SX,24,SD,What is the acceleration of the astronaut at time 2s in m/s^2?,height of the astronaut = 2.2m,,
1880,simulation_0171_segmented,segmentation,S2SX,24,SD,What is the speed of the astronaut at time 3s in m/s?,height of the astronaut = 2.2m,,
1881,simulation_0171_segmented,segmentation,S2SX,24,SD,What is the acceleration of the astronaut at time 3s in m/s^2?,height of the astronaut = 2.2m,,
1882,simulation_0172_segmented,segmentation,S3SX,24,SD,What is the speed of the astronaut at time 0.5s in m/s?,height of the astronaut = 2.2m,"t=1s, distance_astronaut_camera = 18.147m",
1883,simulation_0172_segmented,segmentation,S3SX,24,SD,What is the acceleration of the astronaut at time 0.5s in m/s^2?,height of the astronaut = 2.2m,"t=1s, distance_astronaut_camera = 18.147m",
1884,simulation_0172_segmented,segmentation,S3SX,24,SD,What is the speed of the astronaut at time 1s in m/s?,height of the astronaut = 2.2m,"t=1s, distance_astronaut_camera = 18.147m",
1885,simulation_0172_segmented,segmentation,S3SX,24,SD,What is the acceleration of the astronaut at time 1s in m/s^2?,height of the astronaut = 2.2m,"t=1s, distance_astronaut_camera = 18.147m",
1886,simulation_0172_segmented,segmentation,S3SX,24,SD,What is the speed of the astronaut at time 2s in m/s?,height of the astronaut = 2.2m,"t=1s, distance_astronaut_camera = 18.147m",
1887,simulation_0172_segmented,segmentation,S3SX,24,SD,What is the acceleration of the astronaut at time 2s in m/s^2?,height of the astronaut = 2.2m,"t=1s, distance_astronaut_camera = 18.147m",
1888,simulation_0172_segmented,segmentation,S3SX,24,SD,What is the speed of the astronaut at time 3s in m/s?,height of the astronaut = 2.2m,"t=1s, distance_astronaut_camera = 18.147m",
1889,simulation_0172_segmented,segmentation,S3SX,24,SD,What is the acceleration of the astronaut at time 3s in m/s^2?,height of the astronaut = 2.2m,"t=1s, distance_astronaut_camera = 18.147m",
1890,simulation_0177_segmented,segmentation,V2SX,24,DS,What is the height of the elephant in meters?,speed of the elephant = 1.424m/s,,
1891,simulation_0177_segmented,segmentation,V2SX,24,DS,What is the displacement of the elephant in meters?,speed of the elephant = 1.424m/s,,
1892,simulation_0178_segmented,segmentation,V2MX,24,DD,What is the average speed of the small elephant in m/s?,speed of the big elephant = 2.313m/s,,
1893,simulation_0178_segmented,segmentation,V2MX,24,DS,What is the height of the big elephant in meters?,speed of the big elephant = 2.313m/s,,
1894,simulation_0178_segmented,segmentation,V2MX,24,DD,What is the height of the small elephant in meters?,speed of the big elephant = 2.313m/s,,
1895,simulation_0178_segmented,segmentation,V2MX,24,DS,What is the displacement of the big elephant in meters?,speed of the big elephant = 2.313m/s,,
1896,simulation_0178_segmented,segmentation,V2MX,24,DS,What is the displacement of the small elephant in meters?,speed of the big elephant = 2.313m/s,,
1897,simulation_0188_segmented,segmentation,A3SX,30,DS,What is the length of the truck in meters?,acceleration of the truck = 10.757m/s^2,"t=0.5s, distance_center_of _the_truck_camera = 22.532m   
t =1s, distance_center_of _the_truck_camera = 19.525m",
1898,simulation_0188_segmented,segmentation,A3SX,30,DS,What is the height of the truck in meters?,acceleration of the truck = 10.757m/s^2,"t=0.5s, distance_center_of _the_truck_camera = 22.532m   
t =1s, distance_center_of _the_truck_camera = 19.525m",
1899,simulation_0188_segmented,segmentation,A3SX,30,DS,What is the diameter of the truck's tire in meters?,acceleration of the truck = 10.757m/s^2,"t=0.5s, distance_center_of _the_truck_camera = 22.532m   
t =1s, distance_center_of _the_truck_camera = 19.525m",
1900,simulation_0188_segmented,segmentation,A3SX,30,DD,What is the speed of the truck at time 1s in m/s?,acceleration of the truck = 10.757m/s^2,"t=0.5s, distance_center_of _the_truck_camera = 22.532m   
t =1s, distance_center_of _the_truck_camera = 19.525m",
1901,simulation_0188_segmented,segmentation,A3SX,30,DD,What is the speed of the truck at time 1.5s in m/s?,acceleration of the truck = 10.757m/s^2,"t=0.5s, distance_center_of _the_truck_camera = 22.532m   
t =1s, distance_center_of _the_truck_camera = 19.525m",
1902,simulation_0188_segmented,segmentation,A3SX,30,DS,What is the width of the truck in meters?,acceleration of the truck = 10.757m/s^2,"t=0.5s, distance_center_of _the_truck_camera = 22.532m   
t =1s, distance_center_of _the_truck_camera = 19.525m",
1903,simulation_0189_segmented,segmentation,V2MX,120,DS,What is the length of the box in meters?,speed of the box = 0.094m/s,,
1904,simulation_0189_segmented,segmentation,V2MX,120,DS,What is the height of the box in meters?,speed of the box = 0.094m/s,,
1905,simulation_0189_segmented,segmentation,V2MX,120,DS,What is the length of the truck in meters?,speed of the box = 0.094m/s,,
1906,simulation_0189_segmented,segmentation,V2MX,120,DS,What is the height of the truck(at time 0s) in meters?,speed of the box = 0.094m/s,,
1907,simulation_0189_segmented,segmentation,V2MX,120,DS,What is the diameter of the truck's tire in meters?,speed of the box = 0.094m/s,,
1908,simulation_0190_segmented,segmentation,S2MX,120,DS,What is the height of the truck(at time 0s) in meters?,width of the box = 1.33m,,
1909,simulation_0190_segmented,segmentation,S2MX,120,DS,What is the width of the truck in meters?,width of the box = 1.33m,,
1910,simulation_0190_segmented,segmentation,S2MX,120,DS,What is the height of the box in meters?,width of the box = 1.33m,,
1911,simulation_0190_segmented,segmentation,S2MX,120,DD,What is the speed of the box at time 1s in m/s?,width of the box = 1.33m,,
1912,simulation_0190_segmented,segmentation,S2MX,120,DD,What is the speed of the box at time 2s in m/s?,width of the box = 1.33m,,
1913,simulation_0191_segmented,segmentation,A2MX,120,DS,What is the width of the box in meters?,acceleration of the box before 0.6s = 9.8m/s,,
1914,simulation_0191_segmented,segmentation,A2MX,120,DS,What is the height of the box in meters?,acceleration of the box before 0.6s = 9.8m/s,,
1915,simulation_0191_segmented,segmentation,A2MX,120,DS,What is the length of the truck in meters?,acceleration of the box before 0.6s = 9.8m/s,,
1916,simulation_0191_segmented,segmentation,A2MX,120,DS,What is the height of the truck in meters?,acceleration of the box before 0.6s = 9.8m/s,,
1917,simulation_0191_segmented,segmentation,A2MX,120,DS,What is the diameter of the truck's tire in meters?,acceleration of the box before 0.6s = 9.8m/s,,
1918,simulation_0191_segmented,segmentation,A2MX,120,DD,What is the speed of the box at time 0.2s in m/s?,acceleration of the box before 0.6s = 9.8m/s,,
1919,simulation_0191_segmented,segmentation,A2MX,120,DD,What is the speed of the box at time 0.4s in m/s?,acceleration of the box before 0.6s = 9.8m/s,,
1920,simulation_0192_segmented,segmentation,A2MX,120,DS,What is the height of the box in meters?,acceleration of the box before 0.6s = 9.8m/s,,
1921,simulation_0192_segmented,segmentation,A2MX,120,DS,What is the width of the truck in meters?,acceleration of the box before 0.6s = 9.8m/s,,
1922,simulation_0192_segmented,segmentation,A2MX,120,DS,What is the width of the box in meters?,acceleration of the box before 0.6s = 9.8m/s,,
1923,simulation_0192_segmented,segmentation,A2MX,120,DD,What is the speed of the box at time 0.2s in m/s?,acceleration of the box before 0.6s = 9.8m/s,,
1924,simulation_0192_segmented,segmentation,A2MX,120,DD,What is the speed of the box at time 0.4s in m/s?,acceleration of the box before 0.6s = 9.8m/s,,
1925,simulation_0216_segmented,segmentation,V2MX,24,DS,What is the length of the black cat (including its tail) in meters?,speed of the black cat = 0.94m/s,,
1926,simulation_0216_segmented,segmentation,V2MX,24,DS,What is the height of the black cat (including its tail) in meters?,speed of the black cat = 0.94m/s,,
1927,simulation_0216_segmented,segmentation,V2MX,24,DS,What is the length of the wooden bench in meters?,speed of the black cat = 0.94m/s,,
1928,simulation_0216_segmented,segmentation,V2MX,24,DS,What is the height of the wooden bench in meters?,speed of the black cat = 0.94m/s,,
1929,simulation_0216_segmented,segmentation,V2MX,24,DS,What is the height of the lampshade of the table lamp in meters?,speed of the black cat = 0.94m/s,,
1930,simulation_0216_segmented,segmentation,V2MX,24,DS,What is the diameter of the lampshade of the table lamp in meters?,speed of the black cat = 0.94m/s,,
1931,simulation_0216_segmented,segmentation,V2MX,24,DS,What is the height of the table lamp in meters?,speed of the black cat = 0.94m/s,,
1932,simulation_0216_segmented,segmentation,V2MX,24,DS,What is the height of the vase in meters?,speed of the black cat = 0.94m/s,,
1933,simulation_0216_segmented,segmentation,V2MX,24,DS,What is the height of the floor mirror in meters?,speed of the black cat = 0.94m/s,,
1934,simulation_0216_segmented,segmentation,V2MX,24,DS,What is the length of the floor mirror in meters?,speed of the black cat = 0.94m/s,,
1935,simulation_0216_segmented,segmentation,V2MX,24,DS,What is the length of the TV in meters?,speed of the black cat = 0.94m/s,,
1936,simulation_0216_segmented,segmentation,V2MX,24,DS,What is the height of the TV in meters?,speed of the black cat = 0.94m/s,,
1937,simulation_0216_segmented,segmentation,V2MX,24,DS,What is the length of the TV stand in meters?,speed of the black cat = 0.94m/s,,
1938,simulation_0216_segmented,segmentation,V2MX,24,DS,What is the height of the TV stand in meters?,speed of the black cat = 0.94m/s,,
1939,simulation_0218_segmented,segmentation,V2MX,24,DS,What is the length of the big robot in meters?,speed of the big robot = 5.924m/s,,
1940,simulation_0218_segmented,segmentation,V2MX,24,DS,What is the height of the big robot in meters?,speed of the big robot = 5.924m/s,,
1941,simulation_0218_segmented,segmentation,V2MX,24,DS,What is the length in meters of the long side of the box formed by the white lines on the ground?,speed of the big robot = 5.924m/s,,
1942,simulation_0218_segmented,segmentation,V2MX,24,DS,What is the outer diameter of the robot's tires in meters?,speed of the big robot = 5.924m/s,,
1943,simulation_0224_segmented,segmentation,S2MX,24,SS,What is the length of the chinese chess board in meters?,diameter of one chinese chess = 0.097m,,
1944,simulation_0224_segmented,segmentation,S2MX,24,SD,What is the speed of the red general chess at time 0.5s in m/s?,diameter of one chinese chess = 0.097m,,
1945,simulation_0224_segmented,segmentation,S2MX,24,SD,What is the acceleration of the red general chess at time 0.5s in m/s^2?,diameter of one chinese chess = 0.097m,,
1946,simulation_0224_segmented,segmentation,S2MX,24,SD,What is the speed of the red general chess at time 1s in m/s?,diameter of one chinese chess = 0.097m,,
1947,simulation_0224_segmented,segmentation,S2MX,24,SD,What is the acceleration of the red general chess at time 1s in m/s^2?,diameter of one chinese chess = 0.097m,,
1948,simulation_0224_segmented,segmentation,S2MX,24,SD,What is the speed of the red general chess at time 1.5s in m/s?,diameter of one chinese chess = 0.097m,,
1949,simulation_0224_segmented,segmentation,S2MX,24,SD,What is the acceleration of the red general chess at time 1.5s in m/s^2?,diameter of one chinese chess = 0.097m,,
1950,simulation_0225_segmented,segmentation,V2MX,24,DS,What is the length of the black cat (including its tail) in meters?,speed of the black cat = 1.041m/s,,
1951,simulation_0225_segmented,segmentation,V2MX,24,DS,What is the height of the black cat (including its tail) in meters?,speed of the black cat = 1.041m/s,,
1952,simulation_0225_segmented,segmentation,V2MX,24,DS,What is the width of the beach chair in meters?,speed of the black cat = 1.041m/s,,
1953,simulation_0225_segmented,segmentation,V2MX,24,DS,What is the spacing in meters between the markings on the pool wall?,speed of the black cat = 1.041m/s,,
1954,simulation_0227_segmented,segmentation,V2MX,24,DS,What is the length of the black cat (including its tail) in meters?,speed of the black cat = 1.041m/s,,
1955,simulation_0227_segmented,segmentation,V2MX,24,DS,What is the height of the black cat (including its tail) in meters?,speed of the black cat = 1.041m/s,,
1956,simulation_0227_segmented,segmentation,V2MX,24,DS,What is the width of the beach chair in meters?,speed of the black cat = 1.041m/s,,
1957,simulation_0227_segmented,segmentation,V2MX,24,DS,What is the spacing in meters between the markings on the pool wall?,speed of the black cat = 1.041m/s,,
1958,simulation_0227_segmented,segmentation,V2MX,24,DS,What is the length of the swimming ring in meters?,speed of the black cat = 1.041m/s,,
1959,simulation_0227_segmented,segmentation,V2MX,24,DS,What is the height of the swimming ring in meters?,speed of the black cat = 1.041m/s,,
1960,simulation_0227_segmented,segmentation,V2MX,24,DD,What is the speed of the swimming ring at time 0.5s in m/s?,speed of the black cat = 1.041m/s,,
1961,simulation_0227_segmented,segmentation,V2MX,24,DD,What is the acceleration of the red general chess at time 0.5s in m/s^2?,speed of the black cat = 1.041m/s,,
1962,simulation_0227_segmented,segmentation,V2MX,24,DD,What is the speed of the red general chess at time 1s in m/s?,speed of the black cat = 1.041m/s,,
1963,simulation_0227_segmented,segmentation,V2MX,24,DD,What is the acceleration of the red general chess at time 1s in m/s^2?,speed of the black cat = 1.041m/s,,
1964,simulation_0227_segmented,segmentation,V2MX,24,DD,What is the speed of the red general chess at time 1.5s in m/s?,speed of the black cat = 1.041m/s,,
1965,simulation_0227_segmented,segmentation,V2MX,24,DD,What is the acceleration of the red general chess at time 1.5s in m/s^2?,speed of the black cat = 1.041m/s,,
1966,simulation_0233_segmented,segmentation,V2MX,24,DS,What is the length of the black cat (including its tail) in meters?,speed of the black cat = 0.714m/s,,
1967,simulation_0233_segmented,segmentation,V2MX,24,DS,What is the width(horizontal) of the chair next to the blackboard in meters?,speed of the black cat = 0.714m/s,,
1968,simulation_0233_segmented,segmentation,V2MX,24,DS,What is the length(vertical) of the chair next to the blackboard in meters?,speed of the black cat = 0.714m/s,,
1969,simulation_0237_segmented,segmentation,V2MX,24,DS,What is the length of the brown horse in meters?,speed of the brown horse = 0.874m/s,,
1970,simulation_0237_segmented,segmentation,V2MX,24,DS,What is the width of the house in meters?,speed of the brown horse = 0.874m/s,,
1971,simulation_0237_segmented,segmentation,V2MX,24,DS,What is the length of the house in meters?,speed of the brown horse = 0.874m/s,,
1972,simulation_0239_segmented,segmentation,V2MX,24,DS,What is the length of the brown horse in meters?,speed of the brown horse = 0.874m/s,,
1973,simulation_0239_segmented,segmentation,V2MX,24,DS,What is the width of the house in meters?,speed of the brown horse = 0.874m/s,,
1974,simulation_0239_segmented,segmentation,V2MX,24,DS,What is the length of the house in meters?,speed of the brown horse = 0.874m/s,,
1975,simulation_0239_segmented,segmentation,V2MX,24,DD,What is the average speed of the white horse in m/s?,speed of the brown horse = 0.874m/s,,
1976,simulation_0239_segmented,segmentation,V2MX,24,DS,What is the length of the white horse in meters?,speed of the brown horse = 0.874m/s,,
1977,simulation_0243_segmented,segmentation,V2MX,30,DS,What is the height of the deer in meters？,speed of the deer = 1.277m/s,,
1978,simulation_0243_segmented,segmentation,V2MX,30,DS,What is the length of the deer in meters?,speed of the deer = 1.277m/s,,
1979,simulation_0243_segmented,segmentation,V2MX,30,DS,What is the height of the tree behind the deer in meters?,speed of the deer = 1.277m/s,,
1980,simulation_0245_segmented,segmentation,V2MX,30,DS,What is the height of the deer in meters？,speed of the deer = 1.277m/s,,
1981,simulation_0245_segmented,segmentation,V2MX,30,DS,What is the length of the deer in meters?,speed of the deer = 1.277m/s,,
1982,simulation_0245_segmented,segmentation,V2MX,30,DD,What is the average speed of the rabbit in m/s?,speed of the deer = 1.277m/s,,
1983,simulation_0245_segmented,segmentation,V2MX,30,DS,What is the height of the rabbit in meters?,speed of the deer = 1.277m/s,,
1984,simulation_0245_segmented,segmentation,V2MX,30,DS,What is the length of the rabbit in meters?,speed of the deer = 1.277m/s,,
1985,simulation_0247_segmented,segmentation,V3MX,30,DS,What is the length of the rabbit in meters?,speed of the deer = 1.277m/s,,
1986,simulation_0247_segmented,segmentation,V3MX,30,DS,What is the length of the deer in meters?,speed of the deer = 1.277m/s,,
1987,simulation_0247_segmented,segmentation,V3MX,30,DD,What is the average speed of the rabbit in m/s?,speed of the deer = 1.277m/s,,
1988,simulation_0248_segmented,segmentation,V2MX,24,DS,What is the height of the brown horse in meters?,speed of the brown horse = 0.874m/s,,
1989,simulation_0248_segmented,segmentation,V2MX,24,DS,What is the length of the brown horse in meters?,speed of the brown horse = 0.874m/s,,
1990,simulation_0248_segmented,segmentation,V2MX,24,DD,What is the average speed of the white horse in m/s?,speed of the brown horse = 0.874m/s,,
1991,simulation_0248_segmented,segmentation,V2MX,24,DS,What is the height of the white horse in meters?,speed of the brown horse = 0.874m/s,,
1992,simulation_0248_segmented,segmentation,V2MX,24,DS,What is the length of the white horse in meters?,speed of the brown horse = 0.874m/s,,
1993,simulation_0248_segmented,segmentation,V2MX,24,DD,What is the average speed of the rabbit in m/s?,speed of the brown horse = 0.874m/s,,
1994,simulation_0248_segmented,segmentation,V2MX,24,DS,What is the length of the rabbit in meters?,speed of the brown horse = 0.874m/s,,
1995,simulation_0248_segmented,segmentation,V2MX,24,DS,What is the height of the rabbit in meters?,speed of the brown horse = 0.874m/s,,
1996,simulation_0251_segmented,segmentation,S2SX,24,SD,What is the speed of the soccer ball at time 0.5s in m/s?,diameter of the soccer ball = 0.344m,,
1997,simulation_0251_segmented,segmentation,S2SX,24,SD,What is the speed of the soccer ball at time 2s in m/s?,diameter of the soccer ball = 0.344m,,
1998,simulation_0251_segmented,segmentation,S2SX,24,SD,What is the speed of the soccer ball at time 1s in m/s?,diameter of the soccer ball = 0.344m,,
1999,simulation_0251_segmented,segmentation,S2SX,24,SD,What is the speed of the soccer ball at time 1.5s in m/s?,diameter of the soccer ball = 0.344m,,
2000,simulation_0255_segmented,segmentation,S2SX,24,SD,What is the speed of the tennis ball at time 0.5s in m/s?,diameter of the tennis ball = 0.17m,,
2001,simulation_0255_segmented,segmentation,S2SX,24,SD,What is the speed of the tennis ball at time 1s in m/s?,diameter of the tennis ball = 0.17m,,
2002,simulation_0255_segmented,segmentation,S2SX,24,SD,What is the speed of the tennis ball at time 1.5s in m/s?,diameter of the tennis ball = 0.17m,,
2003,simulation_0255_segmented,segmentation,S2SX,24,SD,What is the acceleration of the tennis ball at time 0.5s in m/s^2?,diameter of the tennis ball = 0.17m,,
2004,simulation_0255_segmented,segmentation,S2SX,24,SD,What is the acceleration of the tennis ball at time 1s in m/s^2?,diameter of the tennis ball = 0.17m,,
2005,simulation_0255_segmented,segmentation,S2SX,24,SD,What is the acceleration of the tennis ball at time 1.5s in m/s^2?,diameter of the tennis ball = 0.17m,,
2006,simulation_0261_segmented,segmentation,A2SX,24,DS,What is the height of the mug in meters?,acceleration of the mug cup before 1s = 9.8m/s^2,,
2007,simulation_0261_segmented,segmentation,A2SX,24,DD,What is the speed of the mug at time 0.2s in m/s?,acceleration of the mug cup before 1s = 9.8m/s^2,,
2008,simulation_0261_segmented,segmentation,A2SX,24,DD,What is the speed of the mug at time 0.4s in m/s?,acceleration of the mug cup before 1s = 9.8m/s^2,,
2009,simulation_0261_segmented,segmentation,A2SX,24,DD,What is the speed of the mug at time 0.625s in m/s?,acceleration of the mug cup before 1s = 9.8m/s^2,,
2010,simulation_0030_segmented,segmentation,V3MX,24,DS,What is the length of the eagle in meters?,speed of the eagle = 12m/s,"t=1s, distance_eagle_camera = 106.642m
t=2s, distance_eagle_camera = 111.231m",
2011,simulation_0151_segmented,segmentation,S3MX,24,SS,"What is the width, in meters, of the blue car?","diameter of the tire of the yellow car = 0.764m
diameter of the tire of the blue car = 0.369m","t=0.5s, distance_yellowCarLeftFrontTire_camera = 11.38m",
2012,simulation_0151_segmented,segmentation,S3MX,24,SD,What is the speed of the yellow car at time 1s in m/s?,"diameter of the tire of the yellow car = 0.764m
diameter of the tire of the blue car = 0.369m","t=0.5s, distance_yellowCarLeftFrontTire_camera = 11.38m",
2013,simulation_0151_segmented,segmentation,S3MX,24,SD,What is the acceleration of the yellow car at time 1s in m/s^2?,"diameter of the tire of the yellow car = 0.764m
diameter of the tire of the blue car = 0.369m","t=0.5s, distance_yellowCarLeftFrontTire_camera = 11.38m",
2014,simulation_0151_segmented,segmentation,S3MX,24,SD,What is the speed of the blue car at time 1s in m/s?,"diameter of the tire of the yellow car = 0.764m
diameter of the tire of the blue car = 0.369m","t=0.5s, distance_yellowCarLeftFrontTire_camera = 11.38m",
2015,simulation_0151_segmented,segmentation,S3MX,24,SD,What is the acceleration of the blue car at time 1s in m/s^2?,"diameter of the tire of the yellow car = 0.764m
diameter of the tire of the blue car = 0.369m","t=0.5s, distance_yellowCarLeftFrontTire_camera = 11.38m",
2016,internet_0001,internet,S2SC,24,SS,What is the length of the black car in meters?,lane width = 3.66m,,
2017,internet_0001,internet,S2SC,24,SS,What is the width of the black car in meters?,lane width = 3.66m,,
2018,internet_0001,internet,S2SC,24,SD,What is the average speed of the black car in m/s?,lane width = 3.66m,,
2019,internet_0002,internet,S2SC,24,SS,What is the length of the red car in meters?,lane width = 3.66m,,
2020,internet_0002,internet,S2SC,24,SS,What is the width of the red car in meters?,lane width = 3.66m,,
2021,internet_0002,internet,S2SC,24,SD,What is the average speed of the red car in m/s?,lane width = 3.66m,,
2022,internet_0003,internet,S2MC,24,SS,What is the diameter of the pizza in cm?,monopoly money width = 7.5cm,,
2023,internet_0003,internet,S2MC,24,SS,What is the diameter of the wine glass in cm?,monopoly money width = 7.5cm,,
2024,internet_0003,internet,S2MC,24,SD,What is the velocity of the pizza cutter in cm/s at 0.2s?,monopoly money width = 7.5cm,,
2025,internet_0003,internet,S2MC,24,SS,What is the diameter of a pepperoni on the pizza in cm?,monopoly money width = 7.5cm,,
2026,internet_0004,internet,S2MC,25,SS,What is the length of the wood block in cm?,ruler calibre = 1cm,,
2027,internet_0004,internet,S2MC,25,SS,What is the thickness of the wood block in cm?,ruler calibre = 1cm,,
2028,internet_0004,internet,S2MC,25,SD,What is the average velocity of the pencil tip moving on the block in cm/s?,ruler calibre = 1cm,,
2029,internet_0004,internet,S2MC,25,SD,What is the average velocity of the saw cutting the block in cm/s?,ruler calibre = 1cm,,
2030,internet_0005,internet,V2MC,25,DS,What is the distance between the two black road signs in meters?,walking velocity = 1.25m/s,,
2031,internet_0005,internet,V2MC,25,DS,What is the height of the woman in yellow in meters?,walking velocity = 1.25m/s,,
2032,internet_0005,internet,V2MC,25,DS,What is the length of the light right above the woman's head in meters?,walking velocity = 1.25m/s,,
2033,internet_0005,internet,V2MC,25,DS,What is the side length of the floor tiles in meters?,walking velocity = 1.25m/s,,
2034,internet_0006,internet,S2MC,30,SS,What is the length of the motor cycle in meters?,lane width = 3.66m,,
2035,internet_0006,internet,S2MC,30,SD,What is the average speed of the motorcycle in m/s?,lane width = 3.66m,,
2036,internet_0006,internet,S2MC,30,SS,What is the length of the white car in meters?,lane width = 3.66m,,
2037,internet_0006,internet,S2MC,30,SD,What is the average speed of the white car in m/s?,lane width = 3.66m,,
2038,internet_0006,internet,S2MC,30,SS,What is the length of the black car in meters?,lane width = 3.66m,,
2039,internet_0006,internet,S2MC,30,SD,What is the average speed of the black car in m/s?,lane width = 3.66m,,
2040,internet_0007,internet,S2MC,30,SS,What is the length of the white car in meters?,lane width = 3.66m,,
2041,internet_0007,internet,S2MC,30,SD,What is the average speed of the white car in m/s?,lane width = 3.66m,,
2042,internet_0007,internet,S2MC,30,SS,What is the length of the black car in meters?,lane width = 3.66m,,
2043,internet_0007,internet,S2MC,30,SD,What is the average speed of the black car in m/s?,lane width = 3.66m,,
2044,internet_0008,internet,S2MC,30,SD,What is the average speed of the sailboat in m/s?,sailboat length = 12m,,
2045,internet_0008,internet,S2MC,30,SD,What is the average speed of the speedboat in m/s?,sailboat length = 12m,,
2046,internet_0008,internet,S2MC,30,SS,What is the length of the speedboat in meters?,sailboat length = 12m,,
2047,internet_0009,internet,S2MC,60,SS,What is the distance between the two players in meters at the beginning?,singles court width = 8.23m,,
2048,internet_0009,internet,S2MC,60,SD,What is the average velocity of the tennis ball flying across the net in m/s?,singles court width = 8.23m,,
2049,internet_0009,internet,S2MC,60,SS,What is the total displacement of the player on the right in meters?,singles court width = 8.23m,,
2050,internet_0010,internet,S2MC,30,SS,How tall is the shooter in cm?,basketball diameter = 24cm,,
2051,internet_0010,internet,S2MC,30,SD,What is the velocity of the ball at 2.00s in cm/s?,basketball diameter = 24cm,,
2052,internet_0011,internet,S2MC,25,SS,What is the initial distance between the two players in meters?,court width= 4.88m,,
2053,internet_0011,internet,S2MC,25,SS,What is the displacement of the player in white in meters?,court width= 4.88m,,
2054,internet_0011,internet,S2MC,25,SD,What is the average moving speed of the player in white in m/s?,court width= 4.88m,,
2055,internet_0011,internet,S2MC,25,SS,What is the displacement of the player in black in meters?,court width= 4.88m,,
2056,internet_0012,internet,S2MC,60,SS,What is the length of the truck in meters?,lane width = 3.66m,,
2057,internet_0012,internet,S2MC,60,SD,What is the average velocity of the truck in m/s?,lane width = 3.66m,,
2058,internet_0012,internet,S2MC,60,SS,What is the length of the grey car in meters?,lane width = 3.66m,,
2059,internet_0012,internet,S2MC,60,SD,What is the average velocity of the grey car in m/s?,lane width = 3.66m,,
2060,internet_0012,internet,S2MC,60,SS,What is the length of the car on the leftmost lane in meters?,lane width = 3.66m,,
2061,internet_0012,internet,S2MC,60,SD,What is the average velocity of the car on the leftmost lane in m/s?,lane width = 3.66m,,
2062,internet_0012,internet,S2MC,60,SS,What is the length of the white car on the second lane to the left in meters?,lane width = 3.66m,,
2063,internet_0012,internet,S2MC,60,SD,What is the average velocity of the white car on the second lane to the left in m/s?,lane width = 3.66m,,
2064,internet_0013,internet,V2MC,30,DS,What is the width of the straight-through lane in meters?,pedestrian walking speed = 1.1 m/s,,
2065,internet_0013,internet,V2MC,30,DS,What is the width of the roundabout lane in meters?,pedestrian walking speed = 1.1 m/s,,
2066,internet_0013,internet,V2MC,30,DS,What is the diameter of the center island planter in meters?,pedestrian walking speed = 1.1 m/s,,
2067,internet_0013,internet,V2MC,30,DD,What is the speed of the white car in the roundabout at 3.0s in m/s?,pedestrian walking speed = 1.1 m/s,,
2068,internet_0013,internet,V2MC,30,DD,What is the speed of the bicycle on the upper left corner at 3.0s in m/s?,pedestrian walking speed = 1.1 m/s,,
2069,internet_0013,internet,V2MC,30,DS,What is the distance between the two black cars in the round about at 1.0s in meters?,pedestrian walking speed = 1.1 m/s,,
2070,internet_0014,internet,S2MC,30,SS,What is the initial distance between the two players in meters?,center circle radius = 9.15m,,
2071,internet_0014,internet,S2MC,30,SS,What is the distance from the player closest to the goal to the goal at 0s in meters?,center circle radius = 9.15m,,
2072,internet_0014,internet,S2MC,30,SD,What is he football's velocity at 7.00s in m/s?,center circle radius = 9.15m,,
2073,internet_0014,internet,S2MC,30,SD,What is the average velocity of the player with the ball from 8.0s to 9.0s in m/s?,center circle radius = 9.15m,,
2074,internet_0014,internet,S2MC,30,SS,What is distance between the two players at 9.00s in meters?,center circle radius = 9.15m,,
2075,internet_0015,internet,S2MC,30,SS,What is the average vehicle spacing in meters?,lane width = 3.66m,,
2076,internet_0015,internet,S2MC,30,SS,What is the length of the black car in meters?,lane width = 3.66m,,
2077,internet_0015,internet,S2MC,30,SS,What is the length of the motorcycle in meters?,lane width = 3.66m,,
2078,internet_0015,internet,S2MC,30,SS,What is the average speed of the motorcycle in m/s?,lane width = 3.66m,,
2079,internet_0015,internet,S2MC,30,SS,What is the speed of the car before the motorcycle at 1.0s in m/s?,lane width = 3.66m,,
2080,internet_0016,internet,S2MC,30,SS,What is the distance between the two players in meters at the beginning?,inner court width= 4.88m,,
2081,internet_0016,internet,S2MC,30,SD,What is the velocity of the basketball at 0s in m/s?,inner court width= 4.88m,,
2082,internet_0016,internet,S2MC,30,SS,What is the distance between the ball and the player in black at 0.5s in meters?,inner court width= 4.88m,,
2083,internet_0016,internet,S2MC,30,SS,What is the distance between the basket and the player in black at 0.5s in meters?,inner court width= 4.88m,,
2084,internet_0017,internet,S2MS,22,SS,What is the diameter of the round container in cm?,credit card width = 5.4cm,,
2085,internet_0017,internet,S2MS,22,SS,What is the length of the keyboard in cm?,credit card width = 5.4cm,,
2086,internet_0017,internet,S2MS,22,SS,What is the width of the keyboard in cm?,credit card width = 5.4cm,,
2087,internet_0017,internet,S2MS,22,SS,What is the length of the pen in cm?,credit card width = 5.4cm,,
2088,internet_0017,internet,S2MS,22,SD,What is moving speed of the user's (middle) fingertip at 0.4s in cm/s?,credit card width = 5.4cm,,
2089,internet_0018,internet,S2MC,30,SS,What is the distance between the two players in meters at the beginning?,singles court width = 8.23m,,
2090,internet_0018,internet,S2MC,30,SS,What is the distance between the benches and the court in meters?,singles court width = 8.23m,,
2091,internet_0018,internet,S2MC,30,SS,What is the tennis ball's velocity at 1.5s in m/s?,singles court width = 8.23m,,
2092,internet_0019,internet,A2MC,30,DS,What is the size of the ball in cm?,gravity acc = 9.8m/s^2,,
2093,internet_0019,internet,A2MC,30,DS,What is the height of the person standing in the middle in cm?,gravity acc = 9.8m/s^2,,
2094,internet_0019,internet,A2MC,30,DS,What is the height of the person on the left (the passer) in cm?,gravity acc = 9.8m/s^2,,
2095,internet_0019,internet,A2MC,30,DS,What is the height of the person on the right (the receiver) in cm?,gravity acc = 9.8m/s^2,,
2096,internet_0019,internet,A2MC,30,DS,What is the initial distance between the passer and the receiver in meters?,gravity acc = 9.8m/s^2,,
2097,internet_0019,internet,A2MC,30,DD,What is the velocity of the ball at 1.00s in m/s?,gravity acc = 9.8m/s^2,,
2098,internet_0019,internet,A2MC,30,DD,What is the (average) horizontal velocity of the ball in m/s?,gravity acc = 9.8m/s^2,,
2099,internet_0020,internet,S2MC,25,SS,What is the height of the sink in cm?,height of the picked bottle = 11.7cm,,
2100,internet_0020,internet,S2MC,25,SS,What is the width of the tray in cm?,height of the picked bottle = 11.7cm,,
2101,internet_0020,internet,S2MC,25,SS,What is the height of the pump bottle in cm?,height of the picked bottle = 11.7cm,,
2102,internet_0020,internet,S2MC,25,SD,What is average moving velocity of the picked bottle in cm/s?,height of the picked bottle = 11.7cm,,
2103,internet_0020,internet,S2MC,25,SD,What is the velocity of the picked bottle at 0.50s in cm/s?,height of the picked bottle = 11.7cm,,
2104,internet_0021,internet,S2MC,25,SD,What is the average speed of the airplane in m/s? ,length of the airplane = 40m ,,
2105,internet_0021,internet,S2MC,25,SS,What is the distance between the airplane and the roof top at 0s in meters?,length of the airplane = 40m ,,
2106,internet_0021,internet,S2MC,25,SS,What is the the displacement of the airplane from 0s to 2.00s in meters? ,length of the airplane = 40m ,,
2107,internet_0022,internet,S2MC,25,SS,What is the diameter of the tea cup in mm?,width of the mouse = 57mm,,
2108,internet_0022,internet,S2MC,25,SS,What is the diameter of the saucer in mm?,width of the mouse = 57mm,,
2109,internet_0022,internet,S2MC,25,SS,What is the length of the pencil in mm?,width of the mouse = 57mm,,
2110,internet_0022,internet,S2MC,25,SS,What is the shoulder width of the man in cm?,width of the mouse = 57mm,,
2111,internet_0022,internet,S2MC,25,SS,What is the length of the table in meters?,width of the mouse = 57mm,,
2112,internet_0022,internet,S2MC,25,SS,What is the length of the monitor in cm?,width of the mouse = 57mm,,
2113,internet_0022,internet,S2MC,25,SS,What is the width of the grey notebook in cm?,width of the mouse = 57mm,,
2114,internet_0022,internet,S2MC,25,SS,What is the length of the grey notebook in cm?,width of the mouse = 57mm,,
2115,internet_0022,internet,S2MC,25,SD,What is average velocity of the man's moving hand from 0.40s to 1.00s in cm/s?,width of the mouse = 57mm,,
2116,internet_0023,internet,S2MC,30,SS,What is the length of the swimming pool in meters (excluding the stair area)?,height of the swimmer = 1.8m,,
2117,internet_0023,internet,S2MC,30,SS,What is the width of the swimming pool in meters?,height of the swimmer = 1.8m,,
2118,internet_0023,internet,S2MC,30,SS,What is the length of the deck chair in meters?,height of the swimmer = 1.8m,,
2119,internet_0023,internet,S2MC,30,SD,What is the average velocity of the swimmer in m/s?,height of the swimmer = 1.8m,,
2120,internet_0023,internet,S2MC,30,SS,What is the distance between the two umbrellas on the left in meters?,height of the swimmer = 1.8m,,
2121,internet_0024,internet,S2MC,25,SS,What is the length of the earphone case in mm?,width of the earphone case = 45mm,,
2122,internet_0024,internet,S2MC,25,SS,What is the length of the pencil in cm?,width of the earphone case = 45mm,,
2123,internet_0024,internet,S2MC,25,SS,What is the diameter of the mug in cm?,width of the earphone case = 45mm,,
2124,internet_0024,internet,S2MC,25,SS,What is the length of the longest side of the laptop in cm?,width of the earphone case = 45mm,,
2125,internet_0024,internet,S2MC,25,SS,What is the length of the longest side of the wallet in cm?,width of the earphone case = 45mm,,
2126,internet_0024,internet,S2MC,25,SS,What is the moving velocity of the mug at 0.50s in cm/s?,width of the earphone case = 45mm,,
2127,internet_0025,internet,S2SC,30,SS,What is the length of the canoe in meters?,height of the boatman = 1.75m,,
2128,internet_0025,internet,S2SC,30,SD,What is the average speed of the canoe in m/s?,height of the boatman = 1.75m,,
2129,internet_0025,internet,S2SC,30,SS,What is the displacement of the canoe in the first 5 seconds in meters?,height of the boatman = 1.75m,,
2130,internet_0026,internet,S2MC,24,SS,What is the sitting height of the baby in cm?,total height of the sofa = 90cm,,
2131,internet_0026,internet,S2MC,24,SS,What is the distance between the baby and the man in meters?,total height of the sofa = 90cm,,
2132,internet_0026,internet,S2MC,24,SS,What is the length of the toy truck in cm?,total height of the sofa = 90cm,,
2133,internet_0026,internet,S2MC,24,SS,What is the height of the toy truck in cm?,total height of the sofa = 90cm,,
2134,internet_0026,internet,S2MC,24,SD,What is the speed of the toy truck at 0.50s in cm/s?,total height of the sofa = 90cm,,
2135,internet_0026,internet,S2MC,24,SD,What is the average speed of the toy truck in cm/s?,total height of the sofa = 90cm,,
2136,internet_0027,internet,S2MC,25,SS,What is the initial distance between the black ball and the purple ball in cm?,billiard ball diameter = 57.2mm,,
2137,internet_0027,internet,S2MC,25,SD,What is the white ball's average velocity in 1.00s to 2.00s in cm/s?,billiard ball diameter = 57.2mm,,
2138,internet_0027,internet,S2MC,25,SD,What is the velocity of the orange ball at 1.00s in cm/s?,billiard ball diameter = 57.2mm,,
2139,internet_0027,internet,S2MC,25,SS,What is the final distance between the purple ball and the black ball in cm?,billiard ball diameter = 57.2mm,,
2140,internet_0027,internet,S2MC,25,SD,What is the acceleration of the yellow balloon the left at 2.00s in cm/s^2?,billiard ball diameter = 57.2mm,,
2141,captured_0001,lab,A3SS,24,DS,What is the size of the ball in cm? ,"t=1.6s, ball acceleration = 3.0m/s^2","t=0s, distance_ball_camera = 1.1075m
t=1.5s, distance_ball_camera = 0.9120m
distance_slope_far_end_camera = 1.1360m
distance_slope_near_tower_camera = 0.8840m",
2142,captured_0001,lab,A3SS,24,DS,What is the length of the slope in cm? ,"t=1.6s, ball acceleration = 3.0m/s^2","t=0s, distance_ball_camera = 1.1075m
t=1.5s, distance_ball_camera = 0.9120m
distance_slope_far_end_camera = 1.1360m
distance_slope_near_tower_camera = 0.8840m",
2143,captured_0001,lab,A3SS,24,DS,What is the displacement of the ball between 0s and 1.5s in cm?,"t=1.6s, ball acceleration = 3.0m/s^2","t=0s, distance_ball_camera = 1.1075m
t=1.5s, distance_ball_camera = 0.9120m
distance_slope_far_end_camera = 1.1360m
distance_slope_near_tower_camera = 0.8840m",
2144,captured_0001,lab,A3SS,24,DD,What is the velocity of the ball at 1.5s in cm/s?,"t=1.6s, ball acceleration = 3.0m/s^2","t=0s, distance_ball_camera = 1.1075m
t=1.5s, distance_ball_camera = 0.9120m
distance_slope_far_end_camera = 1.1360m
distance_slope_near_tower_camera = 0.8840m",
2145,captured_0001,lab,A3SS,24,DD,What is the velocity of the ball at the end of the slope in cm/s? ,"t=1.6s, ball acceleration = 3.0m/s^2","t=0s, distance_ball_camera = 1.1075m
t=1.5s, distance_ball_camera = 0.9120m
distance_slope_far_end_camera = 1.1360m
distance_slope_near_tower_camera = 0.8840m",
2146,captured_0002,lab,A3SS,24,DS,What is the size of the ball in mm? ,"t=1.4, ball acceleration = 4.05m/s^2","t=1.0s, distance_ball_camera = 1.7790m
t=1.3s, distance_ball_camera = 1.7360m
distance_slope_far_end_camera = 1.8150m
distance_slope_near_tower_camera = 1.6715m",
2147,captured_0002,lab,A3SS,24,DS,What is the length of the slope in cm? ,"t=1.4, ball acceleration = 4.05m/s^2","t=1.0s, distance_ball_camera = 1.7790m
t=1.3s, distance_ball_camera = 1.7360m
distance_slope_far_end_camera = 1.8150m
distance_slope_near_tower_camera = 1.6715m",
2148,captured_0002,lab,A3SS,24,DS,What is the displacement of the ball between 1.0s and 1.3s in cm?,"t=1.4, ball acceleration = 4.05m/s^2","t=1.0s, distance_ball_camera = 1.7790m
t=1.3s, distance_ball_camera = 1.7360m
distance_slope_far_end_camera = 1.8150m
distance_slope_near_tower_camera = 1.6715m",
2149,captured_0002,lab,A3SS,24,DD,What is the velocity of the ball at 1.3s in cm/s?,"t=1.4, ball acceleration = 4.05m/s^2","t=1.0s, distance_ball_camera = 1.7790m
t=1.3s, distance_ball_camera = 1.7360m
distance_slope_far_end_camera = 1.8150m
distance_slope_near_tower_camera = 1.6715m",
2150,captured_0002,lab,A3SS,24,DD,What is the velocity of the ball at the end of the slope in cm/s? ,"t=1.4, ball acceleration = 4.05m/s^2","t=1.0s, distance_ball_camera = 1.7790m
t=1.3s, distance_ball_camera = 1.7360m
distance_slope_far_end_camera = 1.8150m
distance_slope_near_tower_camera = 1.6715m",
2151,captured_0006,lab,A3SC,24,DS,What is the height of the toy in cm? ,acceleration = 9.8 m/s^2,"t=1.0s, distance_ball_camera = 1.4020m
t=1.2s, distance_ball_camera = 1.065m
",
2152,captured_0006,lab,A3SC,24,DS,What is the width of the toy in cm?,acceleration = 9.8 m/s^2,"t=1.0s, distance_ball_camera = 1.4020m
t=1.2s, distance_ball_camera = 1.065m
",
2153,captured_0006,lab,A3SC,24,DS,What is the velocity of the toy at 1.2s in m/s? ,acceleration = 9.8 m/s^2,"t=1.0s, distance_ball_camera = 1.4020m
t=1.2s, distance_ball_camera = 1.065m
",
2154,captured_0006,lab,A3SC,24,DS,What the displacement of the toy between 1s and 1.2s in cm? ,acceleration = 9.8 m/s^2,"t=1.0s, distance_ball_camera = 1.4020m
t=1.2s, distance_ball_camera = 1.065m
",
2155,captured_0006,lab,A3SC,24,DS,What is the velocity of the toy when hitting the desk for the first time in m/s? ,acceleration = 9.8 m/s^2,"t=1.0s, distance_ball_camera = 1.4020m
t=1.2s, distance_ball_camera = 1.065m
",
2156,captured_0006s,lab,A3SS,24,DS,What is the height of the toy in cm? ,acceleration = 9.8 m/s^2,"t=1.0s, distance_ball_camera = 1.4020m
t=1.2s, distance_ball_camera = 1.065m
",
2157,captured_0006s,lab,A3SS,24,DS,What is the width of the toy in cm?,acceleration = 9.8 m/s^2,"t=1.0s, distance_ball_camera = 1.4020m
t=1.2s, distance_ball_camera = 1.065m
",
2158,captured_0006s,lab,A3SS,24,DS,What is the velocity of the toy at 1.2s in m/s? ,acceleration = 9.8 m/s^2,"t=1.0s, distance_ball_camera = 1.4020m
t=1.2s, distance_ball_camera = 1.065m
",
2159,captured_0006s,lab,A3SS,24,DS,What the displacement of the toy between 1s and 1.2s in cm? ,acceleration = 9.8 m/s^2,"t=1.0s, distance_ball_camera = 1.4020m
t=1.2s, distance_ball_camera = 1.065m
",
2160,captured_0006s,lab,A3SS,24,DS,What is the velocity of the toy when hitting the desk for the first time in m/s? ,acceleration = 9.8 m/s^2,"t=1.0s, distance_ball_camera = 1.4020m
t=1.2s, distance_ball_camera = 1.065m
",
2161,captured_0008,lab,A3SC,24,DS,What is the basketball's initial distance from the desk in cm? ,acceleration = 9.8 m/s^2,"t=1.0s, distance_ball_camera = 1.4010m
t=1.0s, distance_desk_camera = 1.7250m
t=1.2s, distance_ball_camera = 1.5640m
t=1.5s (max rebounce), distance_ball_camera=1.5225m",
2162,captured_0008,lab,A3SC,24,DS,What is the basketball's diameter in cm?,acceleration = 9.8 m/s^2,"t=1.0s, distance_ball_camera = 1.4010m
t=1.0s, distance_desk_camera = 1.7250m
t=1.2s, distance_ball_camera = 1.5640m
t=1.5s (max rebounce), distance_ball_camera=1.5225m",
2163,captured_0008,lab,A3SC,24,DS,What is the maximum rebounce height (with respect to the desk) of the basketball in cm? ,acceleration = 9.8 m/s^2,"t=1.0s, distance_ball_camera = 1.4010m
t=1.0s, distance_desk_camera = 1.7250m
t=1.2s, distance_ball_camera = 1.5640m
t=1.5s (max rebounce), distance_ball_camera=1.5225m",
2164,captured_0008,lab,A3SC,24,DS,What is the basketball's velocity at 1.2s in m/s? ,acceleration = 9.8 m/s^2,"t=1.0s, distance_ball_camera = 1.4010m
t=1.0s, distance_desk_camera = 1.7250m
t=1.2s, distance_ball_camera = 1.5640m
t=1.5s (max rebounce), distance_ball_camera=1.5225m",
2165,captured_0008,lab,A3SC,24,DS,What is the basketball's  distance from the camera at 1.2s in meters? ,acceleration = 9.8 m/s^2,"t=1.0s, distance_ball_camera = 1.4010m
t=1.0s, distance_desk_camera = 1.7250m
t=1.2s, distance_ball_camera = 1.5640m
t=1.5s (max rebounce), distance_ball_camera=1.5225m",
2166,captured_0008s,lab,A3SS,24,DS,What is the basketball's initial distance from the desk in cm? ,acceleration = 9.8 m/s^2,"t=1.0s, distance_ball_camera = 1.4010m
t=1.0s, distance_desk_camera = 1.7250m
t=1.2s, distance_ball_camera = 1.5640m
t=1.5s (max rebounce), distance_ball_camera=1.5225m",
2167,captured_0008s,lab,A3SS,24,DS,What is the basketball's diameter in cm?,acceleration = 9.8 m/s^2,"t=1.0s, distance_ball_camera = 1.4010m
t=1.0s, distance_desk_camera = 1.7250m
t=1.2s, distance_ball_camera = 1.5640m
t=1.5s (max rebounce), distance_ball_camera=1.5225m",
2168,captured_0008s,lab,A3SS,24,DS,What is the maximum rebounce height (with respect to the desk) of the basketball in cm? ,acceleration = 9.8 m/s^2,"t=1.0s, distance_ball_camera = 1.4010m
t=1.0s, distance_desk_camera = 1.7250m
t=1.2s, distance_ball_camera = 1.5640m
t=1.5s (max rebounce), distance_ball_camera=1.5225m",
2169,captured_0008s,lab,A3SS,24,DS,What is the basketball's velocity at 1.2s in m/s? ,acceleration = 9.8 m/s^2,"t=1.0s, distance_ball_camera = 1.4010m
t=1.0s, distance_desk_camera = 1.7250m
t=1.2s, distance_ball_camera = 1.5640m
t=1.5s (max rebounce), distance_ball_camera=1.5225m",
2170,captured_0008s,lab,A3SS,24,DS,What is the basketball's  distance from the camera at 1.2s in meters? ,acceleration = 9.8 m/s^2,"t=1.0s, distance_ball_camera = 1.4010m
t=1.0s, distance_desk_camera = 1.7250m
t=1.2s, distance_ball_camera = 1.5640m
t=1.5s (max rebounce), distance_ball_camera=1.5225m",
2171,captured_0008x,lab,A3SX,24,DS,What is the basketball's initial distance from the desk in cm? ,acceleration = 9.8 m/s^2,"t=1.0s, distance_ball_camera = 1.4010m
t=1.0s, distance_desk_camera = 1.7250m
t=1.2s, distance_ball_camera = 1.5640m
t=1.5s (max rebounce), distance_ball_camera=1.5225m",
2172,captured_0008x,lab,A3SX,24,DS,What is the basketball's diameter in cm?,acceleration = 9.8 m/s^2,"t=1.0s, distance_ball_camera = 1.4010m
t=1.0s, distance_desk_camera = 1.7250m
t=1.2s, distance_ball_camera = 1.5640m
t=1.5s (max rebounce), distance_ball_camera=1.5225m",
2173,captured_0008x,lab,A3SX,24,DS,What is the maximum rebounce height (with respect to the desk) of the basketball in cm? ,acceleration = 9.8 m/s^2,"t=1.0s, distance_ball_camera = 1.4010m
t=1.0s, distance_desk_camera = 1.7250m
t=1.2s, distance_ball_camera = 1.5640m
t=1.5s (max rebounce), distance_ball_camera=1.5225m",
2174,captured_0008x,lab,A3SX,24,DS,What is the basketball's velocity at 1.2s in m/s? ,acceleration = 9.8 m/s^2,"t=1.0s, distance_ball_camera = 1.4010m
t=1.0s, distance_desk_camera = 1.7250m
t=1.2s, distance_ball_camera = 1.5640m
t=1.5s (max rebounce), distance_ball_camera=1.5225m",
2175,captured_0008x,lab,A3SX,24,DS,What is the basketball's  distance from the camera at 1.2s in meters? ,acceleration = 9.8 m/s^2,"t=1.0s, distance_ball_camera = 1.4010m
t=1.0s, distance_desk_camera = 1.7250m
t=1.2s, distance_ball_camera = 1.5640m
t=1.5s (max rebounce), distance_ball_camera=1.5225m",
2176,captured_0009,lab,A3SC,24,DS,What is the basketball's initial distance from the floor in cm? ,acceleration = 9.8 m/s^2,"t=0.0s, distance_ball_camera = 1.3210m
t=0.0s, distance_floor_camera = 2.0285m
t=1.8s, distance_ball_camera = 1.5835m
t=1.92s (max rebounce), distance_ball_camera=1.5795m",
2177,captured_0009,lab,A3SC,24,DS,What is the basketball's diameter in cm?,acceleration = 9.8 m/s^2,"t=0.0s, distance_ball_camera = 1.3210m
t=0.0s, distance_floor_camera = 2.0285m
t=1.8s, distance_ball_camera = 1.5835m
t=1.92s (max rebounce), distance_ball_camera=1.5795m",
2178,captured_0009,lab,A3SC,24,DS,What is the maximum rebounce height of the basketball in cm? ,acceleration = 9.8 m/s^2,"t=0.0s, distance_ball_camera = 1.3210m
t=0.0s, distance_floor_camera = 2.0285m
t=1.8s, distance_ball_camera = 1.5835m
t=1.92s (max rebounce), distance_ball_camera=1.5795m",
2179,captured_0009,lab,A3SC,24,DS,What is the basketball's velocity at 1.8s in m/s? ,acceleration = 9.8 m/s^2,"t=0.0s, distance_ball_camera = 1.3210m
t=0.0s, distance_floor_camera = 2.0285m
t=1.8s, distance_ball_camera = 1.5835m
t=1.92s (max rebounce), distance_ball_camera=1.5795m",
2180,captured_0009,lab,A3SC,24,DS,What is the basketball's  distance from the camera at 1.8s in meters? ,acceleration = 9.8 m/s^2,"t=0.0s, distance_ball_camera = 1.3210m
t=0.0s, distance_floor_camera = 2.0285m
t=1.8s, distance_ball_camera = 1.5835m
t=1.92s (max rebounce), distance_ball_camera=1.5795m",
2181,captured_0009s,lab,A3SS,24,DS,What is the basketball's initial distance from the floor in cm? ,acceleration = 9.8 m/s^2,"t=0.0s, distance_ball_camera = 1.3210m
t=0.0s, distance_floor_camera = 2.0285m
t=1.8s, distance_ball_camera = 1.5835m
t=1.92s (max rebounce), distance_ball_camera=1.5795m",
2182,captured_0009s,lab,A3SS,24,DS,What is the basketball's diameter in cm?,acceleration = 9.8 m/s^2,"t=0.0s, distance_ball_camera = 1.3210m
t=0.0s, distance_floor_camera = 2.0285m
t=1.8s, distance_ball_camera = 1.5835m
t=1.92s (max rebounce), distance_ball_camera=1.5795m",
2183,captured_0009s,lab,A3SS,24,DS,What is the maximum rebounce height of the basketball in cm? ,acceleration = 9.8 m/s^2,"t=0.0s, distance_ball_camera = 1.3210m
t=0.0s, distance_floor_camera = 2.0285m
t=1.8s, distance_ball_camera = 1.5835m
t=1.92s (max rebounce), distance_ball_camera=1.5795m",
2184,captured_0009s,lab,A3SS,24,DS,What is the basketball's velocity at 1.8s in m/s? ,acceleration = 9.8 m/s^2,"t=0.0s, distance_ball_camera = 1.3210m
t=0.0s, distance_floor_camera = 2.0285m
t=1.8s, distance_ball_camera = 1.5835m
t=1.92s (max rebounce), distance_ball_camera=1.5795m",
2185,captured_0009s,lab,A3SS,24,DS,What is the basketball's  distance from the camera at 1.8s in meters? ,acceleration = 9.8 m/s^2,"t=0.0s, distance_ball_camera = 1.3210m
t=0.0s, distance_floor_camera = 2.0285m
t=1.8s, distance_ball_camera = 1.5835m
t=1.92s (max rebounce), distance_ball_camera=1.5795m",
2186,captured_0009x,lab,A3SX,24,DS,What is the basketball's initial distance from the floor in cm? ,acceleration = 9.8 m/s^2,"t=0.0s, distance_ball_camera = 1.3210m
t=0.0s, distance_floor_camera = 2.0285m
t=1.8s, distance_ball_camera = 1.5835m
t=1.92s (max rebounce), distance_ball_camera=1.5795m",
2187,captured_0009x,lab,A3SX,24,DS,What is the basketball's diameter in cm?,acceleration = 9.8 m/s^2,"t=0.0s, distance_ball_camera = 1.3210m
t=0.0s, distance_floor_camera = 2.0285m
t=1.8s, distance_ball_camera = 1.5835m
t=1.92s (max rebounce), distance_ball_camera=1.5795m",
2188,captured_0009x,lab,A3SX,24,DS,What is the maximum rebounce height of the basketball in cm? ,acceleration = 9.8 m/s^2,"t=0.0s, distance_ball_camera = 1.3210m
t=0.0s, distance_floor_camera = 2.0285m
t=1.8s, distance_ball_camera = 1.5835m
t=1.92s (max rebounce), distance_ball_camera=1.5795m",
2189,captured_0009x,lab,A3SX,24,DS,What is the basketball's velocity at 1.8s in m/s? ,acceleration = 9.8 m/s^2,"t=0.0s, distance_ball_camera = 1.3210m
t=0.0s, distance_floor_camera = 2.0285m
t=1.8s, distance_ball_camera = 1.5835m
t=1.92s (max rebounce), distance_ball_camera=1.5795m",
2190,captured_0009x,lab,A3SX,24,DS,What is the basketball's  distance from the camera at 1.8s in meters? ,acceleration = 9.8 m/s^2,"t=0.0s, distance_ball_camera = 1.3210m
t=0.0s, distance_floor_camera = 2.0285m
t=1.8s, distance_ball_camera = 1.5835m
t=1.92s (max rebounce), distance_ball_camera=1.5795m",
2191,captured_0010,lab,A3SC,24,DS,What is the length of the string in cm? ,gravity_acceleration = 9.8 m/s^2,"t=0.3s, distance_ball_camera = 1.7060m
t=0.6s, distance_ball_camera = 1.3440m
t=0.9s, distance_ball_camera = 1.4605m
t=1.2s, distance_ball_camera = 1.7840m
t=1.5s, distance_ball_camera = 1.7170m
t=1.8s, distance_ball_camera = 1.3500m
",
2192,captured_0010,lab,A3SC,24,DS,What is the ball's diameter in cm?,gravity_acceleration = 9.8 m/s^2,"t=0.3s, distance_ball_camera = 1.7060m
t=0.6s, distance_ball_camera = 1.3440m
t=0.9s, distance_ball_camera = 1.4605m
t=1.2s, distance_ball_camera = 1.7840m
t=1.5s, distance_ball_camera = 1.7170m
t=1.8s, distance_ball_camera = 1.3500m
",
2193,captured_0010,lab,A3SC,24,DS,What is the ball's velocity at 0.3s in m/s? ,gravity_acceleration = 9.8 m/s^2,"t=0.3s, distance_ball_camera = 1.7060m
t=0.6s, distance_ball_camera = 1.3440m
t=0.9s, distance_ball_camera = 1.4605m
t=1.2s, distance_ball_camera = 1.7840m
t=1.5s, distance_ball_camera = 1.7170m
t=1.8s, distance_ball_camera = 1.3500m
",
2194,captured_0010,lab,A3SC,24,DS,What is the ball's velocoty at 0.6s in m/s? ,gravity_acceleration = 9.8 m/s^2,"t=0.3s, distance_ball_camera = 1.7060m
t=0.6s, distance_ball_camera = 1.3440m
t=0.9s, distance_ball_camera = 1.4605m
t=1.2s, distance_ball_camera = 1.7840m
t=1.5s, distance_ball_camera = 1.7170m
t=1.8s, distance_ball_camera = 1.3500m
",
2195,captured_0010,lab,A3SC,24,DS,What is that ball's acceleration at 0.3s in m/s? ,gravity_acceleration = 9.8 m/s^2,"t=0.3s, distance_ball_camera = 1.7060m
t=0.6s, distance_ball_camera = 1.3440m
t=0.9s, distance_ball_camera = 1.4605m
t=1.2s, distance_ball_camera = 1.7840m
t=1.5s, distance_ball_camera = 1.7170m
t=1.8s, distance_ball_camera = 1.3500m
",
2196,captured_0010,lab,A3SC,24,DS,What is that ball's acceleration at 0.6s in m/s? ,gravity_acceleration = 9.8 m/s^2,"t=0.3s, distance_ball_camera = 1.7060m
t=0.6s, distance_ball_camera = 1.3440m
t=0.9s, distance_ball_camera = 1.4605m
t=1.2s, distance_ball_camera = 1.7840m
t=1.5s, distance_ball_camera = 1.7170m
t=1.8s, distance_ball_camera = 1.3500m
",
2197,captured_0010s,lab,A3SS,24,DS,What is the length of the string in cm? ,gravity_acceleration = 9.8 m/s^2,"t=0.3s, distance_ball_camera = 1.7060m
t=0.6s, distance_ball_camera = 1.3440m
t=0.9s, distance_ball_camera = 1.4605m
t=1.2s, distance_ball_camera = 1.7840m
t=1.5s, distance_ball_camera = 1.7170m
t=1.8s, distance_ball_camera = 1.3500m
",
2198,captured_0010s,lab,A3SS,24,DS,What is the ball's diameter in cm?,gravity_acceleration = 9.8 m/s^2,"t=0.3s, distance_ball_camera = 1.7060m
t=0.6s, distance_ball_camera = 1.3440m
t=0.9s, distance_ball_camera = 1.4605m
t=1.2s, distance_ball_camera = 1.7840m
t=1.5s, distance_ball_camera = 1.7170m
t=1.8s, distance_ball_camera = 1.3500m
",
2199,captured_0010s,lab,A3SS,24,DS,What is the ball's velocity at 0.3s in m/s? ,gravity_acceleration = 9.8 m/s^2,"t=0.3s, distance_ball_camera = 1.7060m
t=0.6s, distance_ball_camera = 1.3440m
t=0.9s, distance_ball_camera = 1.4605m
t=1.2s, distance_ball_camera = 1.7840m
t=1.5s, distance_ball_camera = 1.7170m
t=1.8s, distance_ball_camera = 1.3500m
",
2200,captured_0010s,lab,A3SS,24,DS,What is the ball's velocoty at 0.6s in m/s? ,gravity_acceleration = 9.8 m/s^2,"t=0.3s, distance_ball_camera = 1.7060m
t=0.6s, distance_ball_camera = 1.3440m
t=0.9s, distance_ball_camera = 1.4605m
t=1.2s, distance_ball_camera = 1.7840m
t=1.5s, distance_ball_camera = 1.7170m
t=1.8s, distance_ball_camera = 1.3500m
",
2201,captured_0010s,lab,A3SS,24,DS,What is that ball's acceleration at 0.3s in m/s? ,gravity_acceleration = 9.8 m/s^2,"t=0.3s, distance_ball_camera = 1.7060m
t=0.6s, distance_ball_camera = 1.3440m
t=0.9s, distance_ball_camera = 1.4605m
t=1.2s, distance_ball_camera = 1.7840m
t=1.5s, distance_ball_camera = 1.7170m
t=1.8s, distance_ball_camera = 1.3500m
",
2202,captured_0010s,lab,A3SS,24,DS,What is that ball's acceleration at 0.6s in m/s? ,gravity_acceleration = 9.8 m/s^2,"t=0.3s, distance_ball_camera = 1.7060m
t=0.6s, distance_ball_camera = 1.3440m
t=0.9s, distance_ball_camera = 1.4605m
t=1.2s, distance_ball_camera = 1.7840m
t=1.5s, distance_ball_camera = 1.7170m
t=1.8s, distance_ball_camera = 1.3500m
",
2203,captured_0010X,lab,A3SX,24,DS,What is the length of the string in cm? ,gravity_acceleration = 9.8 m/s^2,"t=0.3s, distance_ball_camera = 1.7060m
t=0.6s, distance_ball_camera = 1.3440m
t=0.9s, distance_ball_camera = 1.4605m
t=1.2s, distance_ball_camera = 1.7840m
t=1.5s, distance_ball_camera = 1.7170m
t=1.8s, distance_ball_camera = 1.3500m
",
2204,captured_0010X,lab,A3SX,24,DS,What is the ball's diameter in cm?,gravity_acceleration = 9.8 m/s^2,"t=0.3s, distance_ball_camera = 1.7060m
t=0.6s, distance_ball_camera = 1.3440m
t=0.9s, distance_ball_camera = 1.4605m
t=1.2s, distance_ball_camera = 1.7840m
t=1.5s, distance_ball_camera = 1.7170m
t=1.8s, distance_ball_camera = 1.3500m
",
2205,captured_0010X,lab,A3SX,24,DS,What is the ball's velocity at 0.3s in m/s? ,gravity_acceleration = 9.8 m/s^2,"t=0.3s, distance_ball_camera = 1.7060m
t=0.6s, distance_ball_camera = 1.3440m
t=0.9s, distance_ball_camera = 1.4605m
t=1.2s, distance_ball_camera = 1.7840m
t=1.5s, distance_ball_camera = 1.7170m
t=1.8s, distance_ball_camera = 1.3500m
",
2206,captured_0010X,lab,A3SX,24,DS,What is the ball's velocoty at 0.6s in m/s? ,gravity_acceleration = 9.8 m/s^2,"t=0.3s, distance_ball_camera = 1.7060m
t=0.6s, distance_ball_camera = 1.3440m
t=0.9s, distance_ball_camera = 1.4605m
t=1.2s, distance_ball_camera = 1.7840m
t=1.5s, distance_ball_camera = 1.7170m
t=1.8s, distance_ball_camera = 1.3500m
",
2207,captured_0010X,lab,A3SX,24,DS,What is that ball's acceleration at 0.3s in m/s? ,gravity_acceleration = 9.8 m/s^2,"t=0.3s, distance_ball_camera = 1.7060m
t=0.6s, distance_ball_camera = 1.3440m
t=0.9s, distance_ball_camera = 1.4605m
t=1.2s, distance_ball_camera = 1.7840m
t=1.5s, distance_ball_camera = 1.7170m
t=1.8s, distance_ball_camera = 1.3500m
",
2208,captured_0010X,lab,A3SX,24,DS,What is that ball's acceleration at 0.6s in m/s? ,gravity_acceleration = 9.8 m/s^2,"t=0.3s, distance_ball_camera = 1.7060m
t=0.6s, distance_ball_camera = 1.3440m
t=0.9s, distance_ball_camera = 1.4605m
t=1.2s, distance_ball_camera = 1.7840m
t=1.5s, distance_ball_camera = 1.7170m
t=1.8s, distance_ball_camera = 1.3500m
",
2209,captured_0013,lab,A3MC,24,DS,What is the height of the cup in cm? ,"t=1.5, ball acceleration = 3.0m/s^2","t=0s, distance_cup_camera = 1.2100m
t=0s, distance_pen_camera = 1.1750m
t=0s, distance_cookie_camera = 1.1820m
t=0s, distance_note_book_camera = 0.9620m
t=0s, distance_desk_left_camera = 0.8690m
t=0s, distance_desk_right_camera = 0.8520m
t=0s, distance_slope_far_camera = 1.3450m
t=0s, distance_slope_near_camera = 1.1040m
",
2210,captured_0013,lab,A3MC,24,DS,What is the length of the pen in cm? ,"t=1.5, ball acceleration = 3.0m/s^2","t=0s, distance_cup_camera = 1.2100m
t=0s, distance_pen_camera = 1.1750m
t=0s, distance_cookie_camera = 1.1820m
t=0s, distance_note_book_camera = 0.9620m
t=0s, distance_desk_left_camera = 0.8690m
t=0s, distance_desk_right_camera = 0.8520m
t=0s, distance_slope_far_camera = 1.3450m
t=0s, distance_slope_near_camera = 1.1040m
",
2211,captured_0013,lab,A3MC,24,DS,What is the diameter of the cookie in cm? ,"t=1.5, ball acceleration = 3.0m/s^2","t=0s, distance_cup_camera = 1.2100m
t=0s, distance_pen_camera = 1.1750m
t=0s, distance_cookie_camera = 1.1820m
t=0s, distance_note_book_camera = 0.9620m
t=0s, distance_desk_left_camera = 0.8690m
t=0s, distance_desk_right_camera = 0.8520m
t=0s, distance_slope_far_camera = 1.3450m
t=0s, distance_slope_near_camera = 1.1040m
",
2212,captured_0013,lab,A3MC,24,DS,What is the width of the note book in cm? ,"t=1.5, ball acceleration = 3.0m/s^2","t=0s, distance_cup_camera = 1.2100m
t=0s, distance_pen_camera = 1.1750m
t=0s, distance_cookie_camera = 1.1820m
t=0s, distance_note_book_camera = 0.9620m
t=0s, distance_desk_left_camera = 0.8690m
t=0s, distance_desk_right_camera = 0.8520m
t=0s, distance_slope_far_camera = 1.3450m
t=0s, distance_slope_near_camera = 1.1040m
",
2213,captured_0013,lab,A3MC,24,DS,What is the width of the desk in cm? ,"t=1.5, ball acceleration = 3.0m/s^2","t=0s, distance_cup_camera = 1.2100m
t=0s, distance_pen_camera = 1.1750m
t=0s, distance_cookie_camera = 1.1820m
t=0s, distance_note_book_camera = 0.9620m
t=0s, distance_desk_left_camera = 0.8690m
t=0s, distance_desk_right_camera = 0.8520m
t=0s, distance_slope_far_camera = 1.3450m
t=0s, distance_slope_near_camera = 1.1040m
",
2214,captured_0013,lab,A3MC,24,DS,What is the length of the slope in cm?,"t=1.5, ball acceleration = 3.0m/s^2","t=0s, distance_cup_camera = 1.2100m
t=0s, distance_pen_camera = 1.1750m
t=0s, distance_cookie_camera = 1.1820m
t=0s, distance_note_book_camera = 0.9620m
t=0s, distance_desk_left_camera = 0.8690m
t=0s, distance_desk_right_camera = 0.8520m
t=0s, distance_slope_far_camera = 1.3450m
t=0s, distance_slope_near_camera = 1.1040m
",
2215,captured_0013,lab,A3MC,24,DS,What is the diameter of the ball in cm? ,"t=1.5, ball acceleration = 3.0m/s^2","t=0s, distance_cup_camera = 1.2100m
t=0s, distance_pen_camera = 1.1750m
t=0s, distance_cookie_camera = 1.1820m
t=0s, distance_note_book_camera = 0.9620m
t=0s, distance_desk_left_camera = 0.8690m
t=0s, distance_desk_right_camera = 0.8520m
t=0s, distance_slope_far_camera = 1.3450m
t=0s, distance_slope_near_camera = 1.1040m
",
2216,captured_0013,lab,A3MC,24,DD,What is the velolicty of the ball at 1.5s in cm/s? ,"t=1.5, ball acceleration = 3.0m/s^2","t=0s, distance_cup_camera = 1.2100m
t=0s, distance_pen_camera = 1.1750m
t=0s, distance_cookie_camera = 1.1820m
t=0s, distance_note_book_camera = 0.9620m
t=0s, distance_desk_left_camera = 0.8690m
t=0s, distance_desk_right_camera = 0.8520m
t=0s, distance_slope_far_camera = 1.3450m
t=0s, distance_slope_near_camera = 1.1040m
",
2217,captured_0013s,lab,A3MS,24,DS,What is the height of the cup in cm? ,"t=1.5, ball acceleration = 3.0m/s^2","t=0s, distance_cup_camera = 1.2100m
t=0s, distance_pen_camera = 1.1750m
t=0s, distance_cookie_camera = 1.1820m
t=0s, distance_note_book_camera = 0.9620m
t=0s, distance_desk_left_camera = 0.8690m
t=0s, distance_desk_right_camera = 0.8520m
t=0s, distance_slope_far_camera = 1.3450m
t=0s, distance_slope_near_camera = 1.1040m
",
2218,captured_0013s,lab,A3MS,24,DS,What is the length of the pen in cm? ,"t=1.5, ball acceleration = 3.0m/s^2","t=0s, distance_cup_camera = 1.2100m
t=0s, distance_pen_camera = 1.1750m
t=0s, distance_cookie_camera = 1.1820m
t=0s, distance_note_book_camera = 0.9620m
t=0s, distance_desk_left_camera = 0.8690m
t=0s, distance_desk_right_camera = 0.8520m
t=0s, distance_slope_far_camera = 1.3450m
t=0s, distance_slope_near_camera = 1.1040m
",
2219,captured_0013s,lab,A3MS,24,DS,What is the diameter of the cookie in cm? ,"t=1.5, ball acceleration = 3.0m/s^2","t=0s, distance_cup_camera = 1.2100m
t=0s, distance_pen_camera = 1.1750m
t=0s, distance_cookie_camera = 1.1820m
t=0s, distance_note_book_camera = 0.9620m
t=0s, distance_desk_left_camera = 0.8690m
t=0s, distance_desk_right_camera = 0.8520m
t=0s, distance_slope_far_camera = 1.3450m
t=0s, distance_slope_near_camera = 1.1040m
",
2220,captured_0013s,lab,A3MS,24,DS,What is the width of the note book in cm? ,"t=1.5, ball acceleration = 3.0m/s^2","t=0s, distance_cup_camera = 1.2100m
t=0s, distance_pen_camera = 1.1750m
t=0s, distance_cookie_camera = 1.1820m
t=0s, distance_note_book_camera = 0.9620m
t=0s, distance_desk_left_camera = 0.8690m
t=0s, distance_desk_right_camera = 0.8520m
t=0s, distance_slope_far_camera = 1.3450m
t=0s, distance_slope_near_camera = 1.1040m
",
2221,captured_0013s,lab,A3MS,24,DS,What is the width of the desk in cm? ,"t=1.5, ball acceleration = 3.0m/s^2","t=0s, distance_cup_camera = 1.2100m
t=0s, distance_pen_camera = 1.1750m
t=0s, distance_cookie_camera = 1.1820m
t=0s, distance_note_book_camera = 0.9620m
t=0s, distance_desk_left_camera = 0.8690m
t=0s, distance_desk_right_camera = 0.8520m
t=0s, distance_slope_far_camera = 1.3450m
t=0s, distance_slope_near_camera = 1.1040m
",
2222,captured_0013s,lab,A3MS,24,DS,What is the length of the slope in cm?,"t=1.5, ball acceleration = 3.0m/s^2","t=0s, distance_cup_camera = 1.2100m
t=0s, distance_pen_camera = 1.1750m
t=0s, distance_cookie_camera = 1.1820m
t=0s, distance_note_book_camera = 0.9620m
t=0s, distance_desk_left_camera = 0.8690m
t=0s, distance_desk_right_camera = 0.8520m
t=0s, distance_slope_far_camera = 1.3450m
t=0s, distance_slope_near_camera = 1.1040m
",
2223,captured_0013s,lab,A3MS,24,DS,What is the diameter of the ball in cm? ,"t=1.5, ball acceleration = 3.0m/s^2","t=0s, distance_cup_camera = 1.2100m
t=0s, distance_pen_camera = 1.1750m
t=0s, distance_cookie_camera = 1.1820m
t=0s, distance_note_book_camera = 0.9620m
t=0s, distance_desk_left_camera = 0.8690m
t=0s, distance_desk_right_camera = 0.8520m
t=0s, distance_slope_far_camera = 1.3450m
t=0s, distance_slope_near_camera = 1.1040m
",
2224,captured_0013s,lab,A3MS,24,DD,What is the velolicty of the ball at 1.5s in cm/s? ,"t=1.5, ball acceleration = 3.0m/s^2","t=0s, distance_cup_camera = 1.2100m
t=0s, distance_pen_camera = 1.1750m
t=0s, distance_cookie_camera = 1.1820m
t=0s, distance_note_book_camera = 0.9620m
t=0s, distance_desk_left_camera = 0.8690m
t=0s, distance_desk_right_camera = 0.8520m
t=0s, distance_slope_far_camera = 1.3450m
t=0s, distance_slope_near_camera = 1.1040m
",
2225,captured_0013x,lab,A3MX,24,DS,What is the height of the cup in cm? ,"t=1.5, ball acceleration = 3.0m/s^2","t=0s, distance_cup_camera = 1.2100m
t=0s, distance_pen_camera = 1.1750m
t=0s, distance_cookie_camera = 1.1820m
t=0s, distance_note_book_camera = 0.9620m
t=0s, distance_desk_left_camera = 0.8690m
t=0s, distance_desk_right_camera = 0.8520m
t=0s, distance_slope_far_camera = 1.3450m
t=0s, distance_slope_near_camera = 1.1040m
",
2226,captured_0013x,lab,A3MX,24,DS,What is the length of the pen in cm? ,"t=1.5, ball acceleration = 3.0m/s^2","t=0s, distance_cup_camera = 1.2100m
t=0s, distance_pen_camera = 1.1750m
t=0s, distance_cookie_camera = 1.1820m
t=0s, distance_note_book_camera = 0.9620m
t=0s, distance_desk_left_camera = 0.8690m
t=0s, distance_desk_right_camera = 0.8520m
t=0s, distance_slope_far_camera = 1.3450m
t=0s, distance_slope_near_camera = 1.1040m
",
2227,captured_0013x,lab,A3MX,24,DS,What is the diameter of the cookie in cm? ,"t=1.5, ball acceleration = 3.0m/s^2","t=0s, distance_cup_camera = 1.2100m
t=0s, distance_pen_camera = 1.1750m
t=0s, distance_cookie_camera = 1.1820m
t=0s, distance_note_book_camera = 0.9620m
t=0s, distance_desk_left_camera = 0.8690m
t=0s, distance_desk_right_camera = 0.8520m
t=0s, distance_slope_far_camera = 1.3450m
t=0s, distance_slope_near_camera = 1.1040m
",
2228,captured_0013x,lab,A3MX,24,DS,What is the width of the note book in cm? ,"t=1.5, ball acceleration = 3.0m/s^2","t=0s, distance_cup_camera = 1.2100m
t=0s, distance_pen_camera = 1.1750m
t=0s, distance_cookie_camera = 1.1820m
t=0s, distance_note_book_camera = 0.9620m
t=0s, distance_desk_left_camera = 0.8690m
t=0s, distance_desk_right_camera = 0.8520m
t=0s, distance_slope_far_camera = 1.3450m
t=0s, distance_slope_near_camera = 1.1040m
",
2229,captured_0013x,lab,A3MX,24,DS,What is the width of the desk in cm? ,"t=1.5, ball acceleration = 3.0m/s^2","t=0s, distance_cup_camera = 1.2100m
t=0s, distance_pen_camera = 1.1750m
t=0s, distance_cookie_camera = 1.1820m
t=0s, distance_note_book_camera = 0.9620m
t=0s, distance_desk_left_camera = 0.8690m
t=0s, distance_desk_right_camera = 0.8520m
t=0s, distance_slope_far_camera = 1.3450m
t=0s, distance_slope_near_camera = 1.1040m
",
2230,captured_0013x,lab,A3MX,24,DS,What is the length of the slope in cm?,"t=1.5, ball acceleration = 3.0m/s^2","t=0s, distance_cup_camera = 1.2100m
t=0s, distance_pen_camera = 1.1750m
t=0s, distance_cookie_camera = 1.1820m
t=0s, distance_note_book_camera = 0.9620m
t=0s, distance_desk_left_camera = 0.8690m
t=0s, distance_desk_right_camera = 0.8520m
t=0s, distance_slope_far_camera = 1.3450m
t=0s, distance_slope_near_camera = 1.1040m
",
2231,captured_0013x,lab,A3MX,24,DS,What is the diameter of the ball in cm? ,"t=1.5, ball acceleration = 3.0m/s^2","t=0s, distance_cup_camera = 1.2100m
t=0s, distance_pen_camera = 1.1750m
t=0s, distance_cookie_camera = 1.1820m
t=0s, distance_note_book_camera = 0.9620m
t=0s, distance_desk_left_camera = 0.8690m
t=0s, distance_desk_right_camera = 0.8520m
t=0s, distance_slope_far_camera = 1.3450m
t=0s, distance_slope_near_camera = 1.1040m
",
2232,captured_0013x,lab,A3MX,24,DD,What is the velolicty of the ball at 1.5s in cm/s? ,"t=1.5, ball acceleration = 3.0m/s^2","t=0s, distance_cup_camera = 1.2100m
t=0s, distance_pen_camera = 1.1750m
t=0s, distance_cookie_camera = 1.1820m
t=0s, distance_note_book_camera = 0.9620m
t=0s, distance_desk_left_camera = 0.8690m
t=0s, distance_desk_right_camera = 0.8520m
t=0s, distance_slope_far_camera = 1.3450m
t=0s, distance_slope_near_camera = 1.1040m
",
2233,captured_0014,lab,A3MC,24,DS,What is the diameter of the cookie in cm? ,"t=0.6, ball acceleration = 4.6m/s^2","t=0s, distance_cookie_camera = 1.7355m
t=0s, distance_ball_camera = 1.8180m
t=0s, distance_cup_camera = 1.7270m
t=0s, distance_pen_camera = 1.6725m
t=0s, distance_book_camera = 1.6650m
t=0.6s, distance_ball_camera = 1.7288m
t=0s, distance_slope_far_camera = 1.8540m
t=0s, distance_slope_near_camera = 1.7010m
",
2234,captured_0014,lab,A3MC,24,DS,What is the diameter of the ball in cm? ,"t=0.6, ball acceleration = 4.6m/s^2","t=0s, distance_cookie_camera = 1.7355m
t=0s, distance_ball_camera = 1.8180m
t=0s, distance_cup_camera = 1.7270m
t=0s, distance_pen_camera = 1.6725m
t=0s, distance_book_camera = 1.6650m
t=0.6s, distance_ball_camera = 1.7288m
t=0s, distance_slope_far_camera = 1.8540m
t=0s, distance_slope_near_camera = 1.7010m
",
2235,captured_0014,lab,A3MC,24,DS,What is the height of the cup in cm? ,"t=0.6, ball acceleration = 4.6m/s^2","t=0s, distance_cookie_camera = 1.7355m
t=0s, distance_ball_camera = 1.8180m
t=0s, distance_cup_camera = 1.7270m
t=0s, distance_pen_camera = 1.6725m
t=0s, distance_book_camera = 1.6650m
t=0.6s, distance_ball_camera = 1.7288m
t=0s, distance_slope_far_camera = 1.8540m
t=0s, distance_slope_near_camera = 1.7010m
",
2236,captured_0014,lab,A3MC,24,DS,What is the length of the pen in cm? ,"t=0.6, ball acceleration = 4.6m/s^2","t=0s, distance_cookie_camera = 1.7355m
t=0s, distance_ball_camera = 1.8180m
t=0s, distance_cup_camera = 1.7270m
t=0s, distance_pen_camera = 1.6725m
t=0s, distance_book_camera = 1.6650m
t=0.6s, distance_ball_camera = 1.7288m
t=0s, distance_slope_far_camera = 1.8540m
t=0s, distance_slope_near_camera = 1.7010m
",
2237,captured_0014,lab,A3MC,24,DS,What is the length of the book in cm?,"t=0.6, ball acceleration = 4.6m/s^2","t=0s, distance_cookie_camera = 1.7355m
t=0s, distance_ball_camera = 1.8180m
t=0s, distance_cup_camera = 1.7270m
t=0s, distance_pen_camera = 1.6725m
t=0s, distance_book_camera = 1.6650m
t=0.6s, distance_ball_camera = 1.7288m
t=0s, distance_slope_far_camera = 1.8540m
t=0s, distance_slope_near_camera = 1.7010m
",
2238,captured_0014,lab,A3MC,24,DS,What is the width of the book in cm?,"t=0.6, ball acceleration = 4.6m/s^2","t=0s, distance_cookie_camera = 1.7355m
t=0s, distance_ball_camera = 1.8180m
t=0s, distance_cup_camera = 1.7270m
t=0s, distance_pen_camera = 1.6725m
t=0s, distance_book_camera = 1.6650m
t=0.6s, distance_ball_camera = 1.7288m
t=0s, distance_slope_far_camera = 1.8540m
t=0s, distance_slope_near_camera = 1.7010m
",
2239,captured_0014,lab,A3MC,24,DS,What is the height of the book in cm?,"t=0.6, ball acceleration = 4.6m/s^2","t=0s, distance_cookie_camera = 1.7355m
t=0s, distance_ball_camera = 1.8180m
t=0s, distance_cup_camera = 1.7270m
t=0s, distance_pen_camera = 1.6725m
t=0s, distance_book_camera = 1.6650m
t=0.6s, distance_ball_camera = 1.7288m
t=0s, distance_slope_far_camera = 1.8540m
t=0s, distance_slope_near_camera = 1.7010m
",
2240,captured_0014,lab,A3MC,24,DD,What is the velocity of the rolling ball at 0.6s in cm/s? ,"t=0.6, ball acceleration = 4.6m/s^2","t=0s, distance_cookie_camera = 1.7355m
t=0s, distance_ball_camera = 1.8180m
t=0s, distance_cup_camera = 1.7270m
t=0s, distance_pen_camera = 1.6725m
t=0s, distance_book_camera = 1.6650m
t=0.6s, distance_ball_camera = 1.7288m
t=0s, distance_slope_far_camera = 1.8540m
t=0s, distance_slope_near_camera = 1.7010m
",
2241,captured_0014,lab,A3MC,24,DS,What is the length of the slope in cm? ,"t=0.6, ball acceleration = 4.6m/s^2","t=0s, distance_cookie_camera = 1.7355m
t=0s, distance_ball_camera = 1.8180m
t=0s, distance_cup_camera = 1.7270m
t=0s, distance_pen_camera = 1.6725m
t=0s, distance_book_camera = 1.6650m
t=0.6s, distance_ball_camera = 1.7288m
t=0s, distance_slope_far_camera = 1.8540m
t=0s, distance_slope_near_camera = 1.7010m
",
2242,captured_0014,lab,A3MC,24,DS,What is the width of the slope in cm? ,"t=0.6, ball acceleration = 4.6m/s^2","t=0s, distance_cookie_camera = 1.7355m
t=0s, distance_ball_camera = 1.8180m
t=0s, distance_cup_camera = 1.7270m
t=0s, distance_pen_camera = 1.6725m
t=0s, distance_book_camera = 1.6650m
t=0.6s, distance_ball_camera = 1.7288m
t=0s, distance_slope_far_camera = 1.8540m
t=0s, distance_slope_near_camera = 1.7010m
",
2243,captured_0014,lab,A3MC,24,DS,What is the displacement of the rolling object from 0s to 0.6s in cm? ,"t=0.6, ball acceleration = 4.6m/s^2","t=0s, distance_cookie_camera = 1.7355m
t=0s, distance_ball_camera = 1.8180m
t=0s, distance_cup_camera = 1.7270m
t=0s, distance_pen_camera = 1.6725m
t=0s, distance_book_camera = 1.6650m
t=0.6s, distance_ball_camera = 1.7288m
t=0s, distance_slope_far_camera = 1.8540m
t=0s, distance_slope_near_camera = 1.7010m
",
2244,captured_0014s,lab,A3MS,24,DS,What is the diameter of the cookie in cm? ,"t=0.6, ball acceleration = 4.6m/s^2","t=0s, distance_cookie_camera = 1.7355m
t=0s, distance_ball_camera = 1.8180m
t=0s, distance_cup_camera = 1.7270m
t=0s, distance_pen_camera = 1.6725m
t=0s, distance_book_camera = 1.6650m
t=0.6s, distance_ball_camera = 1.7288m
t=0s, distance_slope_far_camera = 1.8540m
t=0s, distance_slope_near_camera = 1.7010m
",
2245,captured_0014s,lab,A3MS,24,DS,What is the diameter of the ball in cm? ,"t=0.6, ball acceleration = 4.6m/s^2","t=0s, distance_cookie_camera = 1.7355m
t=0s, distance_ball_camera = 1.8180m
t=0s, distance_cup_camera = 1.7270m
t=0s, distance_pen_camera = 1.6725m
t=0s, distance_book_camera = 1.6650m
t=0.6s, distance_ball_camera = 1.7288m
t=0s, distance_slope_far_camera = 1.8540m
t=0s, distance_slope_near_camera = 1.7010m
",
2246,captured_0014s,lab,A3MS,24,DS,What is the height of the cup in cm? ,"t=0.6, ball acceleration = 4.6m/s^2","t=0s, distance_cookie_camera = 1.7355m
t=0s, distance_ball_camera = 1.8180m
t=0s, distance_cup_camera = 1.7270m
t=0s, distance_pen_camera = 1.6725m
t=0s, distance_book_camera = 1.6650m
t=0.6s, distance_ball_camera = 1.7288m
t=0s, distance_slope_far_camera = 1.8540m
t=0s, distance_slope_near_camera = 1.7010m
",
2247,captured_0014s,lab,A3MS,24,DS,What is the length of the pen in cm? ,"t=0.6, ball acceleration = 4.6m/s^2","t=0s, distance_cookie_camera = 1.7355m
t=0s, distance_ball_camera = 1.8180m
t=0s, distance_cup_camera = 1.7270m
t=0s, distance_pen_camera = 1.6725m
t=0s, distance_book_camera = 1.6650m
t=0.6s, distance_ball_camera = 1.7288m
t=0s, distance_slope_far_camera = 1.8540m
t=0s, distance_slope_near_camera = 1.7010m
",
2248,captured_0014s,lab,A3MS,24,DS,What is the length of the book in cm?,"t=0.6, ball acceleration = 4.6m/s^2","t=0s, distance_cookie_camera = 1.7355m
t=0s, distance_ball_camera = 1.8180m
t=0s, distance_cup_camera = 1.7270m
t=0s, distance_pen_camera = 1.6725m
t=0s, distance_book_camera = 1.6650m
t=0.6s, distance_ball_camera = 1.7288m
t=0s, distance_slope_far_camera = 1.8540m
t=0s, distance_slope_near_camera = 1.7010m
",
2249,captured_0014s,lab,A3MS,24,DS,What is the width of the book in cm?,"t=0.6, ball acceleration = 4.6m/s^2","t=0s, distance_cookie_camera = 1.7355m
t=0s, distance_ball_camera = 1.8180m
t=0s, distance_cup_camera = 1.7270m
t=0s, distance_pen_camera = 1.6725m
t=0s, distance_book_camera = 1.6650m
t=0.6s, distance_ball_camera = 1.7288m
t=0s, distance_slope_far_camera = 1.8540m
t=0s, distance_slope_near_camera = 1.7010m
",
2250,captured_0014s,lab,A3MS,24,DS,What is the height of the book in cm?,"t=0.6, ball acceleration = 4.6m/s^2","t=0s, distance_cookie_camera = 1.7355m
t=0s, distance_ball_camera = 1.8180m
t=0s, distance_cup_camera = 1.7270m
t=0s, distance_pen_camera = 1.6725m
t=0s, distance_book_camera = 1.6650m
t=0.6s, distance_ball_camera = 1.7288m
t=0s, distance_slope_far_camera = 1.8540m
t=0s, distance_slope_near_camera = 1.7010m
",
2251,captured_0014s,lab,A3MS,24,DD,What is the velocity of the rolling ball at 0.6s in cm/s? ,"t=0.6, ball acceleration = 4.6m/s^2","t=0s, distance_cookie_camera = 1.7355m
t=0s, distance_ball_camera = 1.8180m
t=0s, distance_cup_camera = 1.7270m
t=0s, distance_pen_camera = 1.6725m
t=0s, distance_book_camera = 1.6650m
t=0.6s, distance_ball_camera = 1.7288m
t=0s, distance_slope_far_camera = 1.8540m
t=0s, distance_slope_near_camera = 1.7010m
",
2252,captured_0014s,lab,A3MS,24,DS,What is the length of the slope in cm? ,"t=0.6, ball acceleration = 4.6m/s^2","t=0s, distance_cookie_camera = 1.7355m
t=0s, distance_ball_camera = 1.8180m
t=0s, distance_cup_camera = 1.7270m
t=0s, distance_pen_camera = 1.6725m
t=0s, distance_book_camera = 1.6650m
t=0.6s, distance_ball_camera = 1.7288m
t=0s, distance_slope_far_camera = 1.8540m
t=0s, distance_slope_near_camera = 1.7010m
",
2253,captured_0014s,lab,A3MS,24,DS,What is the width of the slope in cm? ,"t=0.6, ball acceleration = 4.6m/s^2","t=0s, distance_cookie_camera = 1.7355m
t=0s, distance_ball_camera = 1.8180m
t=0s, distance_cup_camera = 1.7270m
t=0s, distance_pen_camera = 1.6725m
t=0s, distance_book_camera = 1.6650m
t=0.6s, distance_ball_camera = 1.7288m
t=0s, distance_slope_far_camera = 1.8540m
t=0s, distance_slope_near_camera = 1.7010m
",
2254,captured_0014s,lab,A3MS,24,DS,What is the displacement of the rolling object from 0s to 0.6s in cm? ,"t=0.6, ball acceleration = 4.6m/s^2","t=0s, distance_cookie_camera = 1.7355m
t=0s, distance_ball_camera = 1.8180m
t=0s, distance_cup_camera = 1.7270m
t=0s, distance_pen_camera = 1.6725m
t=0s, distance_book_camera = 1.6650m
t=0.6s, distance_ball_camera = 1.7288m
t=0s, distance_slope_far_camera = 1.8540m
t=0s, distance_slope_near_camera = 1.7010m
",
2255,captured_0014x,lab,A3MX,24,DS,What is the diameter of the cookie in cm? ,"t=0.6, ball acceleration = 4.6m/s^2","t=0s, distance_cookie_camera = 1.7355m
t=0s, distance_ball_camera = 1.8180m
t=0s, distance_cup_camera = 1.7270m
t=0s, distance_pen_camera = 1.6725m
t=0s, distance_book_camera = 1.6650m
t=0.6s, distance_ball_camera = 1.7288m
t=0s, distance_slope_far_camera = 1.8540m
t=0s, distance_slope_near_camera = 1.7010m
",
2256,captured_0014x,lab,A3MX,24,DS,What is the diameter of the ball in cm? ,"t=0.6, ball acceleration = 4.6m/s^2","t=0s, distance_cookie_camera = 1.7355m
t=0s, distance_ball_camera = 1.8180m
t=0s, distance_cup_camera = 1.7270m
t=0s, distance_pen_camera = 1.6725m
t=0s, distance_book_camera = 1.6650m
t=0.6s, distance_ball_camera = 1.7288m
t=0s, distance_slope_far_camera = 1.8540m
t=0s, distance_slope_near_camera = 1.7010m
",
2257,captured_0014x,lab,A3MX,24,DS,What is the height of the cup in cm? ,"t=0.6, ball acceleration = 4.6m/s^2","t=0s, distance_cookie_camera = 1.7355m
t=0s, distance_ball_camera = 1.8180m
t=0s, distance_cup_camera = 1.7270m
t=0s, distance_pen_camera = 1.6725m
t=0s, distance_book_camera = 1.6650m
t=0.6s, distance_ball_camera = 1.7288m
t=0s, distance_slope_far_camera = 1.8540m
t=0s, distance_slope_near_camera = 1.7010m
",
2258,captured_0014x,lab,A3MX,24,DS,What is the length of the pen in cm? ,"t=0.6, ball acceleration = 4.6m/s^2","t=0s, distance_cookie_camera = 1.7355m
t=0s, distance_ball_camera = 1.8180m
t=0s, distance_cup_camera = 1.7270m
t=0s, distance_pen_camera = 1.6725m
t=0s, distance_book_camera = 1.6650m
t=0.6s, distance_ball_camera = 1.7288m
t=0s, distance_slope_far_camera = 1.8540m
t=0s, distance_slope_near_camera = 1.7010m
",
2259,captured_0014x,lab,A3MX,24,DS,What is the length of the book in cm?,"t=0.6, ball acceleration = 4.6m/s^2","t=0s, distance_cookie_camera = 1.7355m
t=0s, distance_ball_camera = 1.8180m
t=0s, distance_cup_camera = 1.7270m
t=0s, distance_pen_camera = 1.6725m
t=0s, distance_book_camera = 1.6650m
t=0.6s, distance_ball_camera = 1.7288m
t=0s, distance_slope_far_camera = 1.8540m
t=0s, distance_slope_near_camera = 1.7010m
",
2260,captured_0014x,lab,A3MX,24,DS,What is the width of the book in cm?,"t=0.6, ball acceleration = 4.6m/s^2","t=0s, distance_cookie_camera = 1.7355m
t=0s, distance_ball_camera = 1.8180m
t=0s, distance_cup_camera = 1.7270m
t=0s, distance_pen_camera = 1.6725m
t=0s, distance_book_camera = 1.6650m
t=0.6s, distance_ball_camera = 1.7288m
t=0s, distance_slope_far_camera = 1.8540m
t=0s, distance_slope_near_camera = 1.7010m
",
2261,captured_0014x,lab,A3MX,24,DS,What is the height of the book in cm?,"t=0.6, ball acceleration = 4.6m/s^2","t=0s, distance_cookie_camera = 1.7355m
t=0s, distance_ball_camera = 1.8180m
t=0s, distance_cup_camera = 1.7270m
t=0s, distance_pen_camera = 1.6725m
t=0s, distance_book_camera = 1.6650m
t=0.6s, distance_ball_camera = 1.7288m
t=0s, distance_slope_far_camera = 1.8540m
t=0s, distance_slope_near_camera = 1.7010m
",
2262,captured_0014x,lab,A3MX,24,DD,What is the velocity of the rolling ball at 0.6s in cm/s? ,"t=0.6, ball acceleration = 4.6m/s^2","t=0s, distance_cookie_camera = 1.7355m
t=0s, distance_ball_camera = 1.8180m
t=0s, distance_cup_camera = 1.7270m
t=0s, distance_pen_camera = 1.6725m
t=0s, distance_book_camera = 1.6650m
t=0.6s, distance_ball_camera = 1.7288m
t=0s, distance_slope_far_camera = 1.8540m
t=0s, distance_slope_near_camera = 1.7010m
",
2263,captured_0014x,lab,A3MX,24,DS,What is the length of the slope in cm? ,"t=0.6, ball acceleration = 4.6m/s^2","t=0s, distance_cookie_camera = 1.7355m
t=0s, distance_ball_camera = 1.8180m
t=0s, distance_cup_camera = 1.7270m
t=0s, distance_pen_camera = 1.6725m
t=0s, distance_book_camera = 1.6650m
t=0.6s, distance_ball_camera = 1.7288m
t=0s, distance_slope_far_camera = 1.8540m
t=0s, distance_slope_near_camera = 1.7010m
",
2264,captured_0014x,lab,A3MX,24,DS,What is the width of the slope in cm? ,"t=0.6, ball acceleration = 4.6m/s^2","t=0s, distance_cookie_camera = 1.7355m
t=0s, distance_ball_camera = 1.8180m
t=0s, distance_cup_camera = 1.7270m
t=0s, distance_pen_camera = 1.6725m
t=0s, distance_book_camera = 1.6650m
t=0.6s, distance_ball_camera = 1.7288m
t=0s, distance_slope_far_camera = 1.8540m
t=0s, distance_slope_near_camera = 1.7010m
",
2265,captured_0014x,lab,A3MX,24,DS,What is the displacement of the rolling object from 0s to 0.6s in cm? ,"t=0.6, ball acceleration = 4.6m/s^2","t=0s, distance_cookie_camera = 1.7355m
t=0s, distance_ball_camera = 1.8180m
t=0s, distance_cup_camera = 1.7270m
t=0s, distance_pen_camera = 1.6725m
t=0s, distance_book_camera = 1.6650m
t=0.6s, distance_ball_camera = 1.7288m
t=0s, distance_slope_far_camera = 1.8540m
t=0s, distance_slope_near_camera = 1.7010m
",
2266,captured_0015,lab,A2MC,24,DS,What is the height of the person in cm?,Gravity acc = 9.8m/s^2,,
2267,captured_0015,lab,A2MC,24,DD,What is the velocity of the toy at 0.6s in cm/s?,Gravity acc = 9.8m/s^2,,
2268,captured_0015,lab,A2MC,24,DS,What is the height of the toy in cm? ,Gravity acc = 9.8m/s^2,,
2269,captured_0015,lab,A2MC,24,DS,What is the shoulder breadth of the person in cm?,Gravity acc = 9.8m/s^2,,
2270,captured_0015,lab,A2MC,24,DD,What is the velocity of the toy at 2.6s in cm/s?,Gravity acc = 9.8m/s^2,,
2271,captured_0015s,lab,A2MS,24,DS,What is the height of the person in cm?,Gravity acc = 9.8m/s^2,,
2272,captured_0015s,lab,A2MS,24,DS,What is the velocity of the toy at 0.6s in cm/s?,Gravity acc = 9.8m/s^2,,
2273,captured_0015s,lab,A2MS,24,DS,What is the height of the toy in cm? ,Gravity acc = 9.8m/s^2,,
2274,captured_0015s,lab,A2MS,24,DS,What is the shoulder breadth of the person in cm?,Gravity acc = 9.8m/s^2,,
2275,captured_0015s,lab,A2MS,24,DD,What is the velocity of the toy at 2.6s in cm/s?,Gravity acc = 9.8m/s^2,,
2276,captured_0015x,lab,A2MX,24,DS,What is the height of the person in cm?,Gravity acc = 9.8m/s^2,,
2277,captured_0015x,lab,A2MX,24,DS,What is the velocity of the toy at 0.6s in cm/s?,Gravity acc = 9.8m/s^2,,
2278,captured_0015x,lab,A2MX,24,DS,What is the height of the toy in cm? ,Gravity acc = 9.8m/s^2,,
2279,captured_0015x,lab,A2MX,24,DS,What is the shoulder breadth of the person in cm?,Gravity acc = 9.8m/s^2,,
2280,captured_0015x,lab,A2MX,24,DD,What is the velocity of the toy at 2.6s in cm/s?,Gravity acc = 9.8m/s^2,,
2281,captured_0016,lab,A3SC,24,DS,What is the distance between the two people in cm?,Gravity acc = 9.8m/s^2,"t=1.5s, distance_soccer_ball_camera =1.4020m
distance_near_person_camera = 0.8430m
distance_far_person_camera = 2.3720m",
2282,captured_0016,lab,A3SC,24,DS,What is the diameter of the soccer ball in cm?,Gravity acc = 9.8m/s^2,"t=1.5s, distance_soccer_ball_camera =1.4020m
distance_near_person_camera = 0.8430m
distance_far_person_camera = 2.3720m",
2283,captured_0016,lab,A3SC,24,DD,What is the velocity of the soccer ball at 1.5s in m/s?,Gravity acc = 9.8m/s^2,"t=1.5s, distance_soccer_ball_camera =1.4020m
distance_near_person_camera = 0.8430m
distance_far_person_camera = 2.3720m",
2284,captured_0016,lab,A3SC,24,DS,What is the displacement of the soccer ball between 1.0s and 1.5s in cm?,Gravity acc = 9.8m/s^2,"t=1.5s, distance_soccer_ball_camera =1.4020m
distance_near_person_camera = 0.8430m
distance_far_person_camera = 2.3720m",
2285,captured_0016s,lab,A3SS,24,DS,What is the distance between the two people in cm?,Gravity acc = 9.8m/s^2,"t=1.5s, distance_soccer_ball_camera =1.4020m
distance_near_person_camera = 0.8430m
distance_far_person_camera = 2.3720m",
2286,captured_0016s,lab,A3SS,24,DS,What is the diameter of the soccer ball in cm?,Gravity acc = 9.8m/s^2,"t=1.5s, distance_soccer_ball_camera =1.4020m
distance_near_person_camera = 0.8430m
distance_far_person_camera = 2.3720m",
2287,captured_0016s,lab,A3SS,24,DD,What is the velocity of the soccer ball at 1.5s in m/s?,Gravity acc = 9.8m/s^2,"t=1.5s, distance_soccer_ball_camera =1.4020m
distance_near_person_camera = 0.8430m
distance_far_person_camera = 2.3720m",
2288,captured_0016s,lab,A3SS,24,DS,What is the displacement of the soccer ball between 1.0s and 1.5s in cm?,Gravity acc = 9.8m/s^2,"t=1.5s, distance_soccer_ball_camera =1.4020m
distance_near_person_camera = 0.8430m
distance_far_person_camera = 2.3720m",
2289,captured_0016x,lab,A3SX,24,DS,What is the distance between the two people in cm?,Gravity acc = 9.8m/s^2,"t=1.5s, distance_soccer_ball_camera =1.4020m
distance_near_person_camera = 0.8430m
distance_far_person_camera = 2.3720m",
2290,captured_0016x,lab,A3SX,24,DS,What is the diameter of the soccer ball in cm?,Gravity acc = 9.8m/s^2,"t=1.5s, distance_soccer_ball_camera =1.4020m
distance_near_person_camera = 0.8430m
distance_far_person_camera = 2.3720m",
2291,captured_0016x,lab,A3SX,24,DD,What is the velocity of the soccer ball at 1.5s in m/s?,Gravity acc = 9.8m/s^2,"t=1.5s, distance_soccer_ball_camera =1.4020m
distance_near_person_camera = 0.8430m
distance_far_person_camera = 2.3720m",
2292,captured_0016x,lab,A3SX,24,DS,What is the displacement of the soccer ball between 1.0s and 1.5s in cm?,Gravity acc = 9.8m/s^2,"t=1.5s, distance_soccer_ball_camera =1.4020m
distance_near_person_camera = 0.8430m
distance_far_person_camera = 2.3720m",
2293,captured_0018,lab,A3MC,24,DS,What is the height of the left person in cm?,Gravity acc = 9.8m/s^2,"distance_soccer_ball_camera =2.8000m
distance_near_person_camera = 2.002m
distance_far_person_camera = 3.130m",
2294,captured_0018,lab,A3MC,24,DS,What is the height of the right person in cm?,Gravity acc = 9.8m/s^2,"distance_soccer_ball_camera =2.8000m
distance_near_person_camera = 2.002m
distance_far_person_camera = 3.130m",
2295,captured_0018,lab,A3MC,24,DS,What is the distance between the two people in cm?,Gravity acc = 9.8m/s^2,"distance_soccer_ball_camera =2.8000m
distance_near_person_camera = 2.002m
distance_far_person_camera = 3.130m",
2296,captured_0018,lab,A3MC,24,DS,What is the length of the box in cm?,Gravity acc = 9.8m/s^2,"distance_soccer_ball_camera =2.8000m
distance_near_person_camera = 2.002m
distance_far_person_camera = 3.130m",
2297,captured_0018,lab,A3MC,24,DS,What is the width of the box in cm?,Gravity acc = 9.8m/s^2,"distance_soccer_ball_camera =2.8000m
distance_near_person_camera = 2.002m
distance_far_person_camera = 3.130m",
2298,captured_0018,lab,A3MC,24,DS,What is the diameter of the soccer ball in cm?,Gravity acc = 9.8m/s^2,"distance_soccer_ball_camera =2.8000m
distance_near_person_camera = 2.002m
distance_far_person_camera = 3.130m",
2299,captured_0018,lab,A3MC,24,DS,What is the diameter of the tennis ball in cm?,Gravity acc = 9.8m/s^2,"distance_soccer_ball_camera =2.8000m
distance_near_person_camera = 2.002m
distance_far_person_camera = 3.130m",
2300,captured_0018,lab,A3MC,24,DS,What is the height of the yellow toy in cm?,Gravity acc = 9.8m/s^2,"distance_soccer_ball_camera =2.8000m
distance_near_person_camera = 2.002m
distance_far_person_camera = 3.130m",
2301,captured_0018,lab,A3MC,24,DS,What is the shoe length of the left person in cm?,Gravity acc = 9.8m/s^2,"distance_soccer_ball_camera =2.8000m
distance_near_person_camera = 2.002m
distance_far_person_camera = 3.130m",
2302,captured_0018,lab,A3MC,24,DD,What is the velocity of the box at 3.4s in cm/s?,Gravity acc = 9.8m/s^2,"distance_soccer_ball_camera =2.8000m
distance_near_person_camera = 2.002m
distance_far_person_camera = 3.130m",
2303,captured_0018,lab,A3MC,24,DD,What is the velocity of the soccer ball at 3.4s?,Gravity acc = 9.8m/s^2,"distance_soccer_ball_camera =2.8000m
distance_near_person_camera = 2.002m
distance_far_person_camera = 3.130m",
2304,captured_0018,lab,A3MC,24,DD,What is the velocity of the tennis ball at 3.4s?,Gravity acc = 9.8m/s^2,"distance_soccer_ball_camera =2.8000m
distance_near_person_camera = 2.002m
distance_far_person_camera = 3.130m",
2305,captured_0018,lab,A3MC,24,DD,What is the velocity of the pineapple toy at 3.4s?,Gravity acc = 9.8m/s^2,"distance_soccer_ball_camera =2.8000m
distance_near_person_camera = 2.002m
distance_far_person_camera = 3.130m",
2306,captured_0018,lab,A3MC,24,DS,What is the distance between the box and the soccer ball in cm at 3.0s?,Gravity acc = 9.8m/s^2,"distance_soccer_ball_camera =2.8000m
distance_near_person_camera = 2.002m
distance_far_person_camera = 3.130m",
2307,captured_0018,lab,A3MC,24,DS,What is the distance between the box and the pineapple toy in cm at 3.0s?,Gravity acc = 9.8m/s^2,"distance_soccer_ball_camera =2.8000m
distance_near_person_camera = 2.002m
distance_far_person_camera = 3.130m",
2308,captured_0018,lab,A3MC,24,DS,What is the distance between the box and the tennis ball in cm at 3.0s?,Gravity acc = 9.8m/s^2,"distance_soccer_ball_camera =2.8000m
distance_near_person_camera = 2.002m
distance_far_person_camera = 3.130m",
2309,captured_0018,lab,A3MC,24,DS,What is the distance between the tennis ball and the soccer ball in cm at 3.0s?,Gravity acc = 9.8m/s^2,"distance_soccer_ball_camera =2.8000m
distance_near_person_camera = 2.002m
distance_far_person_camera = 3.130m",
2310,captured_0018,lab,A3MC,24,DS,What is the distance between the pineapple toy and the soccer ball in cm at 3.0s?,Gravity acc = 9.8m/s^2,"distance_soccer_ball_camera =2.8000m
distance_near_person_camera = 2.002m
distance_far_person_camera = 3.130m",
2311,captured_0018,lab,A3MC,24,DS,What is the distance between the pineapple toy and the tennis ball in cm at 3.0s?,Gravity acc = 9.8m/s^2,"distance_soccer_ball_camera =2.8000m
distance_near_person_camera = 2.002m
distance_far_person_camera = 3.130m",
2312,captured_0018s,lab,A3MS,24,DS,What is the height of the left person in cm?,Gravity acc = 9.8m/s^2,"distance_soccer_ball_camera =2.8000m
distance_near_person_camera = 2.002m
distance_far_person_camera = 3.130m",
2313,captured_0018s,lab,A3MS,24,DS,What is the height of the right person in cm?,Gravity acc = 9.8m/s^2,"distance_soccer_ball_camera =2.8000m
distance_near_person_camera = 2.002m
distance_far_person_camera = 3.130m",
2314,captured_0018s,lab,A3MS,24,DS,What is the distance between the two people in cm?,Gravity acc = 9.8m/s^2,"distance_soccer_ball_camera =2.8000m
distance_near_person_camera = 2.002m
distance_far_person_camera = 3.130m",
2315,captured_0018s,lab,A3MS,24,DS,What is the length of the box in cm?,Gravity acc = 9.8m/s^2,"distance_soccer_ball_camera =2.8000m
distance_near_person_camera = 2.002m
distance_far_person_camera = 3.130m",
2316,captured_0018s,lab,A3MS,24,DS,What is the width of the box in cm?,Gravity acc = 9.8m/s^2,"distance_soccer_ball_camera =2.8000m
distance_near_person_camera = 2.002m
distance_far_person_camera = 3.130m",
2317,captured_0018s,lab,A3MS,24,DS,What is the diameter of the soccer ball in cm?,Gravity acc = 9.8m/s^2,"distance_soccer_ball_camera =2.8000m
distance_near_person_camera = 2.002m
distance_far_person_camera = 3.130m",
2318,captured_0018s,lab,A3MS,24,DS,What is the diameter of the tennis ball in cm?,Gravity acc = 9.8m/s^2,"distance_soccer_ball_camera =2.8000m
distance_near_person_camera = 2.002m
distance_far_person_camera = 3.130m",
2319,captured_0018s,lab,A3MS,24,DS,What is the height of the yellow toy in cm?,Gravity acc = 9.8m/s^2,"distance_soccer_ball_camera =2.8000m
distance_near_person_camera = 2.002m
distance_far_person_camera = 3.130m",
2320,captured_0018s,lab,A3MS,24,DS,What is the shoe length of the left person in cm?,Gravity acc = 9.8m/s^2,"distance_soccer_ball_camera =2.8000m
distance_near_person_camera = 2.002m
distance_far_person_camera = 3.130m",
2321,captured_0018s,lab,A3MS,24,DD,What is the velocity of the box at 3.4s in cm/s?,Gravity acc = 9.8m/s^2,"distance_soccer_ball_camera =2.8000m
distance_near_person_camera = 2.002m
distance_far_person_camera = 3.130m",
2322,captured_0018s,lab,A3MS,24,DD,What is the velocity of the soccer ball at 3.4s?,Gravity acc = 9.8m/s^2,"distance_soccer_ball_camera =2.8000m
distance_near_person_camera = 2.002m
distance_far_person_camera = 3.130m",
2323,captured_0018s,lab,A3MS,24,DD,What is the velocity of the tennis ball at 3.4s?,Gravity acc = 9.8m/s^2,"distance_soccer_ball_camera =2.8000m
distance_near_person_camera = 2.002m
distance_far_person_camera = 3.130m",
2324,captured_0018s,lab,A3MS,24,DD,What is the velocity of the pineapple toy at 3.4s?,Gravity acc = 9.8m/s^2,"distance_soccer_ball_camera =2.8000m
distance_near_person_camera = 2.002m
distance_far_person_camera = 3.130m",
2325,captured_0018s,lab,A3MS,24,DS,What is the distance between the box and the soccer ball in cm at 3.0s?,Gravity acc = 9.8m/s^2,"distance_soccer_ball_camera =2.8000m
distance_near_person_camera = 2.002m
distance_far_person_camera = 3.130m",
2326,captured_0018s,lab,A3MS,24,DS,What is the distance between the box and the pineapple toy in cm at 3.0s?,Gravity acc = 9.8m/s^2,"distance_soccer_ball_camera =2.8000m
distance_near_person_camera = 2.002m
distance_far_person_camera = 3.130m",
2327,captured_0018s,lab,A3MS,24,DS,What is the distance between the box and the tennis ball in cm at 3.0s?,Gravity acc = 9.8m/s^2,"distance_soccer_ball_camera =2.8000m
distance_near_person_camera = 2.002m
distance_far_person_camera = 3.130m",
2328,captured_0018s,lab,A3MS,24,DS,What is the distance between the tennis ball and the soccer ball in cm at 3.0s?,Gravity acc = 9.8m/s^2,"distance_soccer_ball_camera =2.8000m
distance_near_person_camera = 2.002m
distance_far_person_camera = 3.130m",
2329,captured_0018s,lab,A3MS,24,DS,What is the distance between the pineapple toy and the soccer ball in cm at 3.0s?,Gravity acc = 9.8m/s^2,"distance_soccer_ball_camera =2.8000m
distance_near_person_camera = 2.002m
distance_far_person_camera = 3.130m",
2330,captured_0018s,lab,A3MS,24,DS,What is the distance between the pineapple toy and the tennis ball in cm at 3.0s?,Gravity acc = 9.8m/s^2,"distance_soccer_ball_camera =2.8000m
distance_near_person_camera = 2.002m
distance_far_person_camera = 3.130m",
2331,captured_0018x,lab,A3MX,24,DS,What is the height of the left person in cm?,Gravity acc = 9.8m/s^2,"distance_soccer_ball_camera =2.8000m
distance_near_person_camera = 2.002m
distance_far_person_camera = 3.130m",
2332,captured_0018x,lab,A3MX,24,DS,What is the height of the right person in cm?,Gravity acc = 9.8m/s^2,"distance_soccer_ball_camera =2.8000m
distance_near_person_camera = 2.002m
distance_far_person_camera = 3.130m",
2333,captured_0018x,lab,A3MX,24,DS,What is the distance between the two people in cm?,Gravity acc = 9.8m/s^2,"distance_soccer_ball_camera =2.8000m
distance_near_person_camera = 2.002m
distance_far_person_camera = 3.130m",
2334,captured_0018x,lab,A3MX,24,DS,What is the length of the box in cm?,Gravity acc = 9.8m/s^2,"distance_soccer_ball_camera =2.8000m
distance_near_person_camera = 2.002m
distance_far_person_camera = 3.130m",
2335,captured_0018x,lab,A3MX,24,DS,What is the width of the box in cm?,Gravity acc = 9.8m/s^2,"distance_soccer_ball_camera =2.8000m
distance_near_person_camera = 2.002m
distance_far_person_camera = 3.130m",
2336,captured_0018x,lab,A3MX,24,DS,What is the diameter of the soccer ball in cm?,Gravity acc = 9.8m/s^2,"distance_soccer_ball_camera =2.8000m
distance_near_person_camera = 2.002m
distance_far_person_camera = 3.130m",
2337,captured_0018x,lab,A3MX,24,DS,What is the diameter of the tennis ball in cm?,Gravity acc = 9.8m/s^2,"distance_soccer_ball_camera =2.8000m
distance_near_person_camera = 2.002m
distance_far_person_camera = 3.130m",
2338,captured_0018x,lab,A3MX,24,DS,What is the height of the yellow toy in cm?,Gravity acc = 9.8m/s^2,"distance_soccer_ball_camera =2.8000m
distance_near_person_camera = 2.002m
distance_far_person_camera = 3.130m",
2339,captured_0018x,lab,A3MX,24,DS,What is the shoe length of the left person in cm?,Gravity acc = 9.8m/s^2,"distance_soccer_ball_camera =2.8000m
distance_near_person_camera = 2.002m
distance_far_person_camera = 3.130m",
2340,captured_0018x,lab,A3MX,24,DD,What is the velocity of the box at 3.4s in cm/s?,Gravity acc = 9.8m/s^2,"distance_soccer_ball_camera =2.8000m
distance_near_person_camera = 2.002m
distance_far_person_camera = 3.130m",
2341,captured_0018x,lab,A3MX,24,DD,What is the velocity of the soccer ball at 3.4s?,Gravity acc = 9.8m/s^2,"distance_soccer_ball_camera =2.8000m
distance_near_person_camera = 2.002m
distance_far_person_camera = 3.130m",
2342,captured_0018x,lab,A3MX,24,DD,What is the velocity of the tennis ball at 3.4s?,Gravity acc = 9.8m/s^2,"distance_soccer_ball_camera =2.8000m
distance_near_person_camera = 2.002m
distance_far_person_camera = 3.130m",
2343,captured_0018x,lab,A3MX,24,DD,What is the velocity of the pineapple toy at 3.4s?,Gravity acc = 9.8m/s^2,"distance_soccer_ball_camera =2.8000m
distance_near_person_camera = 2.002m
distance_far_person_camera = 3.130m",
2344,captured_0018x,lab,A3MX,24,DS,What is the distance between the box and the soccer ball in cm at 3.0s?,Gravity acc = 9.8m/s^2,"distance_soccer_ball_camera =2.8000m
distance_near_person_camera = 2.002m
distance_far_person_camera = 3.130m",
2345,captured_0018x,lab,A3MX,24,DS,What is the distance between the box and the pineapple toy in cm at 3.0s?,Gravity acc = 9.8m/s^2,"distance_soccer_ball_camera =2.8000m
distance_near_person_camera = 2.002m
distance_far_person_camera = 3.130m",
2346,captured_0018x,lab,A3MX,24,DS,What is the distance between the box and the tennis ball in cm at 3.0s?,Gravity acc = 9.8m/s^2,"distance_soccer_ball_camera =2.8000m
distance_near_person_camera = 2.002m
distance_far_person_camera = 3.130m",
2347,captured_0018x,lab,A3MX,24,DS,What is the distance between the tennis ball and the soccer ball in cm at 3.0s?,Gravity acc = 9.8m/s^2,"distance_soccer_ball_camera =2.8000m
distance_near_person_camera = 2.002m
distance_far_person_camera = 3.130m",
2348,captured_0018x,lab,A3MX,24,DS,What is the distance between the pineapple toy and the soccer ball in cm at 3.0s?,Gravity acc = 9.8m/s^2,"distance_soccer_ball_camera =2.8000m
distance_near_person_camera = 2.002m
distance_far_person_camera = 3.130m",
2349,captured_0018x,lab,A3MX,24,DS,What is the distance between the pineapple toy and the tennis ball in cm at 3.0s?,Gravity acc = 9.8m/s^2,"distance_soccer_ball_camera =2.8000m
distance_near_person_camera = 2.002m
distance_far_person_camera = 3.130m",
2350,captured_0020,lab,A3MC,24,DS,What is the height of the yellow toy in cm?,Gravity acc = 9.8m/s^2,"t=0.60s, distance_jar_camera =1.9735m
t=0.60s, distance_carrot_camera = 2.6300m
distance_near_person_camera = 1.5800m
distance_far_person_camera = 3.2370m",
2351,captured_0020,lab,A3MC,24,DS,What is the height of the white jar in cm?,Gravity acc = 9.8m/s^2,"t=0.60s, distance_jar_camera =1.9735m
t=0.60s, distance_carrot_camera = 2.6300m
distance_near_person_camera = 1.5800m
distance_far_person_camera = 3.2370m",
2352,captured_0020,lab,A3MC,24,DS,What is the diameter of the white jar in cm?,Gravity acc = 9.8m/s^2,"t=0.60s, distance_jar_camera =1.9735m
t=0.60s, distance_carrot_camera = 2.6300m
distance_near_person_camera = 1.5800m
distance_far_person_camera = 3.2370m",
2353,captured_0020,lab,A3MC,24,DS,What is the distance between two people in cm?,Gravity acc = 9.8m/s^2,"t=0.60s, distance_jar_camera =1.9735m
t=0.60s, distance_carrot_camera = 2.6300m
distance_near_person_camera = 1.5800m
distance_far_person_camera = 3.2370m",
2354,captured_0020,lab,A3MC,24,DD,What is the velocity of the yellow toy at 0.60s cm/s?,Gravity acc = 9.8m/s^2,"t=0.60s, distance_jar_camera =1.9735m
t=0.60s, distance_carrot_camera = 2.6300m
distance_near_person_camera = 1.5800m
distance_far_person_camera = 3.2370m",
2355,captured_0020,lab,A3MC,24,DD,What is the velocity of the white jar at 0.60s cm/s?,Gravity acc = 9.8m/s^2,"t=0.60s, distance_jar_camera =1.9735m
t=0.60s, distance_carrot_camera = 2.6300m
distance_near_person_camera = 1.5800m
distance_far_person_camera = 3.2370m",
2356,captured_0020,lab,A3MC,24,DS,What is the displacement of the yellow toy from 0.60s to 0.80s in cm?,Gravity acc = 9.8m/s^2,"t=0.60s, distance_jar_camera =1.9735m
t=0.60s, distance_carrot_camera = 2.6300m
distance_near_person_camera = 1.5800m
distance_far_person_camera = 3.2370m",
2357,captured_0020,lab,A3MC,24,DS,What is the displacement of the white jar from 0.60s to 0.80s in cm?,Gravity acc = 9.8m/s^2,"t=0.60s, distance_jar_camera =1.9735m
t=0.60s, distance_carrot_camera = 2.6300m
distance_near_person_camera = 1.5800m
distance_far_person_camera = 3.2370m",
2358,captured_0020s,lab,A3MS,24,DS,What is the height of the yellow toy in cm?,Gravity acc = 9.8m/s^2,"t=0.60s, distance_jar_camera =1.9735m
t=0.60s, distance_carrot_camera = 2.6300m
distance_near_person_camera = 1.5800m
distance_far_person_camera = 3.2370m",
2359,captured_0020s,lab,A3MS,24,DS,What is the height of the white jar in cm?,Gravity acc = 9.8m/s^2,"t=0.60s, distance_jar_camera =1.9735m
t=0.60s, distance_carrot_camera = 2.6300m
distance_near_person_camera = 1.5800m
distance_far_person_camera = 3.2370m",
2360,captured_0020s,lab,A3MS,24,DS,What is the diameter of the white jar in cm?,Gravity acc = 9.8m/s^2,"t=0.60s, distance_jar_camera =1.9735m
t=0.60s, distance_carrot_camera = 2.6300m
distance_near_person_camera = 1.5800m
distance_far_person_camera = 3.2370m",
2361,captured_0020s,lab,A3MS,24,DS,What is the distance between two people in cm?,Gravity acc = 9.8m/s^2,"t=0.60s, distance_jar_camera =1.9735m
t=0.60s, distance_carrot_camera = 2.6300m
distance_near_person_camera = 1.5800m
distance_far_person_camera = 3.2370m",
2362,captured_0020s,lab,A3MS,24,DD,What is the velocity of the yellow toy at 0.60s cm/s?,Gravity acc = 9.8m/s^2,"t=0.60s, distance_jar_camera =1.9735m
t=0.60s, distance_carrot_camera = 2.6300m
distance_near_person_camera = 1.5800m
distance_far_person_camera = 3.2370m",
2363,captured_0020s,lab,A3MS,24,DD,What is the velocity of the white jar at 0.60s cm/s?,Gravity acc = 9.8m/s^2,"t=0.60s, distance_jar_camera =1.9735m
t=0.60s, distance_carrot_camera = 2.6300m
distance_near_person_camera = 1.5800m
distance_far_person_camera = 3.2370m",
2364,captured_0020s,lab,A3MS,24,DS,What is the displacement of the yellow toy from 0.60s to 0.80s in cm?,Gravity acc = 9.8m/s^2,"t=0.60s, distance_jar_camera =1.9735m
t=0.60s, distance_carrot_camera = 2.6300m
distance_near_person_camera = 1.5800m
distance_far_person_camera = 3.2370m",
2365,captured_0020s,lab,A3MS,24,DS,What is the displacement of the white jar from 0.60s to 0.80s in cm?,Gravity acc = 9.8m/s^2,"t=0.60s, distance_jar_camera =1.9735m
t=0.60s, distance_carrot_camera = 2.6300m
distance_near_person_camera = 1.5800m
distance_far_person_camera = 3.2370m",
2366,captured_0020x,lab,A3MX,24,DS,What is the height of the yellow toy in cm?,Gravity acc = 9.8m/s^2,"t=0.60s, distance_jar_camera =1.9735m
t=0.60s, distance_carrot_camera = 2.6300m
distance_near_person_camera = 1.5800m
distance_far_person_camera = 3.2370m",
2367,captured_0020x,lab,A3MX,24,DS,What is the height of the white jar in cm?,Gravity acc = 9.8m/s^2,"t=0.60s, distance_jar_camera =1.9735m
t=0.60s, distance_carrot_camera = 2.6300m
distance_near_person_camera = 1.5800m
distance_far_person_camera = 3.2370m",
2368,captured_0020x,lab,A3MX,24,DS,What is the diameter of the white jar in cm?,Gravity acc = 9.8m/s^2,"t=0.60s, distance_jar_camera =1.9735m
t=0.60s, distance_carrot_camera = 2.6300m
distance_near_person_camera = 1.5800m
distance_far_person_camera = 3.2370m",
2369,captured_0020x,lab,A3MX,24,DS,What is the distance between two people in cm?,Gravity acc = 9.8m/s^2,"t=0.60s, distance_jar_camera =1.9735m
t=0.60s, distance_carrot_camera = 2.6300m
distance_near_person_camera = 1.5800m
distance_far_person_camera = 3.2370m",
2370,captured_0020x,lab,A3MX,24,DD,What is the velocity of the yellow toy at 0.60s cm/s?,Gravity acc = 9.8m/s^2,"t=0.60s, distance_jar_camera =1.9735m
t=0.60s, distance_carrot_camera = 2.6300m
distance_near_person_camera = 1.5800m
distance_far_person_camera = 3.2370m",
2371,captured_0020x,lab,A3MX,24,DD,What is the velocity of the white jar at 0.60s cm/s?,Gravity acc = 9.8m/s^2,"t=0.60s, distance_jar_camera =1.9735m
t=0.60s, distance_carrot_camera = 2.6300m
distance_near_person_camera = 1.5800m
distance_far_person_camera = 3.2370m",
2372,captured_0020x,lab,A3MX,24,DS,What is the displacement of the yellow toy from 0.60s to 0.80s in cm?,Gravity acc = 9.8m/s^2,"t=0.60s, distance_jar_camera =1.9735m
t=0.60s, distance_carrot_camera = 2.6300m
distance_near_person_camera = 1.5800m
distance_far_person_camera = 3.2370m",
2373,captured_0020x,lab,A3MX,24,DS,What is the displacement of the white jar from 0.60s to 0.80s in cm?,Gravity acc = 9.8m/s^2,"t=0.60s, distance_jar_camera =1.9735m
t=0.60s, distance_carrot_camera = 2.6300m
distance_near_person_camera = 1.5800m
distance_far_person_camera = 3.2370m",
2374,captured_0021,lab,S3SC,24,SD,What is the velocity of the ping pong ball at 1.2s in cm/s?,diameter of the ping pong ball = 40mm,"t=1.0s, distance_pingpong_camera=1.511m
t=1.4s, distance_pingpong_camera=1.03m",
2375,captured_0021,lab,S3SC,24,SD,What is the velocity of the ping pong ball at 1.4s in cm/s?,diameter of the ping pong ball = 40mm,"t=1.0s, distance_pingpong_camera=1.511m
t=1.4s, distance_pingpong_camera=1.03m",
2376,captured_0021,lab,S3SC,24,SS,What is the displacement of the ping pong ball between 1.0s and 1.4s in cm?,diameter of the ping pong ball = 40mm,"t=1.0s, distance_pingpong_camera=1.511m
t=1.4s, distance_pingpong_camera=1.03m",
2377,captured_0021,lab,S3SC,24,SS,What is the width of the table in cm?,diameter of the ping pong ball = 40mm,"t=1.0s, distance_pingpong_camera=1.511m
t=1.4s, distance_pingpong_camera=1.03m",
2378,captured_0021,lab,S3SC,24,SS,What is the length of the table in cm?,diameter of the ping pong ball = 40mm,"t=1.0s, distance_pingpong_camera=1.511m
t=1.4s, distance_pingpong_camera=1.03m",
2379,captured_0021s,lab,S3SS,24,SD,What is the velocity of the ping pong ball at 1.2s in cm/s?,diameter of the ping pong ball = 40mm,"t=1.0s, distance_pingpong_camera=1.511m
t=1.4s, distance_pingpong_camera=1.03m",
2380,captured_0021s,lab,S3SS,24,SD,What is the velocity of the ping pong ball at 1.4s in cm/s?,diameter of the ping pong ball = 40mm,"t=1.0s, distance_pingpong_camera=1.511m
t=1.4s, distance_pingpong_camera=1.03m",
2381,captured_0021s,lab,S3SS,24,SS,What is the displacement of the ping pong ball between 1.0s and 1.4s in cm?,diameter of the ping pong ball = 40mm,"t=1.0s, distance_pingpong_camera=1.511m
t=1.4s, distance_pingpong_camera=1.03m",
2382,captured_0021s,lab,S3SS,24,SS,What is the width of the table in cm?,diameter of the ping pong ball = 40mm,"t=1.0s, distance_pingpong_camera=1.511m
t=1.4s, distance_pingpong_camera=1.03m",
2383,captured_0021s,lab,S3SS,24,SS,What is the length of the table in cm?,diameter of the ping pong ball = 40mm,"t=1.0s, distance_pingpong_camera=1.511m
t=1.4s, distance_pingpong_camera=1.03m",
2384,captured_0021x,lab,S3SX,24,SD,What is the velocity of the ping pong ball at 1.2s in cm/s?,diameter of the ping pong ball = 40mm,"t=1.0s, distance_pingpong_camera=1.511m
t=1.4s, distance_pingpong_camera=1.03m",
2385,captured_0021x,lab,S3SX,24,SD,What is the velocity of the ping pong ball at 1.4s in cm/s?,diameter of the ping pong ball = 40mm,"t=1.0s, distance_pingpong_camera=1.511m
t=1.4s, distance_pingpong_camera=1.03m",
2386,captured_0021x,lab,S3SX,24,SS,What is the displacement of the ping pong ball between 1.0s and 1.4s in cm?,diameter of the ping pong ball = 40mm,"t=1.0s, distance_pingpong_camera=1.511m
t=1.4s, distance_pingpong_camera=1.03m",
2387,captured_0021x,lab,S3SX,24,SS,What is the width of the table in cm?,diameter of the ping pong ball = 40mm,"t=1.0s, distance_pingpong_camera=1.511m
t=1.4s, distance_pingpong_camera=1.03m",
2388,captured_0021x,lab,S3SX,24,SS,What is the length of the table in cm?,diameter of the ping pong ball = 40mm,"t=1.0s, distance_pingpong_camera=1.511m
t=1.4s, distance_pingpong_camera=1.03m",
2389,captured_0022,lab,S3SC,24,SD,What is the velocity of the ping pong ball at 0.8s in cm/s?,diameter of the ping pong ball = 40mm,"t=0.6s, distance_pingpong_camera=1.751m
t=0.8s, distance_pingpong_camera=1.687m
t=1.2s, distance_pingpong_camera=1.526m",
2390,captured_0022,lab,S3SC,24,SD,What is the velocity of the ping pong ball at 1.2s in cm/s?,diameter of the ping pong ball = 40mm,"t=0.6s, distance_pingpong_camera=1.751m
t=0.8s, distance_pingpong_camera=1.687m
t=1.2s, distance_pingpong_camera=1.526m",
2391,captured_0022,lab,S3SC,24,SD,What is the acceleration of the ping pong ball at 1.2s in cm/s^2?,diameter of the ping pong ball = 40mm,"t=0.6s, distance_pingpong_camera=1.751m
t=0.8s, distance_pingpong_camera=1.687m
t=1.2s, distance_pingpong_camera=1.526m",
2392,captured_0022,lab,S3SC,24,SS,What is the displacement of the ping pong ball between 0.6s and 1.6s in cm?,diameter of the ping pong ball = 40mm,"t=0.6s, distance_pingpong_camera=1.751m
t=0.8s, distance_pingpong_camera=1.687m
t=1.2s, distance_pingpong_camera=1.526m",
2393,captured_0022,lab,S3SC,24,SS,What is the width of the table in cm?,diameter of the ping pong ball = 40mm,"t=0.6s, distance_pingpong_camera=1.751m
t=0.8s, distance_pingpong_camera=1.687m
t=1.2s, distance_pingpong_camera=1.526m",
2394,captured_0022,lab,S3SC,24,SS,What is the length of the table in cm?,diameter of the ping pong ball = 40mm,"t=0.6s, distance_pingpong_camera=1.751m
t=0.8s, distance_pingpong_camera=1.687m
t=1.2s, distance_pingpong_camera=1.526m",
2395,captured_0022s,lab,S3SS,24,SD,What is the velocity of the ping pong ball at 0.8s in cm/s?,diameter of the ping pong ball = 40mm,"t=0.6s, distance_pingpong_camera=1.751m
t=0.8s, distance_pingpong_camera=1.687m
t=1.2s, distance_pingpong_camera=1.526m",
2396,captured_0022s,lab,S3SS,24,SD,What is the velocity of the ping pong ball at 1.2s in cm/s?,diameter of the ping pong ball = 40mm,"t=0.6s, distance_pingpong_camera=1.751m
t=0.8s, distance_pingpong_camera=1.687m
t=1.2s, distance_pingpong_camera=1.526m",
2397,captured_0022s,lab,S3SS,24,SD,What is the acceleration of the ping pong ball at 1.2s in cm/s^2?,diameter of the ping pong ball = 40mm,"t=0.6s, distance_pingpong_camera=1.751m
t=0.8s, distance_pingpong_camera=1.687m
t=1.2s, distance_pingpong_camera=1.526m",
2398,captured_0022s,lab,S3SS,24,SS,What is the displacement of the ping pong ball between 0.6s and 1.6s in cm?,diameter of the ping pong ball = 40mm,"t=0.6s, distance_pingpong_camera=1.751m
t=0.8s, distance_pingpong_camera=1.687m
t=1.2s, distance_pingpong_camera=1.526m",
2399,captured_0022s,lab,S3SS,24,SS,What is the width of the table in cm?,diameter of the ping pong ball = 40mm,"t=0.6s, distance_pingpong_camera=1.751m
t=0.8s, distance_pingpong_camera=1.687m
t=1.2s, distance_pingpong_camera=1.526m",
2400,captured_0022s,lab,S3SS,24,SS,What is the length of the table in cm?,diameter of the ping pong ball = 40mm,"t=0.6s, distance_pingpong_camera=1.751m
t=0.8s, distance_pingpong_camera=1.687m
t=1.2s, distance_pingpong_camera=1.526m",
2401,captured_0022x,lab,S3SX,24,SD,What is the velocity of the ping pong ball at 0.8s in cm/s?,diameter of the ping pong ball = 40mm,"t=0.6s, distance_pingpong_camera=1.751m
t=0.8s, distance_pingpong_camera=1.687m
t=1.2s, distance_pingpong_camera=1.526m",
2402,captured_0022x,lab,S3SX,24,SD,What is the velocity of the ping pong ball at 1.2s in cm/s?,diameter of the ping pong ball = 40mm,"t=0.6s, distance_pingpong_camera=1.751m
t=0.8s, distance_pingpong_camera=1.687m
t=1.2s, distance_pingpong_camera=1.526m",
2403,captured_0022x,lab,S3SX,24,SD,What is the acceleration of the ping pong ball at 1.2s in cm/s^2?,diameter of the ping pong ball = 40mm,"t=0.6s, distance_pingpong_camera=1.751m
t=0.8s, distance_pingpong_camera=1.687m
t=1.2s, distance_pingpong_camera=1.526m",
2404,captured_0022x,lab,S3SX,24,SS,What is the displacement of the ping pong ball between 0.6s and 1.6s in cm?,diameter of the ping pong ball = 40mm,"t=0.6s, distance_pingpong_camera=1.751m
t=0.8s, distance_pingpong_camera=1.687m
t=1.2s, distance_pingpong_camera=1.526m",
2405,captured_0022x,lab,S3SX,24,SS,What is the width of the table in cm?,diameter of the ping pong ball = 40mm,"t=0.6s, distance_pingpong_camera=1.751m
t=0.8s, distance_pingpong_camera=1.687m
t=1.2s, distance_pingpong_camera=1.526m",
2406,captured_0022x,lab,S3SX,24,SS,What is the length of the table in cm?,diameter of the ping pong ball = 40mm,"t=0.6s, distance_pingpong_camera=1.751m
t=0.8s, distance_pingpong_camera=1.687m
t=1.2s, distance_pingpong_camera=1.526m",
2407,captured_0023,lab,A3SC,24,DD,What is the velocity of the book at 1.2s in cm/s?,"t=1.4, book acceleration = 2.8m/s^2","distance_table_left_camera=0.7040m
distance_table_right_camera=0.7250m
distance_slope_far_camera=1.2010m
distance_slope_near_camera=0.9555m
t=1.2s, distance_book_camera=1.02m
t=1.4s, distance_book_camera=0.8570m
t=1.6s, distance_book_camera=0.8510m",
2408,captured_0023,lab,A3SC,24,DD,What is the velocity of the book at 1.4s in cm/s?,"t=1.4, book acceleration = 2.8m/s^2","distance_table_left_camera=0.7040m
distance_table_right_camera=0.7250m
distance_slope_far_camera=1.2010m
distance_slope_near_camera=0.9555m
t=1.2s, distance_book_camera=1.02m
t=1.4s, distance_book_camera=0.8570m
t=1.6s, distance_book_camera=0.8510m",
2409,captured_0023,lab,A3SC,24,DS,What is the length of the book in cm?,"t=1.4, book acceleration = 2.8m/s^2","distance_table_left_camera=0.7040m
distance_table_right_camera=0.7250m
distance_slope_far_camera=1.2010m
distance_slope_near_camera=0.9555m
t=1.2s, distance_book_camera=1.02m
t=1.4s, distance_book_camera=0.8570m
t=1.6s, distance_book_camera=0.8510m",
2410,captured_0023,lab,A3SC,24,DS,What is the width of the book in cm?,"t=1.4, book acceleration = 2.8m/s^2","distance_table_left_camera=0.7040m
distance_table_right_camera=0.7250m
distance_slope_far_camera=1.2010m
distance_slope_near_camera=0.9555m
t=1.2s, distance_book_camera=1.02m
t=1.4s, distance_book_camera=0.8570m
t=1.6s, distance_book_camera=0.8510m",
2411,captured_0023,lab,A3SC,24,DS,What is the height of the book in cm?,"t=1.4, book acceleration = 2.8m/s^2","distance_table_left_camera=0.7040m
distance_table_right_camera=0.7250m
distance_slope_far_camera=1.2010m
distance_slope_near_camera=0.9555m
t=1.2s, distance_book_camera=1.02m
t=1.4s, distance_book_camera=0.8570m
t=1.6s, distance_book_camera=0.8510m",
2412,captured_0023,lab,A3SC,24,DS,What is the length of the slope in cm?,"t=1.4, book acceleration = 2.8m/s^2","distance_table_left_camera=0.7040m
distance_table_right_camera=0.7250m
distance_slope_far_camera=1.2010m
distance_slope_near_camera=0.9555m
t=1.2s, distance_book_camera=1.02m
t=1.4s, distance_book_camera=0.8570m
t=1.6s, distance_book_camera=0.8510m",
2413,captured_0023,lab,A3SC,24,DS,What is the width of the slope in cm?,"t=1.4, book acceleration = 2.8m/s^2","distance_table_left_camera=0.7040m
distance_table_right_camera=0.7250m
distance_slope_far_camera=1.2010m
distance_slope_near_camera=0.9555m
t=1.2s, distance_book_camera=1.02m
t=1.4s, distance_book_camera=0.8570m
t=1.6s, distance_book_camera=0.8510m",
2414,captured_0023,lab,A3SC,24,DS,What is the width of the table in cm?,"t=1.4, book acceleration = 2.8m/s^2","distance_table_left_camera=0.7040m
distance_table_right_camera=0.7250m
distance_slope_far_camera=1.2010m
distance_slope_near_camera=0.9555m
t=1.2s, distance_book_camera=1.02m
t=1.4s, distance_book_camera=0.8570m
t=1.6s, distance_book_camera=0.8510m",
2415,captured_0023,lab,A3SC,24,DS,What is the displacement of the book between 1.0s and 1.6s in cm?,"t=1.4, book acceleration = 2.8m/s^2","distance_table_left_camera=0.7040m
distance_table_right_camera=0.7250m
distance_slope_far_camera=1.2010m
distance_slope_near_camera=0.9555m
t=1.2s, distance_book_camera=1.02m
t=1.4s, distance_book_camera=0.8570m
t=1.6s, distance_book_camera=0.8510m",
2416,captured_0023s,lab,A3SS,24,DD,What is the velocity of the book at 1.2s in cm/s?,"t=1.4, book acceleration = 2.8m/s^2","distance_table_left_camera=0.7040m
distance_table_right_camera=0.7250m
distance_slope_far_camera=1.2010m
distance_slope_near_camera=0.9555m
t=1.2s, distance_book_camera=1.02m
t=1.4s, distance_book_camera=0.8570m
t=1.6s, distance_book_camera=0.8510m",
2417,captured_0023s,lab,A3SS,24,DD,What is the velocity of the book at 1.4s in cm/s?,"t=1.4, book acceleration = 2.8m/s^2","distance_table_left_camera=0.7040m
distance_table_right_camera=0.7250m
distance_slope_far_camera=1.2010m
distance_slope_near_camera=0.9555m
t=1.2s, distance_book_camera=1.02m
t=1.4s, distance_book_camera=0.8570m
t=1.6s, distance_book_camera=0.8510m",
2418,captured_0023s,lab,A3SS,24,DS,What is the length of the book in cm?,"t=1.4, book acceleration = 2.8m/s^2","distance_table_left_camera=0.7040m
distance_table_right_camera=0.7250m
distance_slope_far_camera=1.2010m
distance_slope_near_camera=0.9555m
t=1.2s, distance_book_camera=1.02m
t=1.4s, distance_book_camera=0.8570m
t=1.6s, distance_book_camera=0.8510m",
2419,captured_0023s,lab,A3SS,24,DS,What is the width of the book in cm?,"t=1.4, book acceleration = 2.8m/s^2","distance_table_left_camera=0.7040m
distance_table_right_camera=0.7250m
distance_slope_far_camera=1.2010m
distance_slope_near_camera=0.9555m
t=1.2s, distance_book_camera=1.02m
t=1.4s, distance_book_camera=0.8570m
t=1.6s, distance_book_camera=0.8510m",
2420,captured_0023s,lab,A3SS,24,DS,What is the height of the book in cm?,"t=1.4, book acceleration = 2.8m/s^2","distance_table_left_camera=0.7040m
distance_table_right_camera=0.7250m
distance_slope_far_camera=1.2010m
distance_slope_near_camera=0.9555m
t=1.2s, distance_book_camera=1.02m
t=1.4s, distance_book_camera=0.8570m
t=1.6s, distance_book_camera=0.8510m",
2421,captured_0023s,lab,A3SS,24,DS,What is the length of the slope in cm?,"t=1.4, book acceleration = 2.8m/s^2","distance_table_left_camera=0.7040m
distance_table_right_camera=0.7250m
distance_slope_far_camera=1.2010m
distance_slope_near_camera=0.9555m
t=1.2s, distance_book_camera=1.02m
t=1.4s, distance_book_camera=0.8570m
t=1.6s, distance_book_camera=0.8510m",
2422,captured_0023s,lab,A3SS,24,DS,What is the width of the slope in cm?,"t=1.4, book acceleration = 2.8m/s^2","distance_table_left_camera=0.7040m
distance_table_right_camera=0.7250m
distance_slope_far_camera=1.2010m
distance_slope_near_camera=0.9555m
t=1.2s, distance_book_camera=1.02m
t=1.4s, distance_book_camera=0.8570m
t=1.6s, distance_book_camera=0.8510m",
2423,captured_0023s,lab,A3SS,24,DS,What is the width of the table in cm?,"t=1.4, book acceleration = 2.8m/s^2","distance_table_left_camera=0.7040m
distance_table_right_camera=0.7250m
distance_slope_far_camera=1.2010m
distance_slope_near_camera=0.9555m
t=1.2s, distance_book_camera=1.02m
t=1.4s, distance_book_camera=0.8570m
t=1.6s, distance_book_camera=0.8510m",
2424,captured_0023s,lab,A3SS,24,DS,What is the displacement of the book between 1.0s and 1.6s in cm?,"t=1.4, book acceleration = 2.8m/s^2","distance_table_left_camera=0.7040m
distance_table_right_camera=0.7250m
distance_slope_far_camera=1.2010m
distance_slope_near_camera=0.9555m
t=1.2s, distance_book_camera=1.02m
t=1.4s, distance_book_camera=0.8570m
t=1.6s, distance_book_camera=0.8510m",
2425,captured_0023x,lab,A3SX,24,DD,What is the velocity of the book at 1.2s in cm/s?,"t=1.4, book acceleration = 2.8m/s^2","distance_table_left_camera=0.7040m
distance_table_right_camera=0.7250m
distance_slope_far_camera=1.2010m
distance_slope_near_camera=0.9555m
t=1.2s, distance_book_camera=1.02m
t=1.4s, distance_book_camera=0.8570m
t=1.6s, distance_book_camera=0.8510m",
2426,captured_0023x,lab,A3SX,24,DD,What is the velocity of the book at 1.4s in cm/s?,"t=1.4, book acceleration = 2.8m/s^2","distance_table_left_camera=0.7040m
distance_table_right_camera=0.7250m
distance_slope_far_camera=1.2010m
distance_slope_near_camera=0.9555m
t=1.2s, distance_book_camera=1.02m
t=1.4s, distance_book_camera=0.8570m
t=1.6s, distance_book_camera=0.8510m",
2427,captured_0023x,lab,A3SX,24,DS,What is the length of the book in cm?,"t=1.4, book acceleration = 2.8m/s^2","distance_table_left_camera=0.7040m
distance_table_right_camera=0.7250m
distance_slope_far_camera=1.2010m
distance_slope_near_camera=0.9555m
t=1.2s, distance_book_camera=1.02m
t=1.4s, distance_book_camera=0.8570m
t=1.6s, distance_book_camera=0.8510m",
2428,captured_0023x,lab,A3SX,24,DS,What is the width of the book in cm?,"t=1.4, book acceleration = 2.8m/s^2","distance_table_left_camera=0.7040m
distance_table_right_camera=0.7250m
distance_slope_far_camera=1.2010m
distance_slope_near_camera=0.9555m
t=1.2s, distance_book_camera=1.02m
t=1.4s, distance_book_camera=0.8570m
t=1.6s, distance_book_camera=0.8510m",
2429,captured_0023x,lab,A3SX,24,DS,What is the height of the book in cm?,"t=1.4, book acceleration = 2.8m/s^2","distance_table_left_camera=0.7040m
distance_table_right_camera=0.7250m
distance_slope_far_camera=1.2010m
distance_slope_near_camera=0.9555m
t=1.2s, distance_book_camera=1.02m
t=1.4s, distance_book_camera=0.8570m
t=1.6s, distance_book_camera=0.8510m",
2430,captured_0023x,lab,A3SX,24,DS,What is the length of the slope in cm?,"t=1.4, book acceleration = 2.8m/s^2","distance_table_left_camera=0.7040m
distance_table_right_camera=0.7250m
distance_slope_far_camera=1.2010m
distance_slope_near_camera=0.9555m
t=1.2s, distance_book_camera=1.02m
t=1.4s, distance_book_camera=0.8570m
t=1.6s, distance_book_camera=0.8510m",
2431,captured_0023x,lab,A3SX,24,DS,What is the width of the slope in cm?,"t=1.4, book acceleration = 2.8m/s^2","distance_table_left_camera=0.7040m
distance_table_right_camera=0.7250m
distance_slope_far_camera=1.2010m
distance_slope_near_camera=0.9555m
t=1.2s, distance_book_camera=1.02m
t=1.4s, distance_book_camera=0.8570m
t=1.6s, distance_book_camera=0.8510m",
2432,captured_0023x,lab,A3SX,24,DS,What is the width of the table in cm?,"t=1.4, book acceleration = 2.8m/s^2","distance_table_left_camera=0.7040m
distance_table_right_camera=0.7250m
distance_slope_far_camera=1.2010m
distance_slope_near_camera=0.9555m
t=1.2s, distance_book_camera=1.02m
t=1.4s, distance_book_camera=0.8570m
t=1.6s, distance_book_camera=0.8510m",
2433,captured_0023x,lab,A3SX,24,DS,What is the displacement of the book between 1.0s and 1.6s in cm?,"t=1.4, book acceleration = 2.8m/s^2","distance_table_left_camera=0.7040m
distance_table_right_camera=0.7250m
distance_slope_far_camera=1.2010m
distance_slope_near_camera=0.9555m
t=1.2s, distance_book_camera=1.02m
t=1.4s, distance_book_camera=0.8570m
t=1.6s, distance_book_camera=0.8510m",
2434,captured_0024,lab,A3SC,24,DD,What is the velocity of the book at 1.0s in cm/s?,"t=1.0, book acceleration = 2.8m/s^2","t=1.0s, distance_book_camera=1.0685m
t=1.2s, distance_book_camera=0.9770m
distance_table_left_camera=1.035m
distance_table_right_camera=0.5730m
distance_slope_far_camera=1.2430m
distance_slope_near_camera=0.9900m",
2435,captured_0024,lab,A3SC,24,DD,What is the velocity of the book at 1.2s in cm/s?,"t=1.0, book acceleration = 2.8m/s^2","t=1.0s, distance_book_camera=1.0685m
t=1.2s, distance_book_camera=0.9770m
distance_table_left_camera=1.035m
distance_table_right_camera=0.5730m
distance_slope_far_camera=1.2430m
distance_slope_near_camera=0.9900m",
2436,captured_0024,lab,A3SC,24,DS,What is the length of the book in cm?,"t=1.0, book acceleration = 2.8m/s^2","t=1.0s, distance_book_camera=1.0685m
t=1.2s, distance_book_camera=0.9770m
distance_table_left_camera=1.035m
distance_table_right_camera=0.5730m
distance_slope_far_camera=1.2430m
distance_slope_near_camera=0.9900m",
2437,captured_0024,lab,A3SC,24,DS,What is the width of the book in cm?,"t=1.0, book acceleration = 2.8m/s^2","t=1.0s, distance_book_camera=1.0685m
t=1.2s, distance_book_camera=0.9770m
distance_table_left_camera=1.035m
distance_table_right_camera=0.5730m
distance_slope_far_camera=1.2430m
distance_slope_near_camera=0.9900m",
2438,captured_0024,lab,A3SC,24,DS,What is the height of the book in cm?,"t=1.0, book acceleration = 2.8m/s^2","t=1.0s, distance_book_camera=1.0685m
t=1.2s, distance_book_camera=0.9770m
distance_table_left_camera=1.035m
distance_table_right_camera=0.5730m
distance_slope_far_camera=1.2430m
distance_slope_near_camera=0.9900m",
2439,captured_0024,lab,A3SC,24,DS,What is the length of the slope in cm?,"t=1.0, book acceleration = 2.8m/s^2","t=1.0s, distance_book_camera=1.0685m
t=1.2s, distance_book_camera=0.9770m
distance_table_left_camera=1.035m
distance_table_right_camera=0.5730m
distance_slope_far_camera=1.2430m
distance_slope_near_camera=0.9900m",
2440,captured_0024,lab,A3SC,24,DS,What is the width of the slope in cm?,"t=1.0, book acceleration = 2.8m/s^2","t=1.0s, distance_book_camera=1.0685m
t=1.2s, distance_book_camera=0.9770m
distance_table_left_camera=1.035m
distance_table_right_camera=0.5730m
distance_slope_far_camera=1.2430m
distance_slope_near_camera=0.9900m",
2441,captured_0024,lab,A3SC,24,DS,What is the length of the table in cm?,"t=1.0, book acceleration = 2.8m/s^2","t=1.0s, distance_book_camera=1.0685m
t=1.2s, distance_book_camera=0.9770m
distance_table_left_camera=1.035m
distance_table_right_camera=0.5730m
distance_slope_far_camera=1.2430m
distance_slope_near_camera=0.9900m",
2442,captured_0024,lab,A3SC,24,DS,What is the width of the table in cm?,"t=1.0, book acceleration = 2.8m/s^2","t=1.0s, distance_book_camera=1.0685m
t=1.2s, distance_book_camera=0.9770m
distance_table_left_camera=1.035m
distance_table_right_camera=0.5730m
distance_slope_far_camera=1.2430m
distance_slope_near_camera=0.9900m",
2443,captured_0024,lab,A3SC,24,DS,What is the distance travelled by the book in cm?,"t=1.0, book acceleration = 2.8m/s^2","t=1.0s, distance_book_camera=1.0685m
t=1.2s, distance_book_camera=0.9770m
distance_table_left_camera=1.035m
distance_table_right_camera=0.5730m
distance_slope_far_camera=1.2430m
distance_slope_near_camera=0.9900m",
2444,captured_0024s,lab,A3SS,24,DD,What is the velocity of the book at 1.0s in cm/s?,"t=1.0, book acceleration = 2.8m/s^2","t=1.0s, distance_book_camera=1.0685m
t=1.2s, distance_book_camera=0.9770m
distance_table_left_camera=1.035m
distance_table_right_camera=0.5730m
distance_slope_far_camera=1.2430m
distance_slope_near_camera=0.9900m",
2445,captured_0024s,lab,A3SS,24,DD,What is the velocity of the book at 1.2s in cm/s?,"t=1.0, book acceleration = 2.8m/s^2","t=1.0s, distance_book_camera=1.0685m
t=1.2s, distance_book_camera=0.9770m
distance_table_left_camera=1.035m
distance_table_right_camera=0.5730m
distance_slope_far_camera=1.2430m
distance_slope_near_camera=0.9900m",
2446,captured_0024s,lab,A3SS,24,DS,What is the length of the book in cm?,"t=1.0, book acceleration = 2.8m/s^2","t=1.0s, distance_book_camera=1.0685m
t=1.2s, distance_book_camera=0.9770m
distance_table_left_camera=1.035m
distance_table_right_camera=0.5730m
distance_slope_far_camera=1.2430m
distance_slope_near_camera=0.9900m",
2447,captured_0024s,lab,A3SS,24,DS,What is the width of the book in cm?,"t=1.0, book acceleration = 2.8m/s^2","t=1.0s, distance_book_camera=1.0685m
t=1.2s, distance_book_camera=0.9770m
distance_table_left_camera=1.035m
distance_table_right_camera=0.5730m
distance_slope_far_camera=1.2430m
distance_slope_near_camera=0.9900m",
2448,captured_0024s,lab,A3SS,24,DS,What is the height of the book in cm?,"t=1.0, book acceleration = 2.8m/s^2","t=1.0s, distance_book_camera=1.0685m
t=1.2s, distance_book_camera=0.9770m
distance_table_left_camera=1.035m
distance_table_right_camera=0.5730m
distance_slope_far_camera=1.2430m
distance_slope_near_camera=0.9900m",
2449,captured_0024s,lab,A3SS,24,DS,What is the length of the slope in cm?,"t=1.0, book acceleration = 2.8m/s^2","t=1.0s, distance_book_camera=1.0685m
t=1.2s, distance_book_camera=0.9770m
distance_table_left_camera=1.035m
distance_table_right_camera=0.5730m
distance_slope_far_camera=1.2430m
distance_slope_near_camera=0.9900m",
2450,captured_0024s,lab,A3SS,24,DS,What is the width of the slope in cm?,"t=1.0, book acceleration = 2.8m/s^2","t=1.0s, distance_book_camera=1.0685m
t=1.2s, distance_book_camera=0.9770m
distance_table_left_camera=1.035m
distance_table_right_camera=0.5730m
distance_slope_far_camera=1.2430m
distance_slope_near_camera=0.9900m",
2451,captured_0024s,lab,A3SS,24,DS,What is the length of the table in cm?,"t=1.0, book acceleration = 2.8m/s^2","t=1.0s, distance_book_camera=1.0685m
t=1.2s, distance_book_camera=0.9770m
distance_table_left_camera=1.035m
distance_table_right_camera=0.5730m
distance_slope_far_camera=1.2430m
distance_slope_near_camera=0.9900m",
2452,captured_0024s,lab,A3SS,24,DS,What is the width of the table in cm?,"t=1.0, book acceleration = 2.8m/s^2","t=1.0s, distance_book_camera=1.0685m
t=1.2s, distance_book_camera=0.9770m
distance_table_left_camera=1.035m
distance_table_right_camera=0.5730m
distance_slope_far_camera=1.2430m
distance_slope_near_camera=0.9900m",
2453,captured_0024s,lab,A3SS,24,DS,What is the distance travelled by the book in cm?,"t=1.0, book acceleration = 2.8m/s^2","t=1.0s, distance_book_camera=1.0685m
t=1.2s, distance_book_camera=0.9770m
distance_table_left_camera=1.035m
distance_table_right_camera=0.5730m
distance_slope_far_camera=1.2430m
distance_slope_near_camera=0.9900m",
2454,captured_0024x,lab,A3SX,24,DD,What is the velocity of the book at 1.0s in cm/s?,"t=1.0, book acceleration = 2.8m/s^2","t=1.0s, distance_book_camera=1.0685m
t=1.2s, distance_book_camera=0.9770m
distance_table_left_camera=1.035m
distance_table_right_camera=0.5730m
distance_slope_far_camera=1.2430m
distance_slope_near_camera=0.9900m",
2455,captured_0024x,lab,A3SX,24,DD,What is the velocity of the book at 1.2s in cm/s?,"t=1.0, book acceleration = 2.8m/s^2","t=1.0s, distance_book_camera=1.0685m
t=1.2s, distance_book_camera=0.9770m
distance_table_left_camera=1.035m
distance_table_right_camera=0.5730m
distance_slope_far_camera=1.2430m
distance_slope_near_camera=0.9900m",
2456,captured_0024x,lab,A3SX,24,DS,What is the length of the book in cm?,"t=1.0, book acceleration = 2.8m/s^2","t=1.0s, distance_book_camera=1.0685m
t=1.2s, distance_book_camera=0.9770m
distance_table_left_camera=1.035m
distance_table_right_camera=0.5730m
distance_slope_far_camera=1.2430m
distance_slope_near_camera=0.9900m",
2457,captured_0024x,lab,A3SX,24,DS,What is the width of the book in cm?,"t=1.0, book acceleration = 2.8m/s^2","t=1.0s, distance_book_camera=1.0685m
t=1.2s, distance_book_camera=0.9770m
distance_table_left_camera=1.035m
distance_table_right_camera=0.5730m
distance_slope_far_camera=1.2430m
distance_slope_near_camera=0.9900m",
2458,captured_0024x,lab,A3SX,24,DS,What is the height of the book in cm?,"t=1.0, book acceleration = 2.8m/s^2","t=1.0s, distance_book_camera=1.0685m
t=1.2s, distance_book_camera=0.9770m
distance_table_left_camera=1.035m
distance_table_right_camera=0.5730m
distance_slope_far_camera=1.2430m
distance_slope_near_camera=0.9900m",
2459,captured_0024x,lab,A3SX,24,DS,What is the length of the slope in cm?,"t=1.0, book acceleration = 2.8m/s^2","t=1.0s, distance_book_camera=1.0685m
t=1.2s, distance_book_camera=0.9770m
distance_table_left_camera=1.035m
distance_table_right_camera=0.5730m
distance_slope_far_camera=1.2430m
distance_slope_near_camera=0.9900m",
2460,captured_0024x,lab,A3SX,24,DS,What is the width of the slope in cm?,"t=1.0, book acceleration = 2.8m/s^2","t=1.0s, distance_book_camera=1.0685m
t=1.2s, distance_book_camera=0.9770m
distance_table_left_camera=1.035m
distance_table_right_camera=0.5730m
distance_slope_far_camera=1.2430m
distance_slope_near_camera=0.9900m",
2461,captured_0024x,lab,A3SX,24,DS,What is the length of the table in cm?,"t=1.0, book acceleration = 2.8m/s^2","t=1.0s, distance_book_camera=1.0685m
t=1.2s, distance_book_camera=0.9770m
distance_table_left_camera=1.035m
distance_table_right_camera=0.5730m
distance_slope_far_camera=1.2430m
distance_slope_near_camera=0.9900m",
2462,captured_0024x,lab,A3SX,24,DS,What is the width of the table in cm?,"t=1.0, book acceleration = 2.8m/s^2","t=1.0s, distance_book_camera=1.0685m
t=1.2s, distance_book_camera=0.9770m
distance_table_left_camera=1.035m
distance_table_right_camera=0.5730m
distance_slope_far_camera=1.2430m
distance_slope_near_camera=0.9900m",
2463,captured_0024x,lab,A3SX,24,DS,What is the distance travelled by the book in cm?,"t=1.0, book acceleration = 2.8m/s^2","t=1.0s, distance_book_camera=1.0685m
t=1.2s, distance_book_camera=0.9770m
distance_table_left_camera=1.035m
distance_table_right_camera=0.5730m
distance_slope_far_camera=1.2430m
distance_slope_near_camera=0.9900m",
2464,captured_0027,lab,S3SC,24,SD,What is the velocity of the red ball at 0.2s in cm/s?,diameter of the red ball = 7cm,"t=0.2s, distance_book_camera=1.0995m
t=0.6s, distance_book_camera=1.1510m
distance_person_left_camera=1.2750m
distance_person_right_camera=1.2305m",
2465,captured_0027,lab,S3SC,24,SD,What is the velocity of the red ball at 0.6s in cm/s?,diameter of the red ball = 7cm,"t=0.2s, distance_book_camera=1.0995m
t=0.6s, distance_book_camera=1.1510m
distance_person_left_camera=1.2750m
distance_person_right_camera=1.2305m",
2466,captured_0027,lab,S3SC,24,SD,What is the acceleration of the red ball at 0.2s in cm/s^2?,diameter of the red ball = 7cm,"t=0.2s, distance_book_camera=1.0995m
t=0.6s, distance_book_camera=1.1510m
distance_person_left_camera=1.2750m
distance_person_right_camera=1.2305m",
2467,captured_0027,lab,S3SC,24,SS,What is the shoulder breadth of the person in cm?,diameter of the red ball = 7cm,"t=0.2s, distance_book_camera=1.0995m
t=0.6s, distance_book_camera=1.1510m
distance_person_left_camera=1.2750m
distance_person_right_camera=1.2305m",
2468,captured_0027s,lab,S3SS,24,SD,What is the velocity of the red ball at 0.2s in cm/s?,diameter of the red ball = 7cm,"t=0.2s, distance_book_camera=1.0995m
t=0.6s, distance_book_camera=1.1510m
distance_person_left_camera=1.2750m
distance_person_right_camera=1.2305m",
2469,captured_0027s,lab,S3SS,24,SD,What is the velocity of the red ball at 0.6s in cm/s?,diameter of the red ball = 7cm,"t=0.2s, distance_book_camera=1.0995m
t=0.6s, distance_book_camera=1.1510m
distance_person_left_camera=1.2750m
distance_person_right_camera=1.2305m",
2470,captured_0027s,lab,S3SS,24,SD,What is the acceleration of the red ball at 0.2s in cm/s^2?,diameter of the red ball = 7cm,"t=0.2s, distance_book_camera=1.0995m
t=0.6s, distance_book_camera=1.1510m
distance_person_left_camera=1.2750m
distance_person_right_camera=1.2305m",
2471,captured_0027x,lab,S3SX,24,SD,What is the velocity of the red ball at 0.2s in cm/s?,diameter of the red ball = 7cm,"t=0.2s, distance_book_camera=1.0995m
t=0.6s, distance_book_camera=1.1510m
distance_person_left_camera=1.2750m
distance_person_right_camera=1.2305m",
2472,captured_0027x,lab,S3SX,24,SD,What is the velocity of the red ball at 0.6s in cm/s?,diameter of the red ball = 7cm,"t=0.2s, distance_book_camera=1.0995m
t=0.6s, distance_book_camera=1.1510m
distance_person_left_camera=1.2750m
distance_person_right_camera=1.2305m",
2473,captured_0027x,lab,S3SX,24,SD,What is the acceleration of the red ball at 0.2s in cm/s^2?,diameter of the red ball = 7cm,"t=0.2s, distance_book_camera=1.0995m
t=0.6s, distance_book_camera=1.1510m
distance_person_left_camera=1.2750m
distance_person_right_camera=1.2305m",
2474,captured_0028,lab,S3SC,24,SD,What is the velocity of the ping pong ball at 1.0s in cm/s?,diameter of the ping pong ball = 40mm,"t=1.0s, distance_ball_camera=1.8050m
t=1.1s, distance_ball_camera=1.5570m
t=1.3s (max height), distance_ball_camera=1.4115m",
2475,captured_0028,lab,S3SC,24,SD,What is the velocity of the ping pong ball at 1.3s in cm/s?,diameter of the ping pong ball = 40mm,"t=1.0s, distance_ball_camera=1.8050m
t=1.1s, distance_ball_camera=1.5570m
t=1.3s (max height), distance_ball_camera=1.4115m",
2476,captured_0028,lab,S3SC,24,SD,What is the acceleration of the ping pong ball at 1.0s in cm/s^2?,diameter of the ping pong ball = 40mm,"t=1.0s, distance_ball_camera=1.8050m
t=1.1s, distance_ball_camera=1.5570m
t=1.3s (max height), distance_ball_camera=1.4115m",
2477,captured_0028,lab,S3SC,24,SD,What is the acceleration of the ping pong ball at 1.3s in cm/s^2?,diameter of the ping pong ball = 40mm,"t=1.0s, distance_ball_camera=1.8050m
t=1.1s, distance_ball_camera=1.5570m
t=1.3s (max height), distance_ball_camera=1.4115m",
2478,captured_0028,lab,S3SC,24,SS,What is the distance travelled by the ping pong ball between 1.1s and 1.3s in cm?,diameter of the ping pong ball = 40mm,"t=1.0s, distance_ball_camera=1.8050m
t=1.1s, distance_ball_camera=1.5570m
t=1.3s (max height), distance_ball_camera=1.4115m",
2479,captured_0028,lab,S3SC,24,SS,What is the maximum height reached by the ping pong ball in cm?,diameter of the ping pong ball = 40mm,"t=1.0s, distance_ball_camera=1.8050m
t=1.1s, distance_ball_camera=1.5570m
t=1.3s (max height), distance_ball_camera=1.4115m",
2480,captured_0028s,lab,S3SS,24,SD,What is the velocity of the ping pong ball at 1.0s in cm/s?,diameter of the ping pong ball = 40mm,"t=1.0s, distance_ball_camera=1.8050m
t=1.1s, distance_ball_camera=1.5570m
t=1.3s (max height), distance_ball_camera=1.4115m",
2481,captured_0028s,lab,S3SS,24,SD,What is the velocity of the ping pong ball at 1.3s in cm/s?,diameter of the ping pong ball = 40mm,"t=1.0s, distance_ball_camera=1.8050m
t=1.1s, distance_ball_camera=1.5570m
t=1.3s (max height), distance_ball_camera=1.4115m",
2482,captured_0028s,lab,S3SS,24,SD,What is the acceleration of the ping pong ball at 1.0s in cm/s^2?,diameter of the ping pong ball = 40mm,"t=1.0s, distance_ball_camera=1.8050m
t=1.1s, distance_ball_camera=1.5570m
t=1.3s (max height), distance_ball_camera=1.4115m",
2483,captured_0028s,lab,S3SS,24,SD,What is the acceleration of the ping pong ball at 1.3s in cm/s^2?,diameter of the ping pong ball = 40mm,"t=1.0s, distance_ball_camera=1.8050m
t=1.1s, distance_ball_camera=1.5570m
t=1.3s (max height), distance_ball_camera=1.4115m",
2484,captured_0028s,lab,S3SS,24,SS,What is the distance travelled by the ping pong ball between 1.1s and 1.3s in cm?,diameter of the ping pong ball = 40mm,"t=1.0s, distance_ball_camera=1.8050m
t=1.1s, distance_ball_camera=1.5570m
t=1.3s (max height), distance_ball_camera=1.4115m",
2485,captured_0028s,lab,S3SS,24,SS,What is the maximum height reached by the ping pong ball in cm?,diameter of the ping pong ball = 40mm,"t=1.0s, distance_ball_camera=1.8050m
t=1.1s, distance_ball_camera=1.5570m
t=1.3s (max height), distance_ball_camera=1.4115m",
2486,captured_0028x,lab,S3SX,24,SD,What is the velocity of the ping pong ball at 1.0s in cm/s?,diameter of the ping pong ball = 40mm,"t=1.0s, distance_ball_camera=1.8050m
t=1.1s, distance_ball_camera=1.5570m
t=1.3s (max height), distance_ball_camera=1.4115m",
2487,captured_0028x,lab,S3SX,24,SD,What is the velocity of the ping pong ball at 1.3s in cm/s?,diameter of the ping pong ball = 40mm,"t=1.0s, distance_ball_camera=1.8050m
t=1.1s, distance_ball_camera=1.5570m
t=1.3s (max height), distance_ball_camera=1.4115m",
2488,captured_0028x,lab,S3SX,24,SD,What is the acceleration of the ping pong ball at 1.0s in cm/s^2?,diameter of the ping pong ball = 40mm,"t=1.0s, distance_ball_camera=1.8050m
t=1.1s, distance_ball_camera=1.5570m
t=1.3s (max height), distance_ball_camera=1.4115m",
2489,captured_0028x,lab,S3SX,24,SD,What is the acceleration of the ping pong ball at 1.3s in cm/s^2?,diameter of the ping pong ball = 40mm,"t=1.0s, distance_ball_camera=1.8050m
t=1.1s, distance_ball_camera=1.5570m
t=1.3s (max height), distance_ball_camera=1.4115m",
2490,captured_0028x,lab,S3SX,24,SS,What is the distance travelled by the ping pong ball between 1.1s and 1.3s in cm?,diameter of the ping pong ball = 40mm,"t=1.0s, distance_ball_camera=1.8050m
t=1.1s, distance_ball_camera=1.5570m
t=1.3s (max height), distance_ball_camera=1.4115m",
2491,captured_0028x,lab,S3SX,24,SS,What is the maximum height reached by the ping pong ball in cm?,diameter of the ping pong ball = 40mm,"t=1.0s, distance_ball_camera=1.8050m
t=1.1s, distance_ball_camera=1.5570m
t=1.3s (max height), distance_ball_camera=1.4115m",
2492,captured_0029,lab,S3SC,24,SS,What is the long of the table in cm?,diameter of the tennis ball = 6.7cm,"t=1.00s, distance_ball_camera=0.901s
t=1.24s (hit whiteboard), distance_ball_camera=1.1440m
t=1.6s, distance_ball_camera=1.0270m",
2493,captured_0029,lab,S3SC,24,SS,What is the width of the table in cm?,diameter of the tennis ball = 6.7cm,"t=1.00s, distance_ball_camera=0.901s
t=1.24s (hit whiteboard), distance_ball_camera=1.1440m
t=1.6s, distance_ball_camera=1.0270m",
2494,captured_0029,lab,S3SC,24,SD,What is the velocity of the tennis ball at 1.0s in cm/s??,diameter of the tennis ball = 6.7cm,"t=1.00s, distance_ball_camera=0.901s
t=1.24s (hit whiteboard), distance_ball_camera=1.1440m
t=1.6s, distance_ball_camera=1.0270m",
2495,captured_0029,lab,S3SC,24,SD,What is the velocity of the tennis ball when it hits the whiteboard in cm/s?,diameter of the tennis ball = 6.7cm,"t=1.00s, distance_ball_camera=0.901s
t=1.24s (hit whiteboard), distance_ball_camera=1.1440m
t=1.6s, distance_ball_camera=1.0270m",
2496,captured_0029,lab,S3SC,24,SD,What is the velocity of the tennis ball at 1.6s in cm/s??,diameter of the tennis ball = 6.7cm,"t=1.00s, distance_ball_camera=0.901s
t=1.24s (hit whiteboard), distance_ball_camera=1.1440m
t=1.6s, distance_ball_camera=1.0270m",
2497,captured_0029,lab,S3SC,24,SS,What is the distance travelled by the tennis ball when it hits the whiteboard in cm?,diameter of the tennis ball = 6.7cm,"t=1.00s, distance_ball_camera=0.901s
t=1.24s (hit whiteboard), distance_ball_camera=1.1440m
t=1.6s, distance_ball_camera=1.0270m",
2498,captured_0029s,lab,S3SS,24,SS,What is the length of the table in cm?,diameter of the tennis ball = 6.7cm,"t=1.00s, distance_ball_camera=0.901s
t=1.24s (hit whiteboard), distance_ball_camera=1.1440m
t=1.6s, distance_ball_camera=1.0270m",
2499,captured_0029s,lab,S3SS,24,SS,What is the width of the table in cm?,diameter of the tennis ball = 6.7cm,"t=1.00s, distance_ball_camera=0.901s
t=1.24s (hit whiteboard), distance_ball_camera=1.1440m
t=1.6s, distance_ball_camera=1.0270m",
2500,captured_0029s,lab,S3SS,24,SD,What is the velocity of the tennis ball at 1.0s in cm/s??,diameter of the tennis ball = 6.7cm,"t=1.00s, distance_ball_camera=0.901s
t=1.24s (hit whiteboard), distance_ball_camera=1.1440m
t=1.6s, distance_ball_camera=1.0270m",
2501,captured_0029s,lab,S3SS,24,SD,What is the velocity of the tennis ball at 1.6s in cm/s??,diameter of the tennis ball = 6.7cm,"t=1.00s, distance_ball_camera=0.901s
t=1.24s (hit whiteboard), distance_ball_camera=1.1440m
t=1.6s, distance_ball_camera=1.0270m",
2502,captured_0029s,lab,S3SS,24,SS,What is the distance travelled by the tennis ball when it hits the whiteboard in cm?,diameter of the tennis ball = 6.7cm,"t=1.00s, distance_ball_camera=0.901s
t=1.24s (hit whiteboard), distance_ball_camera=1.1440m
t=1.6s, distance_ball_camera=1.0270m",
2503,captured_0029x,lab,S3SX,24,SS,What is the length of the table in cm?,diameter of the tennis ball = 6.7cm,"t=1.00s, distance_ball_camera=0.901s
t=1.24s (hit whiteboard), distance_ball_camera=1.1440m
t=1.6s, distance_ball_camera=1.0270m",
2504,captured_0029x,lab,S3SX,24,SS,What is the width of the table in cm?,diameter of the tennis ball = 6.7cm,"t=1.00s, distance_ball_camera=0.901s
t=1.24s (hit whiteboard), distance_ball_camera=1.1440m
t=1.6s, distance_ball_camera=1.0270m",
2505,captured_0029x,lab,S3SX,24,SD,What is the velocity of the tennis ball at 1.0s in cm/s??,diameter of the tennis ball = 6.7cm,"t=1.00s, distance_ball_camera=0.901s
t=1.24s (hit whiteboard), distance_ball_camera=1.1440m
t=1.6s, distance_ball_camera=1.0270m",
2506,captured_0029x,lab,S3SX,24,SD,What is the velocity of the tennis ball at 1.6s in cm/s??,diameter of the tennis ball = 6.7cm,"t=1.00s, distance_ball_camera=0.901s
t=1.24s (hit whiteboard), distance_ball_camera=1.1440m
t=1.6s, distance_ball_camera=1.0270m",
2507,captured_0029x,lab,S3SX,24,SS,What is the distance travelled by the tennis ball when it hits the whiteboard in cm?,diameter of the tennis ball = 6.7cm,"t=1.00s, distance_ball_camera=0.901s
t=1.24s (hit whiteboard), distance_ball_camera=1.1440m
t=1.6s, distance_ball_camera=1.0270m",
2508,captured_0030,lab,S3SC,24,SD,What is the velocity of the red ball at 0.2s in cm/s?,diameter of the red ball = 7cm,"t=0.2s, distance_ball_camera=0.8715s
t=0.4s, distance_ball_camera=1.1660m
t=0.6s, distance_ball_camera=1.3720m
t=0.8s, distance_ball_camera=1.3150m",
2509,captured_0030,lab,S3SC,24,SD,What is the velocity of the red ball at 0.4s in cm/s?,diameter of the red ball = 7cm,"t=0.2s, distance_ball_camera=0.8715s
t=0.4s, distance_ball_camera=1.1660m
t=0.6s, distance_ball_camera=1.3720m
t=0.8s, distance_ball_camera=1.3150m",
2510,captured_0030,lab,S3SC,24,SD,What is the velocity of the red ball at 0.6s in cm/s?,diameter of the red ball = 7cm,"t=0.2s, distance_ball_camera=0.8715s
t=0.4s, distance_ball_camera=1.1660m
t=0.6s, distance_ball_camera=1.3720m
t=0.8s, distance_ball_camera=1.3150m",
2511,captured_0030,lab,S3SC,24,SD,What is the velocity of the red ball at 0.8s in cm/s?,diameter of the red ball = 7cm,"t=0.2s, distance_ball_camera=0.8715s
t=0.4s, distance_ball_camera=1.1660m
t=0.6s, distance_ball_camera=1.3720m
t=0.8s, distance_ball_camera=1.3150m",
2512,captured_0030s,lab,S3SS,24,SD,What is the velocity of the red ball at 0.2s in cm/s?,diameter of the red ball = 7cm,"t=0.2s, distance_ball_camera=0.8715s
t=0.4s, distance_ball_camera=1.1660m
t=0.6s, distance_ball_camera=1.3720m
t=0.8s, distance_ball_camera=1.3150m",
2513,captured_0030s,lab,S3SS,24,SD,What is the velocity of the red ball at 0.4s in cm/s?,diameter of the red ball = 7cm,"t=0.2s, distance_ball_camera=0.8715s
t=0.4s, distance_ball_camera=1.1660m
t=0.6s, distance_ball_camera=1.3720m
t=0.8s, distance_ball_camera=1.3150m",
2514,captured_0030s,lab,S3SS,24,SD,What is the velocity of the red ball at 0.6s in cm/s?,diameter of the red ball = 7cm,"t=0.2s, distance_ball_camera=0.8715s
t=0.4s, distance_ball_camera=1.1660m
t=0.6s, distance_ball_camera=1.3720m
t=0.8s, distance_ball_camera=1.3150m",
2515,captured_0030s,lab,S3SS,24,SD,What is the velocity of the red ball at 0.8s in cm/s?,diameter of the red ball = 7cm,"t=0.2s, distance_ball_camera=0.8715s
t=0.4s, distance_ball_camera=1.1660m
t=0.6s, distance_ball_camera=1.3720m
t=0.8s, distance_ball_camera=1.3150m",
2516,captured_0030x,lab,S3SX,24,SD,What is the velocity of the red ball at 0.2s in cm/s?,diameter of the red ball = 7cm,"t=0.2s, distance_ball_camera=0.8715s
t=0.4s, distance_ball_camera=1.1660m
t=0.6s, distance_ball_camera=1.3720m
t=0.8s, distance_ball_camera=1.3150m",
2517,captured_0030x,lab,S3SX,24,SD,What is the velocity of the red ball at 0.4s in cm/s?,diameter of the red ball = 7cm,"t=0.2s, distance_ball_camera=0.8715s
t=0.4s, distance_ball_camera=1.1660m
t=0.6s, distance_ball_camera=1.3720m
t=0.8s, distance_ball_camera=1.3150m",
2518,captured_0030x,lab,S3SX,24,SD,What is the velocity of the red ball at 0.6s in cm/s?,diameter of the red ball = 7cm,"t=0.2s, distance_ball_camera=0.8715s
t=0.4s, distance_ball_camera=1.1660m
t=0.6s, distance_ball_camera=1.3720m
t=0.8s, distance_ball_camera=1.3150m",
2519,captured_0030x,lab,S3SX,24,SD,What is the velocity of the red ball at 0.8s in cm/s?,diameter of the red ball = 7cm,"t=0.2s, distance_ball_camera=0.8715s
t=0.4s, distance_ball_camera=1.1660m
t=0.6s, distance_ball_camera=1.3720m
t=0.8s, distance_ball_camera=1.3150m",
2520,captured_0031,lab,S3MC,24,SS,What is the diameter of the white ball in cm?,diameter of the tennis ball = 6.7cm,"t=1.6s, distance_tennis_ball_camera = 1.1900m
t=1.6s, distance_white_ball_camera = 0.9940m",
2521,captured_0031,lab,S3MC,24,SS,What is the width of the table in cm?,diameter of the tennis ball = 6.7cm,"t=1.6s, distance_tennis_ball_camera = 1.1900m
t=1.6s, distance_white_ball_camera = 0.9940m",
2522,captured_0031,lab,S3MC,24,SS,What is the length of the table in cm?,diameter of the tennis ball = 6.7cm,"t=1.6s, distance_tennis_ball_camera = 1.1900m
t=1.6s, distance_white_ball_camera = 0.9940m",
2523,captured_0031,lab,S3MC,24,SD,What is the velocity of the tennis ball at 1.6s in cm/s?,diameter of the tennis ball = 6.7cm,"t=1.6s, distance_tennis_ball_camera = 1.1900m
t=1.6s, distance_white_ball_camera = 0.9940m",
2524,captured_0031,lab,S3MC,24,SD,What is the velocity of the white ball at 1.6s in cm/s?,diameter of the tennis ball = 6.7cm,"t=1.6s, distance_tennis_ball_camera = 1.1900m
t=1.6s, distance_white_ball_camera = 0.9940m",
2525,captured_0031,lab,S3MC,24,SS,What is the distance between the ping pong ball and the tennis ball at 1.6s in cm?,diameter of the tennis ball = 6.7cm,"t=1.6s, distance_tennis_ball_camera = 1.1900m
t=1.6s, distance_white_ball_camera = 0.9940m",
2526,captured_0031s,lab,S3MS,24,SS,What is the diameter of the white ball in cm?,diameter of the tennis ball = 6.7cm,"t=1.6s, distance_tennis_ball_camera = 1.1900m
t=1.6s, distance_white_ball_camera = 0.9940m",
2527,captured_0031s,lab,S3MS,24,SS,What is the width of the table in cm?,diameter of the tennis ball = 6.7cm,"t=1.6s, distance_tennis_ball_camera = 1.1900m
t=1.6s, distance_white_ball_camera = 0.9940m",
2528,captured_0031s,lab,S3MS,24,SS,What is the length of the table in cm?,diameter of the tennis ball = 6.7cm,"t=1.6s, distance_tennis_ball_camera = 1.1900m
t=1.6s, distance_white_ball_camera = 0.9940m",
2529,captured_0031s,lab,S3MS,24,SD,What is the velocity of the tennis ball at 1.6s in cm/s?,diameter of the tennis ball = 6.7cm,"t=1.6s, distance_tennis_ball_camera = 1.1900m
t=1.6s, distance_white_ball_camera = 0.9940m",
2530,captured_0031s,lab,S3MS,24,SD,What is the velocity of the white ball at 1.6s in cm/s?,diameter of the tennis ball = 6.7cm,"t=1.6s, distance_tennis_ball_camera = 1.1900m
t=1.6s, distance_white_ball_camera = 0.9940m",
2531,captured_0031s,lab,S3MS,24,SS,What is the distance between the white ball and the tennis ball at 1.6s in cm?,diameter of the tennis ball = 6.7cm,"t=1.6s, distance_tennis_ball_camera = 1.1900m
t=1.6s, distance_white_ball_camera = 0.9940m",
2532,captured_0031x,lab,S3MX,24,SS,What is the diameter of the white ball in cm?,diameter of the tennis ball = 6.7cm,"t=1.6s, distance_tennis_ball_camera = 1.1900m
t=1.6s, distance_white_ball_camera = 0.9940m",
2533,captured_0031x,lab,S3MX,24,SS,What is the width of the table in cm?,diameter of the tennis ball = 6.7cm,"t=1.6s, distance_tennis_ball_camera = 1.1900m
t=1.6s, distance_white_ball_camera = 0.9940m",
2534,captured_0031x,lab,S3MX,24,SD,What is the velocity of the tennis ball at 1.6s in cm/s?,diameter of the tennis ball = 6.7cm,"t=1.6s, distance_tennis_ball_camera = 1.1900m
t=1.6s, distance_white_ball_camera = 0.9940m",
2535,captured_0031x,lab,S3MX,24,SD,What is the velocity of the white ball at 1.6s in cm/s?,diameter of the tennis ball = 6.7cm,"t=1.6s, distance_tennis_ball_camera = 1.1900m
t=1.6s, distance_white_ball_camera = 0.9940m",
2536,captured_0031x,lab,S3MX,24,SS,What is the distance between the white ball and the tennis ball at 1.6s in cm?,diameter of the tennis ball = 6.7cm,"t=1.6s, distance_tennis_ball_camera = 1.1900m
t=1.6s, distance_ping_pong_ball_camera = 0.9940m",
2537,captured_0032,lab,S3MC,24,SS,What is the velocity of the white ball at 1.6s in cm/s?,diameter of the tennis ball = 6.7cm,"t=1.5s, distance_tennis_ball_camera = 1.1830m
t=1.5s, distance_ping_pong_ball_camera = 1.3530m",
2538,captured_0032,lab,S3MC,24,SS,What is the width of the table in cm?,diameter of the tennis ball = 6.7cm,"t=1.5s, distance_tennis_ball_camera = 1.1830m
t=1.5s, distance_ping_pong_ball_camera = 1.3530m",
2539,captured_0032,lab,S3MC,24,SS,What is the length of the table in cm?,diameter of the tennis ball = 6.7cm,"t=1.5s, distance_tennis_ball_camera = 1.1830m
t=1.5s, distance_ping_pong_ball_camera = 1.3530m",
2540,captured_0032,lab,S3MC,24,SD,What is the velocity of the tennis ball at 1.5s in cm/s?,diameter of the tennis ball = 6.7cm,"t=1.5s, distance_tennis_ball_camera = 1.1830m
t=1.5s, distance_ping_pong_ball_camera = 1.3530m",
2541,captured_0032,lab,S3MC,24,SD,What is the velocity of the white ball at 1.5s in cm/s?,diameter of the tennis ball = 6.7cm,"t=1.5s, distance_tennis_ball_camera = 1.1830m
t=1.5s, distance_ping_pong_ball_camera = 1.3530m",
2542,captured_0032,lab,S3MC,24,SS,What is the distance between the white ball and the tennis ball at 1.5s in cm?,diameter of the tennis ball = 6.7cm,"t=1.5s, distance_tennis_ball_camera = 1.1830m
t=1.5s, distance_ping_pong_ball_camera = 1.3530m",
2543,captured_0032s,lab,S3MS,24,SS,What is the diameter of the white ball in cm?,diameter of the tennis ball = 6.7cm,"t=1.5s, distance_tennis_ball_camera = 1.1830m
t=1.5s, distance_ping_pong_ball_camera = 1.3530m",
2544,captured_0032s,lab,S3MS,24,SS,What is the width of the table in cm?,diameter of the tennis ball = 6.7cm,"t=1.5s, distance_tennis_ball_camera = 1.1830m
t=1.5s, distance_ping_pong_ball_camera = 1.3530m",
2545,captured_0032s,lab,S3MS,24,SS,What is the length of the table in cm?,diameter of the tennis ball = 6.7cm,"t=1.5s, distance_tennis_ball_camera = 1.1830m
t=1.5s, distance_ping_pong_ball_camera = 1.3530m",
2546,captured_0032s,lab,S3MS,24,SD,What is the velocity of the tennis ball at 1.5s in cm/s?,diameter of the tennis ball = 6.7cm,"t=1.5s, distance_tennis_ball_camera = 1.1830m
t=1.5s, distance_ping_pong_ball_camera = 1.3530m",
2547,captured_0032s,lab,S3MS,24,SD,What is the velocity of the white ball at 1.5s in cm/s?,diameter of the tennis ball = 6.7cm,"t=1.5s, distance_tennis_ball_camera = 1.1830m
t=1.5s, distance_ping_pong_ball_camera = 1.3530m",
2548,captured_0032s,lab,S3MS,24,SS,What is the distance between the white ball and the tennis ball at 1.5s in cm?,diameter of the tennis ball = 6.7cm,"t=1.5s, distance_tennis_ball_camera = 1.1830m
t=1.5s, distance_ping_pong_ball_camera = 1.3530m",
2549,captured_0032x,lab,S3MX,24,SS,What is the diameter of the white ball in cm?,diameter of the tennis ball = 6.7cm,"t=1.5s, distance_tennis_ball_camera = 1.1830m
t=1.5s, distance_ping_pong_ball_camera = 1.3530m",
2550,captured_0032x,lab,S3MX,24,SS,What is the width of the table in cm?,diameter of the tennis ball = 6.7cm,"t=1.5s, distance_tennis_ball_camera = 1.1830m
t=1.5s, distance_ping_pong_ball_camera = 1.3530m",
2551,captured_0032x,lab,S3MX,24,SS,What is the length of the table in cm?,diameter of the tennis ball = 6.7cm,"t=1.5s, distance_tennis_ball_camera = 1.1830m
t=1.5s, distance_ping_pong_ball_camera = 1.3530m",
2552,captured_0032x,lab,S3MX,24,SD,What is the velocity of the tennis ball at 1.5s in cm/s?,diameter of the tennis ball = 6.7cm,"t=1.5s, distance_tennis_ball_camera = 1.1830m
t=1.5s, distance_ping_pong_ball_camera = 1.3530m",
2553,captured_0032x,lab,S3MX,24,SD,What is the velocity of the white ball at 1.5s in cm/s?,diameter of the tennis ball = 6.7cm,"t=1.5s, distance_tennis_ball_camera = 1.1830m
t=1.5s, distance_ping_pong_ball_camera = 1.3530m",
2554,captured_0032x,lab,S3MX,24,SS,What is the distance between the white ball and the tennis ball at 1.5s in cm?,diameter of the tennis ball = 6.7cm,"t=1.5s, distance_tennis_ball_camera = 1.1830m
t=1.5s, distance_ping_pong_ball_camera = 1.3530m",
2555,captured_0033,lab,S3SC,24,SD,What is the velocity of the ping pong ball at 0.5s in cm/s?,diameter of the ping pong ball = 40mm,"t=0.9s, distance_ping_pong_ball_camera = 1.4570m
t=1.4s, distance_ping_pong_ball_camera = 0.7380m",
2556,captured_0033,lab,S3SC,24,SD,What is the velocity of the ping pong ball at 1.4s in cm/s?,diameter of the ping pong ball = 40mm,"t=0.9s, distance_ping_pong_ball_camera = 1.4570m
t=1.4s, distance_ping_pong_ball_camera = 0.7380m",
2557,captured_0033,lab,S3SC,24,SD,What is the velocity of the ping pong ball at 1.5s in cm/s?,diameter of the ping pong ball = 40mm,"t=0.9s, distance_ping_pong_ball_camera = 1.4570m
t=1.4s, distance_ping_pong_ball_camera = 0.7380m",
2558,captured_0033s,lab,S3SS,24,SD,What is the velocity of the ping pong ball at 0.5s in cm/s?,diameter of the ping pong ball = 40mm,"t=0.9s, distance_ping_pong_ball_camera = 1.4570m
t=1.4s, distance_ping_pong_ball_camera = 0.7380m",
2559,captured_0033s,lab,S3SS,24,SD,What is the velocity of the ping pong ball at 1.4s in cm/s?,diameter of the ping pong ball = 40mm,"t=0.9s, distance_ping_pong_ball_camera = 1.4570m
t=1.4s, distance_ping_pong_ball_camera = 0.7380m",
2560,captured_0033s,lab,S3SS,24,SD,What is the velocity of the ping pong ball at 1.5s in cm/s?,diameter of the ping pong ball = 40mm,"t=0.9s, distance_ping_pong_ball_camera = 1.4570m
t=1.4s, distance_ping_pong_ball_camera = 0.7380m",
2561,captured_0033x,lab,S3SX,24,SD,What is the velocity of the ping pong ball at 0.5s in cm/s?,diameter of the ping pong ball = 40mm,"t=0.9s, distance_ping_pong_ball_camera = 1.4570m
t=1.4s, distance_ping_pong_ball_camera = 0.7380m",
2562,captured_0033x,lab,S3SX,24,SD,What is the velocity of the ping pong ball at 1.4s in cm/s?,diameter of the ping pong ball = 40mm,"t=0.9s, distance_ping_pong_ball_camera = 1.4570m
t=1.4s, distance_ping_pong_ball_camera = 0.7380m",
2563,captured_0033x,lab,S3SX,24,SD,What is the velocity of the ping pong ball at 1.5s in cm/s?,diameter of the ping pong ball = 40mm,"t=0.9s, distance_ping_pong_ball_camera = 1.4570m
t=1.4s, distance_ping_pong_ball_camera = 0.7380m",
2564,captured_0034a,lab,S3MC,24,SD,What is the velocity of the left tennis ball at 1.2s in cm/s?,diameter of the tennis ball = 6.7cm,"t=1.2s, distance_right_tennis_ball_camera = 0.7760m
t=1.2s, distance_left_tennis_ball_camera = 0.7060m
distance_pencil_bag_camera = 1.0500m
distance_soccer_ball_camera = 0.8940m",
2565,captured_0034a,lab,S3MC,24,SD,What is the velocity of the right tennis ball at 1.2s in cm/s?,diameter of the tennis ball = 6.7cm,"t=1.2s, distance_right_tennis_ball_camera = 0.7760m
t=1.2s, distance_left_tennis_ball_camera = 0.7060m
distance_pencil_bag_camera = 1.0500m
distance_soccer_ball_camera = 0.8940m",
2566,captured_0034a,lab,S3MC,24,SS,What is the height of the pencil bag in cm?,diameter of the tennis ball = 6.7cm,"t=1.2s, distance_right_tennis_ball_camera = 0.7760m
t=1.2s, distance_left_tennis_ball_camera = 0.7060m
distance_pencil_bag_camera = 1.0500m
distance_soccer_ball_camera = 0.8940m",
2567,captured_0034a,lab,S3MC,24,SS,What is the length of the pencil bag in cm?,diameter of the tennis ball = 6.7cm,"t=1.2s, distance_right_tennis_ball_camera = 0.7760m
t=1.2s, distance_left_tennis_ball_camera = 0.7060m
distance_pencil_bag_camera = 1.0500m
distance_soccer_ball_camera = 0.8940m",
2568,captured_0034a,lab,S3MC,24,SS,What is the diameter of the soccer ball in cm?,diameter of the tennis ball = 6.7cm,"t=1.2s, distance_right_tennis_ball_camera = 0.7760m
t=1.2s, distance_left_tennis_ball_camera = 0.7060m
distance_pencil_bag_camera = 1.0500m
distance_soccer_ball_camera = 0.8940m",
2569,captured_0034a,lab,S3MC,24,SD,What is the velocity of the left tennis ball at 1.3s in cm/s?,diameter of the tennis ball = 6.7cm,"t=1.2s, distance_right_tennis_ball_camera = 0.7760m
t=1.2s, distance_left_tennis_ball_camera = 0.7060m
distance_pencil_bag_camera = 1.0500m
distance_soccer_ball_camera = 0.8940m",
2570,captured_0034a,lab,S3MC,24,SD,What is the velocity of the right tennis ball at 1.3s in cm/s?,diameter of the tennis ball = 6.7cm,"t=1.2s, distance_right_tennis_ball_camera = 0.7760m
t=1.2s, distance_left_tennis_ball_camera = 0.7060m
distance_pencil_bag_camera = 1.0500m
distance_soccer_ball_camera = 0.8940m",
2571,captured_0034a,lab,S3MC,24,SS,What is the total distance traveled by the left tennis ball in cm?,diameter of the tennis ball = 6.7cm,"t=1.2s, distance_right_tennis_ball_camera = 0.7760m
t=1.2s, distance_left_tennis_ball_camera = 0.7060m
distance_pencil_bag_camera = 1.0500m
distance_soccer_ball_camera = 0.8940m",
2572,captured_0034a,lab,S3MC,24,SS,What is the total distance traveled by the right tennis ball in cm?,diameter of the tennis ball = 6.7cm,"t=1.2s, distance_right_tennis_ball_camera = 0.7760m
t=1.2s, distance_left_tennis_ball_camera = 0.7060m
distance_pencil_bag_camera = 1.0500m
distance_soccer_ball_camera = 0.8940m",
2573,captured_0034as,lab,S3MS,24,SD,What is the velocity of the left tennis ball at 1.2s in cm/s?,diameter of the tennis ball = 6.7cm,"t=1.2s, distance_right_tennis_ball_camera = 0.7760m
t=1.2s, distance_left_tennis_ball_camera = 0.7060m
distance_pencil_bag_camera = 1.0500m
distance_soccer_ball_camera = 0.8940m",
2574,captured_0034as,lab,S3MS,24,SD,What is the velocity of the right tennis ball at 1.2s in cm/s?,diameter of the tennis ball = 6.7cm,"t=1.2s, distance_right_tennis_ball_camera = 0.7760m
t=1.2s, distance_left_tennis_ball_camera = 0.7060m
distance_pencil_bag_camera = 1.0500m
distance_soccer_ball_camera = 0.8940m",
2575,captured_0034as,lab,S3MS,24,SS,What is the height of the pencil bag in cm?,diameter of the tennis ball = 6.7cm,"t=1.2s, distance_right_tennis_ball_camera = 0.7760m
t=1.2s, distance_left_tennis_ball_camera = 0.7060m
distance_pencil_bag_camera = 1.0500m
distance_soccer_ball_camera = 0.8940m",
2576,captured_0034as,lab,S3MS,24,SS,What is the length of the pencil bag in cm?,diameter of the tennis ball = 6.7cm,"t=1.2s, distance_right_tennis_ball_camera = 0.7760m
t=1.2s, distance_left_tennis_ball_camera = 0.7060m
distance_pencil_bag_camera = 1.0500m
distance_soccer_ball_camera = 0.8940m",
2577,captured_0034as,lab,S3MS,24,SS,What is the diameter of the soccer ball in cm?,diameter of the tennis ball = 6.7cm,"t=1.2s, distance_right_tennis_ball_camera = 0.7760m
t=1.2s, distance_left_tennis_ball_camera = 0.7060m
distance_pencil_bag_camera = 1.0500m
distance_soccer_ball_camera = 0.8940m",
2578,captured_0034as,lab,S3MS,24,SD,What is the velocity of the left tennis ball at 1.3s in cm/s?,diameter of the tennis ball = 6.7cm,"t=1.2s, distance_right_tennis_ball_camera = 0.7760m
t=1.2s, distance_left_tennis_ball_camera = 0.7060m
distance_pencil_bag_camera = 1.0500m
distance_soccer_ball_camera = 0.8940m",
2579,captured_0034as,lab,S3MS,24,SD,What is the velocity of the right tennis ball at 1.3s in cm/s?,diameter of the tennis ball = 6.7cm,"t=1.2s, distance_right_tennis_ball_camera = 0.7760m
t=1.2s, distance_left_tennis_ball_camera = 0.7060m
distance_pencil_bag_camera = 1.0500m
distance_soccer_ball_camera = 0.8940m",
2580,captured_0034as,lab,S3MS,24,SS,What is the total distance traveled by the left tennis ball in cm?,diameter of the tennis ball = 6.7cm,"t=1.2s, distance_right_tennis_ball_camera = 0.7760m
t=1.2s, distance_left_tennis_ball_camera = 0.7060m
distance_pencil_bag_camera = 1.0500m
distance_soccer_ball_camera = 0.8940m",
2581,captured_0034as,lab,S3MS,24,SS,What is the total distance traveled by the right tennis ball in cm?,diameter of the tennis ball = 6.7cm,"t=1.2s, distance_right_tennis_ball_camera = 0.7760m
t=1.2s, distance_left_tennis_ball_camera = 0.7060m
distance_pencil_bag_camera = 1.0500m
distance_soccer_ball_camera = 0.8940m",
2582,captured_0034ax,lab,S3MX,24,SD,What is the velocity of the left tennis ball at 1.2s in cm/s?,diameter of the tennis ball = 6.7cm,"t=1.2s, distance_right_tennis_ball_camera = 0.7760m
t=1.2s, distance_left_tennis_ball_camera = 0.7060m
distance_pencil_bag_camera = 1.0500m
distance_soccer_ball_camera = 0.8940m",
2583,captured_0034ax,lab,S3MX,24,SD,What is the velocity of the right tennis ball at 1.2s in cm/s?,diameter of the tennis ball = 6.7cm,"t=1.2s, distance_right_tennis_ball_camera = 0.7760m
t=1.2s, distance_left_tennis_ball_camera = 0.7060m
distance_pencil_bag_camera = 1.0500m
distance_soccer_ball_camera = 0.8940m",
2584,captured_0034ax,lab,S3MX,24,SS,What is the height of the pencil bag in cm?,diameter of the tennis ball = 6.7cm,"t=1.2s, distance_right_tennis_ball_camera = 0.7760m
t=1.2s, distance_left_tennis_ball_camera = 0.7060m
distance_pencil_bag_camera = 1.0500m
distance_soccer_ball_camera = 0.8940m",
2585,captured_0034ax,lab,S3MX,24,SS,What is the length of the pencil bag in cm?,diameter of the tennis ball = 6.7cm,"t=1.2s, distance_right_tennis_ball_camera = 0.7760m
t=1.2s, distance_left_tennis_ball_camera = 0.7060m
distance_pencil_bag_camera = 1.0500m
distance_soccer_ball_camera = 0.8940m",
2586,captured_0034ax,lab,S3MX,24,SS,What is the diameter of the soccer ball in cm?,diameter of the tennis ball = 6.7cm,"t=1.2s, distance_right_tennis_ball_camera = 0.7760m
t=1.2s, distance_left_tennis_ball_camera = 0.7060m
distance_pencil_bag_camera = 1.0500m
distance_soccer_ball_camera = 0.8940m",
2587,captured_0034ax,lab,S3MX,24,SD,What is the velocity of the left tennis ball at 1.3s in cm/s?,diameter of the tennis ball = 6.7cm,"t=1.2s, distance_right_tennis_ball_camera = 0.7760m
t=1.2s, distance_left_tennis_ball_camera = 0.7060m
distance_pencil_bag_camera = 1.0500m
distance_soccer_ball_camera = 0.8940m",
2588,captured_0034ax,lab,S3MX,24,SD,What is the velocity of the right tennis ball at 1.3s in cm/s?,diameter of the tennis ball = 6.7cm,"t=1.2s, distance_right_tennis_ball_camera = 0.7760m
t=1.2s, distance_left_tennis_ball_camera = 0.7060m
distance_pencil_bag_camera = 1.0500m
distance_soccer_ball_camera = 0.8940m",
2589,captured_0034ax,lab,S3MX,24,SS,What is the total distance traveled by the left tennis ball in cm?,diameter of the tennis ball = 6.7cm,"t=1.2s, distance_right_tennis_ball_camera = 0.7760m
t=1.2s, distance_left_tennis_ball_camera = 0.7060m
distance_pencil_bag_camera = 1.0500m
distance_soccer_ball_camera = 0.8940m",
2590,captured_0034ax,lab,S3MX,24,SS,What is the total distance traveled by the right tennis ball in cm?,diameter of the tennis ball = 6.7cm,"t=1.2s, distance_right_tennis_ball_camera = 0.7760m
t=1.2s, distance_left_tennis_ball_camera = 0.7060m
distance_pencil_bag_camera = 1.0500m
distance_soccer_ball_camera = 0.8940m",
2591,captured_0034b,lab,S3MC,24,SD,What is the velocity of the left tennis ball at 1.2s in cm/s?,diameter of the tennis ball = 6.7cm,"t=1.2s, distance_right_tennis_ball_camera = 0.7760m
t=1.2s, distance_left_tennis_ball_camera = 0.7060m
distance_pencil_bag_camera = 1.0500m
distance_soccer_ball_camera = 0.8940m",
2592,captured_0034b,lab,S3MC,24,SD,What is the velocity of the right tennis ball at 1.2s in cm/s?,diameter of the tennis ball = 6.7cm,"t=1.2s, distance_right_tennis_ball_camera = 0.7760m
t=1.2s, distance_left_tennis_ball_camera = 0.7060m
distance_pencil_bag_camera = 1.0500m
distance_soccer_ball_camera = 0.8940m",
2593,captured_0034b,lab,S3MC,24,SS,What is the height of the pencil bag in cm?,diameter of the tennis ball = 6.7cm,"t=1.2s, distance_right_tennis_ball_camera = 0.7760m
t=1.2s, distance_left_tennis_ball_camera = 0.7060m
distance_pencil_bag_camera = 1.0500m
distance_soccer_ball_camera = 0.8940m",
2594,captured_0034b,lab,S3MC,24,SS,What is the length of the pencil bag in cm?,diameter of the tennis ball = 6.7cm,"t=1.2s, distance_right_tennis_ball_camera = 0.7760m
t=1.2s, distance_left_tennis_ball_camera = 0.7060m
distance_pencil_bag_camera = 1.0500m
distance_soccer_ball_camera = 0.8940m",
2595,captured_0034b,lab,S3MC,24,SS,What is the diameter of the soccer ball in cm?,diameter of the tennis ball = 6.7cm,"t=1.2s, distance_right_tennis_ball_camera = 0.7760m
t=1.2s, distance_left_tennis_ball_camera = 0.7060m
distance_pencil_bag_camera = 1.0500m
distance_soccer_ball_camera = 0.8940m",
2596,captured_0034b,lab,S3MC,24,SS,What is the total distance traveled by the left tennis ball in cm?,diameter of the tennis ball = 6.7cm,"t=1.2s, distance_right_tennis_ball_camera = 0.7760m
t=1.2s, distance_left_tennis_ball_camera = 0.7060m
distance_pencil_bag_camera = 1.0500m
distance_soccer_ball_camera = 0.8940m",
2597,captured_0034b,lab,S3MC,24,SS,What is the total distance traveled by the right tennis ball in cm?,diameter of the tennis ball = 6.7cm,"t=1.2s, distance_right_tennis_ball_camera = 0.7760m
t=1.2s, distance_left_tennis_ball_camera = 0.7060m
distance_pencil_bag_camera = 1.0500m
distance_soccer_ball_camera = 0.8940m",
2598,captured_0034bs,lab,S3MS,24,SD,What is the velocity of the left tennis ball at 1.2s in cm/s?,diameter of the tennis ball = 6.7cm,"t=1.2s, distance_right_tennis_ball_camera = 0.7760m
t=1.2s, distance_left_tennis_ball_camera = 0.7060m
distance_pencil_bag_camera = 1.0500m
distance_soccer_ball_camera = 0.8940m",
2599,captured_0034bs,lab,S3MS,24,SD,What is the velocity of the right tennis ball at 1.2s in cm/s?,diameter of the tennis ball = 6.7cm,"t=1.2s, distance_right_tennis_ball_camera = 0.7760m
t=1.2s, distance_left_tennis_ball_camera = 0.7060m
distance_pencil_bag_camera = 1.0500m
distance_soccer_ball_camera = 0.8940m",
2600,captured_0034bs,lab,S3MS,24,SS,What is the height of the pencil bag in cm?,diameter of the tennis ball = 6.7cm,"t=1.2s, distance_right_tennis_ball_camera = 0.7760m
t=1.2s, distance_left_tennis_ball_camera = 0.7060m
distance_pencil_bag_camera = 1.0500m
distance_soccer_ball_camera = 0.8940m",
2601,captured_0034bs,lab,S3MS,24,SS,What is the length of the pencil bag in cm?,diameter of the tennis ball = 6.7cm,"t=1.2s, distance_right_tennis_ball_camera = 0.7760m
t=1.2s, distance_left_tennis_ball_camera = 0.7060m
distance_pencil_bag_camera = 1.0500m
distance_soccer_ball_camera = 0.8940m",
2602,captured_0034bs,lab,S3MS,24,SS,What is the diameter of the soccer ball in cm?,diameter of the tennis ball = 6.7cm,"t=1.2s, distance_right_tennis_ball_camera = 0.7760m
t=1.2s, distance_left_tennis_ball_camera = 0.7060m
distance_pencil_bag_camera = 1.0500m
distance_soccer_ball_camera = 0.8940m",
2603,captured_0034bs,lab,S3MS,24,SS,What is the total distance traveled by the left tennis ball in cm?,diameter of the tennis ball = 6.7cm,"t=1.2s, distance_right_tennis_ball_camera = 0.7760m
t=1.2s, distance_left_tennis_ball_camera = 0.7060m
distance_pencil_bag_camera = 1.0500m
distance_soccer_ball_camera = 0.8940m",
2604,captured_0034bs,lab,S3MS,24,SS,What is the total distance traveled by the right tennis ball in cm?,diameter of the tennis ball = 6.7cm,"t=1.2s, distance_right_tennis_ball_camera = 0.7760m
t=1.2s, distance_left_tennis_ball_camera = 0.7060m
distance_pencil_bag_camera = 1.0500m
distance_soccer_ball_camera = 0.8940m",
2605,captured_0034bx,lab,S3MX,24,SD,What is the velocity of the left tennis ball at 1.2s in cm/s?,diameter of the tennis ball = 6.7cm,"t=1.2s, distance_right_tennis_ball_camera = 0.7760m
t=1.2s, distance_left_tennis_ball_camera = 0.7060m
distance_pencil_bag_camera = 1.0500m
distance_soccer_ball_camera = 0.8940m",
2606,captured_0034bx,lab,S3MX,24,SD,What is the velocity of the right tennis ball at 1.2s in cm/s?,diameter of the tennis ball = 6.7cm,"t=1.2s, distance_right_tennis_ball_camera = 0.7760m
t=1.2s, distance_left_tennis_ball_camera = 0.7060m
distance_pencil_bag_camera = 1.0500m
distance_soccer_ball_camera = 0.8940m",
2607,captured_0034bx,lab,S3MX,24,SS,What is the height of the pencil bag in cm?,diameter of the tennis ball = 6.7cm,"t=1.2s, distance_right_tennis_ball_camera = 0.7760m
t=1.2s, distance_left_tennis_ball_camera = 0.7060m
distance_pencil_bag_camera = 1.0500m
distance_soccer_ball_camera = 0.8940m",
2608,captured_0034bx,lab,S3MX,24,SS,What is the length of the pencil bag in cm?,diameter of the tennis ball = 6.7cm,"t=1.2s, distance_right_tennis_ball_camera = 0.7760m
t=1.2s, distance_left_tennis_ball_camera = 0.7060m
distance_pencil_bag_camera = 1.0500m
distance_soccer_ball_camera = 0.8940m",
2609,captured_0034bx,lab,S3MX,24,SS,What is the diameter of the soccer ball in cm?,diameter of the tennis ball = 6.7cm,"t=1.2s, distance_right_tennis_ball_camera = 0.7760m
t=1.2s, distance_left_tennis_ball_camera = 0.7060m
distance_pencil_bag_camera = 1.0500m
distance_soccer_ball_camera = 0.8940m",
2610,captured_0034bx,lab,S3MX,24,SS,What is the total distance traveled by the left tennis ball in cm?,diameter of the tennis ball = 6.7cm,"t=1.2s, distance_right_tennis_ball_camera = 0.7760m
t=1.2s, distance_left_tennis_ball_camera = 0.7060m
distance_pencil_bag_camera = 1.0500m
distance_soccer_ball_camera = 0.8940m",
2611,captured_0034bx,lab,S3MX,24,SS,What is the total distance traveled by the right tennis ball in cm?,diameter of the tennis ball = 6.7cm,"t=1.2s, distance_right_tennis_ball_camera = 0.7760m
t=1.2s, distance_left_tennis_ball_camera = 0.7060m
distance_pencil_bag_camera = 1.0500m
distance_soccer_ball_camera = 0.8940m",
2612,captured_0035a,lab,S3MC,24,SD,What is the velocity of the soccor ball at 0.6s in cm/s?,diameter of the basketball = 23.2 cm,"t=0.6s, distance_soccer_ball_camera = 2.7580 m
t=0.6s, distance_basketball_camera = 2.2700 m
t=1.6s, distance_soccer_ball_camera = 3.0520 m
t=1.6s, distance_soccer_ball_camera = 2.4120 m",
2613,captured_0035a,lab,S3MC,24,SD,What is the velocity of the baskteball at 0.6s in cm/s?,diameter of the basketball = 23.2 cm,"t=0.6s, distance_soccer_ball_camera = 2.7580 m
t=0.6s, distance_basketball_camera = 2.2700 m
t=1.6s, distance_soccer_ball_camera = 3.0520 m
t=1.6s, distance_soccer_ball_camera = 2.4120 m",
2614,captured_0035a,lab,S3MC,24,SS,What is the displacement of the soccor ball ball between 0.5s and 0.6s in cm?,diameter of the basketball = 23.2 cm,"t=0.6s, distance_soccer_ball_camera = 2.7580 m
t=0.6s, distance_basketball_camera = 2.2700 m
t=1.6s, distance_soccer_ball_camera = 3.0520 m
t=1.6s, distance_soccer_ball_camera = 2.4120 m",
2615,captured_0035a,lab,S3MC,24,SS,What is the displacement of the baskteball between 0.5s and 0.6s in cm?,diameter of the basketball = 23.2 cm,"t=0.6s, distance_soccer_ball_camera = 2.7580 m
t=0.6s, distance_basketball_camera = 2.2700 m
t=1.6s, distance_soccer_ball_camera = 3.0520 m
t=1.6s, distance_soccer_ball_camera = 2.4120 m",
2616,captured_0035a,lab,S3MC,24,SS,What is the diameter of the soccer ball in cm?,diameter of the basketball = 23.2 cm,"t=0.6s, distance_soccer_ball_camera = 2.7580 m
t=0.6s, distance_basketball_camera = 2.2700 m
t=1.6s, distance_soccer_ball_camera = 3.0520 m
t=1.6s, distance_soccer_ball_camera = 2.4120 m",
2617,captured_0035a,lab,S3MC,24,SS,What is the velocity of the soccor ball at 1.5s in cm/s?,diameter of the basketball = 23.2 cm,"t=0.6s, distance_soccer_ball_camera = 2.7580 m
t=0.6s, distance_basketball_camera = 2.2700 m
t=1.6s, distance_soccer_ball_camera = 3.0520 m
t=1.6s, distance_soccer_ball_camera = 2.4120 m",
2618,captured_0035a,lab,S3MC,24,SS,What is the velocity of the baskteball at 1.5s in cm/s?,diameter of the basketball = 23.2 cm,"t=0.6s, distance_soccer_ball_camera = 2.7580 m
t=0.6s, distance_basketball_camera = 2.2700 m
t=1.6s, distance_soccer_ball_camera = 3.0520 m
t=1.6s, distance_soccer_ball_camera = 2.4120 m",
2619,captured_0035a,lab,S3MC,24,SD,What is the velocity of the soccer ball at 1.6s in cm/s?,diameter of the basketball = 23.2 cm,"t=0.6s, distance_soccer_ball_camera = 2.7580 m
t=0.6s, distance_basketball_camera = 2.2700 m
t=1.6s, distance_soccer_ball_camera = 3.0520 m
t=1.6s, distance_soccer_ball_camera = 2.4120 m",
2620,captured_0035a,lab,S3MC,24,SD,What is the velocity of the basketball at 1.6s in cm/s?,diameter of the basketball = 23.2 cm,"t=0.6s, distance_soccer_ball_camera = 2.7580 m
t=0.6s, distance_basketball_camera = 2.2700 m
t=1.6s, distance_soccer_ball_camera = 3.0520 m
t=1.6s, distance_soccer_ball_camera = 2.4120 m",
2621,captured_0035as,lab,S3MS,24,SD,What is the velocity of the soccor ball at 0.6s in cm/s?,diameter of the basketball = 23.2 cm,"t=0.6s, distance_soccer_ball_camera = 2.7580 m
t=0.6s, distance_basketball_camera = 2.2700 m
t=1.6s, distance_soccer_ball_camera = 3.0520 m
t=1.6s, distance_soccer_ball_camera = 2.4120 m",
2622,captured_0035as,lab,S3MS,24,SD,What is the velocity of the baskteball at 0.6s in cm/s?,diameter of the basketball = 23.2 cm,"t=0.6s, distance_soccer_ball_camera = 2.7580 m
t=0.6s, distance_basketball_camera = 2.2700 m
t=1.6s, distance_soccer_ball_camera = 3.0520 m
t=1.6s, distance_soccer_ball_camera = 2.4120 m",
2623,captured_0035as,lab,S3MS,24,SS,What is the displacement of the soccor ball ball between 0.5s and 0.6s in cm?,diameter of the basketball = 23.2 cm,"t=0.6s, distance_soccer_ball_camera = 2.7580 m
t=0.6s, distance_basketball_camera = 2.2700 m
t=1.6s, distance_soccer_ball_camera = 3.0520 m
t=1.6s, distance_soccer_ball_camera = 2.4120 m",
2624,captured_0035as,lab,S3MS,24,SS,What is the displacement of the baskteball between 0.5s and 0.6s in cm?,diameter of the basketball = 23.2 cm,"t=0.6s, distance_soccer_ball_camera = 2.7580 m
t=0.6s, distance_basketball_camera = 2.2700 m
t=1.6s, distance_soccer_ball_camera = 3.0520 m
t=1.6s, distance_soccer_ball_camera = 2.4120 m",
2625,captured_0035as,lab,S3MS,24,SS,What is the diameter of the soccer ball in cm?,diameter of the basketball = 23.2 cm,"t=0.6s, distance_soccer_ball_camera = 2.7580 m
t=0.6s, distance_basketball_camera = 2.2700 m
t=1.6s, distance_soccer_ball_camera = 3.0520 m
t=1.6s, distance_soccer_ball_camera = 2.4120 m",
2626,captured_0035as,lab,S3MS,24,SS,What is the velocity of the soccor ball at 1.5s in cm/s?,diameter of the basketball = 23.2 cm,"t=0.6s, distance_soccer_ball_camera = 2.7580 m
t=0.6s, distance_basketball_camera = 2.2700 m
t=1.6s, distance_soccer_ball_camera = 3.0520 m
t=1.6s, distance_soccer_ball_camera = 2.4120 m",
2627,captured_0035as,lab,S3MS,24,SS,What is the velocity of the baskteball at 1.5s in cm/s?,diameter of the basketball = 23.2 cm,"t=0.6s, distance_soccer_ball_camera = 2.7580 m
t=0.6s, distance_basketball_camera = 2.2700 m
t=1.6s, distance_soccer_ball_camera = 3.0520 m
t=1.6s, distance_soccer_ball_camera = 2.4120 m",
2628,captured_0035as,lab,S3MS,24,SD,What is the velocity of the soccer ball at 1.6s in cm/s?,diameter of the basketball = 23.2 cm,"t=0.6s, distance_soccer_ball_camera = 2.7580 m
t=0.6s, distance_basketball_camera = 2.2700 m
t=1.6s, distance_soccer_ball_camera = 3.0520 m
t=1.6s, distance_soccer_ball_camera = 2.4120 m",
2629,captured_0035as,lab,S3MS,24,SD,What is the velocity of the basketball at 1.6s in cm/s?,diameter of the basketball = 23.2 cm,"t=0.6s, distance_soccer_ball_camera = 2.7580 m
t=0.6s, distance_basketball_camera = 2.2700 m
t=1.6s, distance_soccer_ball_camera = 3.0520 m
t=1.6s, distance_soccer_ball_camera = 2.4120 m",
2630,captured_0035ax,lab,S3MX,24,SD,What is the velocity of the soccor ball at 0.6s in cm/s?,diameter of the basketball = 23.2 cm,"t=0.6s, distance_soccer_ball_camera = 2.7580 m
t=0.6s, distance_basketball_camera = 2.2700 m
t=1.6s, distance_soccer_ball_camera = 3.0520 m
t=1.6s, distance_soccer_ball_camera = 2.4120 m",
2631,captured_0035ax,lab,S3MX,24,SD,What is the velocity of the baskteball at 0.6s in cm/s?,diameter of the basketball = 23.2 cm,"t=0.6s, distance_soccer_ball_camera = 2.7580 m
t=0.6s, distance_basketball_camera = 2.2700 m
t=1.6s, distance_soccer_ball_camera = 3.0520 m
t=1.6s, distance_soccer_ball_camera = 2.4120 m",
2632,captured_0035ax,lab,S3MX,24,SS,What is the displacement of the soccor ball ball between 0.5s and 0.6s in cm?,diameter of the basketball = 23.2 cm,"t=0.6s, distance_soccer_ball_camera = 2.7580 m
t=0.6s, distance_basketball_camera = 2.2700 m
t=1.6s, distance_soccer_ball_camera = 3.0520 m
t=1.6s, distance_soccer_ball_camera = 2.4120 m",
2633,captured_0035ax,lab,S3MX,24,SS,What is the displacement of the baskteball between 0.5s and 0.6s in cm?,diameter of the basketball = 23.2 cm,"t=0.6s, distance_soccer_ball_camera = 2.7580 m
t=0.6s, distance_basketball_camera = 2.2700 m
t=1.6s, distance_soccer_ball_camera = 3.0520 m
t=1.6s, distance_soccer_ball_camera = 2.4120 m",
2634,captured_0035ax,lab,S3MX,24,SS,What is the diameter of the soccer ball in cm?,diameter of the basketball = 23.2 cm,"t=0.6s, distance_soccer_ball_camera = 2.7580 m
t=0.6s, distance_basketball_camera = 2.2700 m
t=1.6s, distance_soccer_ball_camera = 3.0520 m
t=1.6s, distance_soccer_ball_camera = 2.4120 m",
2635,captured_0035ax,lab,S3MX,24,SS,What is the velocity of the soccor ball at 1.5s in cm/s?,diameter of the basketball = 23.2 cm,"t=0.6s, distance_soccer_ball_camera = 2.7580 m
t=0.6s, distance_basketball_camera = 2.2700 m
t=1.6s, distance_soccer_ball_camera = 3.0520 m
t=1.6s, distance_soccer_ball_camera = 2.4120 m",
2636,captured_0035ax,lab,S3MX,24,SS,What is the velocity of the baskteball at 1.5s in cm/s?,diameter of the basketball = 23.2 cm,"t=0.6s, distance_soccer_ball_camera = 2.7580 m
t=0.6s, distance_basketball_camera = 2.2700 m
t=1.6s, distance_soccer_ball_camera = 3.0520 m
t=1.6s, distance_soccer_ball_camera = 2.4120 m",
2637,captured_0035ax,lab,S3MX,24,SD,What is the velocity of the soccer ball at 1.6s in cm/s?,diameter of the basketball = 23.2 cm,"t=0.6s, distance_soccer_ball_camera = 2.7580 m
t=0.6s, distance_basketball_camera = 2.2700 m
t=1.6s, distance_soccer_ball_camera = 3.0520 m
t=1.6s, distance_soccer_ball_camera = 2.4120 m",
2638,captured_0035ax,lab,S3MX,24,SD,What is the velocity of the basketball at 1.6s in cm/s?,diameter of the basketball = 23.2 cm,"t=0.6s, distance_soccer_ball_camera = 2.7580 m
t=0.6s, distance_basketball_camera = 2.2700 m
t=1.6s, distance_soccer_ball_camera = 3.0520 m
t=1.6s, distance_soccer_ball_camera = 2.4120 m",
2639,captured_0035b,lab,S3MC,24,SD,What is the velocity of the soccor ball at 0.9s in cm/s?,diameter of the basketball = 23.2 cm,"t=0.9s, distance_soccer_ball_camera = 2.4770m
t=0.9s, distance_basketball_camera = 2.7777m
t=1.4s, distance_soccer_ball_camera = 2.6020 m
t=1.4s, distance_soccer_ball_camera = 2.3730 m",
2640,captured_0035b,lab,S3MC,24,SD,What is the velocity of the baskteball at 0.9s in cm/s?,diameter of the basketball = 23.2 cm,"t=0.9s, distance_soccer_ball_camera = 2.4770m
t=0.9s, distance_basketball_camera = 2.7777m
t=1.4s, distance_soccer_ball_camera = 2.6020 m
t=1.4s, distance_soccer_ball_camera = 2.3730 m",
2641,captured_0035b,lab,S3MC,24,SD,What is the velocity of the soccor ball at 1.4s in cm/s?,diameter of the basketball = 23.2 cm,"t=0.9s, distance_soccer_ball_camera = 2.4770m
t=0.9s, distance_basketball_camera = 2.7777m
t=1.4s, distance_soccer_ball_camera = 2.6020 m
t=1.4s, distance_soccer_ball_camera = 2.3730 m",
2642,captured_0035b,lab,S3MC,24,SD,What is the velocity of the baskteball at 1.4s in cm/s?,diameter of the basketball = 23.2 cm,"t=0.9s, distance_soccer_ball_camera = 2.4770m
t=0.9s, distance_basketball_camera = 2.7777m
t=1.4s, distance_soccer_ball_camera = 2.6020 m
t=1.4s, distance_soccer_ball_camera = 2.3730 m",
2643,captured_0035b,lab,S3MC,24,SS,What is the displacement of the soccor ball ball between 0.4s and 0.9s in cm?,diameter of the basketball = 23.2 cm,"t=0.9s, distance_soccer_ball_camera = 2.4770m
t=0.9s, distance_basketball_camera = 2.7777m
t=1.4s, distance_soccer_ball_camera = 2.6020 m
t=1.4s, distance_soccer_ball_camera = 2.3730 m",
2644,captured_0035b,lab,S3MC,24,SS,What is the displacement of the baskteball between 0.4s and 0.9s in cm?,diameter of the basketball = 23.2 cm,"t=0.9s, distance_soccer_ball_camera = 2.4770m
t=0.9s, distance_basketball_camera = 2.7777m
t=1.4s, distance_soccer_ball_camera = 2.6020 m
t=1.4s, distance_soccer_ball_camera = 2.3730 m",
2645,captured_0035b,lab,S3MC,24,SS,What is the diameter of the soccer ball in cm?,diameter of the basketball = 23.2 cm,"t=0.9s, distance_soccer_ball_camera = 2.4770m
t=0.9s, distance_basketball_camera = 2.7777m
t=1.4s, distance_soccer_ball_camera = 2.6020 m
t=1.4s, distance_soccer_ball_camera = 2.3730 m",
2646,captured_0035b,lab,S3MC,24,SS,What is the velocity of the soccor ball at 1.3s in cm/s?,diameter of the basketball = 23.2 cm,"t=0.9s, distance_soccer_ball_camera = 2.4770m
t=0.9s, distance_basketball_camera = 2.7777m
t=1.4s, distance_soccer_ball_camera = 2.6020 m
t=1.4s, distance_soccer_ball_camera = 2.3730 m",
2647,captured_0035b,lab,S3MC,24,SS,What is the velocity of the baskteball at 1.3s in cm/s?,diameter of the basketball = 23.2 cm,"t=0.9s, distance_soccer_ball_camera = 2.4770m
t=0.9s, distance_basketball_camera = 2.7777m
t=1.4s, distance_soccer_ball_camera = 2.6020 m
t=1.4s, distance_soccer_ball_camera = 2.3730 m",
2648,captured_0035bs,lab,S3MS,24,SD,What is the velocity of the soccor ball at 0.9s in cm/s?,diameter of the basketball = 23.2 cm,"t=0.9s, distance_soccer_ball_camera = 2.4770m
t=0.9s, distance_basketball_camera = 2.7777m
t=1.4s, distance_soccer_ball_camera = 2.6020 m
t=1.4s, distance_soccer_ball_camera = 2.3730 m",
2649,captured_0035bs,lab,S3MS,24,SD,What is the velocity of the baskteball at 0.9s in cm/s?,diameter of the basketball = 23.2 cm,"t=0.9s, distance_soccer_ball_camera = 2.4770m
t=0.9s, distance_basketball_camera = 2.7777m
t=1.4s, distance_soccer_ball_camera = 2.6020 m
t=1.4s, distance_soccer_ball_camera = 2.3730 m",
2650,captured_0035bs,lab,S3MS,24,SD,What is the velocity of the soccor ball at 1.4s in cm/s?,diameter of the basketball = 23.2 cm,"t=0.9s, distance_soccer_ball_camera = 2.4770m
t=0.9s, distance_basketball_camera = 2.7777m
t=1.4s, distance_soccer_ball_camera = 2.6020 m
t=1.4s, distance_soccer_ball_camera = 2.3730 m",
2651,captured_0035bs,lab,S3MS,24,SD,What is the velocity of the baskteball at 1.4s in cm/s?,diameter of the basketball = 23.2 cm,"t=0.9s, distance_soccer_ball_camera = 2.4770m
t=0.9s, distance_basketball_camera = 2.7777m
t=1.4s, distance_soccer_ball_camera = 2.6020 m
t=1.4s, distance_soccer_ball_camera = 2.3730 m",
2652,captured_0035bs,lab,S3MS,24,SS,What is the displacement of the soccor ball ball between 0.4s and 0.9s in cm?,diameter of the basketball = 23.2 cm,"t=0.9s, distance_soccer_ball_camera = 2.4770m
t=0.9s, distance_basketball_camera = 2.7777m
t=1.4s, distance_soccer_ball_camera = 2.6020 m
t=1.4s, distance_soccer_ball_camera = 2.3730 m",
2653,captured_0035bs,lab,S3MS,24,SS,What is the displacement of the baskteball between 0.4s and 0.9s in cm?,diameter of the basketball = 23.2 cm,"t=0.9s, distance_soccer_ball_camera = 2.4770m
t=0.9s, distance_basketball_camera = 2.7777m
t=1.4s, distance_soccer_ball_camera = 2.6020 m
t=1.4s, distance_soccer_ball_camera = 2.3730 m",
2654,captured_0035bs,lab,S3MS,24,SS,What is the diameter of the soccer ball in cm?,diameter of the basketball = 23.2 cm,"t=0.9s, distance_soccer_ball_camera = 2.4770m
t=0.9s, distance_basketball_camera = 2.7777m
t=1.4s, distance_soccer_ball_camera = 2.6020 m
t=1.4s, distance_soccer_ball_camera = 2.3730 m",
2655,captured_0035bs,lab,S3MS,24,SS,What is the velocity of the soccor ball at 1.3s in cm/s?,diameter of the basketball = 23.2 cm,"t=0.9s, distance_soccer_ball_camera = 2.4770m
t=0.9s, distance_basketball_camera = 2.7777m
t=1.4s, distance_soccer_ball_camera = 2.6020 m
t=1.4s, distance_soccer_ball_camera = 2.3730 m",
2656,captured_0035bs,lab,S3MS,24,SS,What is the velocity of the baskteball at 1.3s in cm/s?,diameter of the basketball = 23.2 cm,"t=0.9s, distance_soccer_ball_camera = 2.4770m
t=0.9s, distance_basketball_camera = 2.7777m
t=1.4s, distance_soccer_ball_camera = 2.6020 m
t=1.4s, distance_soccer_ball_camera = 2.3730 m",
2657,captured_0035bx,lab,S3MX,24,SD,What is the velocity of the soccor ball at 0.9s in cm/s?,diameter of the basketball = 23.2 cm,"t=0.9s, distance_soccer_ball_camera = 2.4770m
t=0.9s, distance_basketball_camera = 2.7777m
t=1.4s, distance_soccer_ball_camera = 2.6020 m
t=1.4s, distance_soccer_ball_camera = 2.3730 m",
2658,captured_0035bx,lab,S3MX,24,SD,What is the velocity of the baskteball at 0.9s in cm/s?,diameter of the basketball = 23.2 cm,"t=0.9s, distance_soccer_ball_camera = 2.4770m
t=0.9s, distance_basketball_camera = 2.7777m
t=1.4s, distance_soccer_ball_camera = 2.6020 m
t=1.4s, distance_soccer_ball_camera = 2.3730 m",
2659,captured_0035bx,lab,S3MX,24,SD,What is the velocity of the soccor ball at 1.4s in cm/s?,diameter of the basketball = 23.2 cm,"t=0.9s, distance_soccer_ball_camera = 2.4770m
t=0.9s, distance_basketball_camera = 2.7777m
t=1.4s, distance_soccer_ball_camera = 2.6020 m
t=1.4s, distance_soccer_ball_camera = 2.3730 m",
2660,captured_0035bx,lab,S3MX,24,SD,What is the velocity of the baskteball at 1.4s in cm/s?,diameter of the basketball = 23.2 cm,"t=0.9s, distance_soccer_ball_camera = 2.4770m
t=0.9s, distance_basketball_camera = 2.7777m
t=1.4s, distance_soccer_ball_camera = 2.6020 m
t=1.4s, distance_soccer_ball_camera = 2.3730 m",
2661,captured_0035bx,lab,S3MX,24,SS,What is the displacement of the soccor ball ball between 0.4s and 0.9s in cm?,diameter of the basketball = 23.2 cm,"t=0.9s, distance_soccer_ball_camera = 2.4770m
t=0.9s, distance_basketball_camera = 2.7777m
t=1.4s, distance_soccer_ball_camera = 2.6020 m
t=1.4s, distance_soccer_ball_camera = 2.3730 m",
2662,captured_0035bx,lab,S3MX,24,SS,What is the displacement of the baskteball between 0.4s and 0.9s in cm?,diameter of the basketball = 23.2 cm,"t=0.9s, distance_soccer_ball_camera = 2.4770m
t=0.9s, distance_basketball_camera = 2.7777m
t=1.4s, distance_soccer_ball_camera = 2.6020 m
t=1.4s, distance_soccer_ball_camera = 2.3730 m",
2663,captured_0035bx,lab,S3MX,24,SS,What is the diameter of the soccer ball in cm?,diameter of the basketball = 23.2 cm,"t=0.9s, distance_soccer_ball_camera = 2.4770m
t=0.9s, distance_basketball_camera = 2.7777m
t=1.4s, distance_soccer_ball_camera = 2.6020 m
t=1.4s, distance_soccer_ball_camera = 2.3730 m",
2664,captured_0035bx,lab,S3MX,24,SS,What is the velocity of the soccor ball at 1.3s in cm/s?,diameter of the basketball = 23.2 cm,"t=0.9s, distance_soccer_ball_camera = 2.4770m
t=0.9s, distance_basketball_camera = 2.7777m
t=1.4s, distance_soccer_ball_camera = 2.6020 m
t=1.4s, distance_soccer_ball_camera = 2.3730 m",
2665,captured_0035bx,lab,S3MX,24,SS,What is the velocity of the baskteball at 1.3s in cm/s?,diameter of the basketball = 23.2 cm,"t=0.9s, distance_soccer_ball_camera = 2.4770m
t=0.9s, distance_basketball_camera = 2.7777m
t=1.4s, distance_soccer_ball_camera = 2.6020 m
t=1.4s, distance_soccer_ball_camera = 2.3730 m",
2666,captured_0036,lab,S3SC,24,SD,What is the ping pong ball's velocity at 0.9s in cm/s? ,diameter of the ping pong ball = 4cm,"t=0.9s, distance_ping_pong_ball_camera = 1.0100m
t=1.4s, distance_ping_pong_ball_camera = 0.7160m",
2667,captured_0036,lab,S3SC,24,SD,What is the ping pong ball's velocity at 1.4s in cm/s? ,diameter of the ping pong ball = 4cm,"t=0.9s, distance_ping_pong_ball_camera = 1.0100m
t=1.4s, distance_ping_pong_ball_camera = 0.7160m",
2668,captured_0036,lab,S3SC,24,SS,What is the ping pong ball's displacement between 0.9s and 1.4s in cm/s?,diameter of the ping pong ball = 4cm,"t=0.9s, distance_ping_pong_ball_camera = 1.0100m
t=1.4s, distance_ping_pong_ball_camera = 0.7160m",
2669,captured_0036,lab,S3SC,24,SS,What is the width of the table in the video in meters? ,diameter of the ping pong ball = 4cm,"t=0.9s, distance_ping_pong_ball_camera = 1.0100m
t=1.4s, distance_ping_pong_ball_camera = 0.7160m",
2670,captured_0036,lab,S3SC,24,SS,What is the length of the table in the video in meters? ,diameter of the ping pong ball = 4cm,"t=0.9s, distance_ping_pong_ball_camera = 1.0100m
t=1.4s, distance_ping_pong_ball_camera = 0.7160m",
2671,captured_0036s,lab,S3SS,24,SD,What is the ping pong ball's velocity at 0.9s in cm/s? ,diameter of the ping pong ball = 4cm,"t=0.9s, distance_ping_pong_ball_camera = 1.0100m
t=1.4s, distance_ping_pong_ball_camera = 0.7160m",
2672,captured_0036s,lab,S3SS,24,SD,What is the ping pong ball's velocity at 1.4s in cm/s? ,diameter of the ping pong ball = 4cm,"t=0.9s, distance_ping_pong_ball_camera = 1.0100m
t=1.4s, distance_ping_pong_ball_camera = 0.7160m",
2673,captured_0036s,lab,S3SS,24,SS,What is the ping pong ball's displacement between 0.9s and 1.4s in cm/s?,diameter of the ping pong ball = 4cm,"t=0.9s, distance_ping_pong_ball_camera = 1.0100m
t=1.4s, distance_ping_pong_ball_camera = 0.7160m",
2674,captured_0036s,lab,S3SS,24,SS,What is the width of the table in the video in meters? ,diameter of the ping pong ball = 4cm,"t=0.9s, distance_ping_pong_ball_camera = 1.0100m
t=1.4s, distance_ping_pong_ball_camera = 0.7160m",
2675,captured_0036s,lab,S3SS,24,SS,What is the length of the table in the video in meters? ,diameter of the ping pong ball = 4cm,"t=0.9s, distance_ping_pong_ball_camera = 1.0100m
t=1.4s, distance_ping_pong_ball_camera = 0.7160m",
2676,captured_0036x,lab,S3SX,24,SD,What is the ping pong ball's velocity at 0.9s in cm/s? ,diameter of the ping pong ball = 4cm,"t=0.9s, distance_ping_pong_ball_camera = 1.0100m
t=1.4s, distance_ping_pong_ball_camera = 0.7160m",
2677,captured_0036x,lab,S3SX,24,SD,What is the ping pong ball's velocity at 1.4s in cm/s? ,diameter of the ping pong ball = 4cm,"t=0.9s, distance_ping_pong_ball_camera = 1.0100m
t=1.4s, distance_ping_pong_ball_camera = 0.7160m",
2678,captured_0036x,lab,S3SX,24,SS,What is the ping pong ball's displacement between 0.9s and 1.4s in cm/s?,diameter of the ping pong ball = 4cm,"t=0.9s, distance_ping_pong_ball_camera = 1.0100m
t=1.4s, distance_ping_pong_ball_camera = 0.7160m",
2679,captured_0036x,lab,S3SX,24,SS,What is the width of the table in the video in meters? ,diameter of the ping pong ball = 4cm,"t=0.9s, distance_ping_pong_ball_camera = 1.0100m
t=1.4s, distance_ping_pong_ball_camera = 0.7160m",
2680,captured_0036x,lab,S3SX,24,SS,What is the length of the table in the video in meters? ,diameter of the ping pong ball = 4cm,"t=0.9s, distance_ping_pong_ball_camera = 1.0100m
t=1.4s, distance_ping_pong_ball_camera = 0.7160m",
2681,captured_0037,lab,S3MC,24,SS,What is the height of the white cup in cm? ,diameter of the ping pong ball = 4cm,"t=1.0s, distance_ping_pong_ball_camera = 1.0550m
distance_credit_card_camera = 0.6790m
distance_poker_tower_camera = 0.9050m
distance_white_cup_camera = 0.8450m
distance_tape_camera = 1.0380m
distance_glass_jar_camera = 1.0080m",
2682,captured_0037,lab,S3MC,24,SS,What is the height of the poker tower in cm? ,diameter of the ping pong ball = 4cm,"t=1.0s, distance_ping_pong_ball_camera = 1.0550m
distance_credit_card_camera = 0.6790m
distance_poker_tower_camera = 0.9050m
distance_white_cup_camera = 0.8450m
distance_tape_camera = 1.0380m
distance_glass_jar_camera = 1.0080m",
2683,captured_0037,lab,S3MC,24,SS,What is the height of the glass jar in cm? ,diameter of the ping pong ball = 4cm,"t=1.0s, distance_ping_pong_ball_camera = 1.0550m
distance_credit_card_camera = 0.6790m
distance_poker_tower_camera = 0.9050m
distance_white_cup_camera = 0.8450m
distance_tape_camera = 1.0380m
distance_glass_jar_camera = 1.0080m",
2684,captured_0037,lab,S3MC,24,SS,What is the width of the tape in cm? ,diameter of the ping pong ball = 4cm,"t=1.0s, distance_ping_pong_ball_camera = 1.0550m
distance_credit_card_camera = 0.6790m
distance_poker_tower_camera = 0.9050m
distance_white_cup_camera = 0.8450m
distance_tape_camera = 1.0380m
distance_glass_jar_camera = 1.0080m",
2685,captured_0037,lab,S3MC,24,SD,What is the velocity of the ping pong ball at 1.0s in cm/s? ,diameter of the ping pong ball = 4cm,"t=1.0s, distance_ping_pong_ball_camera = 1.0550m
distance_credit_card_camera = 0.6790m
distance_poker_tower_camera = 0.9050m
distance_white_cup_camera = 0.8450m
distance_tape_camera = 1.0380m
distance_glass_jar_camera = 1.0080m",
2686,captured_0037,lab,S3MC,24,SD,What is the velocity of the ping pong ball at 1.4s in cm/s? ,diameter of the ping pong ball = 4cm,"t=1.0s, distance_ping_pong_ball_camera = 1.0550m
distance_credit_card_camera = 0.6790m
distance_poker_tower_camera = 0.9050m
distance_white_cup_camera = 0.8450m
distance_tape_camera = 1.0380m
distance_glass_jar_camera = 1.0080m",
2687,captured_0037s,lab,S3MS,24,SS,What is the height of the white cup in cm? ,diameter of the ping pong ball = 4cm,"t=1.0s, distance_ping_pong_ball_camera = 1.0550m
distance_credit_card_camera = 0.6790m
distance_poker_tower_camera = 0.9050m
distance_white_cup_camera = 0.8450m
distance_tape_camera = 1.0380m
distance_glass_jar_camera = 1.0080m",
2688,captured_0037s,lab,S3MS,24,SS,What is the height of the poker tower in cm? ,diameter of the ping pong ball = 4cm,"t=1.0s, distance_ping_pong_ball_camera = 1.0550m
distance_credit_card_camera = 0.6790m
distance_poker_tower_camera = 0.9050m
distance_white_cup_camera = 0.8450m
distance_tape_camera = 1.0380m
distance_glass_jar_camera = 1.0080m",
2689,captured_0037s,lab,S3MS,24,SS,What is the height of the glass jar in cm? ,diameter of the ping pong ball = 4cm,"t=1.0s, distance_ping_pong_ball_camera = 1.0550m
distance_credit_card_camera = 0.6790m
distance_poker_tower_camera = 0.9050m
distance_white_cup_camera = 0.8450m
distance_tape_camera = 1.0380m
distance_glass_jar_camera = 1.0080m",
2690,captured_0037s,lab,S3MS,24,SS,What is the width of the tape in cm? ,diameter of the ping pong ball = 4cm,"t=1.0s, distance_ping_pong_ball_camera = 1.0550m
distance_credit_card_camera = 0.6790m
distance_poker_tower_camera = 0.9050m
distance_white_cup_camera = 0.8450m
distance_tape_camera = 1.0380m
distance_glass_jar_camera = 1.0080m",
2691,captured_0037s,lab,S3MS,24,SD,What is the velocity of the ping pong ball at 1.0s in cm/s? ,diameter of the ping pong ball = 4cm,"t=1.0s, distance_ping_pong_ball_camera = 1.0550m
distance_credit_card_camera = 0.6790m
distance_poker_tower_camera = 0.9050m
distance_white_cup_camera = 0.8450m
distance_tape_camera = 1.0380m
distance_glass_jar_camera = 1.0080m",
2692,captured_0037s,lab,S3MS,24,SD,What is the velocity of the ping pong ball at 1.4s in cm/s? ,diameter of the ping pong ball = 4cm,"t=1.0s, distance_ping_pong_ball_camera = 1.0550m
distance_credit_card_camera = 0.6790m
distance_poker_tower_camera = 0.9050m
distance_white_cup_camera = 0.8450m
distance_tape_camera = 1.0380m
distance_glass_jar_camera = 1.0080m",
2693,captured_0037x,lab,S3MX,24,SS,What is the height of the white cup in cm? ,diameter of the ping pong ball = 4cm,"t=1.0s, distance_ping_pong_ball_camera = 1.0550m
distance_credit_card_camera = 0.6790m
distance_poker_tower_camera = 0.9050m
distance_white_cup_camera = 0.8450m
distance_tape_camera = 1.0380m
distance_glass_jar_camera = 1.0080m",
2694,captured_0037x,lab,S3MX,24,SS,What is the height of the poker tower in cm? ,diameter of the ping pong ball = 4cm,"t=1.0s, distance_ping_pong_ball_camera = 1.0550m
distance_credit_card_camera = 0.6790m
distance_poker_tower_camera = 0.9050m
distance_white_cup_camera = 0.8450m
distance_tape_camera = 1.0380m
distance_glass_jar_camera = 1.0080m",
2695,captured_0037x,lab,S3MX,24,SS,What is the height of the glass jar in cm? ,diameter of the ping pong ball = 4cm,"t=1.0s, distance_ping_pong_ball_camera = 1.0550m
distance_credit_card_camera = 0.6790m
distance_poker_tower_camera = 0.9050m
distance_white_cup_camera = 0.8450m
distance_tape_camera = 1.0380m
distance_glass_jar_camera = 1.0080m",
2696,captured_0037x,lab,S3MX,24,SS,What is the width of the tape in cm? ,diameter of the ping pong ball = 4cm,"t=1.0s, distance_ping_pong_ball_camera = 1.0550m
distance_credit_card_camera = 0.6790m
distance_poker_tower_camera = 0.9050m
distance_white_cup_camera = 0.8450m
distance_tape_camera = 1.0380m
distance_glass_jar_camera = 1.0080m",
2697,captured_0037x,lab,S3MX,24,SD,What is the velocity of the ping pong ball at 1.0s in cm/s? ,diameter of the ping pong ball = 4cm,"t=1.0s, distance_ping_pong_ball_camera = 1.0550m
distance_credit_card_camera = 0.6790m
distance_poker_tower_camera = 0.9050m
distance_white_cup_camera = 0.8450m
distance_tape_camera = 1.0380m
distance_glass_jar_camera = 1.0080m",
2698,captured_0037x,lab,S3MX,24,SD,What is the velocity of the ping pong ball at 1.4s in cm/s? ,diameter of the ping pong ball = 4cm,"t=1.0s, distance_ping_pong_ball_camera = 1.0550m
distance_credit_card_camera = 0.6790m
distance_poker_tower_camera = 0.9050m
distance_white_cup_camera = 0.8450m
distance_tape_camera = 1.0380m
distance_glass_jar_camera = 1.0080m",
2699,captured_0038,lab,S3MC,24,SS,What is the height of the poker tower in cm? ,length of the credit card = 85.6mm,"t=1.4s, distance_white_ball_camera = 0.7160m
distance_credit_card_camera = 0.6867m
distance_poker_tower_camera = 0.9035m
distance_white_cup_camera = 0.8740m
distance_pink_bottle_camera = 0.9998m",
2700,captured_0038,lab,S3MC,24,SD,What is the velocity of the white ball at 1.4s in cm/s? ,length of the credit card = 85.6mm,"t=1.4s, distance_white_ball_camera = 0.7160m
distance_credit_card_camera = 0.6867m
distance_poker_tower_camera = 0.9035m
distance_white_cup_camera = 0.8740m
distance_pink_bottle_camera = 0.9998m",
2701,captured_0038,lab,S3MC,24,SS,What is the diameter of the rim of the white cup in cm? ,length of the credit card = 85.6mm,"t=1.4s, distance_white_ball_camera = 0.7160m
distance_credit_card_camera = 0.6867m
distance_poker_tower_camera = 0.9035m
distance_white_cup_camera = 0.8740m
distance_pink_bottle_camera = 0.9998m",
2702,captured_0038,lab,S3MC,24,SS,What is the diameter of the white ball in cm?,length of the credit card = 85.6mm,"t=1.4s, distance_white_ball_camera = 0.7160m
distance_credit_card_camera = 0.6867m
distance_poker_tower_camera = 0.9035m
distance_white_cup_camera = 0.8740m
distance_pink_bottle_camera = 0.9998m",
2703,captured_0038,lab,S3MC,24,SS,What is the displacement of the white ball between 0.9s and 1.4s in cm?,length of the credit card = 85.6mm,"t=1.4s, distance_white_ball_camera = 0.7160m
distance_credit_card_camera = 0.6867m
distance_poker_tower_camera = 0.9035m
distance_white_cup_camera = 0.8740m
distance_pink_bottle_camera = 0.9998m",
2704,captured_0038,lab,S3MC,24,SS,What is the distance between the white cup and the pink bottle in cm?,length of the credit card = 85.6mm,"t=1.4s, distance_white_ball_camera = 0.7160m
distance_credit_card_camera = 0.6867m
distance_poker_tower_camera = 0.9035m
distance_white_cup_camera = 0.8740m
distance_pink_bottle_camera = 0.9998m",
2705,captured_0038,lab,S3MC,24,SS,What is the height of the pink bottle in cm? ,length of the credit card = 85.6mm,"t=1.4s, distance_white_ball_camera = 0.7160m
distance_credit_card_camera = 0.6867m
distance_poker_tower_camera = 0.9035m
distance_white_cup_camera = 0.8740m
distance_pink_bottle_camera = 0.9998m",
2706,captured_0038s,lab,S3MS,24,SS,What is the height of the poker tower in cm? ,length of the credit card = 85.6mm,"t=1.4s, distance_white_ball_camera = 0.7160m
distance_credit_card_camera = 0.6867m
distance_poker_tower_camera = 0.9035m
distance_white_cup_camera = 0.8740m
distance_pink_bottle_camera = 0.9998m",
2707,captured_0038s,lab,S3MS,24,SD,What is the velocity of the white ball at 1.4s in cm/s? ,length of the credit card = 85.6mm,"t=1.4s, distance_white_ball_camera = 0.7160m
distance_credit_card_camera = 0.6867m
distance_poker_tower_camera = 0.9035m
distance_white_cup_camera = 0.8740m
distance_pink_bottle_camera = 0.9998m",
2708,captured_0038s,lab,S3MS,24,SS,What is the diameter of the rim of the white cup in cm? ,length of the credit card = 85.6mm,"t=1.4s, distance_white_ball_camera = 0.7160m
distance_credit_card_camera = 0.6867m
distance_poker_tower_camera = 0.9035m
distance_white_cup_camera = 0.8740m
distance_pink_bottle_camera = 0.9998m",
2709,captured_0038s,lab,S3MS,24,SS,What is the diameter of the white ball in cm?,length of the credit card = 85.6mm,"t=1.4s, distance_white_ball_camera = 0.7160m
distance_credit_card_camera = 0.6867m
distance_poker_tower_camera = 0.9035m
distance_white_cup_camera = 0.8740m
distance_pink_bottle_camera = 0.9998m",
2710,captured_0038s,lab,S3MS,24,SS,What is the displacement of the white ball between 0.9s and 1.4s in cm?,length of the credit card = 85.6mm,"t=1.4s, distance_white_ball_camera = 0.7160m
distance_credit_card_camera = 0.6867m
distance_poker_tower_camera = 0.9035m
distance_white_cup_camera = 0.8740m
distance_pink_bottle_camera = 0.9998m",
2711,captured_0038s,lab,S3MS,24,SS,What is the distance between the white cup and the pink bottle in cm?,length of the credit card = 85.6mm,"t=1.4s, distance_white_ball_camera = 0.7160m
distance_credit_card_camera = 0.6867m
distance_poker_tower_camera = 0.9035m
distance_white_cup_camera = 0.8740m
distance_pink_bottle_camera = 0.9998m",
2712,captured_0038s,lab,S3MS,24,SS,What is the height of the pink bottle in cm? ,length of the credit card = 85.6mm,"t=1.4s, distance_white_ball_camera = 0.7160m
distance_credit_card_camera = 0.6867m
distance_poker_tower_camera = 0.9035m
distance_white_cup_camera = 0.8740m
distance_pink_bottle_camera = 0.9998m",
2713,captured_0038x,lab,S3MX,24,SS,What is the height of the poker tower in cm? ,length of the credit card = 85.6mm,"t=1.4s, distance_white_ball_camera = 0.7160m
distance_credit_card_camera = 0.6867m
distance_poker_tower_camera = 0.9035m
distance_white_cup_camera = 0.8740m
distance_pink_bottle_camera = 0.9998m",
2714,captured_0038x,lab,S3MX,24,SD,What is the velocity of the white ball at 1.4s in cm/s? ,length of the credit card = 85.6mm,"t=1.4s, distance_white_ball_camera = 0.7160m
distance_credit_card_camera = 0.6867m
distance_poker_tower_camera = 0.9035m
distance_white_cup_camera = 0.8740m
distance_pink_bottle_camera = 0.9998m",
2715,captured_0038x,lab,S3MX,24,SS,What is the diameter of the rim of the white cup in cm? ,length of the credit card = 85.6mm,"t=1.4s, distance_white_ball_camera = 0.7160m
distance_credit_card_camera = 0.6867m
distance_poker_tower_camera = 0.9035m
distance_white_cup_camera = 0.8740m
distance_pink_bottle_camera = 0.9998m",
2716,captured_0038x,lab,S3MX,24,SS,What is the diameter of the white ball in cm?,length of the credit card = 85.6mm,"t=1.4s, distance_white_ball_camera = 0.7160m
distance_credit_card_camera = 0.6867m
distance_poker_tower_camera = 0.9035m
distance_white_cup_camera = 0.8740m
distance_pink_bottle_camera = 0.9998m",
2717,captured_0038x,lab,S3MX,24,SS,What is the displacement of the white ball between 0.9s and 1.4s in cm?,length of the credit card = 85.6mm,"t=1.4s, distance_white_ball_camera = 0.7160m
distance_credit_card_camera = 0.6867m
distance_poker_tower_camera = 0.9035m
distance_white_cup_camera = 0.8740m
distance_pink_bottle_camera = 0.9998m",
2718,captured_0038x,lab,S3MX,24,SS,What is the distance between the white cup and the pink bottle in cm?,length of the credit card = 85.6mm,"t=1.4s, distance_white_ball_camera = 0.7160m
distance_credit_card_camera = 0.6867m
distance_poker_tower_camera = 0.9035m
distance_white_cup_camera = 0.8740m
distance_pink_bottle_camera = 0.9998m",
2719,captured_0038x,lab,S3MX,24,SS,What is the height of the pink bottle in cm? ,length of the credit card = 85.6mm,"t=1.4s, distance_white_ball_camera = 0.7160m
distance_credit_card_camera = 0.6867m
distance_poker_tower_camera = 0.9035m
distance_white_cup_camera = 0.8740m
distance_pink_bottle_camera = 0.9998m",
2720,captured_0039,lab,S3MC,24,SS,What is the height of the poker tower in cm? ,length of the credit card = 85.6mm,"t=1s, distance_ball_camera = 1.014m
t=1.5s, distance_ball_camera = 0.7370m
distance_credit_card_camera = 0.6867m
distance_poker_tower_camera = 0.9035m
distance_white_cup_camera = 0.8740m
distance_pink_bottle_camera = 0.9998m",
2721,captured_0039,lab,S3MC,24,SD,What is the velocity of the white ball at 1.0s in cm/s? ,length of the credit card = 85.6mm,"t=1s, distance_ball_camera = 1.014m
t=1.5s, distance_ball_camera = 0.7370m
distance_credit_card_camera = 0.6867m
distance_poker_tower_camera = 0.9035m
distance_white_cup_camera = 0.8740m
distance_pink_bottle_camera = 0.9998m",
2722,captured_0039,lab,S3MC,24,SS,What is the diameter of the rim of the white cup in cm? ,length of the credit card = 85.6mm,"t=1s, distance_ball_camera = 1.014m
t=1.5s, distance_ball_camera = 0.7370m
distance_credit_card_camera = 0.6867m
distance_poker_tower_camera = 0.9035m
distance_white_cup_camera = 0.8740m
distance_pink_bottle_camera = 0.9998m",
2723,captured_0039,lab,S3MC,24,SS,What is the diameter of the white ball in cm?,length of the credit card = 85.6mm,"t=1s, distance_ball_camera = 1.014m
t=1.5s, distance_ball_camera = 0.7370m
distance_credit_card_camera = 0.6867m
distance_poker_tower_camera = 0.9035m
distance_white_cup_camera = 0.8740m
distance_pink_bottle_camera = 0.9998m",
2724,captured_0039,lab,S3MC,24,SS,What is the displacement of the white ball between 1.0s and 1.5s in cm?,length of the credit card = 85.6mm,"t=1s, distance_ball_camera = 1.014m
t=1.5s, distance_ball_camera = 0.7370m
distance_credit_card_camera = 0.6867m
distance_poker_tower_camera = 0.9035m
distance_white_cup_camera = 0.8740m
distance_pink_bottle_camera = 0.9998m",
2725,captured_0039,lab,S3MC,24,SS,What is the distance between the white cup and the pink bottle in cm?,length of the credit card = 85.6mm,"t=1s, distance_ball_camera = 1.014m
t=1.5s, distance_ball_camera = 0.7370m
distance_credit_card_camera = 0.6867m
distance_poker_tower_camera = 0.9035m
distance_white_cup_camera = 0.8740m
distance_pink_bottle_camera = 0.9998m",
2726,captured_0039,lab,S3MC,24,SS,What is the height of the pink bottle in cm? ,length of the credit card = 85.6mm,"t=1s, distance_ball_camera = 1.014m
t=1.5s, distance_ball_camera = 0.7370m
distance_credit_card_camera = 0.6867m
distance_poker_tower_camera = 0.9035m
distance_white_cup_camera = 0.8740m
distance_pink_bottle_camera = 0.9998m",
2727,captured_0039s,lab,S3MS,24,SS,What is the height of the poker tower in cm? ,length of the credit card = 85.6mm,"t=1s, distance_ball_camera = 1.014m
t=1.5s, distance_ball_camera = 0.7370m
distance_credit_card_camera = 0.6867m
distance_poker_tower_camera = 0.9035m
distance_white_cup_camera = 0.8740m
distance_pink_bottle_camera = 0.9998m",
2728,captured_0039s,lab,S3MS,24,SD,What is the velocity of the white ball at 1.0s in cm/s? ,length of the credit card = 85.6mm,"t=1s, distance_ball_camera = 1.014m
t=1.5s, distance_ball_camera = 0.7370m
distance_credit_card_camera = 0.6867m
distance_poker_tower_camera = 0.9035m
distance_white_cup_camera = 0.8740m
distance_pink_bottle_camera = 0.9998m",
2729,captured_0039s,lab,S3MS,24,SS,What is the diameter of the rim of the white cup in cm? ,length of the credit card = 85.6mm,"t=1s, distance_ball_camera = 1.014m
t=1.5s, distance_ball_camera = 0.7370m
distance_credit_card_camera = 0.6867m
distance_poker_tower_camera = 0.9035m
distance_white_cup_camera = 0.8740m
distance_pink_bottle_camera = 0.9998m",
2730,captured_0039s,lab,S3MS,24,SS,What is the diameter of the white ball in cm?,length of the credit card = 85.6mm,"t=1s, distance_ball_camera = 1.014m
t=1.5s, distance_ball_camera = 0.7370m
distance_credit_card_camera = 0.6867m
distance_poker_tower_camera = 0.9035m
distance_white_cup_camera = 0.8740m
distance_pink_bottle_camera = 0.9998m",
2731,captured_0039s,lab,S3MS,24,SS,What is the displacement of the white ball between 1.0s and 1.5s in cm?,length of the credit card = 85.6mm,"t=1s, distance_ball_camera = 1.014m
t=1.5s, distance_ball_camera = 0.7370m
distance_credit_card_camera = 0.6867m
distance_poker_tower_camera = 0.9035m
distance_white_cup_camera = 0.8740m
distance_pink_bottle_camera = 0.9998m",
2732,captured_0039s,lab,S3MS,24,SS,What is the distance between the white cup and the pink bottle in cm?,length of the credit card = 85.6mm,"t=1s, distance_ball_camera = 1.014m
t=1.5s, distance_ball_camera = 0.7370m
distance_credit_card_camera = 0.6867m
distance_poker_tower_camera = 0.9035m
distance_white_cup_camera = 0.8740m
distance_pink_bottle_camera = 0.9998m",
2733,captured_0039s,lab,S3MS,24,SS,What is the height of the pink bottle in cm? ,length of the credit card = 85.6mm,"t=1s, distance_ball_camera = 1.014m
t=1.5s, distance_ball_camera = 0.7370m
distance_credit_card_camera = 0.6867m
distance_poker_tower_camera = 0.9035m
distance_white_cup_camera = 0.8740m
distance_pink_bottle_camera = 0.9998m",
2734,captured_0039x,lab,S3MX,24,SS,What is the height of the poker tower in cm? ,length of the credit card = 85.6mm,"t=1s, distance_ball_camera = 1.014m
t=1.5s, distance_ball_camera = 0.7370m
distance_credit_card_camera = 0.6867m
distance_poker_tower_camera = 0.9035m
distance_white_cup_camera = 0.8740m
distance_pink_bottle_camera = 0.9998m",
2735,captured_0039x,lab,S3MX,24,SD,What is the velocity of the white ball at 1.0s in cm/s? ,length of the credit card = 85.6mm,"t=1s, distance_ball_camera = 1.014m
t=1.5s, distance_ball_camera = 0.7370m
distance_credit_card_camera = 0.6867m
distance_poker_tower_camera = 0.9035m
distance_white_cup_camera = 0.8740m
distance_pink_bottle_camera = 0.9998m",
2736,captured_0039x,lab,S3MX,24,SS,What is the diameter of the rim of the white cup in cm? ,length of the credit card = 85.6mm,"t=1s, distance_ball_camera = 1.014m
t=1.5s, distance_ball_camera = 0.7370m
distance_credit_card_camera = 0.6867m
distance_poker_tower_camera = 0.9035m
distance_white_cup_camera = 0.8740m
distance_pink_bottle_camera = 0.9998m",
2737,captured_0039x,lab,S3MX,24,SS,What is the diameter of the white ball in cm?,length of the credit card = 85.6mm,"t=1s, distance_ball_camera = 1.014m
t=1.5s, distance_ball_camera = 0.7370m
distance_credit_card_camera = 0.6867m
distance_poker_tower_camera = 0.9035m
distance_white_cup_camera = 0.8740m
distance_pink_bottle_camera = 0.9998m",
2738,captured_0039x,lab,S3MX,24,SS,What is the displacement of the white ball between 1.0s and 1.5s in cm?,length of the credit card = 85.6mm,"t=1s, distance_ball_camera = 1.014m
t=1.5s, distance_ball_camera = 0.7370m
distance_credit_card_camera = 0.6867m
distance_poker_tower_camera = 0.9035m
distance_white_cup_camera = 0.8740m
distance_pink_bottle_camera = 0.9998m",
2739,captured_0039x,lab,S3MX,24,SS,What is the distance between the white cup and the pink bottle in cm?,length of the credit card = 85.6mm,"t=1s, distance_ball_camera = 1.014m
t=1.5s, distance_ball_camera = 0.7370m
distance_credit_card_camera = 0.6867m
distance_poker_tower_camera = 0.9035m
distance_white_cup_camera = 0.8740m
distance_pink_bottle_camera = 0.9998m",
2740,captured_0039x,lab,S3MX,24,SS,What is the height of the pink bottle in cm? ,length of the credit card = 85.6mm,"t=1s, distance_ball_camera = 1.014m
t=1.5s, distance_ball_camera = 0.7370m
distance_credit_card_camera = 0.6867m
distance_poker_tower_camera = 0.9035m
distance_white_cup_camera = 0.8740m
distance_pink_bottle_camera = 0.9998m",
2741,captured_0040,lab,S3MC,24,SS,What is the height of the poker tower in cm? ,length of the credit card = 85.6mm,"t=1.5s, distance_ball_camera = 0.7045m
t=2.0s, distance_ball_camera = 0.6270m
distance_credit_card_camera = 0.6900m
distance_poker_tower_camera = 0.9100m
distance_tape_camera = 0.9730m
distance_white_cup_camera = 8420m",
2742,captured_0040,lab,S3MC,24,SD,What is the velocity of the white ball at 1.5s in cm/s? ,length of the credit card = 85.6mm,"t=1.5s, distance_ball_camera = 0.7045m
t=2.0s, distance_ball_camera = 0.6270m
distance_credit_card_camera = 0.6900m
distance_poker_tower_camera = 0.9100m
distance_tape_camera = 0.9730m
distance_white_cup_camera = 8420m",
2743,captured_0040,lab,S3MC,24,SS,What is the diameter of the rim of the white cup in cm? ,length of the credit card = 85.6mm,"t=1.5s, distance_ball_camera = 0.7045m
t=2.0s, distance_ball_camera = 0.6270m
distance_credit_card_camera = 0.6900m
distance_poker_tower_camera = 0.9100m
distance_tape_camera = 0.9730m
distance_white_cup_camera = 8420m",
2744,captured_0040,lab,S3MC,24,SS,What is the diameter of the white ball in cm?,length of the credit card = 85.6mm,"t=1.5s, distance_ball_camera = 0.7045m
t=2.0s, distance_ball_camera = 0.6270m
distance_credit_card_camera = 0.6900m
distance_poker_tower_camera = 0.9100m
distance_tape_camera = 0.9730m
distance_white_cup_camera = 8420m",
2745,captured_0040,lab,S3MC,24,SS,What is the distance travelled by the white ball between 1.5s and 1.9s in cm?,length of the credit card = 85.6mm,"t=1.5s, distance_ball_camera = 0.7045m
t=2.0s, distance_ball_camera = 0.6270m
distance_credit_card_camera = 0.6900m
distance_poker_tower_camera = 0.9100m
distance_tape_camera = 0.9730m
distance_white_cup_camera = 8420m",
2746,captured_0040,lab,S3MC,24,SS,What is the diameter of the tape in cm? ,length of the credit card = 85.6mm,"t=1.5s, distance_ball_camera = 0.7045m
t=2.0s, distance_ball_camera = 0.6270m
distance_credit_card_camera = 0.6900m
distance_poker_tower_camera = 0.9100m
distance_tape_camera = 0.9730m
distance_white_cup_camera = 8420m",
2747,captured_0040,lab,S3MC,24,SS,What is the height of the white cup in cm? ,length of the credit card = 85.6mm,"t=1.5s, distance_ball_camera = 0.7045m
t=2.0s, distance_ball_camera = 0.6270m
distance_credit_card_camera = 0.6900m
distance_poker_tower_camera = 0.9100m
distance_tape_camera = 0.9730m
distance_white_cup_camera = 8420m",
2748,captured_0040,lab,S3MC,24,SD,What is the velocity of the white ball at 1.4s in cm/s? ,length of the credit card = 85.6mm,"t=1.5s, distance_ball_camera = 0.7045m
t=2.0s, distance_ball_camera = 0.6270m
distance_credit_card_camera = 0.6900m
distance_poker_tower_camera = 0.9100m
distance_tape_camera = 0.9730m
distance_white_cup_camera = 8420m",
2749,captured_0040s,lab,S3MS,24,SS,What is the height of the poker tower in cm? ,length of the credit card = 85.6mm,"t=1.5s, distance_ball_camera = 0.7045m
t=2.0s, distance_ball_camera = 0.6270m
distance_credit_card_camera = 0.6900m
distance_poker_tower_camera = 0.9100m
distance_tape_camera = 0.9730m
distance_white_cup_camera = 8420m",
2750,captured_0040s,lab,S3MS,24,SD,What is the velocity of the white ball at 1.5s in cm/s? ,length of the credit card = 85.6mm,"t=1.5s, distance_ball_camera = 0.7045m
t=2.0s, distance_ball_camera = 0.6270m
distance_credit_card_camera = 0.6900m
distance_poker_tower_camera = 0.9100m
distance_tape_camera = 0.9730m
distance_white_cup_camera = 8420m",
2751,captured_0040s,lab,S3MS,24,SS,What is the diameter of the rim of the white cup in cm? ,length of the credit card = 85.6mm,"t=1.5s, distance_ball_camera = 0.7045m
t=2.0s, distance_ball_camera = 0.6270m
distance_credit_card_camera = 0.6900m
distance_poker_tower_camera = 0.9100m
distance_tape_camera = 0.9730m
distance_white_cup_camera = 8420m",
2752,captured_0040s,lab,S3MS,24,SS,What is the diameter of the white ball in cm?,length of the credit card = 85.6mm,"t=1.5s, distance_ball_camera = 0.7045m
t=2.0s, distance_ball_camera = 0.6270m
distance_credit_card_camera = 0.6900m
distance_poker_tower_camera = 0.9100m
distance_tape_camera = 0.9730m
distance_white_cup_camera = 8420m",
2753,captured_0040s,lab,S3MS,24,SS,What is the distance travelled by the white ball between 1.5s and 1.9s in cm?,length of the credit card = 85.6mm,"t=1.5s, distance_ball_camera = 0.7045m
t=2.0s, distance_ball_camera = 0.6270m
distance_credit_card_camera = 0.6900m
distance_poker_tower_camera = 0.9100m
distance_tape_camera = 0.9730m
distance_white_cup_camera = 8420m",
2754,captured_0040s,lab,S3MS,24,SS,What is the diameter of the tape in cm? ,length of the credit card = 85.6mm,"t=1.5s, distance_ball_camera = 0.7045m
t=2.0s, distance_ball_camera = 0.6270m
distance_credit_card_camera = 0.6900m
distance_poker_tower_camera = 0.9100m
distance_tape_camera = 0.9730m
distance_white_cup_camera = 8420m",
2755,captured_0040s,lab,S3MS,24,SS,What is the height of the white cup in cm? ,length of the credit card = 85.6mm,"t=1.5s, distance_ball_camera = 0.7045m
t=2.0s, distance_ball_camera = 0.6270m
distance_credit_card_camera = 0.6900m
distance_poker_tower_camera = 0.9100m
distance_tape_camera = 0.9730m
distance_white_cup_camera = 8420m",
2756,captured_0040s,lab,S3MS,24,SD,What is the velocity of the white ball at 1.4s in cm/s? ,length of the credit card = 85.6mm,"t=1.5s, distance_ball_camera = 0.7045m
t=2.0s, distance_ball_camera = 0.6270m
distance_credit_card_camera = 0.6900m
distance_poker_tower_camera = 0.9100m
distance_tape_camera = 0.9730m
distance_white_cup_camera = 8420m",
2757,captured_0040x,lab,S3MX,24,SS,What is the height of the poker tower in cm? ,length of the credit card = 85.6mm,"t=1.5s, distance_ball_camera = 0.7045m
t=2.0s, distance_ball_camera = 0.6270m
distance_credit_card_camera = 0.6900m
distance_poker_tower_camera = 0.9100m
distance_tape_camera = 0.9730m
distance_white_cup_camera = 8420m",
2758,captured_0040x,lab,S3MX,24,SD,What is the velocity of the white ball at 1.5s in cm/s? ,length of the credit card = 85.6mm,"t=1.5s, distance_ball_camera = 0.7045m
t=2.0s, distance_ball_camera = 0.6270m
distance_credit_card_camera = 0.6900m
distance_poker_tower_camera = 0.9100m
distance_tape_camera = 0.9730m
distance_white_cup_camera = 8420m",
2759,captured_0040x,lab,S3MX,24,SS,What is the diameter of the rim of the white cup in cm? ,length of the credit card = 85.6mm,"t=1.5s, distance_ball_camera = 0.7045m
t=2.0s, distance_ball_camera = 0.6270m
distance_credit_card_camera = 0.6900m
distance_poker_tower_camera = 0.9100m
distance_tape_camera = 0.9730m
distance_white_cup_camera = 8420m",
2760,captured_0040x,lab,S3MX,24,SS,What is the diameter of the white ball in cm?,length of the credit card = 85.6mm,"t=1.5s, distance_ball_camera = 0.7045m
t=2.0s, distance_ball_camera = 0.6270m
distance_credit_card_camera = 0.6900m
distance_poker_tower_camera = 0.9100m
distance_tape_camera = 0.9730m
distance_white_cup_camera = 8420m",
2761,captured_0040x,lab,S3MX,24,SS,What is the distance travelled by the white ball between 1.5s and 1.9s in cm?,length of the credit card = 85.6mm,"t=1.5s, distance_ball_camera = 0.7045m
t=2.0s, distance_ball_camera = 0.6270m
distance_credit_card_camera = 0.6900m
distance_poker_tower_camera = 0.9100m
distance_tape_camera = 0.9730m
distance_white_cup_camera = 8420m",
2762,captured_0040x,lab,S3MX,24,SS,What is the diameter of the tape in cm? ,length of the credit card = 85.6mm,"t=1.5s, distance_ball_camera = 0.7045m
t=2.0s, distance_ball_camera = 0.6270m
distance_credit_card_camera = 0.6900m
distance_poker_tower_camera = 0.9100m
distance_tape_camera = 0.9730m
distance_white_cup_camera = 8420m",
2763,captured_0040x,lab,S3MX,24,SS,What is the height of the white cup in cm? ,length of the credit card = 85.6mm,"t=1.5s, distance_ball_camera = 0.7045m
t=2.0s, distance_ball_camera = 0.6270m
distance_credit_card_camera = 0.6900m
distance_poker_tower_camera = 0.9100m
distance_tape_camera = 0.9730m
distance_white_cup_camera = 8420m",
2764,captured_0040x,lab,S3MX,24,SD,What is the velocity of the white ball at 1.4s in cm/s? ,length of the credit card = 85.6mm,"t=1.5s, distance_ball_camera = 0.7045m
t=2.0s, distance_ball_camera = 0.6270m
distance_credit_card_camera = 0.6900m
distance_poker_tower_camera = 0.9100m
distance_tape_camera = 0.9730m
distance_white_cup_camera = 8420m",
2765,captured_0041,lab,V3SC,24,DS,What is the soccer ball's diameter in cm? ,velocity of the soccer ball at 1.5s = 5.21m/s,"t=1.5s, distance_soccer_ball_camera = 2.5440m
t=1.6s, distance_soccer_ball_camera = 2.0740m",
2766,captured_0041,lab,V3SC,24,DS,What is the soccer ball's displacement between 1.5s and 1.6s in meters? ,velocity of the soccer ball at 1.5s = 5.21m/s,"t=1.5s, distance_soccer_ball_camera = 2.5440m
t=1.6s, distance_soccer_ball_camera = 2.0740m",
2767,captured_0041,lab,V3SC,24,DS,What is the distance from the soccer ball to the person at 1.5s in meters? ,velocity of the soccer ball at 1.5s = 5.21m/s,"t=1.5s, distance_soccer_ball_camera = 2.5440m
t=1.6s, distance_soccer_ball_camera = 2.0740m",
2768,captured_0041s,lab,V3SS,24,DS,What is the soccer ball's diameter in cm? ,velocity of the soccer ball at 1.5s = 5.21m/s,"t=1.5s, distance_soccer_ball_camera = 2.5440m
t=1.6s, distance_soccer_ball_camera = 2.0740m",
2769,captured_0041s,lab,V3SS,24,DS,What is the soccer ball's displacement between 1.5s and 1.6s in meters? ,velocity of the soccer ball at 1.5s = 5.21m/s,"t=1.5s, distance_soccer_ball_camera = 2.5440m
t=1.6s, distance_soccer_ball_camera = 2.0740m",
2770,captured_0041s,lab,V3SS,24,DS,What is the distance from the soccer ball to the person at 1.5s in meters? ,velocity of the soccer ball at 1.5s = 5.21m/s,"t=1.5s, distance_soccer_ball_camera = 2.5440m
t=1.6s, distance_soccer_ball_camera = 2.0740m",
2771,captured_0041x,lab,V3SX,24,DS,What is the soccer ball's diameter in cm? ,velocity of the soccer ball at 1.5s = 5.21m/s,"t=1.5s, distance_soccer_ball_camera = 2.5440m
t=1.6s, distance_soccer_ball_camera = 2.0740m",
2772,captured_0041x,lab,V3SX,24,DS,What is the soccer ball's displacement between 1.5s and 1.6s in meters? ,velocity of the soccer ball at 1.5s = 5.21m/s,"t=1.5s, distance_soccer_ball_camera = 2.5440m
t=1.6s, distance_soccer_ball_camera = 2.0740m",
2773,captured_0041x,lab,V3SX,24,DS,What is the distance from the soccer ball to the person at 1.5s in meters? ,velocity of the soccer ball at 1.5s = 5.21m/s,"t=1.5s, distance_soccer_ball_camera = 2.5440m
t=1.6s, distance_soccer_ball_camera = 2.0740m",
2774,captured_0047,lab,V3SC,24,DS,What is the yoga ball's diameter in cm? ,velocity of the yoga ball at 1.0s = 2.1464m/s,"t=1.0s, distance_yoga_ball_camera = 2.4985m
t=1.5s, distance_soccer_ball_camera = 1.4972m
distance_person_camera = 3.8300m",
2775,captured_0047,lab,V3SC,24,DS,What is the yoga ball's displacement between 1.0s and 1.5s in meters? ,velocity of the yoga ball at 1.0s = 2.1464m/s,"t=1.0s, distance_yoga_ball_camera = 2.4985m
t=1.5s, distance_soccer_ball_camera = 1.4972m
distance_person_camera = 3.8300m",
2776,captured_0047,lab,V3SC,24,DS,What is the distance from the yoga ball to the person at 1.5s in meters? ,velocity of the yoga ball at 1.0s = 2.1464m/s,"t=1.0s, distance_yoga_ball_camera = 2.4985m
t=1.5s, distance_soccer_ball_camera = 1.4972m
distance_person_camera = 3.8300m",
2777,captured_0047s,lab,V3SS,24,DS,What is the yoga ball's diameter in cm? ,velocity of the yoga ball at 1.0s = 2.1464m/s,"t=1.0s, distance_yoga_ball_camera = 2.4985m
t=1.5s, distance_soccer_ball_camera = 1.4972m
distance_person_camera = 3.8300m",
2778,captured_0047s,lab,V3SS,24,DS,What is the yoga ball's displacement between 1.0s and 1.5s in meters? ,velocity of the yoga ball at 1.0s = 2.1464m/s,"t=1.0s, distance_yoga_ball_camera = 2.4985m
t=1.5s, distance_soccer_ball_camera = 1.4972m
distance_person_camera = 3.8300m",
2779,captured_0047s,lab,V3SS,24,DS,What is the distance from the yoga ball to the person at 1.5s in meters? ,velocity of the yoga ball at 1.0s = 2.1464m/s,"t=1.0s, distance_yoga_ball_camera = 2.4985m
t=1.5s, distance_soccer_ball_camera = 1.4972m
distance_person_camera = 3.8300m",
2780,captured_0047x,lab,V3SX,24,DS,What is the yoga ball's diameter in cm? ,velocity of the yoga ball at 1.0s = 2.1464m/s,"t=1.0s, distance_yoga_ball_camera = 2.4985m
t=1.5s, distance_soccer_ball_camera = 1.4972m
distance_person_camera = 3.8300m",
2781,captured_0047x,lab,V3SX,24,DS,What is the yoga ball's displacement between 1.0s and 1.5s in meters? ,velocity of the yoga ball at 1.0s = 2.1464m/s,"t=1.0s, distance_yoga_ball_camera = 2.4985m
t=1.5s, distance_soccer_ball_camera = 1.4972m
distance_person_camera = 3.8300m",
2782,captured_0047x,lab,V3SX,24,DS,What is the distance from the yoga ball to the person at 1.5s in meters? ,velocity of the yoga ball at 1.0s = 2.1464m/s,"t=1.0s, distance_yoga_ball_camera = 2.4985m
t=1.5s, distance_soccer_ball_camera = 1.4972m
distance_person_camera = 3.8300m",
2783,captured_0052,lab,V3MC,24,DS,What is the initial distance between the yoga ball and the shoe in meters? ,velocity of the yoga ball at 1.0s = 2.19m/s,"t=1.0s, distance_yoga_ball_camera = 2.6120m
distance_shoe_camera = 2.2310m
distance_trashbin_camera = 2.9770m
distance_basketball_camera = 1.9365m",
2784,captured_0052,lab,V3MC,24,DS,What is the height of the trashbin in cm?,velocity of the yoga ball at 1.0s = 2.19m/s,"t=1.0s, distance_yoga_ball_camera = 2.6120m
distance_shoe_camera = 2.2310m
distance_trashbin_camera = 2.9770m
distance_basketball_camera = 1.9365m",
2785,captured_0052,lab,V3MC,24,DS,What is the length of the shoe in cm?,velocity of the yoga ball at 1.0s = 2.19m/s,"t=1.0s, distance_yoga_ball_camera = 2.6120m
distance_shoe_camera = 2.2310m
distance_trashbin_camera = 2.9770m
distance_basketball_camera = 1.9365m",
2786,captured_0052,lab,V3MC,24,DS,What is the diameter of the yoga ball in cm?,velocity of the yoga ball at 1.0s = 2.19m/s,"t=1.0s, distance_yoga_ball_camera = 2.6120m
distance_shoe_camera = 2.2310m
distance_trashbin_camera = 2.9770m
distance_basketball_camera = 1.9365m",
2787,captured_0052,lab,V3MC,24,DS,What is the diameter of the basketball in cm?,velocity of the yoga ball at 1.0s = 2.19m/s,"t=1.0s, distance_yoga_ball_camera = 2.6120m
distance_shoe_camera = 2.2310m
distance_trashbin_camera = 2.9770m
distance_basketball_camera = 1.9365m",
2788,captured_0052,lab,V3MC,24,DS,What is the distance between the basketball and the shoe in meters? ,velocity of the yoga ball at 1.0s = 2.19m/s,"t=1.0s, distance_yoga_ball_camera = 2.6120m
distance_shoe_camera = 2.2310m
distance_trashbin_camera = 2.9770m
distance_basketball_camera = 1.9365m",
2789,captured_0052,lab,V3MC,24,DS,What is the distance between the trashbin and the shoe in meters? ,velocity of the yoga ball at 1.0s = 2.19m/s,"t=1.0s, distance_yoga_ball_camera = 2.6120m
distance_shoe_camera = 2.2310m
distance_trashbin_camera = 2.9770m
distance_basketball_camera = 1.9365m",
2790,captured_0052,lab,V3MC,24,DS,What is the distance between the trashbin and the basketball in meters? ,velocity of the yoga ball at 1.0s = 2.19m/s,"t=1.0s, distance_yoga_ball_camera = 2.6120m
distance_shoe_camera = 2.2310m
distance_trashbin_camera = 2.9770m
distance_basketball_camera = 1.9365m",
2791,captured_0052s,lab,V3MS,24,DS,What is the initial distance between the yoga ball and the shoe in meters? ,velocity of the yoga ball at 1.0s = 2.19m/s,"t=1.0s, distance_yoga_ball_camera = 2.6120m
distance_shoe_camera = 2.2310m
distance_trashbin_camera = 2.9770m
distance_basketball_camera = 1.9365m",
2792,captured_0052s,lab,V3MS,24,DS,What is the height of the trashbin in cm?,velocity of the yoga ball at 1.0s = 2.19m/s,"t=1.0s, distance_yoga_ball_camera = 2.6120m
distance_shoe_camera = 2.2310m
distance_trashbin_camera = 2.9770m
distance_basketball_camera = 1.9365m",
2793,captured_0052s,lab,V3MS,24,DS,What is the length of the shoe in cm?,velocity of the yoga ball at 1.0s = 2.19m/s,"t=1.0s, distance_yoga_ball_camera = 2.6120m
distance_shoe_camera = 2.2310m
distance_trashbin_camera = 2.9770m
distance_basketball_camera = 1.9365m",
2794,captured_0052s,lab,V3MS,24,DS,What is the diameter of the yoga ball in cm?,velocity of the yoga ball at 1.0s = 2.19m/s,"t=1.0s, distance_yoga_ball_camera = 2.6120m
distance_shoe_camera = 2.2310m
distance_trashbin_camera = 2.9770m
distance_basketball_camera = 1.9365m",
2795,captured_0052s,lab,V3MS,24,DS,What is the diameter of the basketball in cm?,velocity of the yoga ball at 1.0s = 2.19m/s,"t=1.0s, distance_yoga_ball_camera = 2.6120m
distance_shoe_camera = 2.2310m
distance_trashbin_camera = 2.9770m
distance_basketball_camera = 1.9365m",
2796,captured_0052s,lab,V3MS,24,DS,What is the distance between the basketball and the shoe in meters? ,velocity of the yoga ball at 1.0s = 2.19m/s,"t=1.0s, distance_yoga_ball_camera = 2.6120m
distance_shoe_camera = 2.2310m
distance_trashbin_camera = 2.9770m
distance_basketball_camera = 1.9365m",
2797,captured_0052s,lab,V3MS,24,DS,What is the distance between the trashbin and the shoe in meters? ,velocity of the yoga ball at 1.0s = 2.19m/s,"t=1.0s, distance_yoga_ball_camera = 2.6120m
distance_shoe_camera = 2.2310m
distance_trashbin_camera = 2.9770m
distance_basketball_camera = 1.9365m",
2798,captured_0052s,lab,V3MS,24,DS,What is the distance between the trashbin and the basketball in meters? ,velocity of the yoga ball at 1.0s = 2.19m/s,"t=1.0s, distance_yoga_ball_camera = 2.6120m
distance_shoe_camera = 2.2310m
distance_trashbin_camera = 2.9770m
distance_basketball_camera = 1.9365m",
2799,captured_0052x,lab,V3MX,24,DS,What is the initial distance between the yoga ball and the shoe in meters? ,velocity of the yoga ball at 1.0s = 2.19m/s,"t=1.0s, distance_yoga_ball_camera = 2.6120m
distance_shoe_camera = 2.2310m
distance_trashbin_camera = 2.9770m
distance_basketball_camera = 1.9365m",
2800,captured_0052x,lab,V3MX,24,DS,What is the height of the trashbin in cm?,velocity of the yoga ball at 1.0s = 2.19m/s,"t=1.0s, distance_yoga_ball_camera = 2.6120m
distance_shoe_camera = 2.2310m
distance_trashbin_camera = 2.9770m
distance_basketball_camera = 1.9365m",
2801,captured_0052x,lab,V3MX,24,DS,What is the length of the shoe in cm?,velocity of the yoga ball at 1.0s = 2.19m/s,"t=1.0s, distance_yoga_ball_camera = 2.6120m
distance_shoe_camera = 2.2310m
distance_trashbin_camera = 2.9770m
distance_basketball_camera = 1.9365m",
2802,captured_0052x,lab,V3MX,24,DS,What is the diameter of the yoga ball in cm?,velocity of the yoga ball at 1.0s = 2.19m/s,"t=1.0s, distance_yoga_ball_camera = 2.6120m
distance_shoe_camera = 2.2310m
distance_trashbin_camera = 2.9770m
distance_basketball_camera = 1.9365m",
2803,captured_0052x,lab,V3MX,24,DS,What is the diameter of the basketball in cm?,velocity of the yoga ball at 1.0s = 2.19m/s,"t=1.0s, distance_yoga_ball_camera = 2.6120m
distance_shoe_camera = 2.2310m
distance_trashbin_camera = 2.9770m
distance_basketball_camera = 1.9365m",
2804,captured_0052x,lab,V3MX,24,DS,What is the distance between the basketball and the shoe in meters? ,velocity of the yoga ball at 1.0s = 2.19m/s,"t=1.0s, distance_yoga_ball_camera = 2.6120m
distance_shoe_camera = 2.2310m
distance_trashbin_camera = 2.9770m
distance_basketball_camera = 1.9365m",
2805,captured_0052x,lab,V3MX,24,DS,What is the distance between the trashbin and the shoe in meters? ,velocity of the yoga ball at 1.0s = 2.19m/s,"t=1.0s, distance_yoga_ball_camera = 2.6120m
distance_shoe_camera = 2.2310m
distance_trashbin_camera = 2.9770m
distance_basketball_camera = 1.9365m",
2806,captured_0052x,lab,V3MX,24,DS,What is the distance between the trashbin and the basketball in meters? ,velocity of the yoga ball at 1.0s = 2.19m/s,"t=1.0s, distance_yoga_ball_camera = 2.6120m
distance_shoe_camera = 2.2310m
distance_trashbin_camera = 2.9770m
distance_basketball_camera = 1.9365m",
2807,captured_0053,lab,V3MC,24,DS,What is the width of the book in cm?,velocity of the trashbin at 0.4s = 0.9962m/s,"t=0.4s, distance_trashbin_camera = 2.7300m
distance_white_cup_camera = 2.5160m
distance_book_camera = 2.0820m
distance_basketball_camera = 2.9250m",
2808,captured_0053,lab,V3MC,24,DS,What is the length of the book in cm?,velocity of the trashbin at 0.4s = 0.9962m/s,"t=0.4s, distance_trashbin_camera = 2.7300m
distance_white_cup_camera = 2.5160m
distance_book_camera = 2.0820m
distance_basketball_camera = 2.9250m",
2809,captured_0053,lab,V3MC,24,DS,What is the diameter of the rim of the white cup in cm? ,velocity of the trashbin at 0.4s = 0.9962m/s,"t=0.4s, distance_trashbin_camera = 2.7300m
distance_white_cup_camera = 2.5160m
distance_book_camera = 2.0820m
distance_basketball_camera = 2.9250m",
2810,captured_0053,lab,V3MC,24,DS,What is the diameter of the basketball in cm?,velocity of the trashbin at 0.4s = 0.9962m/s,"t=0.4s, distance_trashbin_camera = 2.7300m
distance_white_cup_camera = 2.5160m
distance_book_camera = 2.0820m
distance_basketball_camera = 2.9250m",
2811,captured_0053,lab,V3MC,24,DS,What is the height of the trashbin in cm?,velocity of the trashbin at 0.4s = 0.9962m/s,"t=0.4s, distance_trashbin_camera = 2.7300m
distance_white_cup_camera = 2.5160m
distance_book_camera = 2.0820m
distance_basketball_camera = 2.9250m",
2812,captured_0053,lab,V3MC,24,DS,What is the diatance between the white cup and the basketball in meters?,velocity of the trashbin at 0.4s = 0.9962m/s,"t=0.4s, distance_trashbin_camera = 2.7300m
distance_white_cup_camera = 2.5160m
distance_book_camera = 2.0820m
distance_basketball_camera = 2.9250m",
2813,captured_0053,lab,V3MC,24,DS,What is the diatance between the white cup and the book in meters?,velocity of the trashbin at 0.4s = 0.9962m/s,"t=0.4s, distance_trashbin_camera = 2.7300m
distance_white_cup_camera = 2.5160m
distance_book_camera = 2.0820m
distance_basketball_camera = 2.9250m",
2814,captured_0053,lab,V3MC,24,DS,What is the displacement of the trashbin between 0.4s and 1.4s in meters?,velocity of the trashbin at 0.4s = 0.9962m/s,"t=0.4s, distance_trashbin_camera = 2.7300m
distance_white_cup_camera = 2.5160m
distance_book_camera = 2.0820m
distance_basketball_camera = 2.9250m",
2815,captured_0053s,lab,V3MS,24,DS,What is the width of the book in cm?,velocity of the trashbin at 0.4s = 0.9962m/s,"t=0.4s, distance_trashbin_camera = 2.7300m
distance_white_cup_camera = 2.5160m
distance_book_camera = 2.0820m
distance_basketball_camera = 2.9250m",
2816,captured_0053s,lab,V3MS,24,DS,What is the length of the book in cm?,velocity of the trashbin at 0.4s = 0.9962m/s,"t=0.4s, distance_trashbin_camera = 2.7300m
distance_white_cup_camera = 2.5160m
distance_book_camera = 2.0820m
distance_basketball_camera = 2.9250m",
2817,captured_0053s,lab,V3MS,24,DS,What is the diameter of the rim of the white cup in cm? ,velocity of the trashbin at 0.4s = 0.9962m/s,"t=0.4s, distance_trashbin_camera = 2.7300m
distance_white_cup_camera = 2.5160m
distance_book_camera = 2.0820m
distance_basketball_camera = 2.9250m",
2818,captured_0053s,lab,V3MS,24,DS,What is the diameter of the basketball in cm?,velocity of the trashbin at 0.4s = 0.9962m/s,"t=0.4s, distance_trashbin_camera = 2.7300m
distance_white_cup_camera = 2.5160m
distance_book_camera = 2.0820m
distance_basketball_camera = 2.9250m",
2819,captured_0053s,lab,V3MS,24,DS,What is the height of the trashbin in cm?,velocity of the trashbin at 0.4s = 0.9962m/s,"t=0.4s, distance_trashbin_camera = 2.7300m
distance_white_cup_camera = 2.5160m
distance_book_camera = 2.0820m
distance_basketball_camera = 2.9250m",
2820,captured_0053s,lab,V3MS,24,DS,What is the diatance between the white cup and the basketball in meters?,velocity of the trashbin at 0.4s = 0.9962m/s,"t=0.4s, distance_trashbin_camera = 2.7300m
distance_white_cup_camera = 2.5160m
distance_book_camera = 2.0820m
distance_basketball_camera = 2.9250m",
2821,captured_0053s,lab,V3MS,24,DS,What is the diatance between the white cup and the book in meters?,velocity of the trashbin at 0.4s = 0.9962m/s,"t=0.4s, distance_trashbin_camera = 2.7300m
distance_white_cup_camera = 2.5160m
distance_book_camera = 2.0820m
distance_basketball_camera = 2.9250m",
2822,captured_0053s,lab,V3MS,24,DS,What is the displacement of the trashbin between 0.4s and 1.4s in meters?,velocity of the trashbin at 0.4s = 0.9962m/s,"t=0.4s, distance_trashbin_camera = 2.7300m
distance_white_cup_camera = 2.5160m
distance_book_camera = 2.0820m
distance_basketball_camera = 2.9250m",
2823,captured_0053x,lab,V3MX,24,DS,What is the width of the book in cm?,velocity of the trashbin at 0.4s = 0.9962m/s,"t=0.4s, distance_trashbin_camera = 2.7300m
distance_white_cup_camera = 2.5160m
distance_book_camera = 2.0820m
distance_basketball_camera = 2.9250m",
2824,captured_0053x,lab,V3MX,24,DS,What is the length of the book in cm?,velocity of the trashbin at 0.4s = 0.9962m/s,"t=0.4s, distance_trashbin_camera = 2.7300m
distance_white_cup_camera = 2.5160m
distance_book_camera = 2.0820m
distance_basketball_camera = 2.9250m",
2825,captured_0053x,lab,V3MX,24,DS,What is the diameter of the rim of the white cup in cm? ,velocity of the trashbin at 0.4s = 0.9962m/s,"t=0.4s, distance_trashbin_camera = 2.7300m
distance_white_cup_camera = 2.5160m
distance_book_camera = 2.0820m
distance_basketball_camera = 2.9250m",
2826,captured_0053x,lab,V3MX,24,DS,What is the diameter of the basketball in cm?,velocity of the trashbin at 0.4s = 0.9962m/s,"t=0.4s, distance_trashbin_camera = 2.7300m
distance_white_cup_camera = 2.5160m
distance_book_camera = 2.0820m
distance_basketball_camera = 2.9250m",
2827,captured_0053x,lab,V3MX,24,DS,What is the height of the trashbin in cm?,velocity of the trashbin at 0.4s = 0.9962m/s,"t=0.4s, distance_trashbin_camera = 2.7300m
distance_white_cup_camera = 2.5160m
distance_book_camera = 2.0820m
distance_basketball_camera = 2.9250m",
2828,captured_0053x,lab,V3MX,24,DS,What is the diatance between the white cup and the basketball in meters?,velocity of the trashbin at 0.4s = 0.9962m/s,"t=0.4s, distance_trashbin_camera = 2.7300m
distance_white_cup_camera = 2.5160m
distance_book_camera = 2.0820m
distance_basketball_camera = 2.9250m",
2829,captured_0053x,lab,V3MX,24,DS,What is the diatance between the white cup and the book in meters?,velocity of the trashbin at 0.4s = 0.9962m/s,"t=0.4s, distance_trashbin_camera = 2.7300m
distance_white_cup_camera = 2.5160m
distance_book_camera = 2.0820m
distance_basketball_camera = 2.9250m",
2830,captured_0053x,lab,V3MX,24,DS,What is the displacement of the trashbin between 0.4s and 1.4s in meters?,velocity of the trashbin at 0.4s = 0.9962m/s,"t=0.4s, distance_trashbin_camera = 2.7300m
distance_white_cup_camera = 2.5160m
distance_book_camera = 2.0820m
distance_basketball_camera = 2.9250m",
2831,captured_0054a,lab,V3MC,24,DS,What is the orange ball's displacement between 0.5s and 1.0s in meters? ,velocity of the orange ball at 0.5s = 2.21m/s,"t=0.5s, distance_orange_ball_camera = 2.3557m
t=1.0s, distance_orange_ball_camera = 1.8100m
t=1.0s, distance_white_ball_camera = 3.0735m
t=1.0s, distance_green_ball_camera = 3.0390m",
2832,captured_0054a,lab,V3MC,24,DS,What is the soccer ball's displacement between 1.0s and 1.4s in meters? ,velocity of the orange ball at 0.5s = 2.21m/s,"t=0.5s, distance_orange_ball_camera = 2.3557m
t=1.0s, distance_orange_ball_camera = 1.8100m
t=1.0s, distance_white_ball_camera = 3.0735m
t=1.0s, distance_green_ball_camera = 3.0390m",
2833,captured_0054a,lab,V3MC,24,DS,What is the soccer ball's diameter in cm? ,velocity of the orange ball at 0.5s = 2.21m/s,"t=0.5s, distance_orange_ball_camera = 2.3557m
t=1.0s, distance_orange_ball_camera = 1.8100m
t=1.0s, distance_white_ball_camera = 3.0735m
t=1.0s, distance_green_ball_camera = 3.0390m",
2834,captured_0054a,lab,V3MC,24,DS,What is the orange ball's diameter in cm? ,velocity of the orange ball at 0.5s = 2.21m/s,"t=0.5s, distance_orange_ball_camera = 2.3557m
t=1.0s, distance_orange_ball_camera = 1.8100m
t=1.0s, distance_white_ball_camera = 3.0735m
t=1.0s, distance_green_ball_camera = 3.0390m",
2835,captured_0054a,lab,V3MC,24,DS,What is the white ball's diameter in cm? ,velocity of the orange ball at 0.5s = 2.21m/s,"t=0.5s, distance_orange_ball_camera = 2.3557m
t=1.0s, distance_orange_ball_camera = 1.8100m
t=1.0s, distance_white_ball_camera = 3.0735m
t=1.0s, distance_green_ball_camera = 3.0390m",
2836,captured_0054a,lab,V3MC,24,DD,What is the soccer ball's velocity at 0.5s in m/s? ,velocity of the orange ball at 0.5s = 2.21m/s,"t=0.5s, distance_orange_ball_camera = 2.3557m
t=1.0s, distance_orange_ball_camera = 1.8100m
t=1.0s, distance_white_ball_camera = 3.0735m
t=1.0s, distance_green_ball_camera = 3.0390m",
2837,captured_0054a,lab,V3MC,24,DD,What is the velocity of the green ball at 1.0s in m/s? ,velocity of the orange ball at 0.5s = 2.21m/s,"t=0.5s, distance_orange_ball_camera = 2.3557m
t=1.0s, distance_orange_ball_camera = 1.8100m
t=1.0s, distance_white_ball_camera = 3.0735m
t=1.0s, distance_green_ball_camera = 3.0390m",
2838,captured_0054a,lab,V3MC,24,DD,What is the velocity of the white ball at 1.0s in m/s? ,velocity of the orange ball at 0.5s = 2.21m/s,"t=0.5s, distance_orange_ball_camera = 2.3557m
t=1.0s, distance_orange_ball_camera = 1.8100m
t=1.0s, distance_white_ball_camera = 3.0735m
t=1.0s, distance_green_ball_camera = 3.0390m",
2839,captured_0054a,lab,V3MC,24,DD,What is the velocity of the green ball at 1.5s in m/s? ,velocity of the orange ball at 0.5s = 2.21m/s,"t=0.5s, distance_orange_ball_camera = 2.3557m
t=1.0s, distance_orange_ball_camera = 1.8100m
t=1.0s, distance_white_ball_camera = 3.0735m
t=1.0s, distance_green_ball_camera = 3.0390m",
2840,captured_0054a,lab,V3MC,24,DD,What is the velocity of the pink ball at 1.5s in m/s? ,velocity of the orange ball at 0.5s = 2.21m/s,"t=0.5s, distance_orange_ball_camera = 2.3557m
t=1.0s, distance_orange_ball_camera = 1.8100m
t=1.0s, distance_white_ball_camera = 3.0735m
t=1.0s, distance_green_ball_camera = 3.0390m",
2841,captured_0054a,lab,V3MC,24,DS,What is the distance between the orange ball and the soccer ball at 1.0s in meters? ,velocity of the orange ball at 0.5s = 2.21m/s,"t=0.5s, distance_orange_ball_camera = 2.3557m
t=1.0s, distance_orange_ball_camera = 1.8100m
t=1.0s, distance_white_ball_camera = 3.0735m
t=1.0s, distance_green_ball_camera = 3.0390m",
2842,captured_0054a,lab,V3MC,24,DS,What is the distance between the green ball and the pink ball at 1.0s in meters? ,velocity of the orange ball at 0.5s = 2.21m/s,"t=0.5s, distance_orange_ball_camera = 2.3557m
t=1.0s, distance_orange_ball_camera = 1.8100m
t=1.0s, distance_white_ball_camera = 3.0735m
t=1.0s, distance_green_ball_camera = 3.0390m",
2843,captured_0054as,lab,V3MS,24,DS,What is the orange ball's displacement between 0.5s and 1.0s in meters? ,velocity of the orange ball at 0.5s = 2.21m/s,"t=0.5s, distance_orange_ball_camera = 2.3557m
t=1.0s, distance_orange_ball_camera = 1.8100m
t=1.0s, distance_white_ball_camera = 3.0735m
t=1.0s, distance_green_ball_camera = 3.0390m",
2844,captured_0054as,lab,V3MS,24,DS,What is the soccer ball's displacement between 1.0s and 1.4s in meters? ,velocity of the orange ball at 0.5s = 2.21m/s,"t=0.5s, distance_orange_ball_camera = 2.3557m
t=1.0s, distance_orange_ball_camera = 1.8100m
t=1.0s, distance_white_ball_camera = 3.0735m
t=1.0s, distance_green_ball_camera = 3.0390m",
2845,captured_0054as,lab,V3MS,24,DS,What is the soccer ball's diameter in cm? ,velocity of the orange ball at 0.5s = 2.21m/s,"t=0.5s, distance_orange_ball_camera = 2.3557m
t=1.0s, distance_orange_ball_camera = 1.8100m
t=1.0s, distance_white_ball_camera = 3.0735m
t=1.0s, distance_green_ball_camera = 3.0390m",
2846,captured_0054as,lab,V3MS,24,DS,What is the orange ball's diameter in cm? ,velocity of the orange ball at 0.5s = 2.21m/s,"t=0.5s, distance_orange_ball_camera = 2.3557m
t=1.0s, distance_orange_ball_camera = 1.8100m
t=1.0s, distance_white_ball_camera = 3.0735m
t=1.0s, distance_green_ball_camera = 3.0390m",
2847,captured_0054as,lab,V3MS,24,DS,What is the white ball's diameter in cm? ,velocity of the orange ball at 0.5s = 2.21m/s,"t=0.5s, distance_orange_ball_camera = 2.3557m
t=1.0s, distance_orange_ball_camera = 1.8100m
t=1.0s, distance_white_ball_camera = 3.0735m
t=1.0s, distance_green_ball_camera = 3.0390m",
2848,captured_0054as,lab,V3MS,24,DD,What is the soccer ball's velocity at 0.5s in m/s? ,velocity of the orange ball at 0.5s = 2.21m/s,"t=0.5s, distance_orange_ball_camera = 2.3557m
t=1.0s, distance_orange_ball_camera = 1.8100m
t=1.0s, distance_white_ball_camera = 3.0735m
t=1.0s, distance_green_ball_camera = 3.0390m",
2849,captured_0054as,lab,V3MS,24,DD,What is the velocity of the green ball at 1.0s in m/s? ,velocity of the orange ball at 0.5s = 2.21m/s,"t=0.5s, distance_orange_ball_camera = 2.3557m
t=1.0s, distance_orange_ball_camera = 1.8100m
t=1.0s, distance_white_ball_camera = 3.0735m
t=1.0s, distance_green_ball_camera = 3.0390m",
2850,captured_0054as,lab,V3MS,24,DD,What is the velocity of the white ball at 1.0s in m/s? ,velocity of the orange ball at 0.5s = 2.21m/s,"t=0.5s, distance_orange_ball_camera = 2.3557m
t=1.0s, distance_orange_ball_camera = 1.8100m
t=1.0s, distance_white_ball_camera = 3.0735m
t=1.0s, distance_green_ball_camera = 3.0390m",
2851,captured_0054as,lab,V3MS,24,DD,What is the velocity of the green ball at 1.5s in m/s? ,velocity of the orange ball at 0.5s = 2.21m/s,"t=0.5s, distance_orange_ball_camera = 2.3557m
t=1.0s, distance_orange_ball_camera = 1.8100m
t=1.0s, distance_white_ball_camera = 3.0735m
t=1.0s, distance_green_ball_camera = 3.0390m",
2852,captured_0054as,lab,V3MS,24,DD,What is the velocity of the white ball at 1.5s in m/s? ,velocity of the orange ball at 0.5s = 2.21m/s,"t=0.5s, distance_orange_ball_camera = 2.3557m
t=1.0s, distance_orange_ball_camera = 1.8100m
t=1.0s, distance_white_ball_camera = 3.0735m
t=1.0s, distance_green_ball_camera = 3.0390m",
2853,captured_0054as,lab,V3MS,24,DS,What is the distance between the orange ball and the soccer ball at 1.0s in meters? ,velocity of the orange ball at 0.5s = 2.21m/s,"t=0.5s, distance_orange_ball_camera = 2.3557m
t=1.0s, distance_orange_ball_camera = 1.8100m
t=1.0s, distance_white_ball_camera = 3.0735m
t=1.0s, distance_green_ball_camera = 3.0390m",
2854,captured_0054as,lab,V3MS,24,DS,What is the distance between the green ball and the white ball at 1.0s in meters? ,velocity of the orange ball at 0.5s = 2.21m/s,"t=0.5s, distance_orange_ball_camera = 2.3557m
t=1.0s, distance_orange_ball_camera = 1.8100m
t=1.0s, distance_white_ball_camera = 3.0735m
t=1.0s, distance_green_ball_camera = 3.0390m",
2855,captured_0054ax,lab,V3MX,24,DS,What is the orange ball's displacement between 0.5s and 1.0s in meters? ,velocity of the orange ball at 0.5s = 2.21m/s,"t=0.5s, distance_orange_ball_camera = 2.3557m
t=1.0s, distance_orange_ball_camera = 1.8100m
t=1.0s, distance_white_ball_camera = 3.0735m
t=1.0s, distance_green_ball_camera = 3.0390m",
2856,captured_0054ax,lab,V3MX,24,DS,What is the soccer ball's displacement between 1.0s and 1.4s in meters? ,velocity of the orange ball at 0.5s = 2.21m/s,"t=0.5s, distance_orange_ball_camera = 2.3557m
t=1.0s, distance_orange_ball_camera = 1.8100m
t=1.0s, distance_white_ball_camera = 3.0735m
t=1.0s, distance_green_ball_camera = 3.0390m",
2857,captured_0054ax,lab,V3MX,24,DS,What is the white ball's diameter in cm? ,velocity of the orange ball at 0.5s = 2.21m/s,"t=0.5s, distance_orange_ball_camera = 2.3557m
t=1.0s, distance_orange_ball_camera = 1.8100m
t=1.0s, distance_white_ball_camera = 3.0735m
t=1.0s, distance_green_ball_camera = 3.0390m",
2858,captured_0054ax,lab,V3MX,24,DS,What is the orange ball's diameter in cm? ,velocity of the orange ball at 0.5s = 2.21m/s,"t=0.5s, distance_orange_ball_camera = 2.3557m
t=1.0s, distance_orange_ball_camera = 1.8100m
t=1.0s, distance_white_ball_camera = 3.0735m
t=1.0s, distance_green_ball_camera = 3.0390m",
2859,captured_0054ax,lab,V3MX,24,DD,What is the soccer ball's velocity at 0.5s in m/s? ,velocity of the orange ball at 0.5s = 2.21m/s,"t=0.5s, distance_orange_ball_camera = 2.3557m
t=1.0s, distance_orange_ball_camera = 1.8100m
t=1.0s, distance_white_ball_camera = 3.0735m
t=1.0s, distance_green_ball_camera = 3.0390m",
2860,captured_0054ax,lab,V3MX,24,DD,What is the velocity of the green ball at 1.0s in m/s? ,velocity of the orange ball at 0.5s = 2.21m/s,"t=0.5s, distance_orange_ball_camera = 2.3557m
t=1.0s, distance_orange_ball_camera = 1.8100m
t=1.0s, distance_white_ball_camera = 3.0735m
t=1.0s, distance_green_ball_camera = 3.0390m",
2861,captured_0054ax,lab,V3MX,24,DD,What is the velocity of the white ball at 1.0s in m/s? ,velocity of the orange ball at 0.5s = 2.21m/s,"t=0.5s, distance_orange_ball_camera = 2.3557m
t=1.0s, distance_orange_ball_camera = 1.8100m
t=1.0s, distance_white_ball_camera = 3.0735m
t=1.0s, distance_green_ball_camera = 3.0390m",
2862,captured_0054ax,lab,V3MX,24,DD,What is the velocity of the green ball at 1.5s in m/s? ,velocity of the orange ball at 0.5s = 2.21m/s,"t=0.5s, distance_orange_ball_camera = 2.3557m
t=1.0s, distance_orange_ball_camera = 1.8100m
t=1.0s, distance_white_ball_camera = 3.0735m
t=1.0s, distance_green_ball_camera = 3.0390m",
2863,captured_0054ax,lab,V3MX,24,DD,What is the velocity of the pink ball at 1.5s in m/s? ,velocity of the orange ball at 0.5s = 2.21m/s,"t=0.5s, distance_orange_ball_camera = 2.3557m
t=1.0s, distance_orange_ball_camera = 1.8100m
t=1.0s, distance_white_ball_camera = 3.0735m
t=1.0s, distance_green_ball_camera = 3.0390m",
2864,captured_0054ax,lab,V3MX,24,DS,What is the distance between the orange ball and the soccer ball at 1.0s in meters? ,velocity of the orange ball at 0.5s = 2.21m/s,"t=0.5s, distance_orange_ball_camera = 2.3557m
t=1.0s, distance_orange_ball_camera = 1.8100m
t=1.0s, distance_white_ball_camera = 3.0735m
t=1.0s, distance_green_ball_camera = 3.0390m",
2865,captured_0054ax,lab,V3MX,24,DS,What is the distance between the green ball and the white ball at 1.0s in meters? ,velocity of the orange ball at 0.5s = 2.21m/s,"t=0.5s, distance_orange_ball_camera = 2.3557m
t=1.0s, distance_orange_ball_camera = 1.8100m
t=1.0s, distance_white_ball_camera = 3.0735m
t=1.0s, distance_green_ball_camera = 3.0390m",
2866,captured_0054b,lab,V3MC,24,DS,What is the orange ball's displacement between 0.5s and 1.0s in meters? ,velocity of the orange ball at 0.5s = 2.21m/s,"t=0.5s, distance_orange_ball_camera = 2.2400m
t=1.0s, distance_orange_ball_camera = 1.8100m
t=1.0s, distance_white_ball_camera = 1.2350m
t=1.0s, distance_green_ball_camera = 1.3310m
t=2.0s, distance_soccer_ball_camera = 3.2540m",
2867,captured_0054b,lab,V3MC,24,DS,What is the soccer ball's displacement between 1.0s and 1.4s in meters? ,velocity of the orange ball at 0.5s = 2.21m/s,"t=0.5s, distance_orange_ball_camera = 2.2400m
t=1.0s, distance_orange_ball_camera = 1.8100m
t=1.0s, distance_white_ball_camera = 1.2350m
t=1.0s, distance_green_ball_camera = 1.3310m
t=2.0s, distance_soccer_ball_camera = 3.2540m",
2868,captured_0054b,lab,V3MC,24,DS,What is the soccer ball's diameter in cm? ,velocity of the orange ball at 0.5s = 2.21m/s,"t=0.5s, distance_orange_ball_camera = 2.2400m
t=1.0s, distance_orange_ball_camera = 1.8100m
t=1.0s, distance_white_ball_camera = 1.2350m
t=1.0s, distance_green_ball_camera = 1.3310m
t=2.0s, distance_soccer_ball_camera = 3.2540m",
2869,captured_0054b,lab,V3MC,24,DS,What is the orange ball's diameter in cm? ,velocity of the orange ball at 0.5s = 2.21m/s,"t=0.5s, distance_orange_ball_camera = 2.2400m
t=1.0s, distance_orange_ball_camera = 1.8100m
t=1.0s, distance_white_ball_camera = 1.2350m
t=1.0s, distance_green_ball_camera = 1.3310m
t=2.0s, distance_soccer_ball_camera = 3.2540m",
2870,captured_0054b,lab,V3MC,24,DS,What is the white ball's diameter in cm? ,velocity of the orange ball at 0.5s = 2.21m/s,"t=0.5s, distance_orange_ball_camera = 2.2400m
t=1.0s, distance_orange_ball_camera = 1.8100m
t=1.0s, distance_white_ball_camera = 1.2350m
t=1.0s, distance_green_ball_camera = 1.3310m
t=2.0s, distance_soccer_ball_camera = 3.2540m",
2871,captured_0054b,lab,V3MC,24,DD,What is the soccer ball's velocity at 0.5s in m/s? ,velocity of the orange ball at 0.5s = 2.21m/s,"t=0.5s, distance_orange_ball_camera = 2.2400m
t=1.0s, distance_orange_ball_camera = 1.8100m
t=1.0s, distance_white_ball_camera = 1.2350m
t=1.0s, distance_green_ball_camera = 1.3310m
t=2.0s, distance_soccer_ball_camera = 3.2540m",
2872,captured_0054b,lab,V3MC,24,DD,What is the velocity of the green ball at 1.0s in m/s? ,velocity of the orange ball at 0.5s = 2.21m/s,"t=0.5s, distance_orange_ball_camera = 2.2400m
t=1.0s, distance_orange_ball_camera = 1.8100m
t=1.0s, distance_white_ball_camera = 1.2350m
t=1.0s, distance_green_ball_camera = 1.3310m
t=2.0s, distance_soccer_ball_camera = 3.2540m",
2873,captured_0054b,lab,V3MC,24,DD,What is the velocity of the white ball at 1.0s in m/s? ,velocity of the orange ball at 0.5s = 2.21m/s,"t=0.5s, distance_orange_ball_camera = 2.2400m
t=1.0s, distance_orange_ball_camera = 1.8100m
t=1.0s, distance_white_ball_camera = 1.2350m
t=1.0s, distance_green_ball_camera = 1.3310m
t=2.0s, distance_soccer_ball_camera = 3.2540m",
2874,captured_0054b,lab,V3MC,24,DD,What is the velocity of the green ball at 1.5s in m/s? ,velocity of the orange ball at 0.5s = 2.21m/s,"t=0.5s, distance_orange_ball_camera = 2.2400m
t=1.0s, distance_orange_ball_camera = 1.8100m
t=1.0s, distance_white_ball_camera = 1.2350m
t=1.0s, distance_green_ball_camera = 1.3310m
t=2.0s, distance_soccer_ball_camera = 3.2540m",
2875,captured_0054b,lab,V3MC,24,DD,What is the velocity of the white ball at 1.5s in m/s? ,velocity of the orange ball at 0.5s = 2.21m/s,"t=0.5s, distance_orange_ball_camera = 2.2400m
t=1.0s, distance_orange_ball_camera = 1.8100m
t=1.0s, distance_white_ball_camera = 1.2350m
t=1.0s, distance_green_ball_camera = 1.3310m
t=2.0s, distance_soccer_ball_camera = 3.2540m",
2876,captured_0054b,lab,V3MC,24,DS,What is the distance between the orange ball and the soccer ball at 1.0s in meters? ,velocity of the orange ball at 0.5s = 2.21m/s,"t=0.5s, distance_orange_ball_camera = 2.2400m
t=1.0s, distance_orange_ball_camera = 1.8100m
t=1.0s, distance_white_ball_camera = 1.2350m
t=1.0s, distance_green_ball_camera = 1.3310m
t=2.0s, distance_soccer_ball_camera = 3.2540m",
2877,captured_0054b,lab,V3MC,24,DS,What is the distance between the green ball and the white ball at 1.0s in meters? ,velocity of the orange ball at 0.5s = 2.21m/s,"t=0.5s, distance_orange_ball_camera = 2.2400m
t=1.0s, distance_orange_ball_camera = 1.8100m
t=1.0s, distance_white_ball_camera = 1.2350m
t=1.0s, distance_green_ball_camera = 1.3310m
t=2.0s, distance_soccer_ball_camera = 3.2540m",
2878,captured_0054bs,lab,V3MS,24,DS,What is the orange ball's displacement between 0.5s and 1.0s in meters? ,velocity of the orange ball at 0.5s = 2.21m/s,"t=0.5s, distance_orange_ball_camera = 2.2400m
t=1.0s, distance_orange_ball_camera = 1.8100m
t=1.0s, distance_white_ball_camera = 1.2350m
t=1.0s, distance_green_ball_camera = 1.3310m
t=2.0s, distance_soccer_ball_camera = 3.2540m",
2879,captured_0054bs,lab,V3MS,24,DS,What is the soccer ball's displacement between 1.0s and 1.4s in meters? ,velocity of the orange ball at 0.5s = 2.21m/s,"t=0.5s, distance_orange_ball_camera = 2.2400m
t=1.0s, distance_orange_ball_camera = 1.8100m
t=1.0s, distance_white_ball_camera = 1.2350m
t=1.0s, distance_green_ball_camera = 1.3310m
t=2.0s, distance_soccer_ball_camera = 3.2540m",
2880,captured_0054bs,lab,V3MS,24,DS,What is the soccer ball's diameter in cm? ,velocity of the orange ball at 0.5s = 2.21m/s,"t=0.5s, distance_orange_ball_camera = 2.2400m
t=1.0s, distance_orange_ball_camera = 1.8100m
t=1.0s, distance_white_ball_camera = 1.2350m
t=1.0s, distance_green_ball_camera = 1.3310m
t=2.0s, distance_soccer_ball_camera = 3.2540m",
2881,captured_0054bs,lab,V3MS,24,DS,What is the orange ball's diameter in cm? ,velocity of the orange ball at 0.5s = 2.21m/s,"t=0.5s, distance_orange_ball_camera = 2.2400m
t=1.0s, distance_orange_ball_camera = 1.8100m
t=1.0s, distance_white_ball_camera = 1.2350m
t=1.0s, distance_green_ball_camera = 1.3310m
t=2.0s, distance_soccer_ball_camera = 3.2540m",
2882,captured_0054bs,lab,V3MS,24,DS,What is the white ball's diameter in cm? ,velocity of the orange ball at 0.5s = 2.21m/s,"t=0.5s, distance_orange_ball_camera = 2.2400m
t=1.0s, distance_orange_ball_camera = 1.8100m
t=1.0s, distance_white_ball_camera = 1.2350m
t=1.0s, distance_green_ball_camera = 1.3310m
t=2.0s, distance_soccer_ball_camera = 3.2540m",
2883,captured_0054bs,lab,V3MS,24,DD,What is the soccer ball's velocity at 0.5s in m/s? ,velocity of the orange ball at 0.5s = 2.21m/s,"t=0.5s, distance_orange_ball_camera = 2.2400m
t=1.0s, distance_orange_ball_camera = 1.8100m
t=1.0s, distance_white_ball_camera = 1.2350m
t=1.0s, distance_green_ball_camera = 1.3310m
t=2.0s, distance_soccer_ball_camera = 3.2540m",
2884,captured_0054bs,lab,V3MS,24,DD,What is the velocity of the green ball at 1.0s in m/s? ,velocity of the orange ball at 0.5s = 2.21m/s,"t=0.5s, distance_orange_ball_camera = 2.2400m
t=1.0s, distance_orange_ball_camera = 1.8100m
t=1.0s, distance_white_ball_camera = 1.2350m
t=1.0s, distance_green_ball_camera = 1.3310m
t=2.0s, distance_soccer_ball_camera = 3.2540m",
2885,captured_0054bs,lab,V3MS,24,DD,What is the velocity of the white ball at 1.0s in m/s? ,velocity of the orange ball at 0.5s = 2.21m/s,"t=0.5s, distance_orange_ball_camera = 2.2400m
t=1.0s, distance_orange_ball_camera = 1.8100m
t=1.0s, distance_white_ball_camera = 1.2350m
t=1.0s, distance_green_ball_camera = 1.3310m
t=2.0s, distance_soccer_ball_camera = 3.2540m",
2886,captured_0054bs,lab,V3MS,24,DD,What is the velocity of the green ball at 1.5s in m/s? ,velocity of the orange ball at 0.5s = 2.21m/s,"t=0.5s, distance_orange_ball_camera = 2.2400m
t=1.0s, distance_orange_ball_camera = 1.8100m
t=1.0s, distance_white_ball_camera = 1.2350m
t=1.0s, distance_green_ball_camera = 1.3310m
t=2.0s, distance_soccer_ball_camera = 3.2540m",
2887,captured_0054bs,lab,V3MS,24,DD,What is the velocity of the white ball at 1.5s in m/s? ,velocity of the orange ball at 0.5s = 2.21m/s,"t=0.5s, distance_orange_ball_camera = 2.2400m
t=1.0s, distance_orange_ball_camera = 1.8100m
t=1.0s, distance_white_ball_camera = 1.2350m
t=1.0s, distance_green_ball_camera = 1.3310m
t=2.0s, distance_soccer_ball_camera = 3.2540m",
2888,captured_0054bs,lab,V3MS,24,DS,What is the distance between the orange ball and the soccer ball at 1.0s in meters? ,velocity of the orange ball at 0.5s = 2.21m/s,"t=0.5s, distance_orange_ball_camera = 2.2400m
t=1.0s, distance_orange_ball_camera = 1.8100m
t=1.0s, distance_white_ball_camera = 1.2350m
t=1.0s, distance_green_ball_camera = 1.3310m
t=2.0s, distance_soccer_ball_camera = 3.2540m",
2889,captured_0054bs,lab,V3MS,24,DS,What is the distance between the green ball and the white ball at 1.0s in meters? ,velocity of the orange ball at 0.5s = 2.21m/s,"t=0.5s, distance_orange_ball_camera = 2.2400m
t=1.0s, distance_orange_ball_camera = 1.8100m
t=1.0s, distance_white_ball_camera = 1.2350m
t=1.0s, distance_green_ball_camera = 1.3310m
t=2.0s, distance_soccer_ball_camera = 3.2540m",
2890,captured_0054bx,lab,V3MX,24,DS,What is the orange ball's displacement between 0.5s and 1.0s in meters? ,velocity of the orange ball at 0.5s = 2.21m/s,"t=0.5s, distance_orange_ball_camera = 2.2400m
t=1.0s, distance_orange_ball_camera = 1.8100m
t=1.0s, distance_white_ball_camera = 1.2350m
t=1.0s, distance_green_ball_camera = 1.3310m
t=2.0s, distance_soccer_ball_camera = 3.2540m",
2891,captured_0054bx,lab,V3MX,24,DS,What is the soccer ball's displacement between 1.0s and 1.4s in meters? ,velocity of the orange ball at 0.5s = 2.21m/s,"t=0.5s, distance_orange_ball_camera = 2.2400m
t=1.0s, distance_orange_ball_camera = 1.8100m
t=1.0s, distance_white_ball_camera = 1.2350m
t=1.0s, distance_green_ball_camera = 1.3310m
t=2.0s, distance_soccer_ball_camera = 3.2540m",
2892,captured_0054bx,lab,V3MX,24,DS,What is the soccer ball's diameter in cm? ,velocity of the orange ball at 0.5s = 2.21m/s,"t=0.5s, distance_orange_ball_camera = 2.2400m
t=1.0s, distance_orange_ball_camera = 1.8100m
t=1.0s, distance_white_ball_camera = 1.2350m
t=1.0s, distance_green_ball_camera = 1.3310m
t=2.0s, distance_soccer_ball_camera = 3.2540m",
2893,captured_0054bx,lab,V3MX,24,DS,What is the orange ball's diameter in cm? ,velocity of the orange ball at 0.5s = 2.21m/s,"t=0.5s, distance_orange_ball_camera = 2.2400m
t=1.0s, distance_orange_ball_camera = 1.8100m
t=1.0s, distance_white_ball_camera = 1.2350m
t=1.0s, distance_green_ball_camera = 1.3310m
t=2.0s, distance_soccer_ball_camera = 3.2540m",
2894,captured_0054bx,lab,V3MX,24,DS,What is the white ball's diameter in cm? ,velocity of the orange ball at 0.5s = 2.21m/s,"t=0.5s, distance_orange_ball_camera = 2.2400m
t=1.0s, distance_orange_ball_camera = 1.8100m
t=1.0s, distance_white_ball_camera = 1.2350m
t=1.0s, distance_green_ball_camera = 1.3310m
t=2.0s, distance_soccer_ball_camera = 3.2540m",
2895,captured_0054bx,lab,V3MX,24,DD,What is the soccer ball's velocity at 0.5s in m/s? ,velocity of the orange ball at 0.5s = 2.21m/s,"t=0.5s, distance_orange_ball_camera = 2.2400m
t=1.0s, distance_orange_ball_camera = 1.8100m
t=1.0s, distance_white_ball_camera = 1.2350m
t=1.0s, distance_green_ball_camera = 1.3310m
t=2.0s, distance_soccer_ball_camera = 3.2540m",
2896,captured_0054bx,lab,V3MX,24,DD,What is the velocity of the green ball at 1.0s in m/s? ,velocity of the orange ball at 0.5s = 2.21m/s,"t=0.5s, distance_orange_ball_camera = 2.2400m
t=1.0s, distance_orange_ball_camera = 1.8100m
t=1.0s, distance_white_ball_camera = 1.2350m
t=1.0s, distance_green_ball_camera = 1.3310m
t=2.0s, distance_soccer_ball_camera = 3.2540m",
2897,captured_0054bx,lab,V3MX,24,DD,What is the velocity of the white ball at 1.0s in m/s? ,velocity of the orange ball at 0.5s = 2.21m/s,"t=0.5s, distance_orange_ball_camera = 2.2400m
t=1.0s, distance_orange_ball_camera = 1.8100m
t=1.0s, distance_white_ball_camera = 1.2350m
t=1.0s, distance_green_ball_camera = 1.3310m
t=2.0s, distance_soccer_ball_camera = 3.2540m",
2898,captured_0054bx,lab,V3MX,24,DD,What is the velocity of the green ball at 1.5s in m/s? ,velocity of the orange ball at 0.5s = 2.21m/s,"t=0.5s, distance_orange_ball_camera = 2.2400m
t=1.0s, distance_orange_ball_camera = 1.8100m
t=1.0s, distance_white_ball_camera = 1.2350m
t=1.0s, distance_green_ball_camera = 1.3310m
t=2.0s, distance_soccer_ball_camera = 3.2540m",
2899,captured_0054bx,lab,V3MX,24,DD,What is the velocity of the white ball at 1.5s in m/s? ,velocity of the orange ball at 0.5s = 2.21m/s,"t=0.5s, distance_orange_ball_camera = 2.2400m
t=1.0s, distance_orange_ball_camera = 1.8100m
t=1.0s, distance_white_ball_camera = 1.2350m
t=1.0s, distance_green_ball_camera = 1.3310m
t=2.0s, distance_soccer_ball_camera = 3.2540m",
2900,captured_0054bx,lab,V3MX,24,DS,What is the distance between the orange ball and the soccer ball at 1.0s in meters? ,velocity of the orange ball at 0.5s = 2.21m/s,"t=0.5s, distance_orange_ball_camera = 2.2400m
t=1.0s, distance_orange_ball_camera = 1.8100m
t=1.0s, distance_white_ball_camera = 1.2350m
t=1.0s, distance_green_ball_camera = 1.3310m
t=2.0s, distance_soccer_ball_camera = 3.2540m",
2901,captured_0054bx,lab,V3MX,24,DS,What is the distance between the green ball and the white ball at 1.0s in meters? ,velocity of the orange ball at 0.5s = 2.21m/s,"t=0.5s, distance_orange_ball_camera = 2.2400m
t=1.0s, distance_orange_ball_camera = 1.8100m
t=1.0s, distance_white_ball_camera = 1.2350m
t=1.0s, distance_green_ball_camera = 1.3310m
t=2.0s, distance_soccer_ball_camera = 3.2540m",
2902,captured_0061,lab,V3MC,24,DS,What is the diameter of the yoga ball in cm? ,velocity of the yoga ball at 0.6s = 2.5104m/s,"t=0.6s, distance_yoga_ball_camera = 2.1330m
t=1.1s, distance_basketball_camera = 2.4200m
t=1.6s, distance_basketball_camera = 1.9015m
t=0.6s, distance_soccer_ball_camera = 1.9370m
t=0.9s, distance_soccer_ball_camera = 1.5850m
",
2903,captured_0061,lab,V3MC,24,DS,What is the diameter of the soccer ball in cm? ,velocity of the yoga ball at 0.6s = 2.5104m/s,"t=0.6s, distance_yoga_ball_camera = 2.1330m
t=1.1s, distance_basketball_camera = 2.4200m
t=1.6s, distance_basketball_camera = 1.9015m
t=0.6s, distance_soccer_ball_camera = 1.9370m
t=0.9s, distance_soccer_ball_camera = 1.5850m
",
2904,captured_0061,lab,V3MC,24,DS,What is the distance between the basketball and the yoga ball at 2.0s in meters?,velocity of the yoga ball at 0.6s = 2.5104m/s,"t=0.6s, distance_yoga_ball_camera = 2.1330m
t=1.1s, distance_basketball_camera = 2.4200m
t=1.6s, distance_basketball_camera = 1.9015m
t=0.6s, distance_soccer_ball_camera = 1.9370m
t=0.9s, distance_soccer_ball_camera = 1.5850m
",
2905,captured_0061,lab,V3MC,24,DD,What is the velocity of the soccer ball at 0.6s in m/s?,velocity of the yoga ball at 0.6s = 2.5104m/s,"t=0.6s, distance_yoga_ball_camera = 2.1330m
t=1.1s, distance_basketball_camera = 2.4200m
t=1.6s, distance_basketball_camera = 1.9015m
t=0.6s, distance_soccer_ball_camera = 1.9370m
t=0.9s, distance_soccer_ball_camera = 1.5850m
",
2906,captured_0061,lab,V3MC,24,DD,What is the velocity of the soccer ball at 0.9s in m/s?,velocity of the yoga ball at 0.6s = 2.5104m/s,"t=0.6s, distance_yoga_ball_camera = 2.1330m
t=1.1s, distance_basketball_camera = 2.4200m
t=1.6s, distance_basketball_camera = 1.9015m
t=0.6s, distance_soccer_ball_camera = 1.9370m
t=0.9s, distance_soccer_ball_camera = 1.5850m
",
2907,captured_0061,lab,V3MC,24,DD,What is the velocity of the basketball at 1.1s in m/s?,velocity of the yoga ball at 0.6s = 2.5104m/s,"t=0.6s, distance_yoga_ball_camera = 2.1330m
t=1.1s, distance_basketball_camera = 2.4200m
t=1.6s, distance_basketball_camera = 1.9015m
t=0.6s, distance_soccer_ball_camera = 1.9370m
t=0.9s, distance_soccer_ball_camera = 1.5850m
",
2908,captured_0061,lab,V3MC,24,DD,What is the velocity of the basketball at 1.6s in m/s?,velocity of the yoga ball at 0.6s = 2.5104m/s,"t=0.6s, distance_yoga_ball_camera = 2.1330m
t=1.1s, distance_basketball_camera = 2.4200m
t=1.6s, distance_basketball_camera = 1.9015m
t=0.6s, distance_soccer_ball_camera = 1.9370m
t=0.9s, distance_soccer_ball_camera = 1.5850m
",
2909,captured_0061s,lab,V3MS,24,DS,What is the diameter of the yoga ball in cm? ,velocity of the yoga ball at 0.6s = 2.5104m/s,"t=0.6s, distance_yoga_ball_camera = 2.1330m
t=1.1s, distance_basketball_camera = 2.4200m
t=1.6s, distance_basketball_camera = 1.9015m
t=0.6s, distance_soccer_ball_camera = 1.9370m
t=0.9s, distance_soccer_ball_camera = 1.5850m
",
2910,captured_0061s,lab,V3MS,24,DS,What is the diameter of the soccer ball in cm? ,velocity of the yoga ball at 0.6s = 2.5104m/s,"t=0.6s, distance_yoga_ball_camera = 2.1330m
t=1.1s, distance_basketball_camera = 2.4200m
t=1.6s, distance_basketball_camera = 1.9015m
t=0.6s, distance_soccer_ball_camera = 1.9370m
t=0.9s, distance_soccer_ball_camera = 1.5850m
",
2911,captured_0061s,lab,V3MS,24,DS,What is the distance between the basketball and the yoga ball at 2.0s in meters?,velocity of the yoga ball at 0.6s = 2.5104m/s,"t=0.6s, distance_yoga_ball_camera = 2.1330m
t=1.1s, distance_basketball_camera = 2.4200m
t=1.6s, distance_basketball_camera = 1.9015m
t=0.6s, distance_soccer_ball_camera = 1.9370m
t=0.9s, distance_soccer_ball_camera = 1.5850m
",
2912,captured_0061s,lab,V3MS,24,DD,What is the velocity of the soccer ball at 0.6s in m/s?,velocity of the yoga ball at 0.6s = 2.5104m/s,"t=0.6s, distance_yoga_ball_camera = 2.1330m
t=1.1s, distance_basketball_camera = 2.4200m
t=1.6s, distance_basketball_camera = 1.9015m
t=0.6s, distance_soccer_ball_camera = 1.9370m
t=0.9s, distance_soccer_ball_camera = 1.5850m
",
2913,captured_0061s,lab,V3MS,24,DD,What is the velocity of the soccer ball at 0.9s in m/s?,velocity of the yoga ball at 0.6s = 2.5104m/s,"t=0.6s, distance_yoga_ball_camera = 2.1330m
t=1.1s, distance_basketball_camera = 2.4200m
t=1.6s, distance_basketball_camera = 1.9015m
t=0.6s, distance_soccer_ball_camera = 1.9370m
t=0.9s, distance_soccer_ball_camera = 1.5850m
",
2914,captured_0061s,lab,V3MS,24,DD,What is the velocity of the basketball at 1.1s in m/s?,velocity of the yoga ball at 0.6s = 2.5104m/s,"t=0.6s, distance_yoga_ball_camera = 2.1330m
t=1.1s, distance_basketball_camera = 2.4200m
t=1.6s, distance_basketball_camera = 1.9015m
t=0.6s, distance_soccer_ball_camera = 1.9370m
t=0.9s, distance_soccer_ball_camera = 1.5850m
",
2915,captured_0061s,lab,V3MS,24,DD,What is the velocity of the basketball at 1.6s in m/s?,velocity of the yoga ball at 0.6s = 2.5104m/s,"t=0.6s, distance_yoga_ball_camera = 2.1330m
t=1.1s, distance_basketball_camera = 2.4200m
t=1.6s, distance_basketball_camera = 1.9015m
t=0.6s, distance_soccer_ball_camera = 1.9370m
t=0.9s, distance_soccer_ball_camera = 1.5850m
",
2916,captured_0061x,lab,V3MX,24,DS,What is the diameter of the yoga ball in cm? ,velocity of the yoga ball at 0.6s = 2.5104m/s,"t=0.6s, distance_yoga_ball_camera = 2.1330m
t=1.1s, distance_basketball_camera = 2.4200m
t=1.6s, distance_basketball_camera = 1.9015m
t=0.6s, distance_soccer_ball_camera = 1.9370m
t=0.9s, distance_soccer_ball_camera = 1.5850m
",
2917,captured_0061x,lab,V3MX,24,DS,What is the diameter of the soccer ball in cm? ,velocity of the yoga ball at 0.6s = 2.5104m/s,"t=0.6s, distance_yoga_ball_camera = 2.1330m
t=1.1s, distance_basketball_camera = 2.4200m
t=1.6s, distance_basketball_camera = 1.9015m
t=0.6s, distance_soccer_ball_camera = 1.9370m
t=0.9s, distance_soccer_ball_camera = 1.5850m
",
2918,captured_0061x,lab,V3MX,24,DS,What is the distance between the basketball and the yoga ball at 2.0s in meters?,velocity of the yoga ball at 0.6s = 2.5104m/s,"t=0.6s, distance_yoga_ball_camera = 2.1330m
t=1.1s, distance_basketball_camera = 2.4200m
t=1.6s, distance_basketball_camera = 1.9015m
t=0.6s, distance_soccer_ball_camera = 1.9370m
t=0.9s, distance_soccer_ball_camera = 1.5850m
",
2919,captured_0061x,lab,V3MX,24,DD,What is the velocity of the soccer ball at 0.6s in m/s?,velocity of the yoga ball at 0.6s = 2.5104m/s,"t=0.6s, distance_yoga_ball_camera = 2.1330m
t=1.1s, distance_basketball_camera = 2.4200m
t=1.6s, distance_basketball_camera = 1.9015m
t=0.6s, distance_soccer_ball_camera = 1.9370m
t=0.9s, distance_soccer_ball_camera = 1.5850m
",
2920,captured_0061x,lab,V3MX,24,DD,What is the velocity of the soccer ball at 0.9s in m/s?,velocity of the yoga ball at 0.6s = 2.5104m/s,"t=0.6s, distance_yoga_ball_camera = 2.1330m
t=1.1s, distance_basketball_camera = 2.4200m
t=1.6s, distance_basketball_camera = 1.9015m
t=0.6s, distance_soccer_ball_camera = 1.9370m
t=0.9s, distance_soccer_ball_camera = 1.5850m
",
2921,captured_0061x,lab,V3MX,24,DD,What is the velocity of the basketball at 1.1s in m/s?,velocity of the yoga ball at 0.6s = 2.5104m/s,"t=0.6s, distance_yoga_ball_camera = 2.1330m
t=1.1s, distance_basketball_camera = 2.4200m
t=1.6s, distance_basketball_camera = 1.9015m
t=0.6s, distance_soccer_ball_camera = 1.9370m
t=0.9s, distance_soccer_ball_camera = 1.5850m
",
2922,captured_0061x,lab,V3MX,24,DD,What is the velocity of the basketball at 1.6s in m/s?,velocity of the yoga ball at 0.6s = 2.5104m/s,"t=0.6s, distance_yoga_ball_camera = 2.1330m
t=1.1s, distance_basketball_camera = 2.4200m
t=1.6s, distance_basketball_camera = 1.9015m
t=0.6s, distance_soccer_ball_camera = 1.9370m
t=0.9s, distance_soccer_ball_camera = 1.5850m
",
2923,captured_0062,lab,V3MC,24,DS,What is the length of the whiteboard in cm? ,velocity of the whiteboard at 1.4s = 1.9339m/s,"t=1.4s, distance_white_board_camera = 2.8150m
distance_blue_shopping_bag_camera = 3.3070m
distance_white_box_camera = 2.0820m
distance_trashbin_camera = 2.3030m
distance_mario_toy_camera = 2.0160m",
2924,captured_0062,lab,V3MC,24,DS,What is the width of the whiteboard in cm? ,velocity of the whiteboard at 1.4s = 1.9339m/s,"t=1.4s, distance_white_board_camera = 2.8150m
distance_blue_shopping_bag_camera = 3.3070m
distance_white_box_camera = 2.0820m
distance_trashbin_camera = 2.3030m
distance_mario_toy_camera = 2.0160m",
2925,captured_0062,lab,V3MC,24,DS,What is the length of the blue shoppingbag in cm? ,velocity of the whiteboard at 1.4s = 1.9339m/s,"t=1.4s, distance_white_board_camera = 2.8150m
distance_blue_shopping_bag_camera = 3.3070m
distance_white_box_camera = 2.0820m
distance_trashbin_camera = 2.3030m
distance_mario_toy_camera = 2.0160m",
2926,captured_0062,lab,V3MC,24,DS,What is the width of the blue shoppingbag in cm? ,velocity of the whiteboard at 1.4s = 1.9339m/s,"t=1.4s, distance_white_board_camera = 2.8150m
distance_blue_shopping_bag_camera = 3.3070m
distance_white_box_camera = 2.0820m
distance_trashbin_camera = 2.3030m
distance_mario_toy_camera = 2.0160m",
2927,captured_0062,lab,V3MC,24,DS,What is the length of the white box in cm? ,velocity of the whiteboard at 1.4s = 1.9339m/s,"t=1.4s, distance_white_board_camera = 2.8150m
distance_blue_shopping_bag_camera = 3.3070m
distance_white_box_camera = 2.0820m
distance_trashbin_camera = 2.3030m
distance_mario_toy_camera = 2.0160m",
2928,captured_0062,lab,V3MC,24,DS,What is the width of the white box in cm? ,velocity of the whiteboard at 1.4s = 1.9339m/s,"t=1.4s, distance_white_board_camera = 2.8150m
distance_blue_shopping_bag_camera = 3.3070m
distance_white_box_camera = 2.0820m
distance_trashbin_camera = 2.3030m
distance_mario_toy_camera = 2.0160m",
2929,captured_0062,lab,V3MC,24,DS,What is the height of the mario toy in cm? ,velocity of the whiteboard at 1.4s = 1.9339m/s,"t=1.4s, distance_white_board_camera = 2.8150m
distance_blue_shopping_bag_camera = 3.3070m
distance_white_box_camera = 2.0820m
distance_trashbin_camera = 2.3030m
distance_mario_toy_camera = 2.0160m",
2930,captured_0062,lab,V3MC,24,DS,What is the height of the trashbin in cm? ,velocity of the whiteboard at 1.4s = 1.9339m/s,"t=1.4s, distance_white_board_camera = 2.8150m
distance_blue_shopping_bag_camera = 3.3070m
distance_white_box_camera = 2.0820m
distance_trashbin_camera = 2.3030m
distance_mario_toy_camera = 2.0160m",
2931,captured_0062s,lab,V3MS,24,DS,What is the length of the whiteboard in cm? ,velocity of the whiteboard at 1.4s = 1.9339m/s,"t=1.4s, distance_white_board_camera = 2.8150m
distance_blue_shopping_bag_camera = 3.3070m
distance_white_box_camera = 2.0820m
distance_trashbin_camera = 2.3030m
distance_mario_toy_camera = 2.0160m",
2932,captured_0062s,lab,V3MS,24,DS,What is the width of the whiteboard in cm? ,velocity of the whiteboard at 1.4s = 1.9339m/s,"t=1.4s, distance_white_board_camera = 2.8150m
distance_blue_shopping_bag_camera = 3.3070m
distance_white_box_camera = 2.0820m
distance_trashbin_camera = 2.3030m
distance_mario_toy_camera = 2.0160m",
2933,captured_0062s,lab,V3MS,24,DS,What is the length of the blue shoppingbag in cm? ,velocity of the whiteboard at 1.4s = 1.9339m/s,"t=1.4s, distance_white_board_camera = 2.8150m
distance_blue_shopping_bag_camera = 3.3070m
distance_white_box_camera = 2.0820m
distance_trashbin_camera = 2.3030m
distance_mario_toy_camera = 2.0160m",
2934,captured_0062s,lab,V3MS,24,DS,What is the width of the blue shoppingbag in cm? ,velocity of the whiteboard at 1.4s = 1.9339m/s,"t=1.4s, distance_white_board_camera = 2.8150m
distance_blue_shopping_bag_camera = 3.3070m
distance_white_box_camera = 2.0820m
distance_trashbin_camera = 2.3030m
distance_mario_toy_camera = 2.0160m",
2935,captured_0062s,lab,V3MS,24,DS,What is the length of the white box in cm? ,velocity of the whiteboard at 1.4s = 1.9339m/s,"t=1.4s, distance_white_board_camera = 2.8150m
distance_blue_shopping_bag_camera = 3.3070m
distance_white_box_camera = 2.0820m
distance_trashbin_camera = 2.3030m
distance_mario_toy_camera = 2.0160m",
2936,captured_0062s,lab,V3MS,24,DS,What is the width of the white box in cm? ,velocity of the whiteboard at 1.4s = 1.9339m/s,"t=1.4s, distance_white_board_camera = 2.8150m
distance_blue_shopping_bag_camera = 3.3070m
distance_white_box_camera = 2.0820m
distance_trashbin_camera = 2.3030m
distance_mario_toy_camera = 2.0160m",
2937,captured_0062s,lab,V3MS,24,DS,What is the height of the mario toy in cm? ,velocity of the whiteboard at 1.4s = 1.9339m/s,"t=1.4s, distance_white_board_camera = 2.8150m
distance_blue_shopping_bag_camera = 3.3070m
distance_white_box_camera = 2.0820m
distance_trashbin_camera = 2.3030m
distance_mario_toy_camera = 2.0160m",
2938,captured_0062s,lab,V3MS,24,DS,What is the height of the trashbin in cm? ,velocity of the whiteboard at 1.4s = 1.9339m/s,"t=1.4s, distance_white_board_camera = 2.8150m
distance_blue_shopping_bag_camera = 3.3070m
distance_white_box_camera = 2.0820m
distance_trashbin_camera = 2.3030m
distance_mario_toy_camera = 2.0160m",
2939,captured_0062x,lab,V3MX,24,DS,What is the length of the whiteboard in cm? ,velocity of the whiteboard at 1.4s = 1.9339m/s,"t=1.4s, distance_white_board_camera = 2.8150m
distance_blue_shopping_bag_camera = 3.3070m
distance_white_box_camera = 2.0820m
distance_trashbin_camera = 2.3030m
distance_mario_toy_camera = 2.0160m",
2940,captured_0062x,lab,V3MX,24,DS,What is the width of the whiteboard in cm? ,velocity of the whiteboard at 1.4s = 1.9339m/s,"t=1.4s, distance_white_board_camera = 2.8150m
distance_blue_shopping_bag_camera = 3.3070m
distance_white_box_camera = 2.0820m
distance_trashbin_camera = 2.3030m
distance_mario_toy_camera = 2.0160m",
2941,captured_0062x,lab,V3MX,24,DS,What is the length of the blue shoppingbag in cm? ,velocity of the whiteboard at 1.4s = 1.9339m/s,"t=1.4s, distance_white_board_camera = 2.8150m
distance_blue_shopping_bag_camera = 3.3070m
distance_white_box_camera = 2.0820m
distance_trashbin_camera = 2.3030m
distance_mario_toy_camera = 2.0160m",
2942,captured_0062x,lab,V3MX,24,DS,What is the width of the blue shoppingbag in cm? ,velocity of the whiteboard at 1.4s = 1.9339m/s,"t=1.4s, distance_white_board_camera = 2.8150m
distance_blue_shopping_bag_camera = 3.3070m
distance_white_box_camera = 2.0820m
distance_trashbin_camera = 2.3030m
distance_mario_toy_camera = 2.0160m",
2943,captured_0062x,lab,V3MX,24,DS,What is the length of the white box in cm? ,velocity of the whiteboard at 1.4s = 1.9339m/s,"t=1.4s, distance_white_board_camera = 2.8150m
distance_blue_shopping_bag_camera = 3.3070m
distance_white_box_camera = 2.0820m
distance_trashbin_camera = 2.3030m
distance_mario_toy_camera = 2.0160m",
2944,captured_0062x,lab,V3MX,24,DS,What is the width of the white box in cm? ,velocity of the whiteboard at 1.4s = 1.9339m/s,"t=1.4s, distance_white_board_camera = 2.8150m
distance_blue_shopping_bag_camera = 3.3070m
distance_white_box_camera = 2.0820m
distance_trashbin_camera = 2.3030m
distance_mario_toy_camera = 2.0160m",
2945,captured_0062x,lab,V3MX,24,DS,What is the height of the mario toy in cm? ,velocity of the whiteboard at 1.4s = 1.9339m/s,"t=1.4s, distance_white_board_camera = 2.8150m
distance_blue_shopping_bag_camera = 3.3070m
distance_white_box_camera = 2.0820m
distance_trashbin_camera = 2.3030m
distance_mario_toy_camera = 2.0160m",
2946,captured_0062x,lab,V3MX,24,DS,What is the height of the trashbin in cm? ,velocity of the whiteboard at 1.4s = 1.9339m/s,"t=1.4s, distance_white_board_camera = 2.8150m
distance_blue_shopping_bag_camera = 3.3070m
distance_white_box_camera = 2.0820m
distance_trashbin_camera = 2.3030m
distance_mario_toy_camera = 2.0160m",
2947,internet_0001_segmented,segmentation,S2SC,30,SS,What is the length of the black car in meters? ,lane width = 3.66m,,
2948,internet_0001_segmented,segmentation,S2SC,30,SS,What is the width of the black car in meters? ,lane width = 3.66m,,
2949,internet_0001_segmented,segmentation,S2SC,30,SD,What is the speed of the black car in m/s? ,lane width = 3.66m,,
2950,internet_0002_segmented,segmentation,S2SC,30,SS,What is the length of the red car in meters? ,lane width = 3.66m,,
2951,internet_0002_segmented,segmentation,S2SC,30,SS,What is the width of the red car in meters? ,lane width = 3.66m,,
2952,internet_0002_segmented,segmentation,S2SC,30,SD,What is the speed of the red car in m/s? ,lane width = 3.66m,,
2953,internet_0003_segmented,segmentation,S2MC,30,SS,What is the diameter of the pizza in cm? ,money width = 7.5cm,,
2954,internet_0003_segmented,segmentation,S2MC,30,SS,What is the diameter of the wine glass in cm? ,money width = 7.5cm,,
2955,internet_0003_segmented,segmentation,S2MC,30,SD,What is the velocity of the pizza cutter in cm/s at 0.2s? ,money width = 7.5cm,,
2956,internet_0003_segmented,segmentation,S2MC,30,SS,What is the diameter of a pepperoni on the pizza in cm? ,money width = 7.5cm,,
2957,internet_0005_segmented,segmentation,V2MC,30,DS,What is the distance between the two black road signs in meters? ,walking velocity = 1.4m/s,,
2958,internet_0005_segmented,segmentation,V2MC,30,DS,What is the height of the woman in yellow in meters? ,walking velocity = 1.4m/s,,
2959,internet_0005_segmented,segmentation,V2MC,30,DS,What is the length of the light right above the woman's head in meters? ,walking velocity = 1.4m/s,,
2960,internet_0005_segmented,segmentation,V2MC,30,DS,What is the side length of the floor tiles in meters? ,walking velocity = 1.4m/s,,
2961,internet_0008_segmented,segmentation,S2MC,30,SD,What is the average speed of the sailboat in m/s? ,sailboat length = 12m,,
2962,internet_0008_segmented,segmentation,S2MC,30,SD,What is the average speed of the speedboat in m/s? ,sailboat length = 12m,,
2963,internet_0008_segmented,segmentation,S2MC,30,SS,What is the length of the speedboat in meters? ,sailboat length = 12m,,
2964,internet_0010_segmented,segmentation,S2MC,30,SS,How tall is the shooter in cm? ,basketball size = 24cm,,
2965,internet_0010_segmented,segmentation,S2MC,30,SD,What is the velocity of the ball at 2.00s in cm/s? ,basketball size = 24cm,,
2966,internet_0017_segmented,segmentation,S2MS,30,SS,What is the diameter of the round container in cm? ,credit card width = 5.4cm,,
2967,internet_0017_segmented,segmentation,S2MS,30,SS,What is the length of the keyboard in cm? ,credit card width = 5.4cm,,
2968,internet_0017_segmented,segmentation,S2MS,30,SS,What is the width of the keyboard in cm? ,credit card width = 5.4cm,,
2969,internet_0017_segmented,segmentation,S2MS,30,SS,What is the length of the pen in cm? ,credit card width = 5.4cm,,
2970,internet_0017_segmented,segmentation,S2MS,30,SD,What is moving speed of the user's (middle) fingertip at 0.4s in cm/s? ,credit card width = 5.4cm,,
2971,internet_0019_segmented,segmentation,A2MC,30,DS,What is the size of the ball in cm? ,gravity acc = 9.8m/s,,
2972,internet_0019_segmented,segmentation,A2MC,30,DS,What is the height of the person standing in the middle in cm? ,gravity acc = 9.8m/s,,
2973,internet_0019_segmented,segmentation,A2MC,30,DS,What is the height of the person on the left (the passer) in cm? ,gravity acc = 9.8m/s,,
2974,internet_0019_segmented,segmentation,A2MC,30,DS,What is the height of the person on the right (the receiver) in cm? ,gravity acc = 9.8m/s,,
2975,internet_0019_segmented,segmentation,A2MC,30,DS,What is the initial distance between the passer and the receiver in meters?,gravity acc = 9.8m/s,,
2976,internet_0019_segmented,segmentation,A2MC,30,DD,What is the velocity of the ball at 1.00s in m/s? ,gravity acc = 9.8m/s,,
2977,internet_0019_segmented,segmentation,A2MC,30,DD,What is the (average) horizontal velocity of the ball in m/s? ,gravity acc = 9.8m/s,,
2978,internet_0021_segmented,segmentation,S2SS,30,SD,What is the average speed of the airplane in m/s? ,length of the airplane = 40m,,
2979,internet_0021_segmented,segmentation,S2SS,30,SS,What is the distance between the airplane and the roof top at 0s in meters?,length of the airplane = 40m,,
2980,internet_0021_segmented,segmentation,S2SS,30,SS,What is the the displacement of the airplane from 0s to 2.00s in meters? ,length of the airplane = 40m,,
2981,internet_0025_segmented,segmentation,S2SC,30,SS,What is the length of the canoe in meters? ,height of the boatman = 1.75m,,
2982,internet_0025_segmented,segmentation,S2SC,30,SD,What is the average speed of the canoe in m/s?,height of the boatman = 1.75m,,
2983,internet_0025_segmented,segmentation,S2SC,30,SS,What is the displacement of the canoe in the first 5 seconds in meters?,height of the boatman = 1.75m,,
2984,internet_0026_segmented,segmentation,S2MC,30,SS,What is the sitting height of the baby in cm?,total height of the sofa = 90 cm,,
2985,internet_0026_segmented,segmentation,S2MC,30,SS,What is the distance between the baby and the man in meters? ,total height of the sofa = 90 cm,,
2986,internet_0026_segmented,segmentation,S2MC,30,SS,What is the length of the toy truck in cm?,total height of the sofa = 90 cm,,
2987,internet_0026_segmented,segmentation,S2MC,30,SS,What is the height of the toy truck in cm?,total height of the sofa = 90 cm,,
2988,internet_0026_segmented,segmentation,S2MC,30,SD,What is the speed of the toy truck at 0.50s in cm/s? ,total height of the sofa = 90 cm,,
2989,internet_0026_segmented,segmentation,S2MC,30,SD,What is the average speed of the toy truck in cm/s? ,total height of the sofa = 90 cm,,
2990,internet_0027_segmented,segmentation,S2MS,30,SS,What is the initial distance between the black ball and the purple ball in cm? ,diameter of billiard balls = 57.2 mm,,
2991,internet_0027_segmented,segmentation,S2MS,30,SD,What is the white ball's average velocity in 1.00s to 2.00s in cm/s? ,diameter of billiard balls = 57.2 mm,,
2992,internet_0027_segmented,segmentation,S2MS,30,SD,What is the velocity of the orange ball at 1.00s in cm/s? ,diameter of billiard balls = 57.2 mm,,
2993,internet_0027_segmented,segmentation,S2MS,30,SS,What is the final distance between the purple ball and the black ball in cm? ,diameter of billiard balls = 57.2 mm,,
2994,internet_0027_segmented,segmentation,S2MS,30,SD,What is the acceleration of the yellow balloon the left at 2.00s in cm/s^2? ,diameter of billiard balls = 57.2 mm,,
2995,internet_0028,internet,V2MC,24,DS,What is the length of the blue and grey bag in meters?,velocity of the conveyer belt = 0.5 m/s,,
2996,internet_0028,internet,V2MC,24,DS,What is the length of the orange suitcase in meters?,velocity of the conveyer belt = 0.5 m/s,,
2997,internet_0029,internet,A2SS,50,DS,What is the diameter of the ball in cm? ,gravity acceleration = 9.8 m/s^2,,
2998,internet_0029,internet,A2SS,50,DD,What is the velocity of the ball at 0.20s in m/s? ,gravity acceleration = 9.8 m/s^2,,
2999,internet_0029,internet,A2SS,50,DD,What is the velocity of the ball at 0.40s in m/s? ,gravity acceleration = 9.8 m/s^2,,
3000,internet_0029,internet,A2SS,50,DS,What is the distance of the ball from the desk at 0.40s in meters? ,gravity acceleration = 9.8 m/s^2,,
3001,internet_0029,internet,A2SS,50,DS,What is the distance of the ball from the desk at 0.30s in meters? ,gravity acceleration = 9.8 m/s^2,,
3002,internet_0029,internet,A2SS,50,DS,What is the displacement of the ball from 0.30s to 0.40s in meters? ,gravity acceleration = 9.8 m/s^2,,
3003,internet_0030,internet,S2SC,30,SS,What is the boat's moving distance between 0.5s to 1.0s in meters? ,length of the speedboat = 3.2 m,,
3004,internet_0030,internet,S2SC,30,SS,What is the boat's moving distance between 0.5s to 1.37s in meters? ,length of the speedboat = 3.2 m,,
3005,internet_0030,internet,S2SC,30,SD,What is the speed of the boat between 0.5s to 1s in m/s? ,length of the speedboat = 3.2 m,,
3006,internet_0030,internet,S2SC,30,SD,What is the speed of the boat between 0.5s to 1.37s in m/s? ,length of the speedboat = 3.2 m,,
3007,internet_0030,internet,S2SC,30,SD,What is the average acceleration of the boat over 0.5 s to 1.37 s in m/s^2?,length of the speedboat = 3.2 m,,
3008,internet_0031,internet,S2MS,30,SS,What is the distance traveled by the player in white shirt from 0.5 to 5.53 in meters?,length of the goal frame = 7.32m,,
3009,internet_0031,internet,S2MS,30,SS,What is the distance traveled by the player in black shirt from 0.5s to 5.53s in meters?,length of the goal frame = 7.32m,,
3010,internet_0031,internet,S2MS,30,SD,What is the speed of the player in white shirt from 0.5 to 5.53 in m/s?,length of the goal frame = 7.32m,,
3011,internet_0031,internet,S2MS,30,SD,What is the speed of the player in black shirt from 0.5 to 5.53 in m/s?,length of the goal frame = 7.32m,,
3012,internet_0031,internet,S2MS,30,SD,What is the width of football pitch in meters?,length of the goal frame = 7.32m,,
3013,internet_0032,internet,S2SC,30,SS,What is the distance traveled by the boat from 0s to 2s in meters?,length of the boat = 3.5 m,,
3014,internet_0032,internet,S2SC,30,SS,What is the distance traveled by the boat from 2s to 4.5s in meters?,length of the boat = 3.5 m,,
3015,internet_0032,internet,S2SC,30,SS,What is the distance traveled by the boat from 4.5s to 7s in meters?,length of the boat = 3.5 m,,
3016,internet_0032,internet,S2SC,30,SD,What is the average speed of the boat from 0s to 2s in m/s?,length of the boat = 3.5 m,,
3017,internet_0032,internet,S2SC,30,SD,What is the average speed of the boat from 2s to 4.5s in m/s?,length of the boat = 3.5 m,,
3018,internet_0032,internet,S2SC,30,SD,What is the average speed of the boat from 4.5s to 7s in m/s?,length of the boat = 3.5 m,,
3019,internet_0032,internet,S2SC,30,SD,What is the acceleration of the boat from 0s-2s to 2s-4.5s in m/s^2?,length of the boat = 3.5 m,,
3020,internet_0032,internet,S2SC,30,SD,What is the acceleration of the boat from 2s-4.5s to 4.5s-7s in m/s^2?,length of the boat = 3.5 m,,
3021,internet_0032,internet,S2SC,30,SD,What is the acceleration of the boat over 0-7s in m/s^2?,length of the boat = 3.5 m,,
3022,internet_0033,internet,S2MC,25,SD,What is the speed of the plate of tomatoes from 0s to 0.52s in m/s?,size of the fork = 20.3 cm,,
3023,internet_0033,internet,S2MC,25,SD,What is the speed of the plate of tomatoes from 1s to 1.6s in m/s?,size of the fork = 20.3 cm,,
3024,internet_0033,internet,S2MC,25,SS,What is the size of avocado in cm?,size of the fork = 20.3 cm,,
3025,internet_0033,internet,S2MC,25,SS,What is the size of baguette in cm?,size of the fork = 20.3 cm,,
3026,internet_0034,internet,S2SC,30,SS,What is the displacement of toilet paper roll from 0.5s to 1.73s in cm? ,size of toilet paper roll = 100 mm,,
3027,internet_0034,internet,S2SC,30,SD,What is the speed of toilet paper roll over 0.5s to 1.73s in cm/s?,size of toilet paper roll = 100 mm,,
3028,internet_0034,internet,S2SC,30,SS,What is the width of thumbnail in cm?,size of toilet paper roll = 100 mm,,
3029,internet_0035,internet,S2SC,30,SD,What is the speed of the toilet paper core from 0s to 0.83s in cm/s?,size of toilet paper core = 100 mm,,
3030,internet_0035,internet,S2SC,30,SS,What is the width of thumbnail in cm?,size of toilet paper core = 100 mm,,
3031,internet_0035,internet,S2SC,30,SS,What is the displacement of toilet paper core from rom start to 0.83s in cm?,size of toilet paper core = 100 mm,,
3032,internet_0036,internet,S2SS,25,SS,What is the length of the US one-dollar bill in mm?,width of US one-dollar bill = 66.3 mm,,
3033,internet_0036,internet,S2SS,25,SD,What is the speed of the bottom hand moves between 0s to 1.4s in m/s?,width of US one-dollar bill = 66.3 mm,,
3034,internet_0036,internet,S2SS,25,SD,What is the speed of the bottom hand moves between 1.72s to 2.6s in m/s?,width of US one-dollar bill = 66.3 mm,,
3035,internet_0036,internet,S2SS,25,SD,What is the speed of the top hand moves between 1.4s to 2.2s in m/s?,width of US one-dollar bill = 66.3 mm,,
3036,internet_0037,internet,S2SC,24,SD,What is the speed of the swimming woman between 0s to 2.07s in m/s?,height of the swimming woman = 1.63 m,,
3037,internet_0037,internet,S2SC,24,SD,What is the speed of the swimming woman between 2.07s to 5.20s in m/s?,height of the swimming woman = 1.63 m,,
3038,internet_0037,internet,S2SC,24,SD,What is the speed of the swimming woman between 0s to 5.20s in m/s?,height of the swimming woman = 1.63 m,,
3039,internet_0037,internet,S2SC,24,SD,What is the acceleration of the swimming woman between 0s to 5.20s in m/s^2?,height of the swimming woman = 1.63 m,,
3040,internet_0037,internet,S2SC,24,SS,What is the width of the swimming pool in meters?,height of the swimming woman = 1.63 m,,
3041,internet_0038,internet,S2MS,26,SS,What is the length of the Apple Magic Mouse in cm? ,width of the Apple Magic Mouse = 5.71 cm,,
3042,internet_0038,internet,S2MS,26,SS,What is the length of the MacBook in cm? ,width of the Apple Magic Mouse = 5.71 cm,,
3043,internet_0038,internet,S2MS,26,SS,What is the width of the MacBook in cm? ,width of the Apple Magic Mouse = 5.71 cm,,
3044,internet_0038,internet,S2MS,26,SS,What is the length of the spacebar in cm? ,width of the Apple Magic Mouse = 5.71 cm,,
3045,internet_0038,internet,S2MS,26,SD,What is the speed of the right hand moves between 0s to 0.54s in m/s?,width of the Apple Magic Mouse = 5.71 cm,,
3046,internet_0039,internet,S2SC,25,SD,What is the speed of the swimming man between 0s to 1s in m/s?,height of the swimming man = 1.68 m,,
3047,internet_0039,internet,S2SC,25,SD,What is the speed of the swimming man between 1 to 2.33s in m/s?,height of the swimming man = 1.68 m,,
3048,internet_0039,internet,S2SC,25,SD,What is the speed of the swimming man between 0s to 2.33s in m/s?,height of the swimming man = 1.68 m,,
3049,internet_0039,internet,S2SC,25,SD,What is the acceleration of the swimming man between 0s to 2.33s in m/s^2?,height of the swimming man = 1.68 m,,
3050,internet_0039,internet,S2SC,25,SS,What is the distance between the two lane ropes in meters?,height of the swimming man = 1.68 m,,
3051,internet_0040,internet,S2SS,30,SS,What's the length of the credit card in cm?,width of credit card = 83.98 mm,,
3052,internet_0040,internet,S2SS,30,SS,What is the displacement of credit card from rom start to 0.73s in cm?,width of credit card = 83.98 mm,,
3053,internet_0040,internet,S2SS,30,SD,What is the speed of credit card from rom start to 0.73s in cm/s?,width of credit card = 83.98 mm,,
3054,internet_0041,internet,S2MC,24,SS,What is the displacement of the middle duck in cm?,size of the middle duck = 66 cm,,
3055,internet_0041,internet,S2MC,24,SD,What is the average speed of the middle duck in cm/s?,size of the middle duck = 66 cm,,
3056,internet_0041,internet,S2MC,24,SS,What is the distance between the pillars of the arches on the ground in cm?,size of the middle duck = 66 cm,,
3057,internet_0041,internet,S2MC,24,SS,What is the height of the arches on the ground in cm?,size of the middle duck = 66 cm,,
3058,internet_0041,internet,S2MC,24,SS,What is the distance between the pillars of the arches on the second floor in cm?,size of the middle duck = 66 cm,,
3059,internet_0041,internet,S2MC,24,SS,What is the height of the arches on the second floor in cm?,size of the middle duck = 66 cm,,
3060,internet_0042,internet,S2MS,30,SS,What is the width of the white car in meters?,length of the white car = 4.572 m,,
3061,internet_0042,internet,S2MS,30,SS,What is the width of the black car in meters?,length of the white car = 4.572 m,,
3062,internet_0042,internet,S2MS,30,SS,What is the length of the black car in meters?,length of the white car = 4.572 m,,
3063,internet_0042,internet,S2MS,30,SS,What is the width of the road in meters?,length of the white car = 4.572 m,,
3064,internet_0042,internet,S2MS,30,SS,What is the width of the bridge in meters?,length of the white car = 4.572 m,,
3065,internet_0042,internet,S2MS,30,SD,What is the average speed of the white car in m/s?,length of the white car = 4.572 m,,
3066,internet_0043,internet,V2MS,30,DS,What is the diameter of the white ball in cm? ,velocity of the white ball at 1.0s = 33.38 cm/s,,
3067,internet_0043,internet,V2MS,30,DS,What is the height of the kettle in cm? ,velocity of the white ball at 1.0s = 33.38 cm/s,,
3068,internet_0043,internet,V2MS,30,DS,What is the height of the white cylinder in cm? ,velocity of the white ball at 1.0s = 33.38 cm/s,,
3069,internet_0043,internet,V2MS,30,DS,What is the height of the green bottle in cm? ,velocity of the white ball at 1.0s = 33.38 cm/s,,
3070,internet_0043,internet,V2MS,30,DS,What is the height of the plastic bottle in cm? ,velocity of the white ball at 1.0s = 33.38 cm/s,,
3071,internet_0043,internet,V2MS,30,DS,What is the height of the plate in cm? ,velocity of the white ball at 1.0s = 33.38 cm/s,,
3072,internet_0043,internet,V2MS,30,DS,What is the distance between the kettle and the plate in cm? ,velocity of the white ball at 1.0s = 33.38 cm/s,,
3073,internet_0043,internet,V2MS,30,DS,What is the distance between the cylinder and the plastic bottle in cm? ,velocity of the white ball at 1.0s = 33.38 cm/s,,
3074,internet_0044,internet,V2MS,30,DS,What is the diameter of the white ball in cm? ,gravity acceleration = 9.8 m/s^2,,
3075,internet_0044,internet,V2MS,30,DS,What is the height of the kettle in cm? ,gravity acceleration = 9.8 m/s^2,,
3076,internet_0044,internet,V2MS,30,DS,What is the height of the white cylinder in cm? ,gravity acceleration = 9.8 m/s^2,,
3077,internet_0044,internet,V2MS,30,DS,What is the height of the green bottle in cm? ,gravity acceleration = 9.8 m/s^2,,
3078,internet_0044,internet,V2MS,30,DS,What is the height of the plastic bottle in cm? ,gravity acceleration = 9.8 m/s^2,,
3079,internet_0044,internet,V2MS,30,DS,What is the height of the plate in cm? ,gravity acceleration = 9.8 m/s^2,,
3080,internet_0044,internet,V2MS,30,DS,What is the distance between the kettle and the plate in cm? ,gravity acceleration = 9.8 m/s^2,,
3081,internet_0044,internet,V2MS,30,DS,What is the distance between the cylinder and the plastic bottle in cm? ,gravity acceleration = 9.8 m/s^2,,
3082,internet_0044,internet,V2MS,30,DS,What is the velocity of the white ball at 1.50s in m/s^2? ,gravity acceleration = 9.8 m/s^2,,
3083,internet_0044,internet,V2MS,30,DS,What is the velocity of the white ball at 2.50s in m/s^2? ,gravity acceleration = 9.8 m/s^2,,
3084,internet_0045,internet,V2MS,30,DS,What is the diameter of the rolling cylinder in cm? ,velocity of the rolling cylinder = 107.3 cm/s,,
3085,internet_0045,internet,V2MS,30,DS,What is the height of the green bottle in cm? ,velocity of the rolling cylinder = 107.3 cm/s,,
3086,internet_0045,internet,V2MS,30,DS,What is the height of the plastic bottle in cm? ,velocity of the rolling cylinder = 107.3 cm/s,,
3087,internet_0045,internet,V2MS,30,DS,What is the height of the plate in cm? ,velocity of the rolling cylinder = 107.3 cm/s,,
3088,internet_0045,internet,V2MS,30,DS,What is the distance between the two bottles in cm? ,velocity of the rolling cylinder = 107.3 cm/s,,
3089,internet_0045,internet,V2MS,30,DS,What is the distance between the kettle and the plate in cm? ,velocity of the rolling cylinder = 107.3 cm/s,,
3090,internet_0046,internet,S2SS,30,SD,What is the velocity of the cup at 1.00s in m/s?,height of the cup = 10.5 cm,,
3091,internet_0046,internet,S2SS,30,SD,What is the velocity of the cup at 1.10s in m/s?,height of the cup = 10.5 cm,,
3092,internet_0046,internet,S2SS,30,SD,What is the velocity of the cup at 1.20s in m/s?,height of the cup = 10.5 cm,,
3093,internet_0046,internet,S2SS,30,SS,What is the displacement of the cup between 1.00s and 1.10s in cm? ,height of the cup = 10.5 cm,,
3094,internet_0046,internet,S2SS,30,SS,What is the displacement of the cup between 1.10s and 1.30s in cm? ,height of the cup = 10.5 cm,,
3095,internet_0046,internet,S2SS,30,SD,What is the acceleration of the cup at 1.10s in m/s^2?,height of the cup = 10.5 cm,,
3096,internet_0047,internet,V2SS,30,DS,What is the diameter of the rolling ball in cm? ,velocity of the rolling ball at 0.5s = 2.94m/s,,
3097,internet_0047,internet,V2SS,30,DS,What is distance between the two vertical red lines in meters? ,velocity of the rolling ball at 0.5s = 2.94m/s,,
3098,internet_0047,internet,V2SS,30,DS,What is distance between the ball and the white line in meters? ,velocity of the rolling ball at 0.5s = 2.94m/s,,
3099,internet_0047,internet,V2SS,30,DS,What is displacement of the ball between 0.10s and 0.30sin meters? ,velocity of the rolling ball at 0.5s = 2.94m/s,,
3100,internet_0047,internet,V2SS,30,DS,What is distance between the red vertical line on the left and the white line in meters? ,velocity of the rolling ball at 0.5s = 2.94m/s,,
3101,internet_0047,internet,V2SS,30,DS,What is width of the lines on the floor in cm? ,velocity of the rolling ball at 0.5s = 2.94m/s,,
3102,internet_0048,internet,A2SS,30,DS,What is the diameter of the ball in cm? ,gravity acceleration = 9.8 m/s^2,,
3103,internet_0048,internet,A2SS,30,DS,What is the width of a single piece wall pad in cm? ,gravity acceleration = 9.8 m/s^2,,
3104,internet_0048,internet,A2SS,30,DS,What is the height of the height of the wall pads in cm? ,gravity acceleration = 9.8 m/s^2,,
3105,internet_0048,internet,A2SS,30,DS,What is the distance between the ball and the floor at 1.50s in meters?,gravity acceleration = 9.8 m/s^2,,
3106,internet_0048,internet,A2SS,30,DS,What is the displacement of the ball between 1.20s and 1.80s in meters? ,gravity acceleration = 9.8 m/s^2,,
3107,internet_0048,internet,A2SS,30,DD,What is the velocity of the ball at 1.50s in m/s?,gravity acceleration = 9.8 m/s^2,,
3108,internet_0048,internet,A2SS,30,DS,What is the height of the walking person in meters?,gravity acceleration = 9.8 m/s^2,,
3109,internet_0048,internet,A2SS,30,DD,What is the average walking speed of the walking person between 2.50s and 3.50s in m/s?,gravity acceleration = 9.8 m/s^2,,
3110,internet_0049,internet,V2MC,30,DS,What is the height of the person riding scooter in meters?,average speed of the person riding scooter = 3.8 m/s,,
3111,internet_0049,internet,V2MC,30,DS,What is the height of the gray table in meters?,average speed of the person riding scooter = 3.8 m/s,,
3112,internet_0049,internet,V2MC,30,DS,What is the height of the gray chairs in meters?,average speed of the person riding scooter = 3.8 m/s,,
3113,internet_0049,internet,V2MC,30,DS,What is the height of the brown table in meters?,average speed of the person riding scooter = 3.8 m/s,,
3114,internet_0049,internet,V2MC,30,DS,What is the length of the brown table in meters?,average speed of the person riding scooter = 3.8 m/s,,
3115,internet_0049,internet,V2MC,30,DS,What is the height of the canopy in meters?,average speed of the person riding scooter = 3.8 m/s,,
3116,internet_0049,internet,V2MC,30,DS,What is the distance between the middle brown table and the gray table in meters?,average speed of the person riding scooter = 3.8 m/s,,
3117,internet_0050,internet,V2MC,30,DS,What is the height of the person riding scooter in meters?,average speed of the person riding scooter = 2.9 m/s,,
3118,internet_0050,internet,V2MC,30,DS,What is the height of the right basketball stand in meters?,average speed of the person riding scooter = 2.9 m/s,,
3119,internet_0050,internet,V2MC,30,DS,What is the height of the left basketball stand in meters?,average speed of the person riding scooter = 2.9 m/s,,
3120,internet_0050,internet,V2MC,30,DS,What is the distance of the bird to ground in meters?,average speed of the person riding scooter = 2.9 m/s,,
3121,internet_0050,internet,V2MC,30,DS,What is the distance between the two basketball stands in meters?,average speed of the person riding scooter = 2.9 m/s,,
3122,internet_0050,internet,V2MC,30,DS,What is the width of the left basketball backboard in meters?,average speed of the person riding scooter = 2.9 m/s,,
3123,internet_0050,internet,V2MC,30,DS,What is the height of the left basketball backboard in meters?,average speed of the person riding scooter = 2.9 m/s,,
3124,internet_0051,internet,V2MC,30,DS,What is the height of the person riding scooter in meters?,average speed of the person riding scooter = 2.07 m/s,,
3125,internet_0051,internet,V2MC,30,DS,What is the width of the green car in meters?,average speed of the person riding scooter = 2.07 m/s,,
3126,internet_0051,internet,V2MC,30,DS,What is the height of the green car in meters?,average speed of the person riding scooter = 2.07 m/s,,
3127,internet_0051,internet,V2MC,30,DS,What is the height of the tree in the middle of the video in meters?,average speed of the person riding scooter = 2.07 m/s,,
3128,internet_0051,internet,V2MC,30,DS,What is the distance between the brown and green car in meters?,average speed of the person riding scooter = 2.07 m/s,,
3129,internet_0052,internet,V2MC,30,DS,What is the height of the person riding scooter in meters?,average speed of the person riding scooter = 2.91 m/s,,
3130,internet_0052,internet,V2MC,30,DS,What is the distance between the two closest tall trees in meters? ,average speed of the person riding scooter = 2.91 m/s,,
3131,internet_0052,internet,V2MC,30,DS,What is the height of the no-parking sign in meters?,average speed of the person riding scooter = 2.91 m/s,,
3132,internet_0052,internet,V2MC,30,DS,What is the width of the no-parking sign in meters?,average speed of the person riding scooter = 2.91 m/s,,
3133,internet_0052,internet,V2MC,30,DS,What is the height of the scooter in meters?,average speed of the person riding scooter = 2.91 m/s,,
3134,internet_0052,internet,V2MC,30,DS,What is the wheel-to-wheel width of the scooter in meters?,average speed of the person riding scooter = 2.91 m/s,,
3135,internet_0053,internet,V2MC,30,DS,What is the height of the person riding scooter in meters?,average speed of the person riding scooter = 4.46 m/s,,
3136,internet_0053,internet,V2MC,30,DS,What is the height of the lamp in meters?,average speed of the person riding scooter = 4.46 m/s,,
3137,internet_0053,internet,V2MC,30,DS,What is the wheel-to-wheel width of the scooter in meters?,average speed of the person riding scooter = 4.46 m/s,,
3138,internet_0053,internet,V2MC,30,DS,What is the height of the scooter in meters?,average speed of the person riding scooter = 4.46 m/s,,
3139,internet_0053,internet,V2MC,30,DS,What is the height of the sign on the ground in meters?,average speed of the person riding scooter = 4.46 m/s,,
3140,internet_0053,internet,V2MC,30,DS,What is the width of the sign on the ground in meters?,average speed of the person riding scooter = 4.46 m/s,,
3141,internet_0053,internet,V2MC,30,DS,What is the height of the fire hydrant in meters?,average speed of the person riding scooter = 4.46 m/s,,
3142,internet_0053,internet,V2MC,30,DS,What is the width of the bench in meters?,average speed of the person riding scooter = 4.46 m/s,,
3143,internet_0053,internet,V2MC,30,DS,What is the height of the bench in meters?,average speed of the person riding scooter = 4.46 m/s,,
3144,internet_0053,internet,V2MC,30,DS,What is the height of the trash bin in meters?,average speed of the person riding scooter = 4.46 m/s,,
3145,internet_0054,internet,V2MC,30,DS,What is the height of the person riding scooter in meters?,average speed of the person riding scooter = 4.9 m/s,,
3146,internet_0054,internet,V2MC,30,DS,What is the length of the brown chairs in meters?,average speed of the person riding scooter = 4.9 m/s,,
3147,internet_0054,internet,V2MC,30,DS,What is the height of the canopy in meters?,average speed of the person riding scooter = 4.9 m/s,,
3148,internet_0054,internet,V2MC,30,DS,What is the width of the canopy in meters?,average speed of the person riding scooter = 4.9 m/s,,
3149,internet_0054,internet,V2MC,30,DS,What is the height of the scooter in meters?,average speed of the person riding scooter = 4.9 m/s,,
3150,internet_0054,internet,V2MC,30,DS,What is the wheel-to-wheel width of the scooter in meters?,average speed of the person riding scooter = 4.9 m/s,,
3151,internet_0055,internet,V2MC,30,DS,What is the height of the walking person in meters?,average speed of the person riding scooter = 1.95 m/s,,
3152,internet_0055,internet,V2MC,30,DS,What is the height of the DO NOT ENTER sign in meters?,average speed of the person riding scooter = 1.95 m/s,,
3153,internet_0055,internet,V2MC,30,DS,What is the width of the DO NOT ENTER sign in meters?,average speed of the person riding scooter = 1.95 m/s,,
3154,internet_0055,internet,V2MC,30,DS,What is the distance of the DO NOT ENTER sign to the ground in meters?,average speed of the person riding scooter = 1.95 m/s,,
3155,internet_0055,internet,V2MC,30,DS,What is the height of the Bicycle sign in meters?,average speed of the person riding scooter = 1.95 m/s,,
3156,internet_0055,internet,V2MC,30,DS,What is the width of the Bicycle sign in meters?,average speed of the person riding scooter = 1.95 m/s,,
3157,internet_0055,internet,V2MC,30,DS,What is the distance of the Bicycle sign to the ground in meters?,average speed of the person riding scooter = 1.95 m/s,,
3158,internet_0055,internet,V2MC,30,DS,What is the width of the YIELD sign in meters?,average speed of the person riding scooter = 1.95 m/s,,
3159,internet_0056,internet,V2MC,30,DS,What is the height of the person riding scooter in meters?,average speed of the person riding scooter = 2.64 m/s,,
3160,internet_0056,internet,V2MC,30,DS,What is the distance between the two closest tall trees in meters? ,average speed of the person riding scooter = 2.64 m/s,,
3161,internet_0056,internet,V2MC,30,DS,What is the height of the left most tree in meters?,average speed of the person riding scooter = 2.64 m/s,,
3162,internet_0057,internet,A2MS,30,DS,What is the height of the person in meters? ,gravity acceleration = 9.8 m/s^2,,
3163,internet_0057,internet,A2MS,30,DS,What is the distance between the basket and the floor in meters? ,gravity acceleration = 9.8 m/s^2,,
3164,internet_0057,internet,A2MS,30,DD,What is the velocity of the ball at 2.00s in m/s?,gravity acceleration = 9.8 m/s^2,,
3165,internet_0057,internet,A2MS,30,DD,What is the velocity of the ball at 3.00s in m/s?,gravity acceleration = 9.8 m/s^2,,
3166,internet_0057,internet,A2MS,30,DS,What is the distance between the basket and the ball at 3.00s in meters?,gravity acceleration = 9.8 m/s^2,,
3167,internet_0057,internet,A2MS,30,DS,What is the distance between the person and the ball at 3.00s in meters?,gravity acceleration = 9.8 m/s^2,,
3168,internet_0057,internet,A2MS,30,DS,What is the distance between the ball and the floor at 4.00s in meters? ,gravity acceleration = 9.8 m/s^2,,
3169,internet_0057,internet,A2MS,30,DD,What is the person's average walking speed from 3.50s to 5.00s in m/s? ,gravity acceleration = 9.8 m/s^2,,
3170,internet_0057,internet,A2MS,30,DS,What is the displacement of the ball between 2.00s and 4.00s in meters? ,gravity acceleration = 9.8 m/s^2,,
3171,internet_0058,internet,A2MS,30,DS,What is the height of the person in meters? ,gravity acceleration = 9.8 m/s^2,,
3172,internet_0058,internet,A2MS,30,DS,What is the distance between the basket and the floor in meters? ,gravity acceleration = 9.8 m/s^2,,
3173,internet_0058,internet,A2MS,30,DD,What is the velocity of the ball at 1.00s in m/s?,gravity acceleration = 9.8 m/s^2,,
3174,internet_0058,internet,A2MS,30,DS,What is the distance between the ball and the floor at 1.00s in meters? ,gravity acceleration = 9.8 m/s^2,,
3175,internet_0058,internet,A2MS,30,DS,What is the distance between the ball and the basket at 1.00s in meters? ,gravity acceleration = 9.8 m/s^2,,
3176,internet_0058,internet,A2MS,30,DD,What is the velocity of the ball at 2.00s in m/s?,gravity acceleration = 9.8 m/s^2,,
3177,internet_0058,internet,A2MS,30,DS,What is the distance between the ball and the floor at 2.00s in meters? ,gravity acceleration = 9.8 m/s^2,,
3178,internet_0058,internet,A2MS,30,DS,What is the distance between the ball and the floor at 1.40s in meters? ,gravity acceleration = 9.8 m/s^2,,
3179,internet_0058,internet,A2MS,30,DD, What is the average speed of the ball between 1.40s and 2.00s in m/s?,gravity acceleration = 9.8 m/s^2,,
3180,internet_0059,internet,A2SS,30,DS,What is the diameter of the ball in cm? ,gravity acceleration = 9.8 m/s^2,,
3181,internet_0059,internet,A2SS,30,DS,What is the length of the billboard in the middle in cm?,gravity acceleration = 9.8 m/s^2,,
3182,internet_0059,internet,A2SS,30,DS,What is the height of the billboard on the left in cm?,gravity acceleration = 9.8 m/s^2,,
3183,internet_0059,internet,A2SS,30,DS,What is the height of the billboard on the right in cm?,gravity acceleration = 9.8 m/s^2,,
3184,internet_0059,internet,A2SS,30,DS,What is distance between the left edge of the left billboard and the right edge of the right bill board in cm? ,gravity acceleration = 9.8 m/s^2,,
3185,internet_0059,internet,A2SS,30,DD,What is velocity of the ball at 2.50s in m/s?,gravity acceleration = 9.8 m/s^2,,
3186,internet_0059,internet,A2SS,30,DD,What is velocity of the ball at 3.00s in m/s? ,gravity acceleration = 9.8 m/s^2,,
3187,internet_0059,internet,A2SS,30,DD,What is the average velocity of the ball between 2.50s and 3.20s in m/s? ,gravity acceleration = 9.8 m/s^2,,
3188,internet_0059,internet,A2SS,30,DS,What is the displacement of the ball between 2.50s and 3.00s in meters?,gravity acceleration = 9.8 m/s^2,,
3189,internet_0060,internet,A2SS,30,DS,What is the length of the pink box in cm?,gravity acceleration = 9.8 m/s^2,,
3190,internet_0060,internet,A2SS,30,DS,What is the width of the pink box in cm?,gravity acceleration = 9.8 m/s^2,,
3191,internet_0060,internet,A2SS,30,DS,What is the distance between the pink box and the floor at 0.00s in meters?,gravity acceleration = 9.8 m/s^2,,
3192,internet_0060,internet,A2SS,30,DD,What is the velocity of the box at 2.00s in m/s?,gravity acceleration = 9.8 m/s^2,,
3193,internet_0060,internet,A2SS,30,DS,What is the displacement of the box between 0.00s and 2.00s in meters?,gravity acceleration = 9.8 m/s^2,,
3194,internet_0060,internet,A2SS,30,DS,What is displacement of the box between 2.20s and 3.00s in meters?,gravity acceleration = 9.8 m/s^2,,
3195,internet_0061,internet,A2SS,30,DS,What is the width of the acorn in cm? ,gravity acceleration = 9.8 m/s^2,,
3196,internet_0061,internet,A2SS,30,DS,What is the height of the acorn in cm? ,gravity acceleration = 9.8 m/s^2,,
3197,internet_0061,internet,A2SS,30,DD,What is the velocity of the acorn at 1.40s in m/s? ,gravity acceleration = 9.8 m/s^2,,
3198,internet_0061,internet,A2SS,30,DS,What is the distance between the bottom of the acorn and the chair surface at 1.40s in cm?,gravity acceleration = 9.8 m/s^2,,
3199,internet_0061,internet,A2SS,30,DS,What is the distance between the bottom of the acorn and the chair surface at 1.80s in cm? ,gravity acceleration = 9.8 m/s^2,,
3200,internet_0061,internet,A2SS,30,DS,What is the displacement of the acorn between 1.30s and 1.40s in cm? ,gravity acceleration = 9.8 m/s^2,,
3201,internet_0062,internet,A2SS,30,DS,What is the length of the longer side of the wallet in cm? ,gravity acceleration = 9.8 m/s^2,,
3202,internet_0062,internet,A2SS,30,DS,What is the length of the shorter side of the wallet in cm? ,gravity acceleration = 9.8 m/s^2,,
3203,internet_0062,internet,A2SS,30,DD,What is the velocity of the wallet at 2.50s in m/s? ,gravity acceleration = 9.8 m/s^2,,
3204,internet_0062,internet,A2SS,30,DS,What is the distance between the bottom corner of the wallet and the floor at 2.50s in m/s? ,gravity acceleration = 9.8 m/s^2,,
3205,internet_0062,internet,A2SS,30,DS,What is the displacement of the wallet between 2.20s and 2.50s in meters?,gravity acceleration = 9.8 m/s^2,,
3206,internet_0062,internet,A2SS,30,DD,What is the velocity of the wallet at 2.60s in m/s? ,gravity acceleration = 9.8 m/s^2,,
3207,internet_0063,internet,A2SS,30,DS,What is the height of the water bottle in cm?,gravity acceleration = 9.8 m/s^2,,
3208,internet_0063,internet,A2SS,30,DS,What is the diameter of the water bottle in cm? ,gravity acceleration = 9.8 m/s^2,,
3209,internet_0063,internet,A2SS,30,DD,What is the velocity of the water bottle at 1.50s in m/s?,gravity acceleration = 9.8 m/s^2,,
3210,internet_0063,internet,A2SS,30,DD,What is the velocity of the water bottle at 1.70s in m/s?,gravity acceleration = 9.8 m/s^2,,
3211,internet_0063,internet,A2SS,30,DS,What is the displacement of the water bottle between 1.50s and 1.70s in meters?,gravity acceleration = 9.8 m/s^2,,
3212,internet_0063,internet,A2SS,30,DS,What is the distance between the bottom of the water bottle and the floor at 1.50s in meters?,gravity acceleration = 9.8 m/s^2,,
3213,internet_0064,internet,A2MS,30,DS,What is the height of the person in meters? ,gravity acceleration = 9.8 m/s^2,,
3214,internet_0064,internet,A2MS,30,DD,What is the velocity of the ball at 3.0s in m/s? ,gravity acceleration = 9.8 m/s^2,,
3215,internet_0064,internet,A2MS,30,DD,What is the velocity of the ball at 3.6s in m/s? ,gravity acceleration = 9.8 m/s^2,,
3216,internet_0064,internet,A2MS,30,DD,What is the velocity of the person at 4.4s in m/s? ,gravity acceleration = 9.8 m/s^2,,
3217,internet_0064,internet,A2MS,30,DS,What is the distance between the bottom of the ball and the floor at 3.5s in meters?,gravity acceleration = 9.8 m/s^2,,
3218,internet_0064,internet,A2MS,30,DS,What is the displacement of the ball between 3.50s and 3.70s in meters? ,gravity acceleration = 9.8 m/s^2,,
3219,internet_0064,internet,A2MS,30,DS,What is the displacement of the person between 4.00s and 5.00s in meters? ,gravity acceleration = 9.8 m/s^2,,
3220,internet_0064,internet,A2MS,30,DS,What is the diameter of the ball in cm? ,gravity acceleration = 9.8 m/s^2,,
3221,internet_0065,internet,A2SS,30,DD,What is the velocity of the ball at 0.20s in m/s? ,gravity acceleration = 9.8 m/s^2,,
3222,internet_0065,internet,A2SS,30,DD,What is the velocity of the ball at 0.30s in m/s? ,gravity acceleration = 9.8 m/s^2,,
3223,internet_0065,internet,A2SS,30,DD,What is the velocity of the ball at 0.40s in m/s? ,gravity acceleration = 9.8 m/s^2,,
3224,internet_0065,internet,A2SS,30,DD,What is the velocity of the ball at 0.50s in m/s? ,gravity acceleration = 9.8 m/s^2,,
3225,internet_0065,internet,A2SS,30,DS,What is the displacement of the ball between 0.20s and 0.30 in meters?,gravity acceleration = 9.8 m/s^2,,
3226,internet_0065,internet,A2SS,30,DS,What is the displacement of the ball between 0.30s and 0.40s in meters?,gravity acceleration = 9.8 m/s^2,,
3227,internet_0065,internet,A2SS,30,DS,What is the displacement of the ball between 0.40s and 0.50s in meters?,gravity acceleration = 9.8 m/s^2,,
3228,internet_0065,internet,A2SS,30,DS,What is the diameter of the ball in cm? ,gravity acceleration = 9.8 m/s^2,,
3229,internet_0066,internet,A2SS,30,DS,What is the diameter of the ball in cm? ,gravity acceleration = 9.8 m/s^2,,
3230,internet_0066,internet,A2SS,30,DD,What is the velocity of the ball at 1.80s in m/s?,gravity acceleration = 9.8 m/s^2,,
3231,internet_0066,internet,A2SS,30,DD,What is the velocity of the ball at 1.90s in m/s?,gravity acceleration = 9.8 m/s^2,,
3232,internet_0066,internet,A2SS,30,DD,What is the velocity of the ball at 2.00s in m/s?,gravity acceleration = 9.8 m/s^2,,
3233,internet_0066,internet,A2SS,30,DD,What is the velocity of the ball at 2.10s in m/s?,gravity acceleration = 9.8 m/s^2,,
3234,internet_0066,internet,A2SS,30,DD,What is the velocity of the ball at 2.20s in m/s?,gravity acceleration = 9.8 m/s^2,,
3235,internet_0066,internet,A2SS,30,DS,What is the displacement of the ball between 1.70s and 1.80s in meters?,gravity acceleration = 9.8 m/s^2,,
3236,internet_0066,internet,A2SS,30,DS,What is the displacement of the ball between 1.80s and 1.90s in meters?,gravity acceleration = 9.8 m/s^2,,
3237,internet_0066,internet,A2SS,30,DS,What is the displacement of the ball between 1.90s and 2.00s in meters?,gravity acceleration = 9.8 m/s^2,,
3238,internet_0066,internet,A2SS,30,DS,What is the displacement of the ball between 2.00s and 2.10s in meters?,gravity acceleration = 9.8 m/s^2,,
3239,internet_0067,internet,S2SS,30,DD,What is the acceleration of the acorn at 0.17s in m/s^2? ,height of the acorn = 8 cm,,
3240,internet_0067,internet,S2SS,30,DD,What is the velocity of the acorn at 0.17s in m/s? ,height of the acorn = 8 cm,,
3241,internet_0067,internet,S2SS,30,DD,What is the velocity of the acorn at 0.20s in m/s? ,height of the acorn = 8 cm,,
3242,internet_0067,internet,S2SS,30,DS,What is the width of the acorn in cm? ,height of the acorn = 8 cm,,
3243,internet_0068,internet,A2SS,30,DS,What is the height of the acorn in cm? ,acceleration of the acorn from 2.00s to 2.30s = 0.77m/s^2,,
3244,internet_0068,internet,A2SS,30,DD,What is the velocity of the acorn at 2.00s in m/s? ,acceleration of the acorn from 2.00s to 2.30s = 0.77m/s^2,,
3245,internet_0068,internet,A2SS,30,DD,What is the velocity of the acorn at 2.10s in m/s? ,acceleration of the acorn from 2.00s to 2.30s = 0.77m/s^2,,
3246,internet_0068,internet,A2SS,30,DD,What is the velocity of the acorn at 2.30s in m/s? ,acceleration of the acorn from 2.00s to 2.30s = 0.77m/s^2,,
3247,internet_0068,internet,A2SS,30,DS,What is the displacement of the acorn between 2.00s and 2.10s in cm?,acceleration of the acorn from 2.00s to 2.30s = 0.77m/s^2,,
3248,internet_0068,internet,A2SS,30,DS,What is the displacement of the acorn between 2.10s and 2.20s in cm?,acceleration of the acorn from 2.00s to 2.30s = 0.77m/s^2,,
3249,internet_0068,internet,A2SS,30,DS,What is the displacement of the acorn between 2.20s and 2.30s in cm?,acceleration of the acorn from 2.00s to 2.30s = 0.77m/s^2,,
3250,internet_0068,internet,A2SS,30,DS,What is the displacement of the acorn between 2.30s and 2.40s in cm?,acceleration of the acorn from 2.00s to 2.30s = 0.77m/s^2,,
3251,internet_0069,internet,A2SS,30,DS,What is the height of the cup in cm? ,acceleration of the cup from 2.00s to 2.30s = 0.32m/s^2,,
3252,internet_0069,internet,A2SS,30,DD,What is the velocity of the cup at 2.00s in m/s?,acceleration of the cup from 2.00s to 2.30s = 0.32m/s^2,,
3253,internet_0069,internet,A2SS,30,DD,What is the velocity of the cup at 2.10s in m/s?,acceleration of the cup from 2.00s to 2.30s = 0.32m/s^2,,
3254,internet_0069,internet,A2SS,30,DD,What is the velocity of the cup at 2.20s in m/s?,acceleration of the cup from 2.00s to 2.30s = 0.32m/s^2,,
3255,internet_0069,internet,A2SS,30,DD,What is the velocity of the cup at 2.30s in m/s?,acceleration of the cup from 2.00s to 2.30s = 0.32m/s^2,,
3256,internet_0069,internet,A2SS,30,DS,What is the displacement of the cup between 2.00s and 2.10s in cm? ,acceleration of the cup from 2.00s to 2.30s = 0.32m/s^2,,
3257,internet_0069,internet,A2SS,30,DS,What is the displacement of the cup between 2.10s and 2.30s in cm? ,acceleration of the cup from 2.00s to 2.30s = 0.32m/s^2,,
3258,internet_0069,internet,A2SS,30,DS,What is the displacement of the cup between 2.30s and 2.50s in cm? ,acceleration of the cup from 2.00s to 2.30s = 0.32m/s^2,,
3259,internet_0070,internet,V2SC,30,DS,What is the length of the speedboat in meters?,velocity of the speedboat at 1.00s = 11 m/s,,
3260,internet_0070,internet,V2SC,30,DS,What is the height of the speedboat in meters?,velocity of the speedboat at 1.00s = 11 m/s,,
3261,internet_0070,internet,V2SC,30,DS,What is the displacement of the speedboat between 1.00s and 4.00s in meters?,velocity of the speedboat at 1.00s = 11 m/s,,
3262,internet_0070,internet,V2SC,30,DS,What is the displacement of the speedboat between 2.00s and 3.00s in meters?,velocity of the speedboat at 1.00s = 11 m/s,,
3263,internet_0070,internet,V2SC,30,DD,What is the velocity of the speed boat at 2.00s? ,velocity of the speedboat at 1.00s = 11 m/s,,
3264,internet_0071,internet,S2SS,30,SS,What is the diameter of the toilet paper roll in cm?,width of the toilet paper = 10 cm,,
3265,internet_0071,internet,S2SS,30,SS,What is the length of the toilet paper holder in cm?,width of the toilet paper = 10 cm,,
3266,internet_0071,internet,S2SS,30,SS,What is the length of a wall tile in cm?,width of the toilet paper = 10 cm,,
3267,internet_0071,internet,S2SS,30,SS,What is the height of a wall tile in cm? ,width of the toilet paper = 10 cm,,
3268,internet_0071,internet,S2SS,30,SD,What is the moving velocity of the toilet paper at 0.50s in cm/s? ,width of the toilet paper = 10 cm,,
3269,internet_0071,internet,S2SS,30,SD,What is the moving velocity of the toilet paper at 1.00s in cm/s? ,width of the toilet paper = 10 cm,,
3270,internet_0071,internet,S2SS,30,SD,What is the average moving velocity of the toilet paper from 0.50s to 1.50s in cm/s? ,width of the toilet paper = 10 cm,,
3271,internet_0072,internet,S2SS,30,SS,What is the width of the credit card in cm? ,lenth of the credit card = 8.56 cm,,
3272,internet_0072,internet,S2SS,30,SD,What is the moving velocity of the credit card at 0.50s in cm/s?,lenth of the credit card = 8.56 cm,,
3273,internet_0072,internet,S2SS,30,SD,What is the moving velocity of the credit card at 1.00s in cm/s?,lenth of the credit card = 8.56 cm,,
3274,internet_0072,internet,S2SS,30,SD,What is the acceleration of the credit card at 0.50s in cm/s? ,lenth of the credit card = 8.56 cm,,
3275,internet_0073,internet,S2MC,30,SS,What is the distance between the blue bag and the yellow bag in meters? ,velocity of the conveyor belt = 0.3m/s,,
3276,internet_0073,internet,S2MC,30,SS,What is the width of the red package in meters?,velocity of the conveyor belt = 0.3m/s,,
3277,internet_0073,internet,S2MC,30,SS,What is the height of the red package in meters?,velocity of the conveyor belt = 0.3m/s,,
3278,internet_0073,internet,S2MC,30,SS,What is the width of the package in the middle of the read package and the blue bag in meters?,velocity of the conveyor belt = 0.3m/s,,
3279,internet_0073,internet,S2MC,30,SS,What is the height of the package in the middle of the read package and the blue bag in meters?,velocity of the conveyor belt = 0.3m/s,,
3280,internet_0073,internet,S2MC,30,SS,What is the distance between the red package and the blue bag in meters?,velocity of the conveyor belt = 0.3m/s,,
3281,internet_0073,internet,S2MC,30,SS,What is the displacement of the blue bag between 2.00s and 3.50s in meters? ,velocity of the conveyor belt = 0.3m/s,,
3282,internet_0074,internet,S2MS,30,SS,What is the total length of the pickle ball court in meters? ,width of the pickleball court = 6.1 m,,
3283,internet_0074,internet,S2MS,30,SS,What is the distance between the two players at 0.00s in meters? ,width of the pickleball court = 6.1 m,,
3284,internet_0074,internet,S2MS,30,SD,What is the velocity of the ball at 1.00s in m/s? ,width of the pickleball court = 6.1 m,,
3285,internet_0074,internet,S2MS,30,SS,What is the distance between the ball and the net at 1.00s in meters? ,width of the pickleball court = 6.1 m,,
3286,internet_0074,internet,S2MS,30,SS,What is the distance between the ball and the nearest player at 2.00s in meters? ,width of the pickleball court = 6.1 m,,
3287,internet_0074,internet,S2MS,30,SD,What is the velocity of the ball at 3.00s in m/s? ,width of the pickleball court = 6.1 m,,
3288,internet_0074,internet,S2MS,30,SS,What is the length of the net in meters?,width of the pickleball court = 6.1 m,,
3289,internet_0074,internet,S2MS,30,SS,What is the distance between the two players at 4.50s in meters?,width of the pickleball court = 6.1 m,,
